Date,SPY_ret,TLT_ret,GLD_ret,VIX_level,yield_curve,credit_spread
2005-01-04,-0.012294965670323968,-0.010535727308901835,-0.006529845317733264,13.979999542236328,0.79,4.54
2005-01-05,-0.006924223920069253,0.005338486225400071,-0.0016392348746523818,14.09000015258789,0.79,4.54
2005-01-06,0.005071468395452292,0.0006797687977299282,-0.012261333638891793,13.579999923706055,0.79,4.54
2005-01-07,-0.0014343844476673528,0.002260985673975962,-0.007381897245418499,13.489999771118164,0.79,4.54
2005-01-10,0.0047172943521419835,0.001580470614195982,0.002625627696485633,13.229999542236328,0.79,4.54
2005-01-11,-0.00691486656466906,0.00584553056155044,0.006178687004495116,13.1899995803833,0.79,4.54
2005-01-12,0.0032942646303067485,0.0013451541824714408,0.009197079351984367,12.5600004196167,0.79,4.54
2005-01-13,-0.008043794055821419,0.009581974456931982,0.0,12.84000015258789,0.79,4.54
2005-01-14,0.005256789470411525,-0.0001111912657066211,-0.0065944371176744334,12.430000305175781,0.79,4.54
2005-01-18,0.010349274557724426,0.0033225335437513737,0.0,12.470000267028809,0.79,4.54
2005-01-19,-0.010518205456851481,0.002869164230454208,-0.0014188078686102948,13.180000305175781,0.79,4.54
2005-01-20,-0.00610837127030089,0.0019826943928419904,-0.00023661866710279286,13.829999923706055,0.79,4.54
2005-01-21,-0.006147361479808713,0.0010988790553859132,0.011530935359385552,14.359999656677246,0.79,4.54
2005-01-24,-0.001971231418277932,0.004276871985992845,0.0007016437791639085,14.649999618530273,0.79,4.54
2005-01-25,0.0028280345411299643,-0.009453878733453588,-0.012469253807297102,14.0600004196167,0.79,4.54
2005-01-26,0.002989964551887368,0.0018750591817600732,0.010596989466519383,13.4399995803833,0.79,4.54
2005-01-27,0.0017044773005521839,-0.001875059181760067,-0.0016410669918453088,13.239999771118164,0.79,4.54
2005-01-28,0.0,0.010000315030886544,0.001641066991845344,13.239999771118164,0.79,4.54
2005-01-31,0.006197237452802377,0.0028382949664648295,-0.011070597267868664,12.819999694824219,0.79,4.54
2005-02-01,0.006326857345591316,-0.0015885025435234956,-0.0028463668889051274,12.029999732971191,0.79,4.54
2005-02-02,0.003022966202546102,0.0022997687369871365,0.0014241961696689009,11.65999984741211,0.79,4.54
2005-02-03,-0.0026024312521940487,-0.0005464946485878487,-0.011450495846862259,11.789999961853027,0.79,4.54
2005-02-04,0.01061953144078495,0.013801267004651237,-0.005051101072885615,11.210000038146973,0.79,4.54
2005-02-07,-0.001331915698830357,0.007420820621097997,-0.0048344488376878625,11.729999542236328,0.79,4.54
2005-02-08,0.0011655935818501943,0.0056620151258150704,-0.00024238789355093634,11.600000381469727,0.79,4.54
2005-02-09,-0.007515729407007167,0.002659445141828821,0.001211167689359154,12.0,0.79,4.54
2005-02-10,0.003597997598773895,-0.01358627920298247,0.010594816644642752,11.510000228881836,0.79,4.54
2005-02-11,0.008565446801491895,-0.0006459441818024252,0.007873160646245932,11.430000305175781,0.79,4.54
2005-02-14,-0.000746019535732333,0.00312077612765822,0.011107225145850637,11.520000457763672,0.79,4.54
2005-02-15,0.0037222170651497787,-0.00506193614666967,0.0007048653790649931,11.270000457763672,0.79,4.54
2005-02-16,0.0006600726654626008,-0.003785797410900012,-0.0014101382284351636,11.100000381469727,0.79,4.54
2005-02-17,-0.00811766307115855,-0.006306970142611819,0.004926674703408775,11.770000457763672,0.79,4.54
2005-02-18,0.0013296756796324688,-0.008983866177832258,0.000467956439769851,11.180000305175781,0.79,4.54
2005-02-22,-0.014979967490169064,-0.004412833439731857,0.018999637742317513,13.140000343322754,0.79,4.54
2005-02-23,0.007141254743360617,0.003310340380709986,-0.0034487108457084453,12.390000343322754,0.79,4.54
2005-02-24,0.006591578100433937,-0.0022055357450470464,-0.0020748442692022466,11.569999694824219,0.79,4.54
2005-02-25,0.009848542886582379,0.00484705915803146,0.003915660084462377,11.489999771118164,0.79,4.54
2005-02-28,-0.006610157180315066,-0.010827759903979342,0.0006893894267664206,12.079999923706055,0.79,4.54
2005-03-01,0.00496224460358682,-0.00031260359890488814,-0.007146948198724407,12.039999961853027,0.77,4.54
2005-03-02,-0.0004961416528472655,-0.0013380242613348693,0.0006938540552079055,12.5,0.77,4.54
2005-03-03,0.00041315835486296546,-0.0005579191241486016,-0.006495007182720466,12.930000305175781,0.77,4.54
2005-03-04,0.01237980937641108,0.010774268606065817,0.009496303825856959,11.9399995803833,0.77,4.54
2005-03-07,0.0004887343613867839,0.003969965243119666,0.002072543061182761,12.260000228881836,0.77,4.54
2005-03-08,-0.0037533892620999964,-0.009508559735369617,0.012800118961104523,12.399999618530273,0.77,4.54
2005-03-09,-0.011179299200233386,-0.01646685430077528,-0.00022710554600360026,12.699999809265137,0.77,4.54
2005-03-10,0.0022289882059305477,0.006080079111405732,0.004080719847417438,12.489999771118164,0.77,4.54
2005-03-11,-0.0070353558468904745,-0.0073229273643807165,0.005190117471778481,12.800000190734863,0.77,4.54
2005-03-14,0.006210587284127855,0.005976030153212383,-0.009043731773192292,12.390000343322754,0.77,4.54
2005-03-15,-0.008289634464215432,-0.006315443917904464,0.0006811804995411508,13.149999618530273,0.77,4.54
2005-03-16,-0.008526108670309136,0.006089592608405228,0.005658043661345511,13.489999771118164,0.77,4.54
2005-03-17,0.0020127430667664565,0.0032556474783264114,-0.011120089001181777,13.289999961853027,0.77,4.54
2005-03-18,-0.0029738678849799507,-0.006296192694720677,0.001596162590733232,13.140000343322754,0.77,4.54
2005-03-21,-0.0037182103487347785,-0.002823443875955932,-0.018395534624859662,13.609999656677246,0.77,4.54
2005-03-22,-0.01021312112262751,-0.008517357234981152,-0.010263645454440903,14.270000457763672,0.77,4.54
2005-03-23,0.0008552647519480357,0.004778403562802093,-0.005407403742805499,14.0600004196167,0.77,4.54
2005-03-24,0.0011962773571429582,0.002041825002993616,-0.0007074350055783737,13.420000076293945,0.77,4.54
2005-03-28,0.0014495042160182,-0.006135608077088984,0.0035323603275894165,13.75,0.77,4.54
2005-03-29,-0.00667143865756442,0.005908934868359666,0.00047004600690944275,14.489999771118164,0.77,4.54
2005-03-30,0.014060528976039122,0.004972845560411934,0.0011741045353950623,13.640000343322754,0.77,4.54
2005-03-31,-0.001863277634755364,0.007190586837443222,0.004916294198632268,14.020000457763672,0.77,4.54
2005-04-01,-0.004502861370663656,0.0033646408650738714,-0.004681674425482663,14.09000015258789,0.69,4.54
2005-04-04,0.0017012280727307452,-0.00022297730045751864,-0.005175203383487659,14.109999656677246,0.69,4.54
2005-04-05,0.00474969574660012,-0.0025799762506937825,0.0011785325043955194,13.680000305175781,0.69,4.54
2005-04-06,0.003462898784262667,0.003474964377260236,0.004231325102584404,13.149999618530273,0.69,4.54
2005-04-07,0.005382028651895142,-0.008089664003677142,-0.0014084831613397084,12.329999923706055,0.69,4.54
2005-04-08,-0.010453832634963493,0.003491094144687016,0.002814895929692614,12.619999885559082,0.69,4.54
2005-04-11,0.0007625408136818332,0.005381323198029399,0.0021060065188699692,11.979999542236328,0.69,4.54
2005-04-12,0.005152084365662233,0.009238826288845012,0.0014015740215325113,11.300000190734863,0.69,4.54
2005-04-13,-0.011864345627332453,-0.0024399804494555292,0.0013996123608867256,13.3100004196167,0.69,4.54
2005-04-14,-0.013130006111180141,-0.0015571783056330917,-0.013848364312432566,14.529999732971191,0.69,4.54
2005-04-15,-0.01409157213417757,0.013149919089371262,0.0021249010358104564,17.739999771118164,0.69,4.54
2005-04-18,0.0030611779510641987,-0.0007684833562429086,0.006816270375332937,16.559999465942383,0.69,4.54
2005-04-19,0.007916125201213136,0.009621690686487579,0.01372593773248563,14.960000038146973,0.69,4.54
2005-04-20,-0.01404847297156984,-0.0025054280158367656,0.0027688699314186373,16.920000076293945,0.69,4.54
2005-04-21,0.0192341916906744,-0.010528160000959762,-0.004850521088753664,14.40999984741211,0.69,4.54
2005-04-22,-0.0037995484588957307,0.008344183309852288,0.004620030567512913,15.380000114440918,0.69,4.54
2005-04-25,0.006554018838677629,0.002947423992040794,0.0011516582685481746,14.619999885559082,0.69,4.54
2005-04-26,-0.009761635668528298,-0.0015271484496748005,0.004593502966645929,14.90999984741211,0.69,4.54
2005-04-27,0.003899156438577237,0.0034875561179043397,-0.010133634068112189,14.869999885559082,0.69,4.54
2005-04-28,-0.012617085586689536,0.007370407245535343,-0.004640397217137494,16.860000610351562,0.69,4.54
2005-04-29,0.013481299119556799,-0.0017293710527923436,0.008106552333935738,15.3100004196167,0.69,4.54
2005-05-02,0.005599593995216841,-0.0002172797659379925,-0.010901126355548211,15.119999885559082,0.69,4.54
2005-05-03,0.0017172334080063087,0.002710737263636891,-0.0028024947683054522,14.529999732971191,0.69,4.54
2005-05-04,0.0076888274623823265,-0.008810532421662949,0.003268814598599033,13.850000381469727,0.69,4.54
2005-05-05,-0.0003405051241341721,0.0022922773074478485,0.00023303394519147896,13.979999542236328,0.69,4.54
2005-05-06,-0.0031551570669185415,-0.0074410013181022035,-0.009130331207844171,14.050000190734863,0.69,4.54
2005-05-09,0.006215537245884642,0.0009884381441128628,0.0007052728493703425,13.75,0.69,4.54
2005-05-10,-0.010408702517214258,0.0071060910434499885,0.0021129284545669176,14.90999984741211,0.69,4.54
2005-05-11,0.005473420925861609,0.00304525075115362,0.0011719030574265017,14.449999809265137,0.69,4.54
2005-05-12,-0.011063864871534658,0.00390214015022508,-0.012492767987104848,16.1200008392334,0.69,4.54
2005-05-13,-0.001985734133048842,0.003887053626191162,-0.004993449513758401,16.31999969482422,0.69,4.54
2005-05-16,0.009289890586890346,-0.0011857549191861315,-0.001670039593571195,15.680000305175781,0.69,4.54
2005-05-17,0.006655682029214741,0.0028009455541974926,-0.00047767990788377847,14.569999694824219,0.69,4.54
2005-05-18,0.01023842649806421,0.006648046103214287,0.004528636676695042,13.630000114440918,0.69,4.54
2005-05-19,0.004200305433682714,-0.00256840482114824,-0.0016660647871720412,13.319999694824219,0.69,4.54
2005-05-20,-0.0014258989094933772,0.0011783530890395366,-0.007891898239560196,13.140000343322754,0.69,4.54
2005-05-23,0.005525170794742531,0.007781472501587229,-0.0007206099466198394,12.949999809265137,0.69,4.54
2005-05-24,-0.002340503903311059,0.002757863297591126,0.0026394883318275482,12.6899995803833,0.69,4.54
2005-05-25,-0.0007535402428757359,-0.0070147493559727415,0.0033492708869692074,12.579999923706055,0.69,4.54
2005-05-26,0.005345805851920532,-0.0003198457839797253,-0.004308295568608848,12.239999771118164,0.69,4.54
2005-05-27,0.0016643177370776988,0.00106658281122681,0.004547152554352749,12.149999618530273,0.69,4.54
2005-05-31,-0.006424395089380459,0.012285486155705445,-0.005507006257920899,13.289999961853027,0.69,4.54
2005-06-01,0.008501067703296878,0.01217046733775308,-0.0028853769992222954,12.359999656677246,0.3599999999999999,4.54
2005-06-02,0.002155535407324664,0.0023979211870304444,0.013631676194803669,11.84000015258789,0.3599999999999999,4.54
2005-06-03,-0.0050645348722336446,-0.00825973940726241,0.0016613198934977114,12.149999618530273,0.3599999999999999,4.54
2005-06-06,-0.0009152748495441185,0.0052349798531526786,0.007324341820024229,12.279999732971191,0.3599999999999999,4.54
2005-06-07,0.0007493060850455272,0.007906410131398246,-0.002356788114264282,12.390000343322754,0.3599999999999999,4.54
2005-06-08,-0.0018329103279102765,-0.004777075927562026,-0.0009443087328481455,12.699999809265137,0.3599999999999999,4.54
2005-06-09,0.004741925736018729,-0.000834328120003959,-0.001654643902374655,12.079999923706055,0.3599999999999999,4.54
2005-06-10,-0.0023267031652612334,-0.011316901480641729,0.008245976200893991,11.960000038146973,0.3599999999999999,4.54
2005-06-13,0.0031564714924125297,-0.006024983569228531,0.003747073510715156,11.649999618530273,0.3599999999999999,4.54
2005-06-14,0.0023193790686492403,-0.006595242701141585,-0.004216457663253803,11.789999961853027,0.3599999999999999,4.54
2005-06-15,0.0019009926132359171,0.0018129435973713334,0.0032810717059978092,11.460000038146973,0.3599999999999999,4.54
2005-06-16,0.002557271395567855,0.004994456973205196,0.01670566459973835,11.149999618530273,0.3599999999999999,4.54
2005-06-17,0.0036981761227525643,-0.0001060733083473436,0.0039040578544222043,11.479999542236328,0.3599999999999999,4.54
2005-06-20,0.00032943802816530173,-0.0016977505074658832,0.0006873360101561252,11.470000267028809,0.3599999999999999,4.54
2005-06-21,0.000576393691364039,0.00730103027641273,0.0034297855454410334,11.079999923706055,0.3599999999999999,4.54
2005-06-22,0.0008231066182409981,0.012049030687608275,-0.002056441943057124,11.050000190734863,0.3599999999999999,4.54
2005-06-23,-0.01416578960238093,-0.0010408194525604489,0.006838395268039535,12.130000114440918,0.3599999999999999,4.54
2005-06-24,-0.007369340159989154,0.004991755380121825,-0.0027297316581218743,12.180000305175781,0.3599999999999999,4.54
2005-06-27,0.001428321044054326,0.002693612474034765,0.00022772625942488032,12.520000457763672,0.3599999999999999,4.54
2005-06-28,0.008357511203760293,-0.006852859727760285,-0.010531211828189758,11.579999923706055,0.3599999999999999,4.54
2005-06-29,-0.0026666885119941376,-0.0015636415066654136,0.0041341423463071925,11.770000457763672,0.3599999999999999,4.54
2005-06-30,-0.005439292442472535,0.008933643063940221,-0.004364367604562605,12.039999961853027,0.3599999999999999,4.54
2005-07-01,0.0029326624184797035,-0.01219364132571913,-0.017181705910153004,11.399999618530273,0.3099999999999996,4.54
2005-07-05,0.00799886423957929,-0.009498291541176066,-0.00988480597185764,11.680000305175781,0.3099999999999996,4.54
2005-07-06,-0.00841726306457928,0.005497936765066911,-0.0007097783269727351,12.270000457763672,0.3099999999999996,4.54
2005-07-07,0.003925532450475746,0.002107208894894018,0.002600181338699863,12.489999771118164,0.3099999999999996,4.54
2005-07-08,0.011357089715797802,-0.004112141364625748,-0.002363562671597049,11.449999809265137,0.3099999999999996,4.54
2005-07-11,0.005096908801589884,0.0,0.0066038588233694575,11.279999732971191,0.3099999999999996,4.54
2005-07-12,0.002620790087039061,-0.005616713610604384,0.0023479342498727383,10.949999809265137,0.3099999999999996,4.54
2005-07-13,0.0013896631288755961,-0.001489014528311341,-0.006824380475663703,10.84000015258789,0.3099999999999996,4.54
2005-07-14,0.003913148244147243,-0.0025575612049282587,-0.01068252172261526,10.8100004196167,0.3099999999999996,4.54
2005-07-15,-0.0005700030329889438,0.0026640837234007835,0.003573504930082332,10.329999923706055,0.3099999999999996,4.54
2005-07-18,-0.003996492615874333,-0.0074780333365712885,-0.0009517230480238243,10.770000457763672,0.3099999999999996,4.54
2005-07-19,0.005460818207314648,0.003533190370585856,-0.0028605248387047126,10.449999809265137,0.3099999999999996,4.54
2005-07-20,0.0034086252353188497,0.005433064505113389,0.007373118732496952,10.229999542236328,0.3099999999999996,4.54
2005-07-21,-0.005850178156155748,-0.013694292908728584,0.00614219559189617,10.970000267028809,0.3099999999999996,4.54
2005-07-22,0.006659700942086937,0.007726156707356345,-0.00023550398297923907,10.520000457763672,0.3099999999999996,4.54
2005-07-25,-0.0028372459094679297,-0.003640782854790764,0.001412372156634946,11.100000381469727,0.3099999999999996,4.54
2005-07-26,0.0012170002105671108,0.0016074057569996209,-0.006134949083469094,10.989999771118164,0.3099999999999996,4.54
2005-07-27,0.003641868104409558,-0.001607405756999679,0.004486927584186658,10.359999656677246,0.3099999999999996,4.54
2005-07-28,0.006280926485711697,0.008865402624144963,0.007277913995399496,10.520000457763672,0.3099999999999996,4.54
2005-07-29,-0.006684924142433417,-0.009939592703305215,0.001636080651822505,11.569999694824219,0.3099999999999996,4.54
2005-08-01,-0.0007274082716320973,-0.0037252865856473266,0.007213559390177959,12.079999923706055,0.21999999999999975,4.54
2005-08-02,0.005966869698440958,-0.003251674478664092,0.00023179138808199025,11.75,0.21999999999999975,4.54
2005-08-03,0.0026490788432522263,0.004872992939877215,0.008999700708553276,11.829999923706055,0.21999999999999975,4.54
2005-08-04,-0.008049949918286623,-0.0020543075696100132,0.003440010901869789,12.520000457763672,0.21999999999999975,4.54
2005-08-05,-0.006813036969776073,-0.007824412572367002,-0.0018332230655092423,12.479999542236328,0.21999999999999975,4.54
2005-08-08,-0.0018730351918056472,-0.001856701755780821,-0.005750447330267251,13.210000038146973,0.21999999999999975,4.54
2005-08-09,0.0060150096401854385,0.0037100435387671746,-0.00023066839856781824,12.399999618530273,0.21999999999999975,4.54
2005-08-10,-0.0004867698157891552,-0.0010904335679070144,0.007127317613814467,12.380000114440918,0.21999999999999975,4.54
2005-08-11,0.003965433412791579,0.006952825243132758,0.01816166188116084,12.420000076293945,0.21999999999999975,4.54
2005-08-12,-0.00615715255939425,0.010125666226254748,0.0008995034208769364,12.739999771118164,0.21999999999999975,4.54
2005-08-15,0.006157152559394204,-0.002575433395315962,-0.00812463505949221,12.260000228881836,0.21999999999999975,4.54
2005-08-16,-0.013088061124173381,0.0069599449935516845,0.009472289306063036,13.520000457763672,0.21999999999999975,4.54
2005-08-17,-8.129994961679183e-05,-0.0066381520769775845,-0.01447005569274202,13.300000190734863,0.21999999999999975,4.54
2005-08-18,-8.222221189162341e-05,0.007384138685955783,-0.0018235248916069417,13.420000076293945,0.21999999999999975,4.54
2005-08-19,0.0022889817298401478,-0.0001065694348451327,-0.005261440849239186,13.420000076293945,0.21999999999999975,4.54
2005-08-22,0.0,-0.0010671926498045685,0.0022910042023477372,13.420000076293945,0.21999999999999975,4.54
2005-08-23,-0.0018798603404556488,0.004579897745784144,0.0013720001974238192,13.34000015258789,0.21999999999999975,4.54
2005-08-24,-0.008956721141891858,0.0009558297929151131,-0.003892350006710497,14.170000076293945,0.21999999999999975,4.54
2005-08-25,0.003625226767189868,0.0031798318557570023,0.0032065852060479284,13.729999542236328,0.21999999999999975,4.54
2005-08-26,-0.006850155770153217,-0.0003179693809686436,-0.0027478591065202046,13.720000267028809,0.21999999999999975,4.54
2005-08-29,0.007672542202250935,0.0012699348429451704,-0.0009176627252673096,13.520000457763672,0.21999999999999975,4.54
2005-08-30,-0.00527320481080832,0.006322548486478747,-0.012936225354478486,13.649999618530273,0.21999999999999975,4.54
2005-08-31,0.01255998111294367,0.008369907817211253,0.00902686849425043,12.600000381469727,0.21999999999999975,4.54
2005-09-01,-0.0007348423802569251,-0.00604020113619341,0.018717726769667944,13.149999618530273,0.25,4.54
2005-09-02,-0.0017976530769269194,0.0008410151934142953,0.0006781684194120493,13.569999694824219,0.25,4.54
2005-09-06,0.011628161765362365,-0.007065746694018697,0.0004518856303791501,12.930000305175781,0.25,4.54
2005-09-07,0.0016958985578627926,-0.009462490964807422,0.0013544329777345609,12.520000457763672,0.25,4.54
2005-09-08,-0.0033143179848036117,0.0010669192264351995,0.006072134751433877,12.930000305175781,0.25,4.54
2005-09-09,0.008867405860823937,0.003197098182271185,0.005366776793414331,11.979999542236328,0.25,4.54
2005-09-12,-0.0020082870246403775,-0.006940077046558512,0.001114437590335973,11.649999618530273,0.25,4.54
2005-09-13,-0.005564553822327923,0.005236161665778618,-0.007378412759289671,12.390000343322754,0.25,4.54
2005-09-14,-0.003645885548913325,-0.0038433681483403042,0.008936558784336007,12.90999984741211,0.25,4.54
2005-09-15,-0.00048675447949297364,-0.008271857743529027,0.010179311141287253,12.489999771118164,0.25,4.54
2005-09-16,0.0070856898724058525,-0.006601029172839994,0.008768174001461274,11.220000267028809,0.25,4.54
2005-09-19,-0.0033252500833354575,0.0021688450147269995,0.009340793593402948,12.140000343322754,0.25,4.54
2005-09-20,-0.008485230251073046,0.002596676361676539,-0.00043253586017500794,12.640000343322754,0.25,4.54
2005-09-21,-0.009383745052819697,0.009250198475215993,0.01779448438266131,13.789999961853027,0.25,4.54
2005-09-22,0.003549465462038294,-0.0009633653628417377,-0.014986380843891567,13.329999923706055,0.25,4.54
2005-09-23,0.0008239831117398805,-0.007531004281139947,-0.0017271556880254209,12.960000038146973,0.25,4.54
2005-09-26,0.0011523269511629411,-0.0045448521099405274,0.006246674492227192,13.039999961853027,0.25,4.54
2005-09-27,-0.0002469856649520384,0.0014096632569789182,-0.006895086482796446,12.760000228881836,0.25,4.54
2005-09-28,0.0009868443249726338,0.0066924387137711925,0.011821722663041578,12.630000114440918,0.25,4.54
2005-09-29,0.008103883510020098,-0.004528516864084103,0.006389782004315867,12.239999771118164,0.25,4.54
2005-09-30,0.0030929830521521924,-0.0034646708351515525,-0.008528787613907051,11.920000076293945,0.25,4.54
2005-10-03,-0.003582119268622343,-0.007849947350688093,-0.006013819610977734,12.460000038146973,0.25,4.54
2005-10-04,-0.011320629562628155,0.0032872658718536346,0.0006461202839017118,13.199999809265137,0.25,4.54
2005-10-05,-0.013202881911466471,0.004367511548145743,-0.001939450047779739,14.550000190734863,0.25,4.54
2005-10-06,-0.003600759531348667,-0.003820871261368612,0.018168683528509144,14.960000038146973,0.25,4.54
2005-10-07,0.0034331146408326995,0.0040370188885471845,0.003172288297702827,14.59000015258789,0.25,4.54
2005-10-10,-0.008479620703279482,-0.0006527652323608789,0.00021109092407153046,15.550000190734863,0.25,4.54
2005-10-11,-0.001434131363138343,-0.00207303517281475,0.000422128712852118,15.630000114440918,0.25,4.54
2005-10-12,-0.007883832143281918,-0.0097649248391783,-0.011460246985187512,16.219999313354492,0.25,4.54
2005-10-13,-0.0005957194213537023,-0.0036440757019345375,0.003622076732456221,16.469999313354492,0.25,4.54
2005-10-14,0.010503903012474891,-0.0015511773409891936,-0.004689866225957319,14.869999885559082,0.25,4.54
2005-10-17,0.0037006230280344195,-0.00022082309504944543,0.009781049621695053,14.670000076293945,0.25,4.54
2005-10-18,-0.010889285099623386,0.0011076331968614204,-0.005516634533112237,15.329999923706055,0.25,4.54
2005-10-19,0.016498986829486348,0.00044282436698869467,-0.01414207941303838,13.5,0.25,4.54
2005-10-20,-0.01777275001006598,0.0026525916777189384,-0.007799012917697535,16.110000610351562,0.25,4.54
2005-10-21,0.0039011271296482395,0.009229735572628121,0.011675828111288618,16.1299991607666,0.25,4.54
2005-10-24,0.015372911776973797,-0.007794718605950487,-0.0027984318839231513,14.739999771118164,0.25,4.54
2005-10-25,-0.002002654078180862,-0.008636230107197499,0.014339506874232317,14.529999732971191,0.25,4.54
2005-10-26,-0.0029279863352483313,-0.00736464274066246,-0.0027662761718075758,14.59000015258789,0.25,4.54
2005-10-27,-0.010695716633574645,0.0035774374855724453,0.005312944138745386,16.020000457763672,0.25,4.54
2005-10-28,0.014291545058625192,0.00011137530722091393,0.0008474770609084391,14.25,0.25,4.54
2005-10-31,0.0027510364376960098,0.001895102385691899,-0.017518065391236633,15.319999694824219,0.25,4.54
2005-11-01,0.002992061944106537,-0.001152450734504889,-0.014544964457705811,14.850000381469727,0.1200000000000001,4.54
2005-11-02,0.010402960216917981,-0.004715338376589465,0.008708993064364326,13.479999542236328,0.1200000000000001,4.54
2005-11-03,0.004261886828294009,-0.006775062463554776,-0.0036920876637241665,13.0,0.1200000000000001,4.54
2005-11-04,-0.0013094864403415032,-0.0015875162634586021,-0.009839387913189087,13.170000076293945,0.1200000000000001,4.54
2005-11-07,0.000982685716247788,0.00339860934496154,0.00569681951966618,13.100000381469727,0.1200000000000001,4.54
2005-11-08,0.0,0.009679307758641323,0.0030540902705580722,13.079999923706055,0.1200000000000001,4.54
2005-11-09,0.0013080190434605257,-0.010358488791725828,0.014058877980764004,12.800000190734863,0.1200000000000001,4.54
2005-11-10,0.007732089947388487,0.012148169814480662,-0.001719730223224147,11.899999618530273,0.1200000000000001,4.54
2005-11-11,0.0033993631319530065,0.0005600459223028884,0.0068610839264361964,11.630000114440918,0.1200000000000001,4.54
2005-11-14,-0.0005656685795884354,-0.007514979943483231,-0.003853575924959696,12.180000305175781,0.1200000000000001,4.54
2005-11-15,-0.003644889025748277,0.0065080194582492115,0.0008576526265601306,12.229999542236328,0.1200000000000001,4.54
2005-11-16,0.002026437937455469,0.010460052687452277,0.02371985302617489,12.260000228881836,0.1200000000000001,4.54
2005-11-17,0.009269496218862578,0.002432476133164513,0.014544215969487923,11.25,0.1200000000000001,4.54
2005-11-18,0.00392406435768335,-0.004648942134217904,-0.0004126358227933849,11.119999885559082,0.1200000000000001,4.54
2005-11-21,0.005021755550976029,0.0029905862890470037,0.010877533415953692,10.819999694824219,0.1200000000000001,4.54
2005-11-22,0.004284973428148694,0.0013261577960785272,0.006713442196576113,10.600000381469727,0.1200000000000001,4.54
2005-11-23,0.005762973181365682,-0.0038730902893543634,-0.003452794469951524,10.960000038146973,0.1200000000000001,4.54
2005-11-25,0.0007869139153556233,0.0036527544427271694,0.005478285871055113,10.880000114440918,0.1200000000000001,4.54
2005-11-28,-0.007104529292174915,0.004959586601176961,0.006454308610487604,11.84000015258789,0.1200000000000001,4.54
2005-11-29,-0.001109766343720646,-0.009499763988171664,0.0012054965904707295,11.890000343322754,0.1200000000000001,4.54
2005-11-30,-0.005407285559148868,-0.001111183403756623,-0.01415596498702683,12.0600004196167,0.1200000000000001,4.54
2005-12-01,0.010154729654857864,-0.0015636713736990964,0.0215581982756461,11.239999771118164,0.0699999999999994,4.54
2005-12-02,0.001261912657838846,0.00033598492447795816,0.002985404328326618,11.010000228881836,0.0699999999999994,4.54
2005-12-05,-0.002130858841505999,-0.004479526616188628,0.009099945909995211,11.600000381469727,0.0699999999999994,4.54
2005-12-06,0.0018943110883906634,0.010161628737995834,0.002163876369716232,11.520000457763672,0.0699999999999994,4.54
2005-12-07,-0.0058523334583541085,-0.0037846688530605377,0.008414105193713344,12.180000305175781,0.0699999999999994,4.54
2005-12-08,-0.0006344781908338139,0.006447954908317955,0.011238285771298415,12.210000038146973,0.0699999999999994,4.54
2005-12-09,0.002615403522596866,-0.00789853717972167,0.009587800874615747,11.6899995803833,0.0699999999999994,4.54
2005-12-12,0.0009497869334983159,-0.001900681507072983,0.0030487798575956843,11.470000267028809,0.0699999999999994,4.54
2005-12-13,0.006778186810683442,0.0036855204067252154,-0.0174651751961011,11.109999656677246,0.0699999999999994,4.54
2005-12-14,0.003919680792560966,0.010204869540627727,-0.02549163624918632,10.479999542236328,0.0699999999999994,4.54
2005-12-15,-0.0028990446392625335,-0.00243108236636415,-0.0021870332902152977,10.729999542236328,0.0699999999999994,4.54
2005-12-16,-0.003223944599129465,0.0033133043444064157,-0.0029901651531156147,10.680000305175781,0.0699999999999994,4.54
2005-12-19,-0.005157072289941067,0.0009916206535850712,0.0025919876207500217,11.380000114440918,0.0699999999999994,4.54
2005-12-20,0.0009540178180400835,-0.001212284745280461,-0.023777067739602628,11.1899995803833,0.0699999999999994,4.54
2005-12-21,0.0015883616557344998,-0.0017656937004891888,0.006706620338919612,10.8100004196167,0.0699999999999994,4.54
2005-12-22,0.005223091688006189,0.007921545842602882,0.015476149921333452,10.289999961853027,0.0699999999999994,4.54
2005-12-23,0.000552163504093771,0.006119703770121708,-0.0003989718404908519,10.270000457763672,0.0699999999999994,4.54
2005-12-27,-0.010228935053357436,0.00813698916632027,0.010321657066455383,11.569999694824219,0.0699999999999994,4.54
2005-12-28,0.002229143079181955,-0.002792502218840747,0.016257371598287152,11.350000381469727,0.0699999999999994,4.54
2005-12-29,-0.004463089294959381,0.0021730328540445557,0.0,11.609999656677246,0.0699999999999994,4.54
2005-12-30,-0.005446483734446997,-0.0022810989066898704,0.00213489857106166,12.069999694824219,0.0699999999999994,4.54
2006-01-03,0.01743601320101103,-0.0013073109190028563,0.02941944910807375,11.140000343322754,0.0699999999999994,4.54
2006-01-04,0.00472433592159931,0.0023933073707222085,0.003382831797150453,11.369999885559082,0.0699999999999994,4.54
2006-01-05,0.0006279964604841538,-0.0011958187478571817,-0.018175416840417152,11.3100004196167,0.0699999999999994,4.54
2006-01-06,0.008287644333221184,-0.0018518252623334285,0.02602449436115473,11.0,0.0699999999999994,4.54
2006-01-09,0.00256569462330647,0.00065433663946844,0.016248460425883546,11.130000114440918,0.0699999999999994,4.54
2006-01-10,0.0010090824722426383,-0.008094841341525593,-0.009939288552968184,10.859999656677246,0.0699999999999994,4.54
2006-01-11,0.003175685774241696,-0.0016494371114611495,0.008656420300679264,10.9399995803833,0.0699999999999994,4.54
2006-01-12,-0.003951309653624971,0.006689002047078939,-0.001835508499204341,11.199999809265137,0.0699999999999994,4.54
2006-01-13,-0.000932611368909819,0.005776274829463023,0.018385852058020367,11.229999542236328,0.0699999999999994,4.54
2006-01-17,-0.0027231807471257085,0.0044443306237856375,-0.003252040989607987,11.90999984741211,0.0699999999999994,4.54
2006-01-18,-0.003982842954425748,-0.0003252126002541986,-0.02176979137145157,12.25,0.0699999999999994,4.54
2006-01-19,0.003826351999490872,-0.0029253558935022294,0.02772383396043182,11.979999542236328,0.0699999999999994,4.54
2006-01-20,-0.018405108266354626,0.002600826274250632,-0.007040364605841864,14.5600004196167,0.0699999999999994,4.54
2006-01-23,0.0035661143476320976,-0.00032400374556280226,0.010273131505108786,13.930000305175781,0.0699999999999994,4.54
2006-01-24,0.0010275674228879528,-0.004884272163269514,-0.0007175052420346415,13.3100004196167,0.0699999999999994,4.54
2006-01-25,0.000868508094857863,-0.010941601000824138,0.007329966694290513,12.869999885559082,0.0699999999999994,4.54
2006-01-26,0.005511615805977724,-0.004299099618427255,-0.004642006558574431,12.420000076293945,0.0699999999999994,4.54
2006-01-27,0.009222229615409683,0.0,-0.004483910215659325,11.970000267028809,0.0699999999999994,4.54
2006-01-30,-0.0007777971656060288,-0.0009956475779299223,0.018698776919120332,12.390000343322754,0.0699999999999994,4.54
2006-01-31,-0.007345693132506464,0.0027606631016689033,0.00035280398276080644,12.949999809265137,0.0699999999999994,4.54
2006-02-01,0.006955963352874562,-0.003425167473231065,0.0,12.359999656677246,-0.09999999999999964,4.54
2006-02-02,-0.0116729579571111,0.0018861107165609081,0.004926096846573146,13.229999542236328,-0.09999999999999964,4.54
2006-02-03,-0.004976991657992575,0.007069193622174495,-0.008459682883606469,12.960000038146973,-0.09999999999999964,4.54
2006-02-06,0.0026098178882963665,0.0019794715402931856,0.0038862655930409257,13.039999961853027,-0.09999999999999964,4.54
2006-02-07,-0.00888585548882915,-0.004734986952217556,-0.03809304894107721,13.59000015258789,-0.09999999999999964,4.54
2006-02-08,0.009044109928686601,-0.002320740115629027,0.00420366800672235,12.829999923706055,-0.09999999999999964,4.54
2006-02-09,-0.0016599412942619194,0.004525439674625745,0.02432330429712352,13.119999885559082,-0.09999999999999964,4.54
2006-02-10,0.0018174706186714657,-0.005521050406235602,-0.025053114848127972,12.869999885559082,-0.09999999999999964,4.54
2006-02-13,-0.0018174706186714431,0.00010983264282210123,-0.019722317881601545,13.350000381469727,-0.09999999999999964,4.54
2006-02-14,0.010544569859005166,-0.0035492042011886753,0.014231835019739241,12.25,-0.09999999999999964,4.54
2006-02-15,0.003516081714948487,0.002442044195355221,-0.013487564404801337,12.3100004196167,-0.09999999999999964,4.54
2006-02-16,0.007460875014512205,0.00022140133290986946,0.01403795023117115,11.479999542236328,-0.09999999999999964,4.54
2006-02-17,-0.0027139926554464572,0.007947875960866864,0.008038016031443143,12.010000228881836,-0.09999999999999964,4.54
2006-02-21,-0.002487183867143945,-0.0016508995245298305,0.0029069760713780913,12.40999984741211,-0.09999999999999964,4.54
2006-02-22,0.006052656019571818,0.006805271000741099,0.0039833697886547965,11.880000114440918,-0.09999999999999964,4.54
2006-02-23,-0.001471075938009591,-0.0025192410625840132,-0.012729773023942181,11.869999885559082,-0.09999999999999964,4.54
2006-02-24,0.0025529043693770493,-0.0015360961030433675,0.018136151993469803,11.460000038146973,-0.09999999999999964,4.54
2006-02-27,0.0003866586049658736,-0.0016484456038655,-0.007577127477402215,11.59000015258789,-0.09999999999999964,4.54
2006-02-28,-0.009546863561002282,0.004938160839502728,0.015275676084631486,12.34000015258789,-0.09999999999999964,4.54
2006-03-01,0.008851267236390915,-0.006060920324012424,0.0005348806365655907,11.539999961853027,-0.010000000000000675,4.54
2006-03-02,-7.727076244381953e-05,-0.00698716445640485,0.011343673633042218,11.720000267028809,-0.010000000000000675,4.54
2006-03-03,-0.004649099936776577,-0.005803517861627401,-0.008140248406057845,11.960000038146973,-0.010000000000000675,4.54
2006-03-06,-0.004592734339805055,-0.008770187718476414,-0.01883293493158655,12.739999771118164,-0.010000000000000675,4.54
2006-03-07,-0.0015614749775697007,0.0006769088144909681,-0.005082580890901775,12.65999984741211,-0.010000000000000675,4.54
2006-03-08,0.002107610142738026,-0.0003375394581817824,-0.017995335485148433,12.319999694824219,-0.010000000000000675,4.54
2006-03-09,-0.006729022895689528,0.00033753945818188467,0.004990315328593799,12.680000305175781,-0.010000000000000675,4.54
2006-03-10,0.009454285700770008,-0.0037306076762432796,-0.007587707988952681,11.850000381469727,-0.010000000000000675,4.54
2006-03-13,0.0018647116467885776,-0.0007936131248963023,0.00887743074453615,11.369999885559082,-0.010000000000000675,4.54
2006-03-14,0.010424394484000185,0.0066660376038440924,0.010258334271688237,10.739999771118164,-0.010000000000000675,4.54
2006-03-15,0.0044458778240180985,-0.005419202178274239,0.004545875722809695,11.350000381469727,-0.010000000000000675,4.54
2006-03-16,0.0020626865518103307,0.009016866249765729,0.0039833697886547965,11.979999542236328,-0.010000000000000675,4.54
2006-03-17,0.0008348538372696469,-0.003035196861309197,-0.003983369788654952,12.119999885559082,-0.010000000000000675,4.54
2006-03-20,-0.0016092064915394443,0.0015750972434948039,0.0009066867676153741,11.789999961853027,-0.010000000000000675,4.54
2006-03-21,-0.006307384192290624,-0.005181755773113334,-0.006181771283939387,11.619999885559082,-0.010000000000000675,4.54
2006-03-22,0.0060773827703808105,0.0021435036619461938,-0.0014601541144710205,11.210000038146973,-0.010000000000000675,4.54
2006-03-23,-0.0020728209904839396,-0.003161224154207676,-0.0009136453209700005,11.170000076293945,-0.010000000000000675,4.54
2006-03-24,0.0007680838120655324,0.007322912699341447,0.01829592422327758,11.1899995803833,-0.010000000000000675,4.54
2006-03-27,-0.0014601781327225976,-0.003711284070394314,0.012132179396417623,11.460000038146973,-0.010000000000000675,4.54
2006-03-28,-0.0061722485332733204,-0.009395039005940867,-0.005869256761886151,11.579999923706055,-0.010000000000000675,4.54
2006-03-29,0.0062489074572564226,-0.004787546403493362,0.017856008967773458,10.949999809265137,-0.010000000000000675,4.54
2006-03-30,-0.001770426496850224,-0.0069952412154052025,0.026456091342854822,11.569999694824219,-0.010000000000000675,4.54
2006-03-31,0.00023162424393088053,-0.00034559844503235317,-0.008569032949188241,11.390000343322754,-0.010000000000000675,4.54
2006-04-03,-0.0007708430685275982,0.00032336715173851647,0.006348185470116209,11.569999694824219,-0.010000000000000675,4.54
2006-04-04,0.006377624673259174,-0.0010400108504052764,-0.00239725090815688,11.140000343322754,-0.010000000000000675,4.54
2006-04-05,0.0034404963859236935,0.0013871622849254684,0.005641488791230979,11.130000114440918,-0.010000000000000675,4.54
2006-04-06,-0.0010692661877814995,-0.007650379845943569,0.010513899447593818,11.449999809265137,-0.010000000000000675,4.54
2006-04-07,-0.01021469524779687,-0.009822145253395044,-0.011707924234642699,12.260000228881836,-0.010000000000000675,4.54
2006-04-10,0.0015430960638307502,0.0018784586123031205,0.01709151230827808,12.1899995803833,-0.010000000000000675,4.54
2006-04-11,-0.00851514583738567,0.003512100850336998,-0.009948655844000452,13.0,-0.010000000000000675,4.54
2006-04-12,0.0018642340044161218,-0.006096549066161663,0.0070922618883069175,12.760000228881836,-0.010000000000000675,4.54
2006-04-13,-0.001319846976240577,-0.0070795918797204975,0.0011771580379689472,12.380000114440918,-0.010000000000000675,4.54
2006-04-17,-0.00038900147929382965,0.0036634400429085123,0.026371876607847133,12.579999923706055,-0.010000000000000675,4.54
2006-04-18,0.015731932586967076,0.0017686282100956485,0.012363885008428301,11.399999618530273,-0.010000000000000675,4.54
2006-04-19,0.001910829009952454,-0.006143321536583442,0.030257109870676136,11.319999694824219,-0.010000000000000675,4.54
2006-04-20,0.001373468820528973,-0.0008299936509199703,-0.044751287678637945,11.640000343322754,-0.010000000000000675,4.54
2006-04-21,0.00015243515611797068,0.005794690679176235,0.03608641686474083,11.59000015258789,-0.010000000000000675,4.54
2006-04-24,-0.0018318534312773416,0.004001532994961028,-0.024831058863613812,11.75,-0.010000000000000675,4.54
2006-04-25,-0.004133028284496412,-0.011934457307813813,0.018163277608642465,11.75,-0.010000000000000675,4.54
2006-04-26,0.00022951114692291798,-0.0016641584940899888,0.013762817006708136,11.760000228881836,-0.010000000000000675,4.54
2006-04-27,0.004820073920227471,0.001308441235254256,-0.010899759408640247,11.84000015258789,-0.010000000000000675,4.54
2006-04-28,0.003352363683387936,0.0007135348903669626,0.03327128175431663,11.59000015258789,-0.010000000000000675,4.54
2006-05-01,-0.008172437603615497,-0.007543778405103913,0.0010749686135923268,12.539999961853027,0.14000000000000057,4.54
2006-05-02,0.007487757002361123,0.002640478885015384,0.02110775076209168,11.989999771118164,0.14000000000000057,4.54
2006-05-03,-0.0037367858718501934,-0.002160006240474568,-0.0013533415469022937,11.989999771118164,0.14000000000000057,4.54
2006-05-04,0.003584533596594583,-0.00168383162538281,0.015231058274022213,11.859999656677246,0.14000000000000057,4.54
2006-05-05,0.008791869991673244,0.005999532070143853,0.007529296693737569,11.619999885559082,0.14000000000000057,4.54
2006-05-08,-0.0012080111585229688,0.0005980040067178943,-0.006344548315854382,12.0,0.14000000000000057,4.54
2006-05-09,0.0019624650302231743,-0.0005980040067179207,0.030897281121183933,11.989999771118164,0.14000000000000057,4.54
2006-05-10,-0.0005282494739086626,0.001792254419491565,0.009995755944479651,11.779999732971191,0.14000000000000057,4.54
2006-05-11,-0.012144112524366441,-0.004907222280959358,0.009193212955575812,12.489999771118164,0.14000000000000057,4.54
2006-05-12,-0.013144147706732537,-0.008314196869778304,0.0012663240006524636,14.1899995803833,0.14000000000000057,4.54
2006-05-15,0.002009452034339004,0.003984916484900202,-0.053575200633378034,13.569999694824219,0.14000000000000057,4.54
2006-05-16,-0.0014684456416911224,0.007444248246345901,0.017644876407503035,13.350000381469727,0.14000000000000057,4.54
2006-05-17,-0.019207634605753195,-0.006239841918054668,-0.0067271250662083795,16.260000228881836,0.14000000000000057,4.54
2006-05-18,-0.005057577746705922,0.013508784997963558,-0.010176364470453626,16.989999771118164,0.14000000000000057,4.54
2006-05-19,0.007027040891292396,0.00260961924269799,-0.028264016724660453,17.18000030517578,0.14000000000000057,4.54
2006-05-22,-0.0076611498307202494,0.002130104660617176,-0.0042787163206261586,17.719999313354492,0.14000000000000057,4.54
2006-05-23,-0.0076406609662220785,-0.0005916417075063282,0.016403681898370586,18.260000228881836,0.14000000000000057,4.54
2006-05-24,0.007957503235368405,0.00047368084169288426,-0.035575658845409586,17.360000610351562,0.14000000000000057,4.54
2006-05-25,0.012288525602238974,-0.003909396285283957,0.009941048269267854,15.5,0.14000000000000057,4.54
2006-05-26,0.0050762193228453874,-0.0007123667522180858,0.0061633714364872465,14.260000228881836,0.14000000000000057,4.54
2006-05-30,-0.017919656821793244,-0.0004745108295240078,0.00015363084740756304,18.65999984741211,0.14000000000000057,4.54
2006-05-31,0.011119709612063666,-0.005957927421450867,-0.013607713088968276,16.440000534057617,0.14000000000000057,4.54
2006-06-01,0.009522191997192722,0.0044539365433120285,-0.026344325345324347,14.520000457763672,-0.009999999999999787,4.54
2006-06-02,0.0020953617033186395,0.012818841051125433,0.014913787710007854,14.319999694824219,-0.009999999999999787,4.54
2006-06-05,-0.014681123140310096,-0.0012976967116935666,-0.003312552645839676,16.649999618530273,-0.009999999999999787,4.54
2006-06-06,-0.002441614496513929,0.0047124667996231604,-0.011761128537159677,17.34000015258789,-0.009999999999999787,4.54
2006-06-07,-0.007519196364588777,0.0002349909817475945,-0.004325897350092141,17.799999237060547,-0.009999999999999787,4.54
2006-06-08,-0.000874604902034284,0.00199586788926787,-0.02224296502229821,18.350000381469727,-0.009999999999999787,4.54
2006-06-09,-0.0031860287030413812,0.005262848880470527,-0.007580772661454671,18.1200008392334,-0.009999999999999787,4.54
2006-06-12,-0.010908775383292796,0.000816174322824731,-0.0069721727529347115,20.959999084472656,-0.009999999999999787,4.54
2006-06-13,-0.011681717211294334,0.0006998098016310817,-0.07092235174749513,23.809999465942383,-0.009999999999999787,4.54
2006-06-14,0.007722129237024289,-0.010068592485290476,-0.005379235579350925,21.459999084472656,-0.009999999999999787,4.54
2006-06-15,0.020992357859769956,-0.005781663129390852,0.030106768033878732,15.899999618530273,-0.009999999999999787,4.54
2006-06-16,-0.007313243924026451,-0.0022511260789798227,0.006260900631636242,17.25,-0.009999999999999787,4.54
2006-06-19,-0.007893764362888163,-0.0014240037310356507,-0.023150800407539796,17.829999923706055,-0.009999999999999787,4.54
2006-06-20,0.003390244540207103,-0.0016649256695421804,0.016540912545872956,16.690000534057617,-0.009999999999999787,4.54
2006-06-21,0.007386923981404733,0.00023872112968054265,0.017815961750979315,15.520000457763672,-0.009999999999999787,4.54
2006-06-22,-0.004409020461466513,-0.005727128381070573,-0.010339611013396036,15.880000114440918,-0.009999999999999787,4.54
2006-06-23,-0.00016062905870720291,-0.0020349953827045898,0.004493649688969512,15.890000343322754,-0.009999999999999787,4.54
2006-06-26,0.004409990950037696,-0.0019198329782539362,0.004988349549092548,15.619999885559082,-0.009999999999999787,4.54
2006-06-27,-0.00867817400789245,0.004912143266442353,-0.010348462113978564,16.399999618530273,-0.009999999999999787,4.54
2006-06-28,0.006755523168197549,-0.005272356162771555,-0.002430124232988146,15.789999961853027,-0.009999999999999787,4.54
2006-06-29,0.019999147303021974,0.00335852173395311,0.033832024181210556,13.029999732971191,-0.009999999999999787,4.54
2006-06-30,7.917948642382939e-05,0.009652686110255134,0.0283248597979711,13.079999923706055,-0.009999999999999787,4.54
2006-07-03,0.00407672960485672,-0.00098898324935472,0.015396151524819567,13.050000190734863,-0.009999999999999787,4.54
2006-07-05,-0.005728189853526669,-0.008016507671727763,0.005133147203806899,14.149999618530273,-0.009999999999999787,4.54
2006-07-06,0.0029074769929347826,0.006107989895734607,0.008285586850556694,13.649999618530273,-0.009999999999999787,4.54
2006-07-07,-0.006534069300478075,0.0064271989808339265,-0.006207730001220553,13.970000267028809,-0.009999999999999787,4.54
2006-07-10,0.001893391733803457,0.0009490650184082155,-0.009787492538485095,14.020000457763672,-0.009999999999999787,4.54
2006-07-11,0.004405402381161722,0.003194682841687113,0.028453018348612674,13.140000343322754,-0.009999999999999787,4.54
2006-07-12,-0.010732094588575209,0.00023563307394233813,0.017245775039784833,14.489999771118164,-0.009999999999999787,4.54
2006-07-13,-0.01639655792073905,0.0038904282467207233,0.009657542324286587,17.790000915527344,-0.009999999999999787,4.54
2006-07-14,-0.0038789055864447905,0.0005880620066240897,0.004566148251357566,18.049999237060547,-0.009999999999999787,4.54
2006-07-17,-0.001458499690473709,0.0015277796909119426,-0.02927786506214761,18.639999389648438,-0.009999999999999787,4.54
2006-07-18,0.005095247762199871,-0.008607619840700437,-0.016555351989900366,17.739999771118164,-0.009999999999999787,4.54
2006-07-19,0.013779047244195517,0.009429638962144526,0.01780551650096022,15.550000190734863,-0.009999999999999787,4.54
2006-07-20,-0.006865658985808401,0.0029285051195152138,-0.023545337797397207,16.209999084472656,-0.009999999999999787,4.54
2006-07-21,-0.00707482963142736,-0.001874129947887155,-0.013360389171752314,17.399999618530273,-0.009999999999999787,4.54
2006-07-24,0.0180690323494002,-0.0005854782280371099,-0.009279671017174801,14.979999542236328,-0.009999999999999787,4.54
2006-07-25,0.0035589386801110137,-0.0029359788922327453,0.0066835337551839295,14.850000381469727,-0.009999999999999787,4.54
2006-07-26,0.001341275519019097,0.0036395801134903203,0.007284544810071161,14.619999885559082,-0.009999999999999787,4.54
2006-07-27,-0.0009464836950084225,-0.0015248168243759846,0.014411802920109096,14.9399995803833,-0.009999999999999787,4.54
2006-07-28,0.009973284314742339,0.005734313999307855,0.0033330573021811403,14.329999923706055,-0.009999999999999787,4.54
2006-07-31,-0.0010165368519389083,0.0012821899614307716,0.0007919417041651264,14.949999809265137,-0.009999999999999787,4.54
2006-08-01,-0.004939975267680615,-9.364762745844835e-05,0.018199433154515745,15.050000190734863,-0.020000000000000462,4.54
2006-08-02,0.006737543174339616,0.0037377579752899907,0.006663080453584655,14.34000015258789,-0.020000000000000462,4.54
2006-08-03,0.0026508150374908125,0.0002333947349066766,-0.009777330003267252,14.460000038146973,-0.020000000000000462,4.54
2006-08-04,-0.001714879466986626,0.00604198815628261,0.0024921513025285714,14.34000015258789,-0.020000000000000462,4.54
2006-08-07,-0.0023422137885065666,0.0005778468381884591,0.003416701922818477,15.229999542236328,-0.020000000000000462,4.54
2006-08-08,-0.003838548607908973,-0.0022005934805462905,-0.008250981257249518,15.229999542236328,-0.020000000000000462,4.54
2006-08-09,-0.00338085568934677,-0.0032545710277034415,0.010264414233311715,15.199999809265137,-0.020000000000000462,4.54
2006-08-10,0.0030666666619490386,-0.0015146175697049137,-0.021583529170159283,14.460000038146973,-0.020000000000000462,4.54
2006-08-11,-0.00283042174011599,-0.004323759429025477,-0.008574217652083825,14.300000190734863,-0.020000000000000462,4.54
2006-08-14,0.0007869937734281363,-0.0017573401394999123,-0.007362374610728818,14.260000228881836,-0.020000000000000462,4.54
2006-08-15,0.011887031055555768,0.008410394721625022,-0.003862900050710145,13.420000076293945,-0.020000000000000462,4.54
2006-08-16,0.008284217045956766,0.006723615337097041,0.007710935506649349,12.40999984741211,-0.020000000000000462,4.54
2006-08-17,0.0025409264581128708,-0.0003470782105026013,-0.023641044246042624,12.239999771118164,-0.020000000000000462,4.54
2006-08-18,0.005062901995713578,0.00288553694903062,0.0001638754202975384,11.640000343322754,-0.020000000000000462,4.54
2006-08-21,-0.004294094844876101,0.0035662246400765996,0.02267667167844972,12.220000267028809,-0.020000000000000462,4.54
2006-08-22,-7.685412263654966e-05,0.00034517234621811915,-0.006265574298403905,12.1899995803833,-0.020000000000000462,4.54
2006-08-23,-0.0027706895534367225,0.00045895900826198327,-0.003551786170239269,12.399999618530273,-0.020000000000000462,4.54
2006-08-24,-0.0008479635361874481,0.0018338137607895873,-0.0012947376767310466,12.399999618530273,-0.020000000000000462,4.54
2006-08-25,0.0012335795392370175,0.00148735439416182,0.0003238416104977378,12.3100004196167,-0.020000000000000462,4.54
2006-08-28,0.0047648090880045785,0.0009153004679677445,-0.012543952945273145,12.180000305175781,-0.020000000000000462,4.54
2006-08-29,0.0011492867107303635,0.001370126915412208,-0.0009841131508817223,12.279999732971191,-0.020000000000000462,4.54
2006-08-30,0.000612502971236478,0.002620383403734643,0.007845734178219533,12.220000267028809,-0.020000000000000462,4.54
2006-08-31,-0.0001531746973031202,0.0023867171104292226,0.014065428763227219,12.3100004196167,-0.020000000000000462,4.54
2006-09-01,0.005952899765361255,0.00034222064319100004,-0.002411019821175847,11.960000038146973,-0.04999999999999982,4.54
2006-09-05,0.0019006963007007513,-0.0062862195788150116,0.01944286299654392,12.630000114440918,-0.04999999999999982,4.54
2006-09-06,-0.00884934077295841,-0.001377335793896213,-0.007922716060125687,13.739999771118164,-0.04999999999999982,4.54
2006-09-07,-0.004607739120388992,0.0019509834915205765,-0.025946191654282313,13.880000114440918,-0.04999999999999982,4.54
2006-09-08,0.002844091042836222,0.0008013890307814048,-0.010009118155884447,13.15999984741211,-0.04999999999999982,4.54
2006-09-11,0.0009974172528002148,-0.0009169670296376161,-0.035927977031141096,12.989999771118164,-0.04999999999999982,4.54
2006-09-12,0.009767631576735674,0.00503060794245348,-0.0030816717701889667,11.920000076293945,-0.04999999999999982,4.54
2006-09-13,0.004016034033357365,0.00045556296008785586,0.0051308345941207655,11.180000305175781,-0.04999999999999982,4.54
2006-09-14,7.588286033826279e-05,-0.0022825574106633407,-0.024696883147300203,11.550000190734863,-0.04999999999999982,4.54
2006-09-15,0.0023446251119937696,-0.0007995578989747597,0.0036652959943343877,11.760000228881836,-0.04999999999999982,4.54
2006-09-18,0.0013629555263323086,-0.0016020883701749328,0.014356348078949017,11.779999732971191,-0.04999999999999982,4.54
2006-09-19,-0.002500712123385681,0.011160769325163184,-0.022753936934990223,11.979999542236328,-0.04999999999999982,4.54
2006-09-20,0.00529678410005438,0.001471004671428624,0.005955529304156023,11.390000343322754,-0.04999999999999982,4.54
2006-09-21,-0.004841492921618307,0.009118290107816982,0.011978312594347288,12.25,-0.04999999999999982,4.54
2006-09-22,-0.0030382541283210922,0.004918545048343955,0.009446171286572042,12.59000015258789,-0.04999999999999982,4.54
2006-09-25,0.00765314426160684,0.006999916091125043,0.0,12.119999885559082,-0.04999999999999982,4.54
2006-09-26,0.00826895851360892,-0.004215488958684066,0.004094200107174069,11.529999732971191,-0.04999999999999982,4.54
2006-09-27,0.0011973866527876654,-0.002896728546717415,0.018051939672373406,11.579999923706055,-0.04999999999999982,4.54
2006-09-28,-0.0003741162957778785,-0.0016735630657386353,-0.00033445581216309524,11.720000267028809,-0.04999999999999982,4.54
2006-09-29,-0.0008232703570097213,-0.00122873540211901,-0.0053664339603248755,11.979999542236328,-0.04999999999999982,4.54
2006-10-02,-0.0037500835352999493,0.0027354386219769836,-0.005395388023705695,12.569999694824219,-0.04999999999999982,4.54
2006-10-03,0.0021016707959589822,-0.001344090888717213,-0.0350973728570958,12.239999771118164,-0.04999999999999982,4.54
2006-10-04,0.011629919350205605,0.007261092826327087,-0.013042160218877828,11.859999656677246,-0.04999999999999982,4.54
2006-10-05,0.0019250893557342557,-0.007037662409272937,0.009709657907544174,11.979999542236328,-0.04999999999999982,4.54
2006-10-06,-0.0012583707256075545,-0.010480527860705772,0.0012291022461254299,11.5600004196167,-0.04999999999999982,4.54
2006-10-09,0.000592409831397731,0.0027149111283185506,0.0036780684249936844,11.680000305175781,-0.04999999999999982,4.54
2006-10-10,0.0013314785796502407,-0.007939818218467821,-0.003502643889304294,11.520000457763672,-0.04999999999999982,4.54
2006-10-11,-0.0011834309414077992,-0.002965378115299222,-0.0021074635611676128,11.619999885559082,-0.04999999999999982,4.54
2006-10-12,0.008621818064812816,0.0005709267281063667,0.010667244557621159,11.09000015258789,-0.04999999999999982,4.54
2006-10-13,0.002565269321369525,-0.005034456855072032,0.018611566060242047,10.75,-0.04999999999999982,4.54
2006-10-16,0.0015358329221424108,0.00446353012696564,0.010192010851696898,11.09000015258789,-0.04999999999999982,4.54
2006-10-17,-0.0031470978890512508,0.000798868767217273,-0.0088270246267677,11.729999542236328,-0.04999999999999982,4.54
2006-10-18,0.0013186827958268587,0.0020527513890608827,-0.0010235649551442205,11.34000015258789,-0.04999999999999982,4.54
2006-10-19,0.0016093832570432177,-0.0018242990649986756,0.013898523638232187,10.899999618530273,-0.04999999999999982,4.54
2006-10-20,0.00021903183618131227,-0.0010273210912794474,-0.01066091957581257,10.630000114440918,-0.04999999999999982,4.54
2006-10-23,0.0045934761779784904,-0.004005317143899203,-0.017505174698208014,11.079999923706055,-0.04999999999999982,4.54
2006-10-24,0.0029780553511889055,0.0,0.007073260919781201,10.779999732971191,-0.04999999999999982,4.54
2006-10-25,0.0034029373330942535,0.007880773901424413,0.01009159629586728,10.65999984741211,-0.04999999999999982,4.54
2006-10-26,0.003103352021127155,0.006465639124676416,0.008979350419899177,10.5600004196167,-0.04999999999999982,4.54
2006-10-27,-0.006288639730454284,0.004625112642778266,0.0018535788960060886,10.800000190734863,-0.04999999999999982,4.54
2006-10-30,-0.0007258947669786554,0.002807660756976954,0.008382278538378779,11.199999809265137,-0.04999999999999982,4.54
2006-10-31,-0.00014467046958729698,0.007711880700229963,0.005660080759457596,11.100000381469727,-0.04999999999999982,4.54
2006-11-01,-0.006772301550979072,0.0055188574328896775,0.018421555651427647,11.510000228881836,-0.14000000000000057,4.54
2006-11-02,-0.0005847459996319727,-0.004122274849927048,0.009085032704114484,11.420000076293945,-0.14000000000000057,4.54
2006-11-03,-0.0017559718307582288,-0.011902025318384859,0.0061182138370136285,11.15999984741211,-0.14000000000000057,4.54
2006-11-06,0.011215272497437288,0.0029321707287379675,-0.0066028076577951044,11.15999984741211,-0.14000000000000057,4.54
2006-11-07,0.003831243829903878,0.004607050578475001,0.0024207471759942175,11.09000015258789,-0.14000000000000057,4.54
2006-11-08,0.002161667894405123,0.003582082888566456,-0.015103824170810666,10.75,-0.14000000000000057,4.54
2006-11-09,-0.005269227888683157,-0.0005588822719708094,0.029665243715548233,11.010000228881836,-0.14000000000000057,4.54
2006-11-10,0.0004350987994649604,0.00434958486374721,-0.0073342018093687155,10.789999961853027,-0.14000000000000057,4.54
2006-11-13,0.0024560687605670885,-0.0002229662504125399,-0.0048123777671425306,10.859999656677246,-0.14000000000000057,4.54
2006-11-14,0.007476659462805528,0.003887947096448622,-0.009045410728369615,10.5,-0.14000000000000057,4.54
2006-11-15,0.0028609991952996605,-0.0037772771992735576,0.0034016244413848868,10.3100004196167,-0.14000000000000057,4.54
2006-11-16,0.0025675297510143347,-0.004573253941996575,-0.008607422572897042,10.15999984741211,-0.14000000000000057,4.54
2006-11-17,0.0002850737123442612,0.005685438300618518,0.007636683557831217,10.050000190734863,-0.14000000000000057,4.54
2006-11-20,0.0005692807305928985,0.0015558702526695472,-0.00016185061297892278,9.970000267028809,-0.14000000000000057,4.54
2006-11-21,0.0009962401110939672,0.002439847835445741,0.008061959117047567,9.899999618530273,-0.14000000000000057,4.54
2006-11-22,0.001988731233996841,0.0016583538157033432,0.0036867805067237296,10.140000343322754,-0.14000000000000057,4.54
2006-11-24,-0.004053301355484885,0.001767891411158512,0.015873349156290163,10.729999542236328,-0.14000000000000057,4.54
2006-11-27,-0.013846044626708527,0.003633683530635886,0.003144668656543143,12.300000190734863,-0.14000000000000057,4.54
2006-11-28,0.004324901014825979,0.0020881075916553346,-0.0020429184074974753,11.619999885559082,-0.14000000000000057,4.54
2006-11-29,0.01037614816380807,-0.002306705173001484,-0.006470469176144637,10.829999923706055,-0.14000000000000057,4.54
2006-11-30,0.0004267611379141006,0.006576378255485192,0.019287145099564598,10.90999984741211,-0.14000000000000057,4.54
2006-12-01,-0.0022081960527891293,0.0025407473554322096,-0.004201961494731662,11.65999984741211,-0.11000000000000032,4.54
2006-12-04,0.007601823347220715,0.0017488384220637242,0.0,11.229999542236328,-0.11000000000000032,4.54
2006-12-05,0.004307794289674884,-0.004706276044505127,-0.004846431174560282,11.270000457763672,-0.11000000000000032,4.54
2006-12-06,-0.0008460762755522211,-0.0019764698200480063,-0.017708016022004423,11.329999923706055,-0.11000000000000032,4.54
2006-12-07,-0.004382446920804914,-0.0007698413417007707,0.0006378714314723856,12.670000076293945,-0.11000000000000032,4.54
2006-12-08,0.0018406108514076715,-0.007287270510889126,-0.010899295456230593,12.069999694824219,-0.11000000000000032,4.54
2006-12-11,0.0028946862876021613,0.004312813944301831,0.008345425777865432,10.710000038146973,-0.11000000000000032,4.54
2006-12-12,-0.0007755393035661387,0.002093494010796453,-0.0007994122577706783,10.649999618530273,-0.11000000000000032,4.54
2006-12-13,0.0010579303857721578,-0.008957502075490646,-0.0006400146702843091,10.180000305175781,-0.11000000000000032,4.54
2006-12-14,0.00877206622797893,-0.0036740740416869905,-0.005778517118766663,9.970000267028809,-0.11000000000000032,4.54
2006-12-15,9.150704891603607e-05,0.0005567371036033217,-0.018194116912789278,10.050000190734863,-0.11000000000000032,4.54
2006-12-18,-0.0027438013802180096,0.00033526332554687844,0.0006555378016999935,10.600000381469727,-0.11000000000000032,4.54
2006-12-19,0.0018999679405144005,-0.0013386888590142785,0.012373950143335283,10.300000190734863,-0.11000000000000032,4.54
2006-12-20,-0.0005627218190179901,-0.0001109043919159189,-0.0029168762837298865,10.260000228881836,-0.11000000000000032,4.54
2006-12-21,-0.0036647775653570456,0.0050077207496757965,-0.0039024092413447,10.529999732971191,-0.11000000000000032,4.54
2006-12-22,-0.006162524879629113,-0.007688987237166074,0.004389187767752673,11.359999656677246,-0.11000000000000032,4.54
2006-12-26,0.005879973153666914,0.0030162802307458574,0.005338490612910114,11.260000228881836,-0.11000000000000032,4.54
2006-12-27,0.006547295970461243,-0.00737994858139807,0.0038647661146999175,10.640000343322754,-0.11000000000000032,4.54
2006-12-28,-0.0021075582086448478,-0.0022579473251099712,0.01086967687656617,10.989999771118164,-0.11000000000000032,4.54
2006-12-29,-0.004157186035854204,-0.0007908656030088256,0.004916314035106273,11.5600004196167,-0.11000000000000032,4.54
2007-01-03,-0.0017671632984031368,0.007098422805974985,-0.014822174634752381,12.039999961853027,-0.1200000000000001,4.54
2007-01-04,0.002119991107844204,0.006045501736939263,-0.010167073004529946,11.510000228881836,-0.1200000000000001,4.54
2007-01-05,-0.008008029189862903,-0.004361776241893433,-0.02429939556012064,12.140000343322754,-0.1200000000000001,4.54
2007-01-08,0.0046140214831858865,0.0017916029653911381,0.005138865501529681,12.0,-0.1200000000000001,4.54
2007-01-09,-0.0008503241577930032,0.0,0.006099070055031333,11.90999984741211,-0.1200000000000001,4.54
2007-01-10,0.003326474496221619,-0.00448562718672342,-0.004281928882199839,11.470000267028809,-0.1200000000000001,4.54
2007-01-11,0.00437057467342752,-0.005862503464596391,0.0006599722253165242,10.869999885559082,-0.1200000000000001,4.54
2007-01-12,0.00756837312503557,-0.004644996618105678,0.02508270112828025,10.149999618530273,-0.1200000000000001,4.54
2007-01-16,-0.0019565984008624447,0.0021543684795074696,-0.003222122156554715,10.739999771118164,-0.1200000000000001,4.54
2007-01-17,0.000419669564513007,-0.003063657063250739,0.010753625266441386,10.59000015258789,-0.1200000000000001,4.54
2007-01-18,-0.003361382284549598,0.003063657063250791,-0.006084903884278258,10.850000381469727,-0.1200000000000001,4.54
2007-01-19,0.0019621284136799293,-0.0027230418094162973,0.011815588337062208,10.399999618530273,-0.1200000000000001,4.54
2007-01-22,-0.0030859708536959854,0.002383037211185613,-0.004454330886639369,10.770000457763672,-0.1200000000000001,4.54
2007-01-23,0.0029458539041960757,-0.0065974392381570445,0.023790048029069068,10.34000015258789,-0.1200000000000001,4.54
2007-01-24,0.00802118521076964,-0.00011291893104234978,0.0015556703524108786,9.890000343322754,-0.1200000000000001,4.54
2007-01-25,-0.01181010044449114,-0.007217922071218668,-0.0042060078166053835,11.220000267028809,-0.1200000000000001,4.54
2007-01-26,-0.0009140490423553225,-0.0008051722680766914,0.0017156771582206524,11.130000114440918,-0.1200000000000001,4.54
2007-01-29,-0.0005630781477690131,-0.002188248030757137,-0.006252915722453849,11.449999809265137,-0.1200000000000001,4.54
2007-01-30,0.005196319497772733,0.001152703102172252,0.007031840163978631,10.960000038146973,-0.1200000000000001,4.54
2007-01-31,0.006700398151371668,0.008372507859323365,0.009453779761331271,10.420000076293945,-0.1200000000000001,4.54
2007-02-01,0.005965530286385983,-0.0012045510851871122,0.005997701647027386,10.3100004196167,-0.1299999999999999,4.54
2007-02-02,0.0013812684479148098,0.0012627605524486317,-0.014517667198963751,10.079999923706055,-0.1299999999999999,4.54
2007-02-05,0.00027617512653565834,0.001373936041647185,0.0004665803047738857,10.550000190734863,-0.1299999999999999,4.54
2007-02-06,0.00027624907116251827,0.005482472911931197,0.007436182408872659,10.649999618530273,-0.1299999999999999,4.54
2007-02-07,0.002205601057120684,0.002956888207023017,-0.00247262781476593,10.319999694824219,-0.1299999999999999,4.54
2007-02-08,-0.0013089560143767884,0.0007952957700846046,0.01367673153177363,10.4399995803833,-0.1299999999999999,4.54
2007-02-09,-0.007475053028902945,-0.005690539827925492,0.009115926182613185,11.100000381469727,-0.1299999999999999,4.54
2007-02-12,-0.0034099465235160075,-0.0022843623077848513,-0.006829142171961048,11.609999656677246,-0.1299999999999999,4.54
2007-02-13,0.008399819404294588,-0.002176085208972689,0.0025853284272528386,10.34000015258789,-0.1299999999999999,4.54
2007-02-14,0.006545397626133421,0.009469546444721574,0.008017687793249467,10.229999542236328,-0.1299999999999999,4.54
2007-02-15,0.0013037302281586492,0.002947129124563162,0.0006025141558484927,10.220000267028809,-0.1299999999999999,4.54
2007-02-16,-0.0004803557905123736,0.0035038975557278745,-0.0007532281767395391,10.020000457763672,-0.1299999999999999,4.54
2007-02-20,0.0021249549665147737,0.0022532928579932104,-0.01594934798707457,10.239999771118164,-0.1299999999999999,4.54
2007-02-21,-0.00041061678197612474,-0.0016889657303678907,0.030757753667661307,10.199999809265137,-0.1299999999999999,4.54
2007-02-22,-0.0007540064216616908,-0.005427304514183023,-0.002973934507727785,10.180000305175781,-0.1299999999999999,4.54
2007-02-23,-0.0039151668285500865,0.007116270244550892,0.008452629597989566,10.579999923706055,-0.1299999999999999,4.54
2007-02-26,-0.0008948415725958676,0.006619711344080818,0.005595615458346798,11.149999618530273,-0.1299999999999999,4.54
2007-02-27,-0.039841312032189366,0.012556339156627334,-0.040301982788906086,18.309999465942383,-0.1299999999999999,4.54
2007-02-28,0.010199093046797064,-0.004537931126469868,0.016225993082467267,15.420000076293945,-0.1299999999999999,4.54
2007-03-01,-0.0029849234654899985,-0.000634380040604794,-0.009977462163909176,15.819999694824219,-0.010000000000000675,4.54
2007-03-02,-0.01318160891349393,0.005001625349284963,-0.03258221712050644,18.610000610351562,-0.010000000000000675,4.54
2007-03-05,-0.009564463114206459,0.0016609001416981715,-0.012318519369876343,19.6299991607666,-0.010000000000000675,4.54
2007-03-06,0.01696513538908115,-0.00299246815916567,0.019201112459463956,15.960000038146973,-0.010000000000000675,4.54
2007-03-07,-0.0010027666537157922,0.0038774960953885836,0.002335563857059509,15.239999771118164,-0.010000000000000675,4.54
2007-03-08,0.008419273375365502,-0.0008850279362228543,0.002795471555182954,14.289999961853027,-0.010000000000000675,4.54
2007-03-09,0.0002844698205209038,-0.010569841710192355,-0.003573426484667515,14.09000015258789,-0.010000000000000675,4.54
2007-03-12,0.0014905968513596538,0.003907316219209397,0.0018660049578603111,13.989999771118164,-0.010000000000000675,4.54
2007-03-13,-0.019625340100483262,0.005997914987914283,-0.010149224534042496,18.1299991607666,-0.010000000000000675,4.54
2007-03-14,0.007422523194928989,-0.004550778025629743,0.0034466179547404147,17.270000457763672,-0.010000000000000675,4.54
2007-03-15,0.001363332049593823,-0.00011129120793264293,0.0006254052126911442,16.43000030517578,-0.010000000000000675,4.54
2007-03-16,-0.002804332781076435,-0.00022231206016869688,0.00995347553336337,16.790000915527344,-0.010000000000000675,4.54
2007-03-19,0.011983167034368771,-0.002116898554050433,0.0018552126010832166,14.59000015258789,-0.010000000000000675,4.54
2007-03-20,0.005477478676546491,0.0005582507610467327,0.008153245714605661,13.270000457763672,-0.010000000000000675,4.54
2007-03-21,0.016323368250693606,0.00044511409882063265,0.008391277663042266,12.1899995803833,-0.010000000000000675,4.54
2007-03-22,-0.0007682342601625596,-0.007942365574300878,-0.0009119556454928486,12.930000305175781,-0.010000000000000675,4.54
2007-03-23,0.0014655881808549615,-0.0028118552668032334,-0.009319456241314986,12.949999809265137,-0.010000000000000675,4.54
2007-03-26,-0.0013261680563257114,0.0012389395532714197,0.0105351737556021,13.15999984741211,-0.010000000000000675,4.54
2007-03-27,-0.0023765829522740616,-0.0016893344189758766,-0.002128621706794342,13.479999542236328,-0.010000000000000675,4.54
2007-03-28,-0.007307105423762314,-0.0020305388635250107,0.005313198131411976,14.979999542236328,-0.010000000000000675,4.54
2007-03-29,0.0010576382460323005,-0.0013560128360652786,-0.006074453180646416,15.140000343322754,-0.010000000000000675,4.54
2007-03-30,0.0002108286872829835,-0.001923421397469656,0.0013699117494945744,14.640000343322754,-0.010000000000000675,4.54
2007-04-02,0.0011264395723012692,0.0016581693443701972,0.0016718692763152765,14.529999732971191,-0.010000000000000675,4.54
2007-04-03,0.01070492830102991,-0.0012493330614889613,-0.00030371572256647657,13.460000038146973,-0.010000000000000675,4.54
2007-04-04,0.0011129721263247732,0.0010228446069592346,0.014777044100175683,13.239999771118164,-0.010000000000000675,4.54
2007-04-05,0.0027069211665252287,-0.0037534646621380204,0.0007481567258945134,13.229999542236328,-0.010000000000000675,4.54
2007-04-09,0.001386247213183834,-0.00663155128667932,-0.004947934715117107,13.140000343322754,-0.010000000000000675,4.54
2007-04-10,0.0011764488443829046,0.0029776963760483033,0.009424931331835548,12.680000305175781,-0.010000000000000675,4.54
2007-04-11,-0.004088345956768651,-0.0006860893551450552,-0.0011919224858818033,13.489999771118164,-0.010000000000000675,4.54
2007-04-12,0.004433938434744908,0.00022888001140195728,-0.0013426416202099607,12.710000038146973,-0.010000000000000675,4.54
2007-04-13,0.004551751416180257,-0.0030947829926142346,0.012608614870701874,12.199999809265137,-0.010000000000000675,4.54
2007-04-16,0.00945155560939332,0.005494158531855914,0.008220909434594505,11.979999542236328,-0.010000000000000675,4.54
2007-04-17,0.0026550658036931488,0.005578833711808252,-0.0058651417605689645,12.140000343322754,-0.010000000000000675,4.54
2007-04-18,0.0012226055314981097,0.004982187313658548,0.005572638868595165,12.420000076293945,-0.010000000000000675,4.54
2007-04-19,-0.0002712256238798256,-0.0016958946066853032,-0.012508418534408147,12.539999961853027,-0.010000000000000675,4.54
2007-04-20,0.009396456272545045,-0.0026061995639221716,0.017177229296498005,12.069999694824219,-0.010000000000000675,4.54
2007-04-23,-0.003774814068746378,0.003624143648558219,-0.006425180032736332,13.039999961853027,-0.010000000000000675,4.54
2007-04-24,0.0004049332235705091,0.0037230529329224282,-0.0077947119837775795,13.119999885559082,-0.010000000000000675,4.54
2007-04-25,0.009140095905847048,-0.003496862806712678,0.0023594765329765753,13.210000038146973,-0.010000000000000675,4.54
2007-04-26,0.0011365878598828827,-0.007258332783184667,-0.015138262183911516,12.789999961853027,-0.010000000000000675,4.54
2007-04-27,-0.0008023252065766902,-0.00022846491110266128,0.010265578663396079,12.449999809265137,-0.010000000000000675,4.54
2007-04-30,-0.00832726745273606,0.010420994600305857,-0.006981108812969409,14.220000267028809,-0.010000000000000675,4.54
2007-05-01,0.002559569606574372,0.0007230816366283771,-0.005979893737274426,13.510000228881836,-0.019999999999999574,4.54
2007-05-02,0.005834522476034855,-0.0005647465460547494,-0.00044992543576865114,13.079999923706055,-0.019999999999999574,4.54
2007-05-03,0.005402199556224087,-0.0022641237034762033,0.012374279286040058,13.09000015258789,-0.019999999999999574,4.54
2007-05-04,0.0037837115073058843,0.004071568724363289,0.010318555232789657,12.90999984741211,-0.019999999999999574,4.54
2007-05-07,0.00019868622301353331,0.002704400831853825,0.0008794717295128392,13.149999618530273,-0.019999999999999574,4.54
2007-05-08,-0.0013253450561422219,-0.0022536877671518263,-0.005436034161360725,13.210000038146973,-0.019999999999999574,4.54
2007-05-09,0.0027158330665954214,-0.0039554788523387405,-0.006354862494686028,12.880000114440918,-0.019999999999999574,4.54
2007-05-10,-0.010507758967750597,0.002375350266080332,-0.02173179538259684,13.600000381469727,-0.019999999999999574,4.54
2007-05-11,0.008520662772303022,-0.003509199834402039,0.006794997207202193,12.949999809265137,-0.019999999999999574,4.54
2007-05-14,-0.0021896776915201546,-0.002611082797972605,-0.002561565092633459,13.960000038146973,-0.019999999999999574,4.54
2007-05-15,0.00026607232486484315,-0.000341740359949863,0.003915110208388489,14.010000228881836,-0.019999999999999574,4.54
2007-05-16,0.006817227579360212,-0.0006823485926986868,-0.014227611659689022,13.5,-0.019999999999999574,4.54
2007-05-17,-0.0019808218898612227,-0.004105308581482456,-0.008265789169946459,13.510000228881836,-0.019999999999999574,4.54
2007-05-18,0.008686417658733608,-0.0066496589269537,0.007045504789815029,12.760000228881836,-0.019999999999999574,4.54
2007-05-21,-0.0005241413221731407,0.002986188214329267,0.00228678401065233,13.300000190734863,-0.019999999999999574,4.54
2007-05-22,-0.0007869052163284655,-0.005174736882773091,-0.007182750193709896,13.0600004196167,-0.019999999999999574,4.54
2007-05-23,0.00013132422223755187,-0.0028868191778633544,0.005201235113149631,13.239999771118164,-0.019999999999999574,4.54
2007-05-24,-0.009094039252491765,0.0009255762887852512,-0.012126956660007309,14.079999923706055,-0.019999999999999574,4.54
2007-05-25,0.004161933854426077,-0.0023141993488139784,0.0029301036898510342,13.34000015258789,-0.019999999999999574,4.54
2007-05-29,0.00361908311933684,-0.00011496535291977767,0.0019998045474331656,13.529999732971191,-0.019999999999999574,4.54
2007-05-30,0.008112293810471715,0.0020826493913448743,-0.005393317205398538,12.829999923706055,-0.019999999999999574,4.54
2007-05-31,-0.0010432440619469689,-0.0018510648746841904,0.01259036562812169,13.050000190734863,-0.019999999999999574,4.54
2007-06-01,0.0049450060923110165,-0.005267597650546703,0.013638664251469168,12.779999732971191,0.11999999999999922,4.54
2007-06-04,0.000129839109410254,0.004546865680964845,0.0015039628582593058,13.289999961853027,0.11999999999999922,4.54
2007-06-05,-0.003966637513379965,-0.006299802429921788,-0.002558095808665873,13.630000114440918,0.11999999999999922,4.54
2007-06-06,-0.01080834266749661,-0.00046888631565508774,0.0006025141558484927,14.869999885559082,0.11999999999999922,4.54
2007-06-07,-0.01821000155794578,-0.01807777598531434,-0.017468378797244048,17.059999465942383,0.11999999999999922,4.54
2007-06-08,0.012927258775703762,-0.0008350869285252187,-0.016064616229808024,14.84000015258789,0.11999999999999922,4.54
2007-06-11,0.0017201549491321206,-0.002868636269119861,0.007446446669522527,14.710000038146973,0.11999999999999922,4.54
2007-06-12,-0.010965288847689042,-0.014586198307182443,-0.009316814217075012,16.670000076293945,0.11999999999999922,4.54
2007-06-13,0.014857087648303006,0.01183046183031557,0.0066858729089560335,14.729999542236328,0.11999999999999922,4.54
2007-06-14,0.006366530915040534,-0.0025232140544697015,0.0010841741372225324,13.640000343322754,0.11999999999999922,4.54
2007-06-15,0.005673212591310802,0.006833581948718644,0.003862500064954589,13.9399995803833,0.11999999999999922,4.54
2007-06-18,-0.001176706457819656,-0.002033006967492932,0.0015408088972500085,13.420000076293945,0.11999999999999922,4.54
2007-06-19,0.002482223243489731,0.009295274819347835,0.008127107639137423,12.850000381469727,0.11999999999999922,4.54
2007-06-20,-0.013994222931067411,-0.008098907096431095,-0.011829068848465286,14.670000076293945,0.11999999999999922,4.54
2007-06-21,0.005542071500634369,-0.004794657231715892,-0.0023207487754052505,14.210000038146973,0.11999999999999922,4.54
2007-06-22,-0.009453604808311492,0.00646756252026749,0.00340190875374527,15.75,0.11999999999999922,4.54
2007-06-25,-0.004793695849247704,0.005477101851777898,-0.005417527012256908,16.649999618530273,0.11999999999999922,4.54
2007-06-26,-0.010331843876115828,0.00023718779558207448,-0.012651498355086123,18.889999389648438,0.11999999999999922,4.54
2007-06-27,0.014128830046719821,0.0009500520779531422,0.0007855957384052849,15.529999732971191,0.11999999999999922,4.54
2007-06-28,-0.00013267788516270688,-0.0002383399174338842,0.009223921660842944,15.539999961853027,0.11999999999999922,4.54
2007-06-29,0.0003318410561314797,0.010267757276794747,0.00015552022019765682,16.229999542236328,0.11999999999999922,4.54
2007-07-02,0.00900045303952661,0.005242606897397031,0.011601956095053004,15.399999618530273,0.11999999999999922,4.54
2007-07-03,0.003616724141252105,-0.006114625145253993,-0.004315647745486389,14.920000076293945,0.11999999999999922,4.54
2007-07-05,-0.0010503717240065893,-0.011270249895051451,-0.004955100021671941,15.479999542236328,0.11999999999999922,4.54
2007-07-06,0.005242765083961519,-0.004065275553938225,0.00834756628035994,14.720000267028809,0.11999999999999922,4.54
2007-07-09,0.000783763949418553,0.003587692747130069,0.006444677526836182,15.15999984741211,0.11999999999999922,4.54
2007-07-10,-0.014341242971500644,0.016806709542484893,0.0035117733729580895,17.56999969482422,0.11999999999999922,4.54
2007-07-11,0.0070653060876470445,-0.010381492708946128,-0.0025944030574640994,16.639999389648438,0.11999999999999922,4.54
2007-07-12,0.015667355769314172,-0.003446124257148103,0.008823945975780085,15.539999961853027,0.11999999999999922,4.54
2007-07-13,0.0029747398853155922,0.0027331070872044253,0.00015149014155740927,15.149999618530273,0.11999999999999922,4.54
2007-07-16,-0.0001294223801537015,0.009567303043736089,-0.0031854268407077637,15.59000015258789,0.11999999999999922,4.54
2007-07-17,-0.0005166715937793747,-0.0021175209586920857,-0.001064067820799445,15.630000114440918,0.11999999999999922,4.54
2007-07-18,-0.001811328972509738,0.0037625140872427167,0.013145202935248576,16.0,0.11999999999999922,4.54
2007-07-19,0.003876972306661562,-0.00023550659281741234,0.005837019871235102,15.229999542236328,0.11999999999999922,4.54
2007-07-20,-0.010175831706404789,0.008998510674451296,0.008470214516410005,16.950000762939453,0.11999999999999922,4.54
2007-07-23,0.00305686623938814,-0.0016292815061610634,-0.0016290356489017837,16.809999465942383,0.11999999999999922,4.54
2007-07-24,-0.017492830919245528,0.0037216571988953964,0.0,18.549999237060547,0.11999999999999922,4.54
2007-07-25,0.0020467140153339366,0.0019709469933274154,-0.008484082789328835,18.100000381469727,0.11999999999999922,4.54
2007-07-26,-0.023964241927625068,0.008307402064129433,-0.018861365951098222,20.739999771118164,0.11999999999999922,4.54
2007-07-27,-0.01985499960552751,0.002868471106560074,-0.003662416031323392,24.170000076293945,0.11999999999999922,4.54
2007-07-30,0.015522184454622083,-0.0028684711065601123,0.005488548312644498,20.8700008392334,0.11999999999999922,4.54
2007-07-31,-0.011327741988890055,0.007212666115689313,0.00030410874105093354,23.520000457763672,0.11999999999999922,4.54
2007-08-01,0.0048608446465159775,-0.0021661991860687456,0.0021257127401822437,23.670000076293945,0.3600000000000003,4.54
2007-08-02,0.00795812397844298,0.0025215521585593838,-0.0006069020914542221,21.219999313354492,0.3600000000000003,4.54
2007-08-03,-0.026082252421534915,0.006618069400855197,0.012068377589956174,25.15999984741211,0.3600000000000003,4.54
2007-08-06,0.01662068290280453,-0.007304055153850521,-0.002552449392796444,22.940000534057617,0.3600000000000003,4.54
2007-08-07,0.010613093453066184,-0.0008028545887335134,-0.0006014028171162535,21.559999465942383,0.3600000000000003,4.54
2007-08-08,0.013844196916334468,-0.012227555286918393,0.004352626551117794,21.450000762939453,0.3600000000000003,4.54
2007-08-09,-0.030081377570533602,0.0013908908887019155,-0.019814572506723634,26.479999542236328,0.3600000000000003,4.54
2007-08-10,-0.004688439380439026,-0.0023204871841217534,0.016814765941351804,28.299999237060547,0.3600000000000003,4.54
2007-08-13,0.003586938399868327,0.0029007499505069815,-0.004667591916457224,26.56999969482422,0.3600000000000003,4.54
2007-08-14,-0.015403834237177285,0.0026601512384696853,0.0004526409523711157,27.68000030517578,0.3600000000000003,4.54
2007-08-15,-0.01387105058041269,-0.003588151854249479,-0.002416609910743651,30.670000076293945,0.3600000000000003,4.54
2007-08-16,0.007487137825106683,0.010266497510676594,-0.0221704207263521,30.829999923706055,0.3600000000000003,4.54
2007-08-17,0.018200808592614987,-0.004025408235991317,0.005089097649259215,29.989999771118164,0.3600000000000003,4.54
2007-08-20,-0.0004840965432258776,0.0005761516927851457,0.0016906267951208541,26.329999923706055,0.3600000000000003,4.54
2007-08-21,0.0020035615541756837,0.004824516311639722,-0.0007681550545950952,25.25,0.3600000000000003,4.54
2007-08-22,0.011797474935735469,-0.0016045759265663371,0.0050586729777030584,22.889999389648438,0.3600000000000003,4.54
2007-08-23,-0.0008870381596112452,0.003437644342278266,-0.0013771552618831308,22.6200008392334,0.3600000000000003,4.54
2007-08-24,0.012278021815712765,0.004906613418539762,0.012174904045098961,20.719999313354492,0.3600000000000003,4.54
2007-08-27,-0.009347219111239589,0.0052226290845393455,-0.001968313899368514,22.719999313354492,0.3600000000000003,4.54
2007-08-28,-0.02222554946060434,0.0016966777995269283,-0.005928527206188511,26.299999237060547,0.3600000000000003,4.54
2007-08-29,0.019431656258170157,-0.002716713321992449,0.007291591950524386,23.809999465942383,0.3600000000000003,4.54
2007-08-30,-0.0026650368215396913,0.0066659698065534585,-0.00409489671224921,25.059999465942383,0.3600000000000003,4.54
2007-08-31,0.0098045436186405,0.0007870375774038992,0.010882719149130153,23.3799991607666,0.3600000000000003,4.54
2007-09-04,0.010045279736608738,0.0004745016087828898,0.013735746035060996,22.780000686645508,0.3600000000000003,4.54
2007-09-05,-0.00869088359556168,0.007985540849299652,0.0017777059079792377,24.579999923706055,0.3600000000000003,4.54
2007-09-06,0.0022976016292369033,-0.0025801442647834755,0.019059410971297826,23.989999771118164,0.3600000000000003,4.54
2007-09-07,-0.01400390705122721,0.014051594081622756,0.0076672893414621345,26.229999542236328,0.3600000000000003,4.54
2007-09-10,-0.0019186978445088515,0.007722272645873143,0.0033091657188421245,27.3799991607666,0.3600000000000003,4.54
2007-09-11,0.011593013207350865,-0.0007695715470797629,0.012844388092752193,25.270000457763672,0.3600000000000003,4.54
2007-09-12,0.0025735710091165515,-0.0037464090635279074,-0.0008511500075774832,24.959999084472656,0.3600000000000003,4.54
2007-09-13,0.007007830624060466,-0.008981352434948292,-0.005407687163316696,24.760000228881836,0.3600000000000003,4.54
2007-09-14,-6.674689583207463e-05,0.0014475892372869264,-0.001285128576689731,24.920000076293945,0.3600000000000003,4.54
2007-09-17,-0.005387610395822861,0.004770494902276766,0.01390492555765156,26.479999542236328,0.3600000000000003,4.54
2007-09-18,0.02901549209644793,-0.007555215728140596,0.010233435305542457,20.350000381469727,0.3600000000000003,4.54
2007-09-19,0.0058858149801606,-0.009299980053121172,-0.0037727516034467587,20.030000686645508,0.3600000000000003,4.54
2007-09-20,-0.007067585931074608,-0.019094225518439593,0.01789851321631325,20.450000762939453,0.3600000000000003,4.54
2007-09-21,0.002694658685247114,0.008455650957121572,-0.00523929075519364,19.0,0.3600000000000003,4.54
2007-09-24,-0.0018441328249226433,0.0028402622838425468,-0.0008297270648809739,19.3700008392334,0.3600000000000003,4.54
2007-09-25,-0.0019797746045551947,-0.003522865999749277,0.0006915573409805822,18.600000381469727,0.3600000000000003,4.54
2007-09-26,0.005270925477445419,0.0009095996802542636,-0.004572887160420416,17.6299991607666,0.3600000000000003,4.54
2007-09-27,0.0058959726144868045,0.00691536351156661,0.009675223546006088,17.0,0.3600000000000003,4.54
2007-09-28,-0.0033371644410244723,0.0022559365359206226,0.011080137884340773,18.0,0.3600000000000003,4.54
2007-10-01,0.011210044139441162,0.0056983215516553925,0.0052913681556413985,17.84000015258789,0.56,4.54
2007-10-02,-0.0013619726486510729,0.00314592775816345,-0.02119741661479163,18.489999771118164,0.56,4.54
2007-10-03,-0.0020137212055033244,-0.0029207442623526546,-0.006239146038013328,18.799999237060547,0.56,4.54
2007-10-04,0.0015588761426794146,0.003816915649122077,0.013400783424484728,18.440000534057617,0.56,4.54
2007-10-05,0.011812178425216929,-0.010814817643036066,0.00724688703528734,16.90999984741211,0.56,4.54
2007-10-08,-0.005340594314546372,-0.000794169407672497,-0.011923703864010008,17.459999084472656,0.56,4.54
2007-10-09,0.00937469832055371,-0.0012475771513767535,0.007691255843188692,16.1200008392334,0.56,4.54
2007-10-10,-0.0016629085559006045,0.0005678074112022627,0.003687327879970425,16.670000076293945,0.56,4.54
2007-10-11,-0.004813102050752127,-0.0010218580036579566,0.007469350076860184,18.8799991607666,0.56,4.54
2007-10-12,0.005516880020266097,-0.004895106266378401,0.009158214525531264,17.729999542236328,0.56,4.54
2007-10-15,-0.008479450325469063,0.0002284719479301366,0.007346631152413257,19.25,0.56,4.54
2007-10-16,-0.007966577662048035,0.00034230333816902915,-0.0002661605603641906,20.020000457763672,0.56,4.54
2007-10-17,0.003051476759531981,0.010889033538776566,-0.008287746077086587,18.540000915527344,0.56,4.54
2007-10-18,-0.0036369357226227893,0.005512743331026922,0.01993421490081733,18.5,0.56,4.54
2007-10-19,-0.026504381841074745,0.01481217922222571,-0.003955220156770456,22.959999084472656,0.56,4.54
2007-10-22,0.005795694071901561,0.00011066863076995262,-0.014637633373986493,21.639999389648438,0.56,4.54
2007-10-23,0.008071101065934042,-0.0013282372431970026,0.008409645438828075,20.40999984741211,0.56,4.54
2007-10-24,-0.0018466162373425206,0.007389136008150582,0.0038473451919205023,20.799999237060547,0.56,4.54
2007-10-25,0.0023736658926453024,-0.0034118548096646966,0.0067305057984769715,21.170000076293945,0.56,4.54
2007-10-26,0.011655067282352336,-0.002317631596890686,0.02159859720250343,19.559999465942383,0.56,4.54
2007-10-29,0.0033143988573267617,0.0038600612834022254,0.005519560779674641,19.8700008392334,0.56,4.54
2007-10-30,-0.0069666270179601884,-0.0005508538503308339,-0.00990558387484408,21.06999969482422,0.56,4.54
2007-10-31,0.010334806846133766,-0.00907103758865834,0.016285597636482487,18.530000686645508,0.56,4.54
2007-11-01,-0.023686179445560528,0.012909076233321581,-0.008815163157122153,23.209999084472656,0.8100000000000005,4.54
2007-11-02,0.0011249771169594635,0.003190386672767224,0.024088404823137864,23.010000228881836,0.8100000000000005,4.54
2007-11-05,-0.007635378690300281,-0.0004397403712541869,-0.0010026549296778963,24.309999465942383,0.8100000000000005,4.54
2007-11-06,0.013372666142267535,-0.004846771188847267,0.020847017561792937,21.389999389648438,0.8100000000000005,4.54
2007-11-07,-0.027737152920717923,0.0017647856485175206,0.009898016504542712,26.489999771118164,0.8100000000000005,4.54
2007-11-08,-0.00508354928217675,-0.0017647856485175164,-0.00012153592477733841,26.15999984741211,0.8100000000000005,4.54
2007-11-09,-0.013821353959452942,0.008466385538250682,-0.0006082726377443839,28.5,0.8100000000000005,4.54
2007-11-12,-0.009971542749738193,0.0036071442506484673,-0.04836432519681577,31.09000015258789,0.8100000000000005,4.54
2007-11-13,0.03002564780368309,-0.003715924192086379,0.010418080056634612,24.100000381469727,0.8100000000000005,4.54
2007-11-14,-0.0027731072732359633,0.0010939308522335887,0.014554786693980836,25.940000534057617,0.8100000000000005,4.54
2007-11-15,-0.014529356542931315,0.009363548478974356,-0.02945295236897934,28.059999465942383,0.8100000000000005,4.54
2007-11-16,0.0017168320371187026,0.0014070013475882615,-0.0025690052942447775,25.489999771118164,0.8100000000000005,4.54
2007-11-19,-0.014022142260667185,0.0064717040981510056,-0.006581121156079224,26.010000228881836,0.8100000000000005,4.54
2007-11-20,0.006102526026835615,-0.00107493243594953,0.02846217740937644,24.8799991607666,0.8100000000000005,4.54
2007-11-21,-0.02067668635253268,0.005794767058588681,-0.0013851366451013488,26.84000015258789,0.8100000000000005,4.54
2007-11-23,0.017144514400258902,0.0029917984498377985,0.023536350542307537,25.610000610351562,0.8100000000000005,4.54
2007-11-26,-0.02231060074418561,0.01954543930156628,0.0006152328809138596,28.90999984741211,0.8100000000000005,4.54
2007-11-27,0.011427764093606144,-0.009566595599166035,-0.014870219066121595,26.280000686645508,0.8100000000000005,4.54
2007-11-28,0.03148400172236132,-0.006783150430213587,-0.006638701470507684,24.110000610351562,0.8100000000000005,4.54
2007-11-29,0.00033932027009482476,0.008577409305910702,-0.01634500662031746,23.969999313354492,0.8100000000000005,4.54
2007-11-30,0.010005787018716647,-0.004862198673462018,-0.012339476540602861,22.8700008392334,0.8100000000000005,4.54
2007-12-03,-0.006613956382235649,0.007905006372954671,0.012339476540602936,23.610000610351562,0.8100000000000005,4.54
2007-12-04,-0.008978789753072664,-0.00010591345810691041,0.014206260536894314,23.790000915527344,0.8100000000000005,4.54
2007-12-05,0.01660140961978373,-0.011999175277818802,-0.009745116397743728,22.530000686645508,0.8100000000000005,4.54
2007-12-06,0.014212190611875888,-0.008798530504085904,0.009367226634607144,20.959999084472656,0.8100000000000005,4.54
2007-12-07,-0.0001986203542149467,-0.01127061928902206,-0.009748817685628595,20.850000381469727,0.8100000000000005,4.54
2007-12-10,0.007722618204333287,-0.006011989716215719,0.017654954651938483,20.739999771118164,0.8100000000000005,4.54
2007-12-11,-0.027802906154223997,0.01943542960566006,-0.01460619883925386,23.59000015258789,0.8100000000000005,4.54
2007-12-12,0.00982298508354205,-0.010377547427329341,0.020712490730692895,22.469999313354492,0.8100000000000005,4.54
2007-12-13,-0.0020779956284431,-0.010924874776025637,-0.025034301776957927,22.559999465942383,0.8100000000000005,4.54
2007-12-14,-0.012759934882617178,-0.004624617046085898,0.00025470186730374784,23.270000457763672,0.8100000000000005,4.54
2007-12-17,-0.01437226518900361,0.008899869338138588,-0.004979255801014288,24.520000457763672,0.8100000000000005,4.54
2007-12-18,0.005568028045835727,0.006432681886080666,0.01423334190273785,22.639999389648438,0.8100000000000005,4.54
2007-12-19,0.0,0.013172599521363014,-0.00012621788603144562,21.68000030517578,0.8100000000000005,4.54
2007-12-20,0.006286899256723473,-0.002147271581772412,-0.007219329805340328,20.579999923706055,0.8100000000000005,4.54
2007-12-21,0.014312278914083125,-0.014727010452492558,0.01801396995862084,18.469999313354492,0.8100000000000005,4.54
2007-12-24,0.007398152068028455,-0.004701865571980718,0.0004992625672929884,18.600000381469727,0.8100000000000005,4.54
2007-12-26,0.00214205646873058,-0.008806249547708556,0.017073250143272604,18.65999984741211,0.8100000000000005,4.54
2007-12-27,-0.012650870243006845,0.010842389514745815,0.0004905680371817453,20.260000228881836,0.8100000000000005,4.54
2007-12-28,-0.002508817178074264,0.015473389741707113,0.01750169202421168,20.739999771118164,0.8100000000000005,4.54
2007-12-31,-0.007426543273462947,0.006037212945445103,-0.006527291620528274,22.5,0.8100000000000005,4.54
2008-01-02,-0.008793634517278869,0.01430025435385546,0.028689530790562096,23.170000076293945,1.2600000000000002,4.54
2008-01-03,-0.0004834060072610097,-0.001378883670715248,0.008331903896944106,22.489999771118164,1.2600000000000002,4.54
2008-01-04,-0.024811083078846045,0.0002120646623395402,-0.005155283230996526,23.940000534057617,1.2600000000000002,4.54
2008-01-07,-0.0008499400988898595,0.004339829118305565,-0.004237800612756689,23.790000915527344,1.2600000000000002,4.54
2008-01-08,-0.016280346552590697,-0.0011626288396648491,0.023434499283740494,25.43000030517578,1.2600000000000002,4.54
2008-01-09,0.010455912581830255,0.001901429949239436,-0.0026538494212900304,24.1200008392334,1.2600000000000002,4.54
2008-01-10,0.00653237685975522,-0.013601180768777196,0.019451378931132805,23.450000762939453,1.2600000000000002,4.54
2008-01-11,-0.008100824449344568,0.007779563403284057,0.003732423352843317,23.68000030517578,1.2600000000000002,4.54
2008-01-14,0.008030120768855883,0.003709006239542519,0.010779343871355922,22.899999618530273,1.2600000000000002,4.54
2008-01-15,-0.022258580993870507,0.011149379057978623,-0.017462315658241516,23.34000015258789,1.2600000000000002,4.54
2008-01-16,-0.008650314267518503,-0.007243816332181317,-0.014769298791920495,24.3799991607666,1.2600000000000002,4.54
2008-01-17,-0.026257436634474367,0.012874357007729318,-0.002309434649609837,28.459999084472656,1.2600000000000002,4.54
2008-01-18,-0.01032108616413824,-0.0068871398972550684,0.010579654551845074,27.18000030517578,1.2600000000000002,4.54
2008-01-22,-0.010198624928225167,0.01062504089591891,0.008542679841935765,31.010000228881836,1.2600000000000002,4.54
2008-01-23,0.023736729820322898,-0.002281753862817208,-0.003180722699554567,29.020000457763672,1.2600000000000002,4.54
2008-01-24,0.008406664438248179,-0.020247999225329823,0.02461215908630366,27.780000686645508,1.2600000000000002,4.54
2008-01-25,-0.014551500796312102,0.01671003318784285,0.0024393095003429448,29.079999923706055,1.2600000000000002,4.54
2008-01-28,0.01640147009047679,-0.0037587863987276608,0.015929992715972913,27.780000686645508,1.2600000000000002,4.54
2008-01-29,0.0049420284403415525,-0.006823253719344367,-0.0065609690697016314,27.31999969482422,1.2600000000000002,4.54
2008-01-30,-0.007384654430019862,-0.006552396460823197,0.009933994004387969,27.6200008392334,1.2600000000000002,4.54
2008-01-31,0.018069511010000837,0.0070796012057789725,-0.007195016714744232,26.200000762939453,1.2600000000000002,4.54
2008-02-01,0.015959983219371258,0.005991779932895823,-0.022684270626732738,24.020000457763672,1.7700000000000002,4.54
2008-02-04,-0.01268957262549858,-0.010343532969300977,-0.0028019071765902166,25.989999771118164,1.7700000000000002,4.54
2008-02-05,-0.02713875803534062,0.0076099268047548265,-0.01606549067103019,28.239999771118164,1.7700000000000002,4.54
2008-02-06,-0.008084603816014292,-0.003058455421584447,0.014380553122886813,28.969999313354492,1.7700000000000002,4.54
2008-02-07,0.0065925521127792935,-0.021780829372392268,0.010067216443898174,27.65999984741211,1.7700000000000002,4.54
2008-02-08,-0.00644208260990943,0.011376404142980162,0.012717910269796405,28.010000228881836,1.7700000000000002,4.54
2008-02-11,0.005097026465567444,0.00415373899113871,0.0036198342355131343,27.600000381469727,1.7700000000000002,4.54
2008-02-12,0.009228600974557634,-0.005969350328630222,-0.022141942540969888,26.329999923706055,1.7700000000000002,4.54
2008-02-13,0.01017081452830398,-0.010641791157314636,0.0012306384919769915,24.8799991607666,1.7700000000000002,4.54
2008-02-14,-0.0088388173977831,-0.014804819794573749,0.0030141986624117353,25.540000915527344,1.7700000000000002,4.54
2008-02-15,-0.00022196858239698975,0.00764814811903419,-0.006261873940772848,25.020000457763672,1.7700000000000002,4.54
2008-02-19,0.0028079680755050823,-0.010174396098271678,0.026892565797985494,25.59000015258789,1.7700000000000002,4.54
2008-02-20,0.0029478126943062273,0.006903881493594374,0.01796386403346683,24.399999618530273,1.7700000000000002,4.54
2008-02-21,-0.008348902782804181,0.010535667645967027,0.000107267267463442,25.1200008392334,1.7700000000000002,4.54
2008-02-22,0.006138956784197563,-0.005743495838777829,0.0015002080621885686,24.059999465942383,1.7700000000000002,4.54
2008-02-25,0.012529918230513403,-0.010266960279891612,-0.00698441065741686,23.030000686645508,1.7700000000000002,4.54
2008-02-26,0.007472079894473108,0.0003288080244832563,0.010405041437242168,21.899999618530273,1.7700000000000002,4.54
2008-02-27,-0.0010122935066030302,0.000878228486159123,0.011353506294170987,22.690000534057617,1.7700000000000002,4.54
2008-02-28,-0.009815100283054904,0.017608617354457175,0.012685593460616694,23.530000686645508,1.7700000000000002,4.54
2008-02-29,-0.02253583833470227,0.015184319079309897,0.001977441901755274,26.540000915527344,1.7700000000000002,4.54
2008-03-03,-0.0023939878962639075,-0.002580972163809646,0.010960688456801523,26.280000686645508,1.7700000000000002,4.54
2008-03-04,-0.00382747941443356,-0.009765679393621931,-0.02141228858001734,25.520000457763672,1.7700000000000002,4.54
2008-03-05,0.006296271983317822,-0.012042112822922302,0.02633641998211893,24.600000381469727,1.7700000000000002,4.54
2008-03-06,-0.020915049144684814,0.005334018930387631,-0.012563250536444711,27.549999237060547,1.7700000000000002,4.54
2008-03-07,-0.010354261595373178,0.0013017444187993193,-0.004257794167007869,27.489999771118164,1.7700000000000002,4.54
2008-03-10,-0.013270828922070274,0.014638436031097522,-0.0022920784400025053,29.3799991607666,1.7700000000000002,4.54
2008-03-11,0.035306832212578486,-0.008585176394359155,0.0012508613827964979,26.360000610351562,1.7700000000000002,4.54
2008-03-12,-0.009395562056718319,0.01910752683353869,0.010570090873189882,27.219999313354492,1.7700000000000002,4.54
2008-03-13,0.0022055764962782727,-0.007854769709482196,0.013616736750610736,27.290000915527344,1.7700000000000002,4.54
2008-03-14,-0.01561693999261228,0.012285402978124619,0.0037554244103494877,31.15999984741211,1.7700000000000002,4.54
2008-03-17,-0.010158637040674087,0.0076548217120107525,0.004649281579360488,32.2400016784668,1.7700000000000002,4.54
2008-03-18,0.04070323143044924,-0.0038719077659946266,-0.027292522389296952,25.790000915527344,1.7700000000000002,4.54
2008-03-19,-0.025081708548535635,0.01643266239760251,-0.03651349029438361,29.84000015258789,1.7700000000000002,4.54
2008-03-20,0.018353336106650724,0.002472458691047608,-0.03422030732304092,26.6200008392334,1.7700000000000002,4.54
2008-03-24,0.019790823533884006,-0.01953472911224139,0.002110936951383417,25.729999542236328,1.7700000000000002,4.54
2008-03-25,0.000964248465570021,0.004188563492003938,0.0287719333343951,25.719999313354492,1.7700000000000002,4.54
2008-03-26,-0.012310990424702717,-0.004188563492004071,0.011472807533615594,26.079999923706055,1.7700000000000002,4.54
2008-03-27,-0.0031581807270751453,-0.007055999771613075,-0.0036313610705569657,25.8799991607666,1.7700000000000002,4.54
2008-03-28,-0.009610979260298972,0.009675294754994958,-0.01705017954859946,25.709999084472656,1.7700000000000002,4.54
2008-03-31,0.0034917352675249242,0.0035526502205746996,-0.01612842667290047,25.610000610351562,1.7700000000000002,4.54
2008-04-01,0.034555851860704825,-0.016408996973001348,-0.04005728712133439,22.68000030517578,1.6300000000000003,4.54
2008-04-02,0.0006579968675651199,0.0021266380449172268,0.027367813453476903,23.43000030517578,1.6300000000000003,4.54
2008-04-03,0.002484313927665713,0.0022274276717250217,0.0016789027418238158,23.209999084472656,1.6300000000000003,4.54
2008-04-04,-0.0010949814552529639,0.00907555395132221,0.009239246884171022,22.450000762939453,1.6300000000000003,4.54
2008-04-07,0.0005109646118917994,-0.005264986639536165,0.010142278299860375,22.420000076293945,1.6300000000000003,4.54
2008-04-08,-0.001022423547972188,-0.003490899463021865,-0.009034875363145666,22.360000610351562,1.6300000000000003,4.54
2008-04-09,-0.00726214597725295,0.01033045316101629,0.02124480304789454,22.809999465942383,1.6300000000000003,4.54
2008-04-10,0.0013980681877461764,-0.0033619727540150947,-0.005650392946536727,21.979999542236328,1.6300000000000003,4.54
2008-04-11,-0.01960020514558841,0.00671192560870959,-0.005134589224534746,23.459999084472656,1.6300000000000003,4.54
2008-04-14,-0.0033790997550798368,-0.005870423956936059,-0.002083246601698784,23.81999969482422,1.6300000000000003,4.54
2008-04-15,0.002329139548493554,-0.012483715624181201,0.00601854460933773,22.780000686645508,1.6300000000000003,4.54
2008-04-16,0.02673341637157053,-0.009843384760253825,0.017412357713036033,20.530000686645508,1.6300000000000003,4.54
2008-04-17,0.0014605749699882942,-0.0017211235783626264,-0.007641420238254219,20.3700008392334,1.6300000000000003,4.54
2008-04-18,0.010380090141352206,-0.000863337071915227,-0.021182086961172856,20.1299991607666,1.6300000000000003,4.54
2008-04-21,0.0005050992217484323,0.003981449015064673,-0.004091372334785702,20.5,1.6300000000000003,4.54
2008-04-22,-0.004412358065302932,0.003429233176467259,0.00022154490937352197,20.8700008392334,1.6300000000000003,4.54
2008-04-23,-0.0015965679386304348,-0.003322091885055712,-0.011699898740300238,20.260000228881836,1.6300000000000003,4.54
2008-04-24,0.0043473012838053235,-0.008517358552946521,-0.02267156697176417,20.059999465942383,1.6300000000000003,4.54
2008-04-25,0.009211464616657757,-0.005862763554443452,0.0005730462988536478,19.59000015258789,1.6300000000000003,4.54
2008-04-28,0.0002150375360721462,0.003043684663430591,0.004801172923441089,19.639999389648438,1.6300000000000003,4.54
2008-04-29,-0.003946790690178567,0.003793346565679115,-0.021672374264867317,20.239999771118164,1.6300000000000003,4.54
2008-04-30,-0.005913369131102135,0.007113258078874839,0.009741512403569545,20.790000915527344,1.6300000000000003,4.54
2008-05-01,0.020474705924478705,6.501199621700412e-05,-0.031179315068104025,18.8799991607666,1.4299999999999997,4.54
2008-05-02,0.0027596034454200197,-0.012690337348218854,0.007000134989940103,18.18000030517578,1.4299999999999997,4.54
2008-05-05,-0.004816612725869199,0.0,0.01978402048340779,18.899999618530273,1.4299999999999997,4.54
2008-05-06,0.008625263330418985,-0.007231293318293579,0.004164270020763222,18.209999084472656,1.4299999999999997,4.54
2008-05-07,-0.01797068450746379,0.00427927316005712,-0.00939406818992347,19.729999542236328,1.4299999999999997,4.54
2008-05-08,-0.0025839420260593,0.008937662619706336,0.0164108408392243,19.399999618530273,1.4299999999999997,4.54
2008-05-09,-0.0018699970568960653,0.0036826733688579446,0.0020611516430740643,19.40999984741211,1.4299999999999997,4.54
2008-05-12,0.011168491423710406,-0.0015148319696380243,-0.004930923527425635,17.790000915527344,1.4299999999999997,4.54
2008-05-13,0.00014220827527040318,-0.010995213387244435,-0.018564154190549235,17.979999542236328,1.4299999999999997,4.54
2008-05-14,0.002062507180732626,0.00043739024996303677,-0.0022275927551882613,17.65999984741211,1.4299999999999997,4.54
2008-05-15,0.012425022465925618,0.009040054529579435,0.020906720638068043,16.299999237060547,1.4299999999999997,4.54
2008-05-16,0.0009115107597552923,-0.004128651772797622,0.023851198696715047,16.469999313354492,1.4299999999999997,4.54
2008-05-19,0.002730077971487163,0.0013058144188121852,0.003249494920499919,17.010000228881836,1.4299999999999997,4.54
2008-05-20,-0.008141889018584602,0.005205635747927135,0.016751205697980824,17.579999923706055,1.4299999999999997,4.54
2008-05-21,-0.017059578094504802,0.0002168127389656422,0.01159367196948849,18.59000015258789,1.4299999999999997,4.54
2008-05-22,0.00014365437316036345,-0.011859160247378398,-0.010713950899921191,18.049999237060547,1.4299999999999997,4.54
2008-05-23,-0.01349504061148008,0.004368716738670732,0.002744088114413663,19.549999237060547,1.4299999999999997,4.54
2008-05-27,0.007383609743268889,-0.006778949882500776,-0.02071066556256065,19.639999389648438,1.4299999999999997,4.54
2008-05-28,0.0046049679853585246,-0.008926129721926373,-0.0024650009199021954,19.06999969482422,1.4299999999999997,4.54
2008-05-29,0.005012615852610273,-0.007221138981143904,-0.029948121785563844,18.139999389648438,1.4299999999999997,4.54
2008-05-30,0.002496954810029121,0.00655709925633988,0.010807127681703298,17.829999923706055,1.4299999999999997,4.54
2008-06-02,-0.010385113116739134,0.00384995540060803,0.005814988710672287,19.829999923706055,1.4299999999999997,4.54
2008-06-03,-0.005848530116739646,0.0071716567903442946,-0.01235433070599784,20.239999771118164,1.4299999999999997,4.54
2008-06-04,-0.000507321324313392,-0.008945265859546159,-0.00265079080081508,20.799999237060547,1.4299999999999997,4.54
2008-06-05,0.01979974408752178,-0.006008397720267515,-0.002310856942839816,18.6299991607666,1.4299999999999997,4.54
2008-06-06,-0.032413316514440876,0.012863293986586815,0.029744095652049107,23.559999465942383,1.4299999999999997,4.54
2008-06-09,0.0024185557141449612,0.0,-0.01208712510114185,23.1200008392334,1.4299999999999997,4.54
2008-06-10,-0.004990146006545446,-0.006521738907552774,-0.028122111368949234,23.18000030517578,1.4299999999999997,4.54
2008-06-11,-0.014821059731290805,-0.002331972228120133,0.01703690270554308,24.1200008392334,1.4299999999999997,4.54
2008-06-12,0.003800041672428434,-0.010055178008797188,-0.016452673393949773,23.329999923706055,1.4299999999999997,4.54
2008-06-13,0.012565078004670889,-0.0021357308127569552,0.0026833517416247226,21.219999313354492,1.4299999999999997,4.54
2008-06-16,0.0005870999535520576,0.00022624440292876957,0.013654462065851207,20.950000762939453,1.4299999999999997,4.54
2008-06-17,-0.0048561687951692275,0.0020213857318783046,0.0027544819530526043,21.1299991607666,1.4299999999999997,4.54
2008-06-18,-0.009784612783469444,0.00838519265391362,0.011736006478369521,22.239999771118164,1.4299999999999997,4.54
2008-06-19,0.0012655966552686086,-0.005916934124922926,0.0015846001285877345,21.579999923706055,1.4299999999999997,4.54
2008-06-20,-0.016364751742317805,0.00580633211677414,0.0059762121136616485,22.8700008392334,1.4299999999999997,4.54
2008-06-23,-0.0009886139688027912,0.002112458088455731,-0.02113235514821951,22.639999389648438,1.4299999999999997,4.54
2008-06-24,-0.001979922950608097,0.006644753756500763,0.004353866732505198,22.420000076293945,1.4299999999999997,4.54
2008-06-25,0.004715022614985986,0.00044178679377579276,-0.0005718228977623296,21.139999389648438,1.4299999999999997,4.54
2008-06-26,-0.02753616656728434,0.006706426405024515,0.03584052048031919,23.93000030517578,1.4299999999999997,4.54
2008-06-27,-0.005473699322547988,0.011658806247553727,0.009446474043668393,23.440000534057617,1.4299999999999997,4.54
2008-06-30,0.0035225336505682286,0.00021659049373829047,-0.0007655678590445136,23.950000762939453,1.4299999999999997,4.54
2008-07-01,0.003120584130934179,-0.002372767739750336,0.013691424355889053,23.649999618530273,1.44,4.54
2008-07-02,-0.01728528277801903,0.005217055492943578,0.0054888422989871725,25.920000076293945,1.44,4.54
2008-07-03,0.0010300502307104091,-0.002170601585928682,-0.011985249940131814,24.780000686645508,1.44,4.54
2008-07-07,-0.010265891263667561,0.004552174024892362,-0.009056684715605397,25.780000686645508,1.44,4.54
2008-07-08,0.017601249399117263,0.006465862962532606,-0.004063960105008701,23.149999618530273,1.44,4.54
2008-07-09,-0.01944267659955846,0.004393910711528049,0.007019105232723836,25.229999542236328,1.44,4.54
2008-07-10,0.0040785351970834575,-0.00010690867262150846,0.021943255113523116,25.59000015258789,1.44,4.54
2008-07-11,-0.011720388811099937,-0.014328023489354738,0.017277496523462485,27.489999771118164,1.44,4.54
2008-07-14,-0.009085038032649755,0.008750728057503696,0.007850566004166892,28.479999542236328,1.44,4.54
2008-07-15,-0.01419754760166389,-0.00032293847177923405,0.0027071497619921858,28.540000915527344,1.44,4.54
2008-07-16,0.024251278805960223,-0.018242306466995813,-0.01815270161590802,25.100000381469727,1.44,4.54
2008-07-17,0.009953405485156492,-0.005162494322093504,-0.0023322518409360084,25.010000228881836,1.44,4.54
2008-07-18,0.006210449613532397,-0.0037514357871287498,-0.0005308461499447085,24.049999237060547,1.44,4.54
2008-07-21,0.0005556290912985196,0.0038614520765175206,0.010037641179610729,23.049999237060547,1.44,4.54
2008-07-22,0.01128102357279605,-0.004968936864270524,-0.021894861075694584,21.18000030517578,1.44,4.54
2008-07-23,0.005397684188436003,-0.0019931833992558666,-0.027121391164392418,21.309999465942383,1.44,4.54
2008-07-24,-0.020971838153737002,0.009711525780002749,0.008356311735007812,23.440000534057617,1.44,4.54
2008-07-25,-0.00023922180704298162,-0.010044565926304932,0.0039340079361909145,22.90999984741211,1.44,4.54
2008-07-28,-0.01477231640549552,0.010044565926304962,0.0004361674288188628,24.229999542236328,1.44,4.54
2008-07-29,0.02112795692081974,-0.004072119445513846,-0.01250572486127245,22.030000686645508,1.44,4.54
2008-07-30,0.017660579954901705,0.0009919132259310175,-0.01188176475168946,21.209999084472656,1.44,4.54
2008-07-31,-0.013315168309428554,0.009866595472667718,0.006236158213952812,22.940000534057617,1.44,4.54
2008-08-01,-0.005296215758317405,0.0022089769076757263,-0.0056777456383802685,22.56999969482422,1.4700000000000002,4.54
2008-08-04,-0.009317117117414387,-0.002296833870927865,-0.016093986590938986,23.489999771118164,1.4700000000000002,4.54
2008-08-05,0.026604703546188272,-0.007473637785297007,-0.023649334804024327,21.139999389648438,1.4700000000000002,4.54
2008-08-06,0.004430639144632919,-0.004088974130762532,0.006484477963029264,20.229999542236328,1.4700000000000002,4.54
2008-08-07,-0.015003877059168443,0.016151439485547783,-0.006368377516337615,21.149999618530273,1.4700000000000002,4.54
2008-08-08,0.018411206729923375,0.002720208091857402,-0.01947042583576133,20.65999984741211,1.4700000000000002,4.54
2008-08-11,0.010304713508515483,-0.009610944068754814,-0.039870019743063895,20.1200008392334,1.4700000000000002,4.54
2008-08-12,-0.010459184396355204,0.009285289480990657,-0.007547213471977264,21.170000076293945,1.4700000000000002,4.54
2008-08-13,-0.006048318132766872,-0.0034849238210713277,0.012833356691477001,21.549999237060547,1.4700000000000002,4.54
2008-08-14,0.0075159314753935795,0.006416564487910876,-0.027470488029696195,20.34000015258789,1.4700000000000002,4.54
2008-08-15,0.004851165236462074,0.008635346918558601,-0.021914512705522013,19.579999923706055,1.4700000000000002,4.54
2008-08-18,-0.013768586248001419,0.003969304263895307,0.014959120554555644,20.979999542236328,1.4700000000000002,4.54
2008-08-19,-0.010964019724217428,-0.0038609462137390105,0.020474209118556685,21.280000686645508,1.4700000000000002,4.54
2008-08-20,0.004635300554564958,0.0027895471842788767,-0.0046109216405604905,20.420000076293945,1.4700000000000002,4.54
2008-08-21,0.0017228117201273066,-0.0018240933444537146,0.027594821694200418,19.81999969482422,1.4700000000000002,4.54
2008-08-22,0.014371990151698053,-0.0006431615244441403,-0.014934800596812396,18.809999465942383,1.4700000000000002,4.54
2008-08-25,-0.02049430779217879,0.00994181455975514,-0.00185175688863645,20.969999313354492,1.4700000000000002,4.54
2008-08-26,0.002909411930041085,0.0008501701024195467,0.00370009111066845,20.489999771118164,1.4700000000000002,4.54
2008-08-27,0.009686618541699823,0.001698586866708186,0.0015990808530273566,19.760000228881836,1.4700000000000002,4.54
2008-08-28,0.01205476635431163,0.00010641778920023569,0.010028207926600663,19.43000030517578,1.4700000000000002,4.54
2008-08-29,-0.010811771906177967,-0.004465810253298438,-0.005735584976745511,20.649999618530273,1.4700000000000002,4.54
2008-09-02,-0.006230976343679537,0.009262468343300644,-0.031200121903938532,21.989999771118164,1.6099999999999999,4.54
2008-09-03,-0.0008600868653977539,0.004229483210387861,-0.003921790917827457,21.43000030517578,1.6099999999999999,4.54
2008-09-04,-0.03056855694423291,0.007987093225885249,-0.006358108955715176,24.030000686645508,1.6099999999999999,4.54
2008-09-05,0.003139550230707482,-0.0005240998799253146,0.007498337947551977,23.059999465942383,1.6099999999999999,4.54
2008-09-08,0.020445250368516455,0.0041805551870052055,-0.001520562172927079,22.639999389648438,1.6099999999999999,4.54
2008-09-09,-0.030136978390387942,0.009859762978117555,-0.03051415078362391,25.469999313354492,1.6099999999999999,4.54
2008-09-10,0.004049341912839195,-0.006216360627873806,-0.03012631332599945,24.520000457763672,1.6099999999999999,4.54
2008-09-11,0.014364764918919712,-0.0005189461883221634,-0.015478915514254269,24.389999389648438,1.6099999999999999,4.54
2008-09-12,0.0046102185209498095,-0.012976383071086508,0.0332399725473417,25.65999984741211,1.6099999999999999,4.54
2008-09-15,-0.04875419498752956,0.031927254577197146,0.026257069784174,31.700000762939453,1.6099999999999999,4.54
2008-09-16,0.0165989092935923,-0.00020492646583205343,-0.009977363631870767,30.299999237060547,1.6099999999999999,4.54
2008-09-17,-0.04600513760268322,0.004987535946395237,0.10697398423801134,36.220001220703125,1.6099999999999999,4.54
2008-09-18,0.029239555313984998,-0.014728810658343148,-0.03162032125475302,33.099998474121094,1.6099999999999999,4.54
2008-09-19,0.038945536212905446,-0.032250223517622786,0.03768665186313431,32.06999969482422,1.6099999999999999,4.54
2008-09-22,-0.022899465955897046,-0.00010745738477596564,0.036542052510024896,33.849998474121094,1.6099999999999999,4.54
2008-09-23,-0.02301458247012659,-0.003837805824205226,-0.009690223547907538,35.720001220703125,1.6099999999999999,4.54
2008-09-24,0.0032003062957107536,0.004371273671408294,-0.018397372242872228,35.189998626708984,1.6099999999999999,4.54
2008-09-25,0.015518167094265982,-0.0020236216855450294,-0.0030030300021146434,32.81999969482422,1.6099999999999999,4.54
2008-09-26,0.0004971432645792012,0.007221740640714267,0.0021954188195928825,34.7400016784668,1.6099999999999999,4.54
2008-09-29,-0.08160258941712788,0.028684806846227262,0.033258843431934,46.720001220703125,1.6099999999999999,4.54
2008-09-30,0.040556344474996474,-0.024671704744555427,-0.051545995679539464,39.38999938964844,1.6099999999999999,4.54
2008-10-01,0.0006032601885430732,0.01250150333611148,0.010523968985084205,39.810001373291016,2.2,4.54
2008-10-02,-0.036948964606190994,0.008007584424982376,-0.04326282883476272,45.2599983215332,2.2,4.54
2008-10-03,-0.013591930023562133,0.008764515968725448,0.003152979931026516,45.13999938964844,2.2,4.54
2008-10-06,-0.05227590430031396,0.018010095598360365,0.02025601097029596,52.04999923706055,2.2,4.54
2008-10-07,-0.04582070774581379,-0.0030300665328903474,0.03486214825706517,53.68000030517578,2.2,4.54
2008-10-08,-0.025515098932144827,-0.014465716840491307,0.02433762761966628,57.529998779296875,2.2,4.54
2008-10-09,-0.07239727994266312,-0.008450611769392848,0.005353608121824253,63.91999816894531,2.2,4.54
2008-10-10,-0.024555246534017628,-0.007061901573474141,-0.07721024022746184,69.94999694824219,2.2,4.54
2008-10-13,0.1355775315961679,-0.012901503773590126,-0.014890455669864109,54.9900016784668,2.2,4.54
2008-10-14,-0.014910513513067363,-0.0064613214240839085,0.0025580023828085247,55.130001068115234,2.2,4.54
2008-10-15,-0.10363763498332693,0.009517716988372813,0.01341329574561084,69.25,2.2,4.54
2008-10-16,0.04081343756018331,-0.005171370884588103,-0.04945653185086193,67.61000061035156,2.2,4.54
2008-10-17,-0.005989949267570913,-0.006899385260082534,-0.0265830583677772,70.33000183105469,2.2,4.54
2008-10-20,0.05834398773392832,0.007957703803007718,0.016569654325264915,52.970001220703125,2.2,4.54
2008-10-21,-0.03031015570799506,0.005270464456557288,-0.03197064160356307,53.11000061035156,2.2,4.54
2008-10-22,-0.05599333245915737,0.020086896603659064,-0.058497788057396756,69.6500015258789,2.2,4.54
2008-10-23,0.011517980628896213,0.007391298460767107,-0.014892064399146903,67.80000305175781,2.2,4.54
2008-10-24,-0.05204604897691637,-0.010694440062743504,0.021840397056156174,79.12999725341797,2.2,4.54
2008-10-27,-0.036146161931760915,0.0007240180626592643,-0.00041552434178707896,80.05999755859375,2.2,4.54
2008-10-28,0.11051678424660677,-0.014673493029294089,0.022060230034850928,66.95999908447266,2.2,4.54
2008-10-29,-0.007278786426961838,-0.005045799879301762,0.0028418597266937724,69.95999908447266,2.2,4.54
2008-10-30,0.034008930760982894,-0.009101770850608515,-0.01758617913369578,62.900001525878906,2.2,4.54
2008-10-31,0.005488902962539367,-0.013056946317124256,-0.019021785472914204,59.88999938964844,2.2,4.54
2008-11-03,0.0028871063972059035,0.0027007412625361113,-0.0033698132493902304,53.68000030517578,2.2,4.54
2008-11-04,0.033417565037706376,0.018594475042823213,0.05978044962665676,47.72999954223633,2.2,4.54
2008-11-05,-0.04293650603574906,0.011788710143658293,-0.03615176785243687,54.560001373291016,2.2,4.54
2008-11-06,-0.057005491303018845,-0.007246958832051224,-0.007998964370514715,63.68000030517578,2.2,4.54
2008-11-07,0.032484481014524766,-0.0065559590600445024,0.003869529108754129,56.099998474121094,2.2,4.54
2008-11-10,-0.013191802290124567,0.004868492448956454,0.014786712701221597,59.97999954223633,2.2,4.54
2008-11-11,-0.031361247010137955,0.0029508298240359357,-0.021012909760209354,61.439998626708984,2.2,4.54
2008-11-12,-0.04499895567100678,0.006401272240730433,-0.02886512275228242,66.45999908447266,2.2,4.54
2008-11-13,0.06047286958706686,-0.024242203306456635,0.030252064319223424,59.83000183105469,2.2,4.54
2008-11-14,-0.05119451438125984,0.01962939179572621,0.015813344157826127,66.30999755859375,2.2,4.54
2008-11-17,-0.01336521790342972,0.0044035931368169275,-0.008907239506966189,69.1500015258789,2.2,4.54
2008-11-18,0.018662133678638112,0.01278605108053983,-0.0019288981747573384,67.63999938964844,2.2,4.54
2008-11-19,-0.06622482230921342,0.025291822892612295,-0.003453757562079425,74.26000213623047,2.2,4.54
2008-11-20,-0.07713257847667582,0.05037029943769929,0.016334105788500954,80.86000061035156,2.2,4.54
2008-11-21,0.052538185816136056,-0.014564331036094336,0.07094243298627406,72.66999816894531,2.2,4.54
2008-11-24,0.06699577385965465,-0.015766992908900497,0.025790177023884007,64.69999694824219,2.2,4.54
2008-11-25,0.007381497449476115,0.028990095433526028,-0.0004945100106059737,60.900001525878906,2.2,4.54
2008-11-26,0.037913958988287415,0.0013412285114687633,-0.006077606219572271,54.91999816894531,2.2,4.54
2008-11-28,0.012509202697223507,0.012278006608597807,-0.0008712390504950196,55.279998779296875,2.2,4.54
2008-12-01,-0.09274958660693633,0.037579832039473265,-0.059776655395983355,68.51000213623047,1.6,4.54
2008-12-02,0.03776350473732749,0.003832537770552034,0.01703836022130856,62.97999954223633,1.6,4.54
2008-12-03,0.023756274317533032,0.002819167925949834,-0.01005685556947555,60.720001220703125,1.6,4.54
2008-12-04,-0.023404687335257607,0.019511545696558434,-0.008966308801461867,63.63999938964844,1.6,4.54
2008-12-05,0.030366543446698636,-0.016338334645094193,-0.01306515556901043,59.93000030517578,1.6,4.54
2008-12-08,0.0343188313175159,-0.0021751680801091198,0.022293921957316113,58.4900016784668,1.6,4.54
2008-12-09,-0.016621129175112347,0.019581955283013586,0.0017046471557575096,58.90999984741211,1.6,4.54
2008-12-10,0.006792270304291177,-0.0024053126894488597,0.043830671865911774,55.72999954223633,1.6,4.54
2008-12-11,-0.02437622883328782,0.0019607833816014833,0.0112220818260269,55.779998779296875,1.6,4.54
2008-12-12,0.011869347826350459,0.0,0.001981866542690083,54.279998779296875,1.6,4.54
2008-12-15,-0.014032811777202418,0.01132627201519889,0.021908972020150932,56.7599983215332,1.6,4.54
2008-12-16,0.045992546333725154,0.02442404413704135,0.022268376612201064,52.369998931884766,1.6,4.54
2008-12-17,-0.009734028847258321,0.026772208988972132,0.011419292069736266,49.84000015258789,1.6,4.54
2008-12-18,-0.018860583588527706,0.02076589721229109,-0.01842931699135299,47.34000015258789,1.6,4.54
2008-12-19,-0.0043103497202916724,0.001063919382856747,-0.014895236270839864,44.93000030517578,1.6,4.54
2008-12-22,-0.012896251671400011,-0.007718802931433848,0.009994686720185789,44.560001373291016,1.6,4.54
2008-12-23,-0.010391724751073014,-0.0013188226529012132,-0.009994686720185745,45.02000045776367,1.6,4.54
2008-12-24,0.005786299740685103,-0.002148215173705283,0.009994686720185789,44.209999084472656,1.6,4.54
2008-12-26,0.005753549634451152,0.0033026088610481432,0.025317801128255938,43.380001068115234,1.6,4.54
2008-12-29,-0.002872636906258508,-0.0011998977347355794,0.008723521599817628,43.900001525878906,1.6,4.54
2008-12-30,0.023426549630917656,0.00947856011367477,-0.005224940168183113,41.630001068115234,1.6,4.54
2008-12-31,0.014172905530243292,-0.021139974726971166,0.007191715531704658,40.0,1.6,4.54
2009-01-02,0.029696788112492996,-0.025458216089440242,-0.003357378391118624,39.189998626708984,1.71,4.54
2009-01-05,-0.0011841440637900497,-0.026123081284440047,-0.020503324199848343,39.08000183105469,1.71,4.54
2009-01-06,0.006655298796351637,-0.010107526309162796,0.00766460793819893,38.560001373291016,1.71,4.54
2009-01-07,-0.030413558911680627,0.003914105658402297,-0.028355453375407055,43.38999938964844,1.71,4.54
2009-01-08,0.004072153247836525,-0.000799495540369058,0.020454024408850847,42.560001373291016,1.71,4.54
2009-01-09,-0.021651850794527094,0.001508656711918918,-0.006414096397031772,42.81999969482422,1.71,4.54
2009-01-12,-0.02431419271616788,0.01032527448708198,-0.03838212237276427,45.84000015258789,1.71,4.54
2009-01-13,0.0018391198892392375,0.0010537288222333828,0.001484720857258964,43.27000045776367,1.71,4.54
2009-01-14,-0.03196002031016913,0.01635377860425088,-0.013568345959084955,49.13999938964844,1.71,4.54
2009-01-15,0.0003555044140295878,0.001637133034696873,0.007491587953086663,51.0,1.71,4.54
2009-01-16,0.007788800999263067,-0.015539191201949373,0.028450719887202026,46.11000061035156,1.71,4.54
2009-01-20,-0.05423005058578295,-0.000174279738785575,0.021647650395541167,56.650001525878906,1.71,4.54
2009-01-21,0.04228531686020508,-0.03209870295665121,-0.0043872142605711085,46.41999816894531,1.71,4.54
2009-01-22,-0.015587768834943214,-0.019434493934463778,0.005096914923472842,47.290000915527344,1.71,4.54
2009-01-23,0.004341034434303984,-0.007861856252801213,0.04564361014124338,47.27000045776367,1.71,4.54
2009-01-26,0.006835608546836252,-0.008767146162028719,0.004732915968779248,45.689998626708984,1.71,4.54
2009-01-27,0.010105686977537288,0.02324037955833122,-0.006428711177525445,42.25,1.71,4.54
2009-01-28,0.03327449985718394,-0.02530339075919804,-0.01092160013595116,39.65999984741211,1.71,4.54
2009-01-29,-0.03303786964064723,-0.023266421651496696,0.023514556791130875,42.630001068115234,1.71,4.54
2009-01-30,-0.020552621016439118,-0.003176677143777294,0.02002165860988255,44.84000015258789,1.71,4.54
2009-02-02,-0.003022402435905679,0.018435018892796272,-0.027423326085868636,45.52000045776367,1.71,4.54
2009-02-03,0.013948887500738203,-0.02410462621337014,-0.004173432511596273,43.060001373291016,1.71,4.54
2009-02-04,-0.004908008681364366,-0.003505557353948734,0.007993277328123664,43.849998474121094,1.71,4.54
2009-02-05,0.014771027273351157,0.0008776348118066885,0.010485343419634507,43.72999954223633,1.71,4.54
2009-02-06,0.028098392450274894,-0.003123488958441581,-0.005898480307817772,43.369998931884766,1.71,4.54
2009-02-09,0.0013787020410227567,0.003220523790375783,-0.014277086659724235,43.63999938964844,1.71,4.54
2009-02-10,-0.04689190287258806,0.021498891445053542,0.021173696446258473,46.66999816894531,1.71,4.54
2009-02-11,0.005878528932211768,0.012887011645593785,0.022795527677897713,44.529998779296875,1.71,4.54
2009-02-12,0.0007173655820291827,-0.009460369961216417,0.009489958611898299,41.25,1.71,4.54
2009-02-13,-0.010815778202894437,-0.026973543031119724,-0.00667668981583939,42.93000030517578,1.71,4.54
2009-02-17,-0.04371637705823545,0.03067476272234301,0.030853446205778977,48.65999984741211,1.71,4.54
2009-02-18,-0.0024012048211034982,-0.008560095935923839,0.015180232335787214,48.459999084472656,1.71,4.54
2009-02-19,-0.01081366104352455,-0.01714771868389055,-0.011833302053734346,47.08000183105469,1.71,4.54
2009-02-20,-0.00976840156343668,0.009669975722838965,0.02097515976334867,49.29999923706055,1.71,4.54
2009-02-23,-0.03643493640714094,0.009195984935748643,-0.000715999545035443,52.619998931884766,1.71,4.54
2009-02-24,0.03720934082528798,-0.0010491747190179306,-0.031177833375502513,45.4900016784668,1.71,4.54
2009-02-25,-0.007903616602925984,-0.011616795670608677,-0.01681966189582418,44.66999816894531,1.71,4.54
2009-02-26,-0.01639501273807679,-0.010581072784165767,-0.0009666932467289369,44.65999984741211,1.71,4.54
2009-02-27,-0.022602432705265282,-0.005774738556705687,-0.004631386566918853,46.349998474121094,1.71,4.54
2009-03-02,-0.0460889924595287,0.01642023544452294,-0.01852305052084567,52.650001525878906,1.71,4.54
2009-03-03,-0.007535214897308272,-0.00670326279457159,-0.009835956887444822,50.93000030517578,1.71,4.54
2009-03-04,0.023414914161085033,-0.004591765057352696,-0.011730046343054587,47.560001373291016,1.71,4.54
2009-03-05,-0.041705451247041635,0.02743064669653605,0.033155872403161146,50.16999816894531,1.71,4.54
2009-03-06,0.0017426224963097718,-0.006691395622449944,0.003255950930954496,49.33000183105469,1.71,4.54
2009-03-09,-0.011822677566912188,-0.005868770243955847,-0.01881277418024431,49.68000030517578,1.71,4.54
2009-03-10,0.057900438527434796,-0.01938549859493684,-0.02719657652831088,44.369998931884766,1.71,4.54
2009-03-11,0.006491627607212093,0.010762797126306223,0.01217879089301902,43.61000061035156,1.71,4.54
2009-03-12,0.03861692626109018,0.004756694779000669,0.02085254413435487,41.18000030517578,1.71,4.54
2009-03-13,0.007783585455255433,-0.005048718909015448,0.002193033510109556,42.36000061035156,1.71,4.54
2009-03-16,-0.0030268948707192476,-0.01589529922487241,-0.005491501809613432,43.7400016784668,1.71,4.54
2009-03-17,0.030124175724680863,-0.005454804111161325,-0.008405293010376257,40.79999923706055,1.71,4.54
2009-03-18,0.022137886185370954,0.037187834999333404,0.03331270158240966,40.060001373291016,1.71,4.54
2009-03-19,-0.012463257048352864,0.001245001050447832,0.013444527853073575,43.68000030517578,1.71,4.54
2009-03-20,-0.021524391737028848,-0.0055661231094251765,-0.008087754602137932,45.88999938964844,1.71,4.54
2009-03-23,0.06936631864192466,-0.008697623412296197,-0.016265716740780103,43.22999954223633,1.71,4.54
2009-03-24,-0.01989970168107572,0.009467030717376613,-0.012347912889209464,42.93000030517578,1.71,4.54
2009-03-25,0.01049046897168301,-0.013552913770589503,0.011261327198225552,42.25,1.71,4.54
2009-03-26,0.020175717450358573,0.011531978469602785,-0.0005437774128025601,40.36000061035156,1.71,4.54
2009-03-27,-0.018212633733846843,0.007391846965575513,-0.013580296815494405,41.040000915527344,1.71,4.54
2009-03-30,-0.03516629602696065,0.003817962891059709,-0.00785966365924459,45.540000915527344,1.71,4.54
2009-03-31,0.009222662930109694,0.007119866526962695,0.00332847770745487,44.13999938964844,1.71,4.54
2009-04-01,0.019181282369819558,0.00908554637889021,0.008273170679264967,42.279998779296875,2.0,4.54
2009-04-02,0.028817871864638238,-0.01229728678686721,-0.02480242474253235,42.040000915527344,2.0,4.54
2009-04-03,0.00989980187124729,-0.020675243453143248,-0.013719889999443402,39.70000076293945,2.0,4.54
2009-04-06,-0.007864181293418794,-0.004284293111871589,-0.02684414097964916,40.93000030517578,2.0,4.54
2009-04-07,-0.02360113091784303,0.0025347329916839334,0.017092460393572564,40.38999938964844,2.0,4.54
2009-04-08,0.010719869661703765,0.008817688777432496,-0.0014998243891666274,38.849998474121094,2.0,4.54
2009-04-09,0.038973775072325786,-0.01262204762607978,-0.003469851444995191,36.529998779296875,2.0,4.54
2009-04-13,0.00023289262979578747,0.009142799980808148,0.01802677831754674,37.810001373291016,2.0,4.54
2009-04-14,-0.01739422103249617,0.005214858819277808,-0.00582021051641387,37.66999816894531,2.0,4.54
2009-04-15,0.010613780779508744,-0.0017356111740062588,0.0014867876173518325,36.16999816894531,2.0,4.54
2009-04-16,0.014556224026536304,-0.007942372772430735,-0.019503271995841835,35.790000915527344,2.0,4.54
2009-04-17,0.006682427306765228,-0.011049988148576922,-0.006899358971822021,33.939998626708984,2.0,4.54
2009-04-20,-0.04281923810412483,0.015028815329110799,0.020097043306539473,39.18000030517578,2.0,4.54
2009-04-21,0.01934860705669532,-0.009928261187339513,-0.0006902618757463332,37.13999938964844,2.0,4.54
2009-04-22,-0.006131423430129118,-0.006084476836278039,0.0056234482639747705,38.099998474121094,2.0,4.54
2009-04-23,0.009769780874557195,-9.87621368124827e-05,0.016120292274093014,37.150001525878906,2.0,4.54
2009-04-24,0.014997471228262511,-0.010090269478483184,0.010307038892938492,36.81999969482422,2.0,4.54
2009-04-27,-0.00950737491420877,0.00426582746356857,-0.007944976286971623,38.31999969482422,2.0,4.54
2009-04-28,-0.003149874231194477,-0.016470705720295763,-0.014256884624757573,37.95000076293945,2.0,4.54
2009-04-29,0.021045802963120825,-0.008897783390956487,0.0065879591407686485,36.08000183105469,2.0,4.54
2009-04-30,0.00034356704822482704,-0.003968437942814707,-0.012073098777590854,36.5,2.0,4.54
2009-05-01,0.005362168085887826,-0.006905967373185496,-0.0036735170067088633,35.29999923706055,2.36,4.54
2009-05-04,0.033453790519037,0.0032896891738263697,0.019250010410794313,34.529998779296875,2.36,4.54
2009-05-05,-0.0034165868609881684,-0.0012323090426545552,-0.004409520299832408,33.36000061035156,2.36,4.54
2009-05-06,0.017185396607641214,-0.0023663298886921896,0.01451176722419934,32.45000076293945,2.36,4.54
2009-05-07,-0.013989044612295496,-0.0247158751062868,-0.0011174263342352655,33.439998626708984,2.36,4.54
2009-05-08,0.023064044119022513,0.0024254728050521765,0.006019424017208001,32.04999923706055,2.36,4.54
2009-05-11,-0.018891259217458968,0.014119682324393267,-0.0032281533701712588,32.869998931884766,2.36,4.54
2009-05-12,-0.0029628900047887962,0.003627979239094191,0.011198016123960024,31.799999237060547,2.36,4.54
2009-05-13,-0.0254953817673654,0.0108063989258713,0.004290665079152016,33.650001525878906,2.36,4.54
2009-05-14,0.008533711533566857,0.0038821980799143233,-0.0006588794462207963,31.3700008392334,2.36,4.54
2009-05-15,-0.008195491801738288,-0.00030528376799138175,0.005696195347549881,33.119998931884766,2.36,4.54
2009-05-18,0.028011169859990488,-0.015625115913926176,-0.013083606100380167,30.239999771118164,2.36,4.54
2009-05-19,-0.001206558369738544,-0.005298420293016611,0.006618141022648309,28.799999237060547,2.36,4.54
2009-05-20,-0.006716580077692876,0.01046445366531687,0.014082443543520349,29.030000686645508,2.36,4.54
2009-05-21,-0.0144674250598817,-0.025469850720416996,0.017195463853182144,31.350000381469727,2.36,4.54
2009-05-22,-0.002132506277732521,-0.01116526131820796,0.0031915245362349074,32.630001068115234,2.36,4.54
2009-05-26,0.025290328663357155,-0.015189362921639513,-0.004150922697323314,30.6200008392334,2.36,4.54
2009-05-27,-0.01801501105464147,-0.017852920257442735,-0.00331184736774341,32.36000061035156,2.36,4.54
2009-05-28,0.013843611081603686,0.014372113159379694,0.00841819599030902,31.670000076293945,2.36,4.54
2009-05-29,0.017553039666062673,0.025490133383453694,0.020584628713310075,28.920000076293945,2.36,4.54
2009-06-01,0.02392040720691273,-0.030010048192591433,-0.004897561923661561,30.040000915527344,2.54,4.54
2009-06-02,0.0008432380796290105,0.005364735656052198,0.006559420055802069,29.6299991607666,2.54,4.54
2009-06-03,-0.012732030762425193,0.00934718047013046,-0.02044414554689964,31.020000457763672,2.54,4.54
2009-06-04,0.009352831296710669,-0.020878551621245144,0.01909415571894292,30.18000030517578,2.54,4.54
2009-06-05,0.0002119045902584025,-0.0076507128720193175,-0.02653629688685098,29.6200008392334,2.54,4.54
2009-06-08,-0.004134100199644653,-0.0025627876935996443,-0.0016019817445124753,29.770000457763672,2.54,4.54
2009-06-09,0.00508525487953102,-0.00011232582951250974,0.0028817381951294313,28.270000457763672,2.54,4.54
2009-06-10,-0.0025391206397061376,-0.015861634787467976,0.00031966305250262516,28.459999084472656,2.54,4.54
2009-06-11,0.004439266431416196,0.011051417545303492,-0.0017061601941360273,28.110000610351562,2.54,4.54
2009-06-12,0.0027379575602244324,0.008931492958176702,-0.016463478535408964,28.149999618530273,2.54,4.54
2009-06-15,-0.02319457017703847,0.00896261472694902,-0.011676890623094857,30.809999465942383,2.54,4.54
2009-06-16,-0.013656296760002493,0.017255574025428818,0.009069633678898644,32.68000030517578,2.54,4.54
2009-06-17,-0.0009824212762427876,-0.005647274961823152,0.0045582689271499,31.540000915527344,2.54,4.54
2009-06-18,0.007291781705546252,-0.015250086998326537,-0.008045247432850396,30.030000686645508,2.54,4.54
2009-06-19,0.003679152170890841,0.013615989954598982,0.003160603275712481,27.989999771118164,2.54,4.54
2009-06-22,-0.03044573660071228,0.00965957580434858,-0.01490929384566157,31.170000076293945,2.54,4.54
2009-06-23,0.0007834126363109608,0.011705756935753283,0.004188226725490046,30.579999923706055,2.54,4.54
2009-06-24,0.008581274500910363,-0.010086882789149185,0.0058123626209368685,29.049999237060547,2.54,4.54
2009-06-25,0.02151562124370757,0.01816724765356875,0.00936011008805884,26.360000610351562,2.54,4.54
2009-06-26,-0.0026097072141008986,0.0016932633235397505,-0.00021664835655369304,25.93000030517578,2.54,4.54
2009-06-29,0.009320420488795927,0.0014785210996873198,-0.002712528083375162,25.350000381469727,2.54,4.54
2009-06-30,-0.008123874625015019,-0.001689765490950367,-0.009387696981969475,26.350000381469727,2.54,4.54
2009-07-01,0.004124406830837115,-0.0019866066516417116,0.013183162944147444,26.219999313354492,2.54,4.54
2009-07-02,-0.027672771841496028,0.0023354539533870003,-0.012415748613801528,27.950000762939453,2.54,4.54
2009-07-06,-0.00011091215625230737,-0.0019104442013738207,-0.005384309013824143,29.0,2.54,4.54
2009-07-07,-0.019567058595518983,0.006671339877530099,-0.0005510889148283001,30.850000381469727,2.54,4.54
2009-07-08,-0.0006814656361121304,0.01830106018997469,-0.01600214694695305,31.299999237060547,2.54,4.54
2009-07-09,0.001929925972275521,-0.011987773390189856,0.0026849271616822263,29.780000686645508,2.54,4.54
2009-07-10,-0.00238418225602353,0.009186353488466732,0.000781726470917072,29.020000457763672,2.54,4.54
2009-07-13,0.02403772411915613,-0.005627212286397566,0.006786482027611023,26.309999465942383,2.54,4.54
2009-07-14,0.005644447004410945,-0.016756714885525326,0.00685080156975785,25.020000457763672,2.54,4.54
2009-07-15,0.02882680901379829,-0.026053073172075582,0.01562446798435957,25.889999389648438,2.54,4.54
2009-07-16,-0.0016098593523750828,0.010740702976960313,-0.0028226541932032975,25.420000076293945,2.54,4.54
2009-07-17,0.010894944259064994,-0.015552064539089463,-0.0005437774128025601,24.34000015258789,2.54,4.54
2009-07-20,0.010568028830845644,0.005247154153419553,0.014578288320425086,24.399999618530273,2.54,4.54
2009-07-21,0.004614275470396042,0.019756752368652493,-0.0016093724740910249,23.8700008392334,2.54,4.54
2009-07-22,-0.0002095431385199875,-0.009020030236216944,0.003323208166328789,23.469999313354492,2.54,4.54
2009-07-23,0.021842941699247616,-0.01850777672068099,-0.0019282309216242279,23.43000030517578,2.54,4.54
2009-07-24,0.004087211984705442,0.004823149466442863,0.0016071308030831514,23.09000015258789,2.54,4.54
2009-07-27,0.002953081847393524,-0.0115474049867408,0.003206452276499924,24.280000686645508,2.54,4.54
2009-07-28,-0.00468819299010677,0.008810207176898786,-0.0172213757394612,25.010000228881836,2.54,4.54
2009-07-29,-0.0024545192184064445,0.005467809433689011,-0.009928658008449049,25.610000610351562,2.54,4.54
2009-07-30,0.010391030966765304,0.014077357161146303,0.004594754818541675,25.399999618530273,2.54,4.54
2009-07-31,0.001417893356029149,0.019274971722397245,0.018706235205377633,25.920000076293945,2.54,4.54
2009-08-03,0.016361762189158108,-0.015270937942763858,0.005555021966375179,25.559999465942383,2.54,4.54
2009-08-04,0.0025853893740229047,-0.007983564592578162,0.00859191226069412,24.889999389648438,2.54,4.54
2009-08-05,-0.0028841696235787097,-0.01506052214626556,0.001055615791092795,24.899999618530273,2.54,4.54
2009-08-06,-0.0051922672601719955,0.00340347386578076,-0.0019009437320754224,25.670000076293945,2.54,4.54
2009-08-07,0.013029607078402077,-0.00836415583153955,-0.009025795077514111,24.760000228881836,2.54,4.54
2009-08-10,-0.0020777030646075066,0.01240955335694986,-0.008785139997340487,24.989999771118164,2.54,4.54
2009-08-11,-0.012554598286174574,0.01150365237239208,-0.0015076396214322287,25.989999771118164,2.54,4.54
2009-08-12,0.010671341543176931,-0.01073951493571108,0.0017227961034532154,25.450000762939453,2.54,4.54
2009-08-13,0.007609909963596435,0.014078930561189985,0.008249945329395655,24.709999084472656,2.54,4.54
2009-08-14,-0.007708626828379986,0.0038634122942043845,-0.007712133511340266,24.270000457763672,2.54,4.54
2009-08-17,-0.024913823312816816,0.014675145955939162,-0.015059050463639348,27.889999389648438,2.54,4.54
2009-08-18,0.007902843940517022,-0.005822742087510681,0.0049000691797493594,26.18000030517578,2.54,4.54
2009-08-19,0.008741279118368802,0.008246803325971526,0.0050923911990607956,26.260000228881836,2.54,4.54
2009-08-20,0.010251673861712081,0.008180910205446005,-0.002813877859599588,25.09000015258789,2.54,4.54
2009-08-21,0.019416391185037667,-0.020790502714163613,0.014845419974691357,25.010000228881836,2.54,4.54
2009-08-24,-9.743670448359962e-05,0.017966254307938474,-0.014087067763647543,25.139999389648438,2.54,4.54
2009-08-25,0.0019410414804776743,0.005641126524704921,0.0045381579971108974,24.920000076293945,2.54,4.54
2009-08-26,9.654889622502948e-05,0.004572408069968781,0.00032334981476544154,24.950000762939453,2.54,4.54
2009-08-27,0.002226822032571267,-0.003948116131569831,0.004301560763973328,24.68000030517578,2.54,4.54
2009-08-28,-0.00019337498942570435,0.004569109368322307,0.007270429612602234,24.760000228881836,2.54,4.54
2009-08-31,-0.008939133249579045,0.0009329909883788196,-0.005019514036492951,26.010000228881836,2.54,4.54
2009-09-01,-0.022304049248670146,-0.0024229118652646623,0.005339040892428647,29.149999618530273,2.44,4.54
2009-09-02,-0.0037997438024901646,0.014468655702927184,0.024095025081346855,28.899999618530273,2.44,4.54
2009-09-03,0.008280020435024144,-0.00617499860899297,0.013116600475876481,27.100000381469727,2.44,4.54
2009-09-04,0.013912221375457733,-0.017181016416273863,0.000717982446260517,25.260000228881836,2.44,4.54
2009-09-08,0.008585645733202769,-0.007062196987100571,-0.0010258358982360054,25.6200008392334,2.44,4.54
2009-09-09,0.007645054681970905,-0.0011647320594107302,-0.003598774849809519,24.31999969482422,2.44,4.54
2009-09-10,0.010166797931129491,0.018258816042664786,0.006366128093033135,23.549999237060547,2.44,4.54
2009-09-11,-0.00019100631632295304,0.005495788965642296,0.010993614941952026,24.149999618530273,2.44,4.54
2009-09-14,0.004856120981929906,-0.00997734296826697,-0.008335920016645862,23.860000610351562,2.44,4.54
2009-09-15,0.004170830087875392,-0.005130563876017414,0.009550031319132289,23.420000076293945,2.44,4.54
2009-09-16,0.01502102315676034,0.0017828848409185936,0.010160563341840068,23.690000534057617,2.44,4.54
2009-09-17,-0.001492133679433561,0.012496618996444454,-0.0057215445842040275,23.649999618530273,2.44,4.54
2009-09-18,0.0006373707295165436,-0.008939579377617359,-0.0067673425030896645,23.920000076293945,2.44,4.54
2009-09-21,-0.0025333371696965334,0.002294452558197293,-0.003146706758441258,24.059999465942383,2.44,4.54
2009-09-22,0.005807659845609021,0.0020809261067330615,0.013230487054918885,23.079999923706055,2.44,4.54
2009-09-23,-0.008346755274244248,0.0030114250840039616,-0.008463489692784069,23.489999771118164,2.44,4.54
2009-09-24,-0.01108046406435741,0.0028974436245943675,-0.013036122562252067,24.950000762939453,2.44,4.54
2009-09-25,-0.005347499018166184,0.012633849818331384,-0.00565411984977392,25.610000610351562,2.44,4.54
2009-09-28,0.01774508227412104,0.008739106460144043,0.000515362556847874,24.8799991607666,2.44,4.54
2009-09-29,-0.0030141474616484512,-0.0009111376966423322,0.0039078335092760045,25.190000534057617,2.44,4.54
2009-09-30,-0.0038753317850192424,-0.0009112766629875768,0.014469359610812447,25.610000610351562,2.44,4.54
2009-10-01,-0.025125972525161425,0.013601891309211528,-0.00975914114205605,28.270000457763672,2.4400000000000004,4.54
2009-10-02,-0.004672431455508805,-0.006944024340051262,0.00489151440733444,28.68000030517578,2.4400000000000004,4.54
2009-10-05,0.014817783510980839,9.972627769433312e-05,0.014632653538604653,26.84000015258789,2.4400000000000004,4.54
2009-10-06,0.014222559381646408,-0.009945697197241088,0.02434557750386831,25.700000762939453,2.4400000000000004,4.54
2009-10-07,0.0027450357431169858,0.01166191688315129,0.0007818787663110404,24.68000030517578,2.4400000000000004,4.54
2009-10-08,0.0076267522485354245,-0.010540448423536394,0.012427332550376955,24.18000030517578,2.4400000000000004,4.54
2009-10-09,0.006078567610665511,-0.023190888088918105,-0.007749003016846714,23.1200008392334,2.4400000000000004,4.54
2009-10-12,0.003908031796136977,0.0015625517383160107,0.006976784520624898,23.010000228881836,2.4400000000000004,4.54
2009-10-13,-0.002045259338679393,0.005192437560307639,0.006736668520876528,22.989999771118164,2.4400000000000004,4.54
2009-10-14,0.017068770769597175,-0.014921881041936024,-0.0007676245830555696,22.860000610351562,2.4400000000000004,4.54
2009-10-15,0.0036530609243950484,-0.004636451523882913,-0.01275132896577922,21.719999313354492,2.4400000000000004,4.54
2009-10-16,-0.007502801027290396,0.008099883094124512,0.0031061924936279916,21.43000030517578,2.4400000000000004,4.54
2009-10-19,0.00823147840832946,0.007826961966999894,0.010124989184004255,21.489999771118164,2.4400000000000004,4.54
2009-10-20,-0.005296740472408197,0.005390549196438326,-0.0078016786951705126,20.899999618530273,2.4400000000000004,4.54
2009-10-21,-0.009013918916580821,-0.006014521024660165,0.0031858098477671078,22.219999313354492,2.4400000000000004,4.54
2009-10-22,0.010111971119648974,-0.004901457984376612,0.001637195631687369,20.690000534057617,2.4400000000000004,4.54
2009-10-23,-0.011498875918241456,-0.00755409692302991,-0.004146385704315989,22.270000457763672,2.4400000000000004,4.54
2009-10-26,-0.010884517382686126,-0.01303803333168048,-0.015875641589657388,24.309999465942383,2.4400000000000004,4.54
2009-10-27,-0.004593863952846911,0.01356523643378507,-9.819975733603636e-05,24.829999923706055,2.4400000000000004,4.54
2009-10-28,-0.019067789270413714,0.004725361666524045,-0.011057424410540882,27.90999984741211,2.4400000000000004,4.54
2009-10-29,0.021226932926252877,-0.01095539732947883,0.019271061704086094,24.760000228881836,2.4400000000000004,4.54
2009-10-30,-0.029401501159996596,0.014405841401549399,-0.0015593382085453942,30.690000534057617,2.4400000000000004,4.54
2009-11-02,0.007311931186776753,-0.004428066900197703,0.01375455816989644,29.780000686645508,2.4400000000000004,4.54
2009-11-03,0.003158718017978525,-0.01004599661251825,0.023859334198798456,28.809999465942383,2.4400000000000004,4.54
2009-11-04,0.0025763653649125695,-0.009182598687008348,0.005993644061587079,27.719999313354492,2.4400000000000004,4.54
2009-11-05,0.018227903790036595,0.0,-0.001121030724287651,25.43000030517578,2.4400000000000004,4.54
2009-11-06,0.00261707399920956,0.0009661320394943942,0.004197543036965226,24.190000534057617,2.4400000000000004,4.54
2009-11-09,0.022520490502224,0.0011780071844572713,0.0070494877462507185,23.149999618530273,2.4400000000000004,4.54
2009-11-10,0.00018252213552554287,-0.00182122007972159,0.001846864931193741,22.84000015258789,2.4400000000000004,4.54
2009-11-11,0.005097327038251057,0.0041725527393687,0.011101532395072736,23.040000915527344,2.4400000000000004,4.54
2009-11-12,-0.0102207699976644,-0.0018166750677731799,-0.012763585468758788,24.239999771118164,2.4400000000000004,4.54
2009-11-13,0.005397116954039095,0.004588998497407275,0.014040137041637483,23.360000610351562,2.4400000000000004,4.54
2009-11-16,0.014400514094902877,0.011644124166044663,0.01707589425776357,22.889999389648438,2.4400000000000004,4.54
2009-11-17,0.0011685523691650037,0.0053528549640152094,0.0030411827518562703,22.40999984741211,2.4400000000000004,4.54
2009-11-18,-0.0006291571284491222,-0.005879420690378933,0.0024975374482029953,21.6299991607666,2.4400000000000004,4.54
2009-11-19,-0.013116643028292043,0.0017883895721212439,0.0004453622970806544,22.6299991607666,2.4400000000000004,4.54
2009-11-20,-0.003557769995510049,-0.00021004215506571728,0.005682836942088943,22.190000534057617,2.4400000000000004,4.54
2009-11-23,0.012621977737262069,-0.0012616995781284588,0.011882360058537005,21.15999984741211,2.4400000000000004,4.54
2009-11-24,0.0015328569101066085,0.006294574308825732,0.0038424851504036766,20.469999313354492,2.4400000000000004,4.54
2009-11-25,0.0035078526917350925,0.0045933877180984,0.016339238275087858,20.479999542236328,2.4400000000000004,4.54
2009-11-27,-0.01638437978107159,0.0037405602365721677,-0.013467099128963782,24.739999771118164,2.4400000000000004,4.54
2009-11-30,0.0033709521688749743,0.0023828046355821356,0.005028201653515722,24.510000228881836,2.4400000000000004,4.54
2009-12-01,0.012294787904946545,-0.01120126915348232,0.014934599861011129,21.920000076293945,2.7199999999999998,4.54
2009-12-02,-0.00044940069609178396,0.0008389960139379863,0.015218446148337,21.1200008392334,2.7199999999999998,4.54
2009-12-03,-0.00785094338304672,-0.01043943125234491,-0.004035681973678308,22.459999084472656,2.7199999999999998,4.54
2009-12-04,0.005691502952090236,-0.010655923724408826,-0.04259621807472385,21.25,2.7199999999999998,4.54
2009-12-07,-0.0015324877492278502,0.0012843225026757693,-0.005642255891681633,22.100000381469727,2.7199999999999998,4.54
2009-12-08,-0.011159306707236766,0.001496546225109213,-0.019281180066479105,23.690000534057617,2.7199999999999998,4.54
2009-12-09,0.003733560572168781,-0.004604182053017027,-0.0009919349177228208,22.65999984741211,2.7199999999999998,4.54
2009-12-10,0.005619736602474592,-0.011550828586860204,-0.00018042626976952085,22.31999969482422,2.7199999999999998,4.54
2009-12-11,0.0042386694386739015,-0.0001085378938826245,-0.013627902417121703,21.59000015258789,2.7199999999999998,4.54
2009-12-14,0.006817044836774611,0.0011940695039756898,0.008380429619065604,21.149999618530273,2.7199999999999998,4.54
2009-12-15,-0.0046591770407558904,-0.0044573037182009615,-0.000272159491016775,21.489999771118164,2.7199999999999998,4.54
2009-12-16,0.0015256581461829948,-0.0011987363774792795,0.012443778983734818,20.540000915527344,2.7199999999999998,4.54
2009-12-17,-0.012088744275422956,0.01633707262662204,-0.03883007474829872,22.510000228881836,2.7199999999999998,4.54
2009-12-18,0.005641575856391678,-0.004302046952443833,0.014887700748231638,21.68000030517578,2.7199999999999998,4.54
2009-12-21,0.010111222482659717,-0.017942834738660984,-0.018527626386022195,20.489999771118164,2.7199999999999998,4.54
2009-12-22,0.003585975391842544,-0.005611308414191564,-0.007319841214939189,19.540000915527344,2.7199999999999998,4.54
2009-12-23,0.001967306236347083,0.00022042477774978015,0.0035728214071417724,19.709999084472656,2.7199999999999998,4.54
2009-12-24,0.0047233726861322335,-0.010423333305784441,0.016844635663340383,19.469999313354492,2.7199999999999998,4.54
2009-12-28,0.0021312463193599272,-0.002790572200044534,0.0017519015886225233,19.93000030517578,2.7199999999999998,4.54
2009-12-29,-0.0014203260700266622,0.006574405085464013,-0.009999174226535323,20.010000228881836,2.7199999999999998,4.54
2009-12-30,-0.0003557141215874364,0.0065538457324732695,-0.005037332589067185,19.959999084472656,2.7199999999999998,4.54
2009-12-31,-0.009644464353796461,-0.004773041540236892,0.0035474015655265327,21.68000030517578,2.7199999999999998,4.54
2010-01-04,0.016817504929808436,-0.0008893577266065216,0.022938737681147854,20.040000915527344,2.8,4.54
2010-01-05,0.0026438713589498025,0.006436822526176404,-0.0009112174071558337,19.350000381469727,2.8,4.54
2010-01-06,0.0007036381989800628,-0.013476578382455714,0.016364952672508887,19.15999984741211,2.8,4.54
2010-01-07,0.004212356502470216,0.0016802149730054461,-0.006207031449163178,19.059999465942383,2.8,4.54
2010-01-08,0.0033222510855706604,-0.00044760756360456106,0.00495075538137829,18.1299991607666,2.8,4.54
2010-01-11,0.001395781133293921,-0.005502653330614611,0.013201473675458084,17.549999237060547,2.8,4.54
2010-01-12,-0.009369880292278891,0.016972201044336475,-0.02113448995131151,18.25,2.8,4.54
2010-01-13,0.008410723600793212,-0.011693632507357114,0.009458279378539308,17.850000381469727,2.8,4.54
2010-01-14,0.002700748655800033,0.013905145234191282,0.004383402504944763,17.6299991607666,2.8,4.54
2010-01-15,-0.011287861348058297,0.006168010482895859,-0.010498532177150062,17.90999984741211,2.8,4.54
2010-01-19,0.012418143271397975,-0.002858805500764917,0.005935767413319545,17.579999923706055,2.8,4.54
2010-01-20,-0.010220436909666168,0.010078509140773472,-0.023406622544498178,18.68000030517578,2.8,4.54
2010-01-21,-0.019416423395959802,0.004567746120054216,-0.01451645533950801,22.270000457763672,2.8,4.54
2010-01-22,-0.022543907983590936,-0.0017381005438694217,-0.0018644973871885428,27.309999465942383,2.8,4.54
2010-01-25,0.005114541891389241,-0.004575041550323813,0.002888473341000015,25.40999984741211,2.8,4.54
2010-01-26,-0.004199400171413429,0.0003276317918815717,0.0007439937221865503,24.549999237060547,2.8,4.54
2010-01-27,0.004745636254443335,-0.0005461126364426297,-0.009622184538243794,23.139999389648438,2.8,4.54
2010-01-28,-0.011538220350074133,-0.0005456747050956649,-0.0004694185510533905,23.729999542236328,2.8,4.54
2010-01-29,-0.010928508057830511,0.008703625486807977,-0.004895549849721357,24.6200008392334,2.8,4.54
2010-02-01,0.015431104676826578,-0.009118400883511213,0.022305058135940522,22.59000015258789,2.83,4.54
2010-02-02,0.012030657568650483,0.0028478037487645108,0.007173093057516182,21.479999542236328,2.83,4.54
2010-02-03,-0.004995033837572406,-0.011663732145775206,-0.003948040904900219,21.600000381469727,2.83,4.54
2010-02-04,-0.031352082152235304,0.01570296608903299,-0.0406494619043355,26.079999923706055,2.83,4.54
2010-02-05,0.0020645959400727113,0.002177013462917468,0.0029657764294868027,26.110000610351562,2.83,4.54
2010-02-08,-0.007245293308407355,0.001303777734064321,-0.006132631197052165,26.510000228881836,2.83,4.54
2010-02-09,0.01248179421688782,-0.010039609841960843,0.01308209362845793,26.0,2.83,4.54
2010-02-10,-0.001960321013021436,-0.009587237345471409,-0.002754962144308314,25.399999618530273,2.83,4.54
2010-02-11,0.010411734830484451,-0.0054407017547091025,0.018940443772260875,23.959999084472656,2.83,4.54
2010-02-12,-0.0008329212369131911,0.004111403419455974,-0.0008404197035730865,22.729999542236328,2.83,4.54
2010-02-16,0.015612840834696263,0.001882707838343051,0.023817259740401706,22.25,2.83,4.54
2010-02-17,0.0047274552792772595,-0.011464097933798724,-0.00338103069775341,21.719999313354492,2.83,4.54
2010-02-18,0.005877626652363344,-0.004037378054794687,0.006659727627096444,20.6299991607666,2.83,4.54
2010-02-19,0.0020717513859306127,0.0053796702638104765,-0.004648011335301192,20.020000457763672,2.83,4.54
2010-02-22,0.0001798060393069174,-0.0041447344483418365,-0.003660675124824127,19.940000534057617,2.83,4.54
2010-02-23,-0.012219156821821179,0.01548384122687972,-0.010877691236587123,21.3700008392334,2.83,4.54
2010-02-24,0.009155840268418059,0.00242881950535719,-0.0049245049976189585,20.270000457763672,2.83,4.54
2010-02-25,-0.0013542136679382543,0.0056075979660217485,0.008809784398268496,20.100000381469727,2.83,4.54
2010-02-26,0.000631850847488728,0.005139277631475817,0.010287614912394953,19.5,2.83,4.54
2010-03-01,0.010331492554901229,-0.00043737477664209984,0.0,19.260000228881836,2.77,4.54
2010-03-02,0.0027667350775490234,-0.00131514099724649,0.01442525680569016,19.059999465942383,2.77,4.54
2010-03-03,0.00089067435382563,-0.0025241997566568864,0.0054794713974865225,18.829999923706055,2.77,4.54
2010-03-04,0.0030230968133493075,0.005261590021029972,-0.007192294113451878,18.719999313354492,2.77,4.54
2010-03-05,0.014192321875613112,-0.013205710918124915,-0.0001805113929827648,17.420000076293945,2.77,4.54
2010-03-08,0.00017464425202205332,-0.005219912271662377,-0.008428164684993255,17.790000915527344,2.77,4.54
2010-03-09,0.0016618324839174977,0.00022215666241733083,-0.0014571590358533955,17.920000076293945,2.77,4.54
2010-03-10,0.004445327003817399,-0.002564136492929036,-0.011458028889065516,18.56999969482422,2.77,4.54
2010-03-11,0.004166641717981544,0.0036769545151182884,0.0011977451434267712,18.059999465942383,2.77,4.54
2010-03-12,8.61975243297959e-05,0.006209496647296603,-0.006003264758673447,17.579999923706055,2.77,4.54
2010-03-15,0.00026040210063554424,-0.001328254158408837,0.0037908941588112085,18.0,2.77,4.54
2010-03-16,0.0079338213159601,0.007936909446634197,0.018651124814839434,17.690000534057617,2.77,4.54
2010-03-17,0.005910156415631265,0.004272496569658715,-0.007364051605517102,16.90999984741211,2.77,4.54
2010-03-18,-0.0005121407516502163,-0.0032848476421769154,0.006820378596121279,16.6200008392334,2.77,4.54
2010-03-19,-0.005074675964963016,0.0009862077153303397,-0.018846021182444456,16.969999313354492,2.77,4.54
2010-03-22,0.005331650114081114,0.001094669047592599,-0.004906724488664302,16.8700008392334,2.77,4.54
2010-03-23,0.007008947414859661,-0.004717335641476677,0.005276077362753657,16.350000381469727,2.77,4.54
2010-03-24,-0.004866873558057837,-0.01842414413819376,-0.018824492289792633,17.549999237060547,2.77,4.54
2010-03-25,-0.0016276271495089256,-0.006405950244787962,0.004505317583276473,18.399999618530273,2.77,4.54
2010-03-26,-0.0005999812783804152,0.002815324040541133,0.016808656864527635,17.770000457763672,2.77,4.54
2010-03-29,0.0063271912364053304,-0.003830078212757884,0.0014723814641710547,17.59000015258789,2.77,4.54
2010-03-30,0.0006816616332373238,0.003155158541272781,-0.007198247903797274,17.1299991607666,2.77,4.54
2010-03-31,-0.0034132246965812843,0.006838385172593214,0.009035611315005328,17.59000015258789,2.77,4.54
2010-04-01,0.006814407888060295,-0.0024470898221598666,0.011952199156018703,17.469999313354492,2.79,4.54
2010-04-05,0.008116788096487852,-0.016778688685271242,0.005697480924987118,17.020000457763672,2.79,4.54
2010-04-06,0.002354744342164832,0.0015996139241939208,0.0012617106108131124,16.229999542236328,2.79,4.54
2010-04-07,-0.0057288151360847155,0.012702001389487466,0.013063885742510774,16.6200008392334,2.79,4.54
2010-04-08,0.0034581208363214724,0.00045109435200953017,0.001421370609229975,16.479999542236328,2.79,4.54
2010-04-09,0.00654595521455353,0.0023636182039783733,0.008749871191504223,16.139999389648438,2.79,4.54
2010-04-12,0.0015883454758789256,0.00526717037061475,-0.00555922233998455,15.579999923706055,2.79,4.54
2010-04-13,0.0007511109546427647,0.0032371560874547485,-0.0028356216460236707,16.200000762939453,2.79,4.54
2010-04-14,0.011285208713732666,-0.007044081246571173,0.003012551773767293,15.59000015258789,2.79,4.54
2010-04-15,0.0008253525575571671,0.001120509546514471,0.005470304321850955,15.890000343322754,2.79,4.54
2010-04-16,-0.01604097511049489,0.007260153289189486,-0.021433553562709227,18.360000610351562,2.79,4.54
2010-04-19,0.0037634548668235143,-0.0024519574658162183,-0.0008093560236553409,17.34000015258789,2.79,4.54
2010-04-20,0.008891118865302992,0.003564131645440599,0.0027851197891251185,15.729999542236328,2.79,4.54
2010-04-21,-0.0018216822839259034,0.008191601461661991,0.007597109309406448,16.31999969482422,2.79,4.54
2010-04-22,0.0029791405457557096,-0.002981524761176016,-0.004193637495525288,16.469999313354492,2.79,4.54
2010-04-23,0.006506428345591007,-0.003544366707332728,0.011998598472109824,16.6200008392334,2.79,4.54
2010-04-26,-0.003783387088500235,0.0011098298936231391,-0.0038948658306392175,17.469999313354492,2.79,4.54
2010-04-27,-0.02393468048024197,0.013979099078006383,0.016536547783718297,22.809999465942383,2.79,4.54
2010-04-28,0.007567535927778715,-0.008563037503120778,-0.002795491486585349,21.079999923706055,2.79,4.54
2010-04-29,0.012321136422684334,0.004181367568852931,-0.00026246799903482677,18.440000534057617,2.79,4.54
2010-04-30,-0.0171072496138446,0.011462372497402576,0.00940611214659533,22.049999237060547,2.79,4.54
2010-05-03,0.012878763618543124,-0.0013082402520957668,0.003202242039102839,20.190000534057617,2.79,4.54
2010-05-04,-0.023795889854193075,0.01783508925381431,-0.007458842798920333,23.84000015258789,2.79,4.54
2010-05-05,-0.005974097847154153,0.005875873037813324,0.0019133210932084476,24.90999984741211,2.79,4.54
2010-05-06,-0.03377776302465263,0.030420142447233758,0.029114151638993547,32.79999923706055,2.79,4.54
2010-05-07,-0.014986588447891325,-0.012580401039632849,-0.0018584329204847005,40.95000076293945,2.79,4.54
2010-05-10,0.04309849786930075,-0.020933865052300167,-0.005936219595425441,28.84000015258789,2.79,4.54
2010-05-11,-0.0028448791567792097,-0.0025668317176962313,0.025942805079309364,28.31999969482422,2.79,4.54
2010-05-12,0.013889292337954554,-0.007634238463646187,0.006114187831152085,25.520000457763672,2.79,4.54
2010-05-13,-0.012509264583215765,0.006562491534151685,-0.006943357126726535,26.68000030517578,2.79,4.54
2010-05-14,-0.01827055656668951,0.017221758526483017,-0.0015771788582184835,31.239999771118164,2.79,4.54
2010-05-17,0.000526372124076303,-0.003696375622473156,-0.008426213640485862,30.84000015258789,2.79,4.54
2010-05-18,-0.013695673655468586,0.015223688138106695,0.001088526414774818,33.54999923706055,2.79,4.54
2010-05-19,-0.005709663364728304,0.0033269555435706056,-0.024226160830335432,35.31999969482422,2.79,4.54
2010-05-20,-0.038491339688214304,0.020861582698836124,-0.006796610129532807,45.790000915527344,2.79,4.54
2010-05-21,0.014493756615866682,0.0010168217342745565,-0.005366542125113491,40.099998474121094,2.79,4.54
2010-05-24,-0.012914178014361115,-0.00346113732453685,0.013962091277818433,38.31999969482422,2.79,4.54
2010-05-25,0.0010210902749348918,0.004882425916853222,0.004440692858806834,34.61000061035156,2.79,4.54
2010-05-26,-0.006047007073490522,-0.0028448459702256064,0.009413635235164157,35.02000045776367,2.79,4.54
2010-05-27,0.032949321578273724,-0.022948931119727588,0.0018552983674487234,29.68000030517578,2.79,4.54
2010-05-28,-0.012628919103810839,0.004569436487904213,0.0015994852276123958,32.06999969482422,2.79,4.54
2010-06-01,-0.01696717507035267,0.007005081889566402,0.00862693406619541,35.540000915527344,2.4800000000000004,4.54
2010-06-02,0.025706488097303415,-0.009544824297431668,-0.0010847752867185415,30.170000076293945,2.4800000000000004,4.54
2010-06-03,0.003438055915115633,-0.007324729946706918,-0.01531114045936818,29.459999084472656,2.4800000000000004,4.54
2010-06-04,-0.03576920788767967,0.02652813034071522,0.01037330279219341,35.47999954223633,2.4800000000000004,4.54
2010-06-07,-0.012528910456937156,0.007640295922031952,0.019113058305128095,36.56999969482422,2.4800000000000004,4.54
2010-06-08,0.01065494673047094,-0.004985143372013326,-0.004041391686318541,33.70000076293945,2.4800000000000004,4.54
2010-06-09,-0.005360345001782955,-0.0011236580638227947,-0.003643011529050801,33.72999954223633,2.4800000000000004,4.54
2010-06-10,0.028812374394790088,-0.018028143482760592,-0.01327616331865957,30.56999969482422,2.4800000000000004,4.54
2010-06-11,0.004844148101072355,0.012602797627288363,0.008703719694756393,28.790000915527344,2.4800000000000004,4.54
2010-06-14,-0.0015515557560155748,-0.005146495484395971,-0.003422261685440584,28.579999923706055,2.4800000000000004,4.54
2010-06-15,0.02248288092055117,-0.0041360651053859495,0.011555051138783462,25.8700008392334,2.4800000000000004,4.54
2010-06-16,-0.00035702443684154796,0.0056837520058933815,-0.005469896230116363,25.920000076293945,2.4800000000000004,4.54
2010-06-17,0.0016066485048845292,0.008105256195183565,0.01296306533767651,25.049999237060547,2.4800000000000004,4.54
2010-06-18,0.0010832655107974314,-0.0016354518388583554,0.00760025145353973,23.950000762939453,2.4800000000000004,4.54
2010-06-21,-0.0028680658199945726,-0.0028709957724366818,-0.020064832581080997,24.8799991607666,2.4800000000000004,4.54
2010-06-22,-0.016653520536231356,0.011838313729324094,0.008766162443343445,27.049999237060547,2.4800000000000004,4.54
2010-06-23,-0.0031078750380336808,0.006773686626272945,-0.004125418496021565,26.90999984741211,2.4800000000000004,4.54
2010-06-24,-0.016709536617282382,-0.005962621267302768,0.002889629284295153,29.739999771118164,2.4800000000000004,4.54
2010-06-25,0.004180912296216006,0.004046521975354795,0.011964406044451084,28.530000686645508,2.4800000000000004,4.54
2010-06-28,-0.0031572126113967426,0.009346071064856607,-0.01369720662981477,29.0,2.4800000000000004,4.54
2010-06-29,-0.03136146751425516,0.010843431321043408,0.0014853964638133306,34.130001068115234,2.4800000000000004,4.54
2010-06-30,-0.009545720883012152,0.006704441202019969,0.0033752134718408188,34.540000915527344,2.4800000000000004,4.54
2010-07-01,-0.004466250985754614,0.0015763910987118854,-0.03887888592484208,32.86000061035156,2.3899999999999997,4.54
2010-07-02,-0.005464739950298538,-0.008003871621361904,0.012312786265651068,30.1200008392334,2.3899999999999997,4.54
2010-07-06,0.006534739178986913,0.008200701596107049,-0.0168514262328477,29.649999618530273,2.3899999999999997,4.54
2010-07-07,0.031010151994479776,-0.011778857637238859,0.010416771036920415,26.84000015258789,2.3899999999999997,4.54
2010-07-08,0.009846755244101014,-0.0063939744945166735,-0.004426705679849722,25.709999084472656,2.3899999999999997,4.54
2010-07-09,0.0074376472368898735,-0.00572719361835149,0.009763642764658647,24.979999542236328,2.3899999999999997,4.54
2010-07-12,0.0006483592751303874,-0.0004035864916114564,-0.008655160400420137,24.43000030517578,2.3899999999999997,4.54
2010-07-13,0.014975576162724704,-0.008607346221519175,0.008655160400420107,24.559999465942383,2.3899999999999997,4.54
2010-07-14,-9.133910367481769e-05,0.010017736477656821,-0.0005070359076372465,24.889999389648438,2.3899999999999997,4.54
2010-07-15,0.0002738079911622489,0.009918196463554243,-0.0005918885128414277,25.139999389648438,2.3899999999999997,4.54
2010-07-16,-0.02792109076620235,0.004872939144424045,-0.013282487126809137,26.25,2.3899999999999997,4.54
2010-07-19,0.0058892837846739425,-0.006169755277157312,-0.008089500274875386,25.969999313354492,2.3899999999999997,4.54
2010-07-20,0.011030274422247516,0.0014962967776991987,0.007918090681685528,23.93000030517578,2.3899999999999997,4.54
2010-07-21,-0.013083120686956799,0.016802045036684882,-0.0068817738410447155,25.639999389648438,2.3899999999999997,4.54
2010-07-22,0.02207649291811947,-0.011632680372273328,0.00868040464199568,24.6299991607666,2.3899999999999997,4.54
2010-07-23,0.008641471351172441,-0.010666505957849069,-0.0066109215447102,23.469999313354492,2.3899999999999997,4.54
2010-07-26,0.010362186845604625,-0.001705312861319507,-0.0049220747193229565,22.729999542236328,2.3899999999999997,4.54
2010-07-27,-8.96022074814473e-05,-0.009684217999342607,-0.01755268849818397,23.190000534057617,2.3899999999999997,4.54
2010-07-28,-0.006475832693540881,0.003238463872761863,0.002375791006871298,24.25,2.3899999999999997,4.54
2010-07-29,-0.004884178112055725,-0.0003024992117113118,0.004472337326195603,24.1299991607666,2.3899999999999997,4.54
2010-07-30,-0.00018127633619967535,0.015444529763546964,0.01044484170982206,23.5,2.3899999999999997,4.54
2010-08-02,0.022330123184330888,-0.014137106838551487,0.0004328706471263803,22.010000228881836,2.3899999999999997,4.54
2010-08-03,-0.0048006473401636255,0.005755090465712606,0.0038871637993980568,22.6299991607666,2.3899999999999997,4.54
2010-08-04,0.006660902244512354,-0.0076816269542206335,0.006273952596501684,22.209999084472656,2.3899999999999997,4.54
2010-08-05,-0.001062950055190049,0.004656392154312975,0.0022250940386060744,22.100000381469727,2.3899999999999997,4.54
2010-08-06,-0.0040842567842328086,0.010848315504571802,0.007324732365886041,21.739999771118164,2.3899999999999997,4.54
2010-08-09,0.0053245088225564,-0.003703526519502687,-0.003740820686149912,22.139999389648438,2.3899999999999997,4.54
2010-08-10,-0.005413449299178625,0.0021039886446051464,0.002806975212677366,22.3700008392334,2.3899999999999997,4.54
2010-08-11,-0.027789605065388644,0.013318511121374471,-0.003318223315611171,25.389999389648438,2.3899999999999997,4.54
2010-08-12,-0.00614893795672225,-0.002472228333090266,0.012113149233667235,25.729999542236328,2.3899999999999997,4.54
2010-08-13,-0.002950499455688966,0.012394880588868512,-0.000252610670289372,26.239999771118164,2.3899999999999997,4.54
2010-08-16,-0.0004615403723246051,0.024718964454257433,0.008303024914577904,26.100000381469727,2.3899999999999997,4.54
2010-08-17,0.012210555686080154,-0.005737985309645989,0.0001670005247416709,24.329999923706055,2.3899999999999997,4.54
2010-08-18,0.0018231594330553327,0.002681610576928992,0.003917171473901901,24.59000015258789,2.3899999999999997,4.54
2010-08-19,-0.01754943136097872,0.015473168727799294,0.0014130601122222405,26.440000534057617,2.3899999999999997,4.54
2010-08-20,-0.0032500588465275,-0.0011309646388498237,-0.0034947461752424026,25.489999771118164,2.3899999999999997,4.54
2010-08-23,-0.0038200883642147193,0.00018877099251836838,-0.00158500505680003,25.65999984741211,2.3899999999999997,4.54
2010-08-24,-0.01495475578168091,0.015901573208229405,0.004830540187787872,27.459999084472656,2.3899999999999997,4.54
2010-08-25,0.0038777255147904852,-0.003252857179480822,0.00827408323664724,26.700000762939453,2.3899999999999997,4.54
2010-08-26,-0.006724267835301298,0.00935866096838493,-0.0033014352071624076,27.3700008392334,2.3899999999999997,4.54
2010-08-27,0.015370915322373495,-0.028724361589164922,0.00041329960092031443,24.450000762939453,2.3899999999999997,4.54
2010-08-30,-0.014610916783515542,0.01899309256737745,-0.0008267069892494204,27.209999084472656,2.3899999999999997,4.54
2010-08-31,0.0,0.01102151364905044,0.00963008506090663,26.049999237060547,2.3899999999999997,4.54
2010-09-01,0.029473352341226278,-0.02089320640489867,-0.003199735123742887,23.889999389648438,2.17,4.54
2010-09-02,0.009268706903964509,-0.010622055393694032,0.004918433276591497,23.190000534057617,2.17,4.54
2010-09-03,0.012888349927354296,-0.012473832962820062,-0.0035224308588275117,21.309999465942383,2.17,4.54
2010-09-07,-0.01133665803694838,0.02026186303006893,0.006869477016185955,23.799999237060547,2.17,4.54
2010-09-08,0.0069984664614851705,-0.007978358851411354,8.151368239033065e-05,23.25,2.17,4.54
2010-09-09,0.004608573703056672,-0.019938350544821456,-0.00941589256292237,22.809999465942383,2.17,4.54
2010-09-10,0.0050358453043615956,-0.004583064046529345,0.0013975570337529687,21.989999771118164,2.17,4.54
2010-09-13,0.011061642810391983,0.004874465968606242,-0.0009040527231121419,21.209999084472656,2.17,4.54
2010-09-14,-0.0006207465418437674,0.00958192064405913,0.019541363578779912,21.559999465942383,2.17,4.54
2010-09-15,0.003809613017799661,-0.014945177582038685,-0.0006452186217994567,22.100000381469727,2.17,4.54
2010-09-16,-0.0002652167214709534,-0.00992505855040383,0.0055517285681441755,21.719999313354492,2.17,4.54
2010-09-17,0.0003733570423116004,0.0040410898570138794,-0.0007223690048194798,22.010000228881836,2.17,4.54
2010-09-20,0.015174409325093402,0.005786088488066622,0.0026462613270077863,21.5,2.17,4.54
2010-09-21,-0.0020158738223133655,0.013790491714963445,0.009088067711881243,22.350000381469727,2.17,4.54
2010-09-22,-0.004925150977576388,0.008930233551030233,0.0015066400907301708,22.510000228881836,2.17,4.54
2010-09-23,-0.008144557340666618,0.002863398859875838,0.0007921275940184022,23.8700008392334,2.17,4.54
2010-09-24,0.020412774553164977,-0.013531098614930234,0.003083123365456964,21.709999084472656,2.17,4.54
2010-09-27,-0.004802106156646348,0.01724165273998951,0.00023676081451782575,22.540000915527344,2.17,4.54
2010-09-28,0.003494598623090987,0.0068148615643090615,0.00887775210309078,22.600000381469727,2.17,4.54
2010-09-29,-0.0017455093202686626,-0.0041594552346784965,0.0007818489523424245,23.25,2.17,4.54
2010-09-30,-0.002974983982586024,-0.0006630777516765937,-0.0003126185129611772,23.700000762939453,2.17,4.54
2010-10-01,0.00419723928941951,-0.004844198194850079,0.0077875946216159906,22.5,2.16,4.54
2010-10-04,-0.0075322504674456775,0.0025775315916364513,-0.0034968907693697037,23.530000686645508,2.16,4.54
2010-10-05,0.019931968832399845,-0.006024797674379055,0.019503402251400258,21.760000228881836,2.16,4.54
2010-10-06,-8.629052378591619e-05,0.012487453749727456,0.0062404468569036255,21.489999771118164,2.16,4.54
2010-10-07,-0.0012072884017519782,-0.008371847246938922,-0.010984948981022643,21.559999465942383,2.16,4.54
2010-10-08,0.005593290678768611,-0.00440365341332193,0.009846345633438466,20.709999084472656,2.16,4.54
2010-10-11,0.0009436881868442735,0.0001921545197377088,0.004773561868528394,18.959999084472656,2.16,4.54
2010-10-12,0.003081019522250081,-0.009930180145578343,-0.002497534484728762,18.93000030517578,2.16,4.54
2010-10-13,0.007747210326289736,-0.001551096768366757,0.015863209004852077,19.06999969482422,2.16,4.54
2010-10-14,-0.003908766487787982,-0.015057465074700039,0.005059103545827353,19.8799991607666,2.16,4.54
2010-10-15,0.0020411956721613517,-0.012291056972495273,-0.007972380291158545,19.030000686645508,2.16,4.54
2010-10-18,0.0049156288270272375,0.008046185169535362,0.004478333523156747,19.09000015258789,2.16,4.54
2010-10-19,-0.013190872583978405,0.006016572790044573,-0.03154691181467764,20.6299991607666,2.16,4.54
2010-10-20,0.009718595286374827,0.00216100272011993,0.009256897200788577,19.790000915527344,2.16,4.54
2010-10-21,0.002203296906984828,-0.011943961125763918,-0.014187944908196784,19.270000457763672,2.16,4.54
2010-10-22,0.0018604393951168299,0.006730014202027426,0.0020061311504169905,18.780000686645508,2.16,4.54
2010-10-25,0.002952821246363238,0.0028565552349953246,0.008596340971850403,19.850000381469727,2.16,4.54
2010-10-26,0.0001688615138899535,-0.01556284037870367,0.0002292345407023127,20.219999313354492,2.16,4.54
2010-10-27,-0.002867991959056847,-0.008830034425848675,-0.01044556780572793,20.709999084472656,2.16,4.54
2010-10-28,0.00016906315066896253,0.0027169442677839007,0.01319240759250659,20.8799991607666,2.16,4.54
2010-10-29,0.0007597943556800855,0.009304918153157154,0.010460109173882851,21.200000762939453,2.16,4.54
2010-11-01,0.00033719018426764304,-0.004314226107268043,-0.005292194751345636,21.829999923706055,2.3099999999999996,4.54
2010-11-02,0.007899702682254347,0.013057153938205439,0.00431154796969714,21.56999969482422,2.3099999999999996,4.54
2010-11-03,0.004009756151166488,-0.02061170203826964,-0.006968127295408858,19.559999465942383,2.3099999999999996,4.54
2010-11-04,0.019074953508066997,0.007754954142870306,0.03333635562596672,18.520000457763672,2.3099999999999996,4.54
2010-11-05,0.003755182863767335,-0.017303113664958666,0.00256970222394171,18.260000228881836,2.3099999999999996,4.54
2010-11-08,-0.0018760339367321452,0.004481425337584099,0.010213058409749015,18.290000915527344,2.3099999999999996,4.54
2010-11-09,-0.007210219844060542,-0.02229569668558188,-0.01602260183973123,19.079999923706055,2.3099999999999996,4.54
2010-11-10,0.004021589994763052,0.001350181350265637,0.012095658550698336,18.469999313354492,2.3099999999999996,4.54
2010-11-11,-0.0037748643873900187,-0.0005186117320088621,0.0030556455565671583,18.639999389648438,2.3099999999999996,4.54
2010-11-12,-0.011908941229622199,-0.005413399835690195,-0.029263198316056956,20.610000610351562,2.3099999999999996,4.54
2010-11-15,-0.0014152696626029576,-0.02109637621791193,-0.009545029587657348,20.200000762939453,2.3099999999999996,4.54
2010-11-16,-0.015702041027638485,0.024534499814177668,-0.011010377007280064,22.579999923706055,2.3099999999999996,4.54
2010-11-17,0.0005078775781450682,-0.005527294510789767,-0.004514997714772795,21.760000228881836,2.3099999999999996,4.54
2010-11-18,0.014610985343605576,0.0040705028202490685,0.013030179764404218,18.75,2.3099999999999996,4.54
2010-11-19,0.0027470357153342962,0.006127634022802729,0.0008324236217627286,18.040000915527344,2.3099999999999996,4.54
2010-11-22,-0.0008315573550999374,0.004235188639533138,0.009635717541740217,18.3700008392334,2.3099999999999996,4.54
2010-11-23,-0.014583244592754344,0.004936478587498982,0.006943235453942185,20.6299991607666,2.3099999999999996,4.54
2010-11-24,0.014666214001010945,-0.018011272348256006,-0.001712729779152155,19.559999465942383,2.3099999999999996,4.54
2010-11-26,-0.011715459025660891,0.013796433841802428,-0.008006268905469849,22.219999313354492,2.3099999999999996,4.54
2010-11-29,0.0030257671894493164,0.008513835316485087,0.003000481613543358,21.530000686645508,2.3099999999999996,4.54
2010-11-30,-0.005638624150269443,0.005195502900339379,0.014204706278409088,23.540000915527344,2.3099999999999996,4.54
2010-12-01,0.021044438881266364,-0.02247986090453484,-0.00029537138827830117,21.360000610351562,2.67,4.54
2010-12-02,0.012727284760490915,-0.002610133515182727,-0.0013305341112288544,19.389999389648438,2.67,4.54
2010-12-03,0.0026893302630901453,-0.007873083407133878,0.021005714938510268,18.010000228881836,2.67,4.54
2010-12-06,-0.0010585351732196376,0.014023141092067364,0.007504135483824827,18.020000457763672,2.67,4.54
2010-12-07,0.0005702078474035574,-0.021639608774912923,-0.01894037683401103,17.989999771118164,2.67,4.54
2010-12-08,0.0036570633337063363,-0.009710489701927559,-0.012606652684668887,17.739999771118164,2.67,4.54
2010-12-09,0.0038857491626131065,0.0049205459859551015,0.004293772187225958,17.25,2.67,4.54
2010-12-10,0.005800701155658984,-0.006100347736750762,0.00029550591176138747,17.610000610351562,2.67,4.54
2010-12-13,0.0006426385214103607,0.003750132299206607,0.004715247621070945,17.549999237060547,2.67,4.54
2010-12-14,0.0008828735459489677,-0.014652551255712963,0.0009549986110493081,17.610000610351562,2.67,4.54
2010-12-15,-0.004582320463452583,-0.013109452469222157,-0.010927425511095372,17.940000534057617,2.67,4.54
2010-12-16,0.005784691277103771,0.006904685685262853,-0.0066291956887806385,17.389999389648438,2.67,4.54
2010-12-17,0.0010706815385730557,0.018073122668208454,0.002910336725632516,16.110000610351562,2.67,4.54
2010-12-20,0.002410608934363914,-0.0010735603280895125,0.006758064192099476,16.40999984741211,2.67,4.54
2010-12-21,0.006320167717552187,0.006954544293466535,0.001553132048372285,16.489999771118164,2.67,4.54
2010-12-22,0.0031050969711324886,-0.00716906505497329,-0.001997295201813413,15.449999809265137,2.67,4.54
2010-12-23,-0.0014318257083087446,-0.0020425963011590246,-0.0028919925235061706,16.469999313354492,2.67,4.54
2010-12-27,0.00039818266204193567,0.00889196757446919,0.002669836944532674,17.670000076293945,2.67,4.54
2010-12-28,0.0014317329513202192,-0.019779749238067676,0.0161625389018061,17.520000457763672,2.67,4.54
2010-12-29,0.000714701420538708,0.016778286424476777,0.003564587333997068,17.280000686645508,2.67,4.54
2010-12-30,-0.0015897062320432464,-0.0007517754406246607,-0.004950202442879679,17.520000457763672,2.67,4.54
2010-12-31,0.0002387642236915082,0.011003886902476194,0.012257650782176114,17.75,2.67,4.54
2011-01-03,0.010285090007682898,-0.007572019338889973,-0.005203836674790001,17.610000610351562,2.67,4.54
2011-01-04,-0.0005512133505636394,0.0011767221902615622,-0.023832475368098148,17.3799991607666,2.67,4.54
2011-01-05,0.005184304020093946,-0.022273140329100712,-0.0028240572403502554,17.020000457763672,2.67,4.54
2011-01-06,-0.001960541901751598,0.00436392908406419,-0.004026801058528414,17.399999618530273,2.67,4.54
2011-01-07,-0.001964629146454954,0.005319057672857728,-0.0018697884851869347,17.139999389648438,2.67,4.54
2011-01-10,-0.0012591329718874091,0.005400418782876198,0.004034322186689475,17.540000915527344,2.67,4.54
2011-01-11,0.003537484360725731,-0.005615462989625468,0.005873031403827585,16.889999389648438,2.67,4.54
2011-01-12,0.00898415437902744,-0.007829902958771758,0.004068526754664966,16.239999771118164,2.67,4.54
2011-01-13,-0.0016346149627125559,0.008911027350537771,-0.010463555902437563,16.389999389648438,2.67,4.54
2011-01-14,0.007218423709165158,-0.006403315041544753,-0.01019728850011685,15.460000038146973,2.67,4.54
2011-01-18,0.0017002358166918706,-0.0046919971663836385,0.005561341914815331,15.869999885559082,2.67,4.54
2011-01-19,-0.00985392627948178,0.007193308774366089,0.0021711298182139015,17.309999465942383,2.67,4.54
2011-01-20,-0.001326148067957283,-0.01388975119751079,-0.01902521743105847,17.989999771118164,2.67,4.54
2011-01-21,0.0022614148215821268,0.007899086996393157,-0.0012965579493562846,18.469999313354492,2.67,4.54
2011-01-24,0.005670615450173431,0.00043583948363976955,-0.005126436648875738,17.649999618530273,2.67,4.54
2011-01-25,0.000542086735843987,0.009456828151040077,-0.001996426218916223,17.59000015258789,2.67,4.54
2011-01-26,0.0038631401658618734,-0.015261959640519865,0.008114547464887574,16.639999389648438,2.67,4.54
2011-01-27,0.002465077568548986,0.004494147283722714,-0.02493473818294468,16.149999618530273,2.67,4.54
2011-01-28,-0.017617287035409913,0.005235128366401321,0.018202729323755898,20.040000915527344,2.67,4.54
2011-01-31,0.007488354311943239,-0.007644039812949542,-0.0031520585138855306,19.530000686645508,2.67,4.54
2011-02-01,0.015882067248802454,-0.0049629241163969655,0.00713554983027548,17.6299991607666,2.81,4.54
2011-02-02,-0.001914317246939695,0.0002217246694887091,-0.002679474165923171,17.299999237060547,2.81,4.54
2011-02-03,0.0022198491783016697,-0.008325535498021812,0.013325916144528013,16.690000534057617,2.81,4.54
2011-02-04,0.002825127892184106,-0.010194163354116634,-0.004093034478557125,15.930000305175781,2.81,4.54
2011-02-07,0.006233129973403935,0.005166719577851812,0.0001518114527852543,16.280000686645508,2.81,4.54
2011-02-08,0.004536186560009295,-0.009228202124342786,0.011026520280860727,15.8100004196167,2.81,4.54
2011-02-09,-0.002265369947658244,0.008666902127284598,-0.0005258409922787546,15.869999885559082,2.81,4.54
2011-02-10,0.0003781827385794974,-0.011610070657024268,-0.0016546424472632221,16.09000015258789,2.81,4.54
2011-02-11,0.005952521423850993,0.014297299982137716,-0.003997431521033765,15.6899995803833,2.81,4.54
2011-02-14,0.0024007727257078695,0.0006701565854857879,0.004749808107153751,15.949999809265137,2.81,4.54
2011-02-15,-0.003152489093635176,0.0044577478505860545,0.007642808665807496,16.3700008392334,2.81,4.54
2011-02-16,0.006295220649297586,-0.00322899530903085,0.0009699324016305088,16.719999313354492,2.81,4.54
2011-02-17,0.002984064932170735,0.0015602554908942952,0.006985145327737571,16.59000015258789,2.81,4.54
2011-02-18,0.002083634141375921,-0.0031241939748617555,0.002736258909305569,16.43000030517578,2.81,4.54
2011-02-22,-0.0202741704407218,0.014863249980151004,0.006477679138460114,20.799999237060547,2.81,4.54
2011-02-23,-0.006162982605212055,0.003626673679468252,0.008911682609680623,22.1299991607666,2.81,4.54
2011-02-24,-0.0006877119091919941,0.006342027208536362,-0.007518549348772146,21.31999969482422,2.81,4.54
2011-02-25,0.010636789792914124,0.005869101580855912,0.006572791889415744,19.219999313354492,2.81,4.54
2011-02-28,0.0061770396962417306,0.0012993262716779913,0.002036059244667372,18.350000381469727,2.81,4.54
2011-03-01,-0.016813829489156003,0.002894739472071518,0.017069773077460833,21.010000228881836,2.71,4.54
2011-03-02,0.0021367943592209286,-0.015491886795124312,-0.0007858590263391696,20.700000762939453,2.71,4.54
2011-03-03,0.017077238044404926,-0.009834645808636328,-0.013165197646376121,18.600000381469727,2.71,4.54
2011-03-04,-0.0075201827751153515,0.008293618455830175,0.009083177750322635,19.059999465942383,2.71,4.54
2011-03-07,-0.007882157908199357,-0.006407640409445424,0.002651630947559652,20.65999984741211,2.71,4.54
2011-03-08,0.00871251980019519,-0.006113951753634844,-0.00257991119154468,19.81999969482422,2.71,4.54
2011-03-09,-0.0014344750752632003,0.009654567132131895,0.000358740549755809,20.219999313354492,2.71,4.54
2011-03-10,-0.018679405827651253,0.01664663141220672,-0.011833598965568962,21.8799991607666,2.71,4.54
2011-03-11,0.006902248518662685,-0.0056640612254688395,0.0032609684267887263,20.079999923706055,2.71,4.54
2011-03-14,-0.00605595647295083,-0.0004371761174560647,0.004619608225729074,21.1299991607666,2.71,4.54
2011-03-15,-0.011523351452747242,0.014860307459028867,-0.018827992605934686,24.31999969482422,2.71,4.54
2011-03-16,-0.01868626815820121,0.01124151049108827,-0.0002201664404463368,29.399999618530273,2.71,4.54
2011-03-17,0.01314837299887137,-0.007694959017462303,0.005343855984731355,26.3700008392334,2.71,4.54
2011-03-18,0.0036303651810951783,0.002679338186093277,0.010169288734282928,24.440000534057617,2.71,4.54
2011-03-21,0.015378990937614344,-0.005901960655405019,0.005549394715688909,20.610000610351562,2.71,4.54
2011-03-22,-0.0034743540588550842,0.0033303326635400745,-0.0006470134817238508,20.209999084472656,2.71,4.54
2011-03-23,0.0028580436946914773,-0.0012886434807065864,0.009234421102419529,19.170000076293945,2.71,4.54
2011-03-24,0.00951753781684988,-0.007546485653283063,-0.008012599220911064,18.0,2.71,4.54
2011-03-25,0.0030512294733567734,-0.002492040783876316,0.0002872255603370287,17.90999984741211,2.71,4.54
2011-03-28,-0.0024402231200713657,0.0014092169387890003,-0.005183605936138139,19.440000534057617,2.71,4.54
2011-03-29,0.006696167442388121,-0.00772251875978944,-0.0023847279396549065,18.15999984741211,2.71,4.54
2011-03-30,0.006877312277659248,0.007938151842513013,0.003322680368145147,17.709999084472656,2.71,4.54
2011-03-31,-0.001356604313611669,-0.0020591478351221905,0.008544930078369888,17.739999771118164,2.71,4.54
2011-04-01,0.004214700084722571,0.004849127760292846,-0.0047302006629672795,17.399999618530273,2.73,4.54
2011-04-04,0.0008259136564149536,0.0010840530762384747,0.004587159742600465,17.5,2.73,4.54
2011-04-05,-0.00015004745428338806,-0.0040171712070985076,0.01568024406451237,17.25,2.73,4.54
2011-04-06,0.003147321161985659,-0.01512688649793557,0.0023204441860725563,16.899999618530273,2.73,4.54
2011-04-07,-0.0025473410686153134,-0.001990130946328533,0.0009125601693485474,17.110000610351562,2.73,4.54
2011-04-08,-0.0034559921781238284,-0.005326482211635127,0.008037287998853247,17.8700008392334,2.73,4.54
2011-04-11,-0.003015348697153513,0.0008895147489115026,-0.007125452862238653,16.59000015258789,2.73,4.54
2011-04-12,-0.007502274051388326,0.010725434876674624,-0.0072471647308646366,17.09000015258789,2.73,4.54
2011-04-13,-7.581517506091435e-05,0.006249360393743002,0.00204573660814561,16.920000076293945,2.73,4.54
2011-04-14,0.0007603908167764721,-0.0007656229879159894,0.013370425768477334,16.270000457763672,2.73,4.54
2011-04-15,0.003642120490844416,0.01347173106506087,0.008585564685085078,15.319999694824219,2.73,4.54
2011-04-18,-0.01127209711636268,0.0022631198006102453,0.006048472882944081,16.959999084472656,2.73,4.54
2011-04-19,0.0057281039411543316,0.004297210566563054,0.0,15.829999923706055,2.73,4.54
2011-04-20,0.013539519969746215,-0.006453325639145108,0.003898423967414405,15.069999694824219,2.73,4.54
2011-04-21,0.005095853563866417,-0.0008635859857319315,0.001636922263399478,14.6899995803833,2.73,4.54
2011-04-25,-0.0010470913902121768,0.003773062817181716,0.0008854577994363184,15.770000457763672,2.73,4.54
2011-04-26,0.008568346779374207,0.00963637155714914,-0.0033417949897760106,15.619999885559082,2.73,4.54
2011-04-27,0.006507581695124084,-0.010282218655136436,0.019081653785337462,15.350000381469727,2.73,4.54
2011-04-28,0.003237868973194516,0.007614155969343834,0.004146955091005261,14.619999885559082,2.73,4.54
2011-04-29,0.002348432106001549,0.0030933606549639293,0.01687711902897774,14.75,2.73,4.54
2011-05-02,-0.0015403261993522917,0.0016034074520145957,-0.012946818420868185,15.989999771118164,2.73,4.54
2011-05-03,-0.003603592725848797,0.005643919410288983,-0.003529916511002363,16.700000762939453,2.73,4.54
2011-05-04,-0.006652676851123175,0.0044495395888835216,-0.014448752090855678,17.079999923706055,2.73,4.54
2011-05-05,-0.009089849801841597,0.009470476329886401,-0.029260291794056918,18.200000762939453,2.73,4.54
2011-05-06,0.004406093407585288,-0.004408177165703477,0.01267462896066856,18.399999618530273,2.73,4.54
2011-05-09,0.0038671684664815646,-0.0010517564373441473,0.014213726890232377,17.15999984741211,2.73,4.54
2011-05-10,0.008499874398375283,-0.007185991150837712,0.0035220099792790545,15.90999984741211,2.73,4.54
2011-05-11,-0.010580519694515329,0.005710168008215366,-0.009237945533017843,16.950000762939453,2.73,4.54
2011-05-12,0.0047493521040450105,-0.006347502651767392,0.0003411664040718726,16.030000686645508,2.73,4.54
2011-05-13,-0.007729062519519487,0.008980221439341256,-0.006570357296572971,17.06999969482422,2.73,4.54
2011-05-16,-0.006361332328991053,0.005558800371287592,-0.0017870091740066025,18.239999771118164,2.73,4.54
2011-05-17,-0.0001504253856290315,0.010198291986712646,-0.0043431154594507256,17.549999237060547,2.73,4.54
2011-05-18,0.008896339668171665,-0.01334023414090351,0.005924110292412172,16.229999542236328,2.73,4.54
2011-05-19,0.00237883531538897,-0.0004203375058217405,0.0003432638177482088,15.520000457763672,2.73,4.54
2011-05-20,-0.00797632343139265,0.0005248471391485374,0.012553972615642393,17.43000030517578,2.73,4.54
2011-05-23,-0.011669114352611979,0.004813764434169581,0.0023025631834914487,18.270000457763672,2.73,4.54
2011-05-24,-0.00083296915080143,0.0037521005874158915,0.005127833323306366,17.81999969482422,2.73,4.54
2011-05-25,0.0033290002261515423,-0.004691163844953716,-6.726457516765322e-05,17.06999969482422,2.73,4.54
2011-05-26,0.004596947485919104,0.008532219516702999,-0.0024258812883911256,16.09000015258789,2.73,4.54
2011-05-27,0.003827117905701409,-0.0004139688509876615,0.009935606280794308,15.979999542236328,2.73,4.54
2011-05-31,0.010357375791181471,0.0022770782213779902,-0.00040086563861292825,15.449999809265137,2.73,4.54
2011-06-01,-0.022717105699121852,0.013424442722461344,0.0018027330517969423,18.299999237060547,2.59,4.54
2011-06-02,-0.0010621142887936928,-0.019233431586383614,-0.0027387456222016378,18.09000015258789,2.59,4.54
2011-06-03,-0.009994237319002501,0.005726338918429179,0.004804501553227066,17.950000762939453,2.59,4.54
2011-06-06,-0.010637669853581408,-0.00760749970803193,0.0017292622165884623,18.489999771118164,2.59,4.54
2011-06-07,-0.0006200407026533946,0.0045924947740385415,-0.0003987873752467306,18.06999969482422,2.59,4.54
2011-06-08,-0.004196310570274569,0.007779073013286226,-0.004063560992703724,18.790000915527344,2.59,4.54
2011-06-09,0.007601979040821116,-0.004038971361973965,0.004993851388959323,17.770000457763672,2.59,4.54
2011-06-10,-0.014007639200060902,0.007648631195773042,-0.008805874461023683,18.860000610351562,2.59,4.54
2011-06-13,0.0007832282389686131,-0.005057335307133572,-0.00989874533208827,19.610000610351562,2.59,4.54
2011-06-14,0.012606480569436184,-0.015221391657786963,0.006072032480570563,18.260000228881836,2.59,4.54
2011-06-15,-0.017945526056900887,0.01801028455163208,0.003022245884073787,21.31999969482422,2.59,4.54
2011-06-16,0.0022018193728231493,0.004529971548492533,-0.0010063666073081164,22.729999542236328,2.59,4.54
2011-06-17,0.0029797093151882176,-0.004736232307983375,0.006490278771680714,21.850000381469727,2.59,4.54
2011-06-20,0.005102991470773937,0.0012376410182311478,0.0006000356050579211,19.989999771118164,2.59,4.54
2011-06-21,0.013610821068372655,-0.0044415098829938895,0.004853865999923359,18.860000610351562,2.59,4.54
2011-06-22,-0.006043523307976599,0.0006212367304083644,0.0015245138749051255,18.520000457763672,2.59,4.54
2011-06-23,-0.00287989319214393,0.007625770203807348,-0.01770673421621351,19.290000915527344,2.59,4.54
2011-06-24,-0.011681285358390166,-0.004217873885678231,-0.014121089335867159,21.100000381469727,2.59,4.54
2011-06-27,0.008871603958254254,-0.013809147121497101,-0.003630257057320092,20.559999465942383,2.59,4.54
2011-06-28,0.01296859122433991,-0.008082812455913838,0.0034935800405475424,19.170000076293945,2.59,4.54
2011-06-29,0.008527605769989689,-0.006661466950810127,0.006407132466265777,17.270000457763672,2.59,4.54
2011-06-30,0.009516831803892185,-0.0015926168543811486,-0.008049656026433037,16.520000457763672,2.59,4.54
2011-07-01,0.014668474264110777,-0.0015998279604572737,-0.0073558050101630275,15.869999885559082,2.59,4.54
2011-07-05,-0.0008217838069850378,0.002238846967224516,0.018458359922485637,16.059999465942383,2.59,4.54
2011-07-06,0.001194594519255018,0.0051023851562535995,0.008632944574224394,16.34000015258789,2.59,4.54
2011-07-07,0.010322501229381177,-0.002973226552648832,0.0016103488438778855,15.949999809265137,2.59,4.54
2011-07-08,-0.007117851530888287,0.01404360489350595,0.007348103376555757,15.949999809265137,2.59,4.54
2011-07-11,-0.018245934674873645,0.01488348343939056,0.008878910398621733,18.389999389648438,2.59,4.54
2011-07-12,-0.004327954469340766,0.0034032771096103444,0.007754066530314864,19.8700008392334,2.59,4.54
2011-07-13,0.003342303193489318,0.0027758672408149266,0.008927726045871467,19.90999984741211,2.59,4.54
2011-07-14,-0.006926214909297161,-0.014373961423966738,0.002591642671108347,20.799999237060547,2.59,4.54
2011-07-15,0.005788225759125889,0.0016646760054689325,0.004261669024496625,19.530000686645508,2.59,4.54
2011-07-18,-0.008235101040568198,-0.009716990527444421,0.008788653016896502,20.950000762939453,2.59,4.54
2011-07-19,0.01610118438198559,0.020576159632228044,-0.012274058243285656,19.209999084472656,2.59,4.54
2011-07-20,-0.0006025869305687333,-0.011899184463817021,0.008755048684885084,19.09000015258789,2.59,4.54
2011-07-21,0.013775674081519123,-0.00773316341622742,-0.007656478889253896,17.559999465942383,2.59,4.54
2011-07-22,0.0006687792267110453,0.007525425874970559,0.008297158381419902,17.520000457763672,2.59,4.54
2011-07-25,-0.005588799472968355,-0.010992411196393407,0.007784134589571454,19.350000381469727,2.59,4.54
2011-07-26,-0.0037427497403119503,0.006818886638890222,0.0027292577237113358,20.229999542236328,2.59,4.54
2011-07-27,-0.02068812222549109,0.00010442887311424446,-0.003683023077966326,22.979999542236328,2.59,4.54
2011-07-28,-0.0029138141707086705,0.003756449615823145,0.0008267138480823339,23.739999771118164,2.59,4.54
2011-07-29,-0.006858070895989983,0.019593933068547446,0.006146757162875088,25.25,2.59,4.54
2011-08-01,-0.004261686012425227,0.010042264074048549,-0.0036074345335545903,23.65999984741211,2.07,4.54
2011-08-02,-0.025879515992174806,0.029584440143289505,0.023807683707060965,24.790000915527344,2.07,4.54
2011-08-03,0.005404078046948976,0.0019685485573903276,-0.00018574519969141986,23.3799991607666,2.07,4.54
2011-08-04,-0.047974069849073146,0.034962167454954576,-0.0052774225526159586,31.65999984741211,2.07,4.54
2011-08-05,-0.001497613901367025,-0.02927862374753263,0.006886100677144776,32.0,2.07,4.54
2011-08-08,-0.06734099233771877,0.03107991581099918,0.032660154649896335,48.0,2.07,4.54
2011-08-09,0.045450594361134564,0.003027175638285831,0.00887627137888437,35.060001373291016,2.07,4.54
2011-08-10,-0.045182940370576664,0.02931956778737089,0.03479474038575463,42.9900016784668,2.07,4.54
2011-08-11,0.04390533985413235,-0.051767030369282256,-0.022182601344645846,39.0,2.07,4.54
2011-08-12,0.006710844600600894,0.019610005378567566,-0.004578540379765363,36.36000061035156,2.07,4.54
2011-08-15,0.020943940938381606,-0.010187215008921625,0.010709069242453939,31.8700008392334,2.07,4.54
2011-08-16,-0.008575816316200616,0.01641917853991068,0.0122643855311679,32.849998474121094,2.07,4.54
2011-08-17,0.0006683713836031733,0.017358225654770645,0.002870760456120654,31.579999923706055,2.07,4.54
2011-08-18,-0.04407561710869884,0.020330485615091678,0.01874311163551858,42.66999816894531,2.07,4.54
2011-08-19,-0.01646552073124254,0.008035020743749182,0.012469732629723616,43.04999923706055,2.07,4.54
2011-08-22,0.0007989854795946983,-0.002520289353090297,0.02545811201523618,42.439998626708984,2.07,4.54
2011-08-23,0.03238060038763679,-0.013890461528859439,-0.03820924283947076,36.27000045776367,2.07,4.54
2011-08-24,0.013985953611730531,-0.028842758692459215,-0.03447040239609572,35.900001525878906,2.07,4.54
2011-08-25,-0.015361113706741626,0.010763290824627146,0.004127831942992827,39.7599983215332,2.07,4.54
2011-08-26,0.014429122701973015,0.009817815190545852,0.029216271136055655,35.59000015258789,2.07,4.54
2011-08-29,0.028331309899740465,-0.01392257559333485,-0.02037867554084576,32.279998779296875,2.07,4.54
2011-08-30,0.0026331290706965377,0.015948315852644133,0.029521431261488856,32.88999938964844,2.07,4.54
2011-08-31,0.00442832613490581,-0.015574449051626707,-0.007735058209084623,31.6200008392334,2.07,4.54
2011-09-01,-0.010528386896540698,0.020976840232798555,0.0008436339994106385,31.81999969482422,1.77,4.54
2011-09-02,-0.025882232508243116,0.03196921933830506,0.029743880060709684,33.91999816894531,1.77,4.54
2011-09-06,-0.007323927767978081,0.010346007896403445,-0.0018572769704758563,37.0,1.77,4.54
2011-09-07,0.027817329641951365,-0.019273659158833393,-0.032337903821831236,33.380001068115234,1.77,4.54
2011-09-08,-0.01044640791546689,0.008927651262430015,0.026360554098634244,34.31999969482422,1.77,4.54
2011-09-09,-0.026558919636959746,0.010609328177559349,-0.006123991593192474,38.52000045776367,1.77,4.54
2011-09-12,0.00644874020839508,0.0010542961429619452,-0.022554605449326134,38.59000015258789,1.77,4.54
2011-09-13,0.009129879511894392,-0.014334019468334734,0.010529052886616642,36.90999984741211,1.77,4.54
2011-09-14,0.013748597655684496,0.008430690826598643,-0.007477120273184911,34.599998474121094,1.77,4.54
2011-09-15,0.01711050047650393,-0.01540544993038848,-0.015984031396099732,31.969999313354492,1.77,4.54
2011-09-16,0.005900977234426308,0.007242445773405201,0.00930295164559379,30.979999542236328,1.77,4.54
2011-09-19,-0.010007047338262864,0.018887392764783496,-0.015572543748898304,32.72999954223633,1.77,4.54
2011-09-20,-0.0011644897164591003,0.004187809053301747,0.014151321817653911,32.86000061035156,1.77,4.54
2011-09-21,-0.029900809843345703,0.03254788400016108,-0.012537030407863034,37.31999969482422,1.77,4.54
2011-09-22,-0.032858107525352856,0.0368966048011261,-0.026501628577849823,41.349998474121094,1.77,4.54
2011-09-23,0.0060071066322379746,-0.01877403479030837,-0.0562714947767603,41.25,1.77,4.54
2011-09-26,0.02350156743793164,-0.016186496960418933,-0.013989774992148278,39.02000045776367,1.77,4.54
2011-09-27,0.011121731471180615,-0.015426833608323724,0.019170336530176878,37.709999084472656,1.77,4.54
2011-09-28,-0.020629955017831932,-0.0003416492940248468,-0.0278383359714093,41.08000183105469,1.77,4.54
2011-09-29,0.007872227092295542,0.006897957470785824,0.009429196621174493,38.84000015258789,1.77,4.54
2011-09-30,-0.02530657672905624,0.024808368489056185,0.0022802177134303657,42.959999084472656,1.77,4.54
2011-10-03,-0.028871064347463324,0.027148362110177796,0.01818123629201861,45.45000076293945,1.77,4.54
2011-10-04,0.021686362104176356,-0.01276170052731916,-0.02084198016777855,40.81999969482422,1.77,4.54
2011-10-05,0.018346314957594364,-0.007225495817192053,0.011479200723122179,37.810001373291016,1.77,4.54
2011-10-06,0.0179293929966807,-0.018630213609771015,0.006438520382399495,36.27000045776367,1.77,4.54
2011-10-07,-0.0067184697416759085,-0.007415262761771159,-0.008196078194995479,36.20000076293945,1.77,4.54
2011-10-10,0.032898487832080416,-0.014223539189050245,0.025369706940620972,33.02000045776367,1.77,4.54
2011-10-11,0.0010031632282291934,-0.003351546450743544,-0.007191831911733941,32.86000061035156,1.77,4.54
2011-10-12,0.008733872589716382,-0.0146527955835138,0.00713052198207639,31.260000228881836,1.77,4.54
2011-10-13,-0.001990024552716172,0.009908001327735968,-0.00589749505275014,30.700000762939453,1.77,4.54
2011-10-14,0.016949865555946294,-0.0146356084920528,0.006754651748949264,28.239999771118164,1.77,4.54
2011-10-17,-0.01927575736853156,0.0171398800555032,-0.004784984318897891,33.38999938964844,1.77,4.54
2011-10-18,0.019357218578425185,-0.006230196739669322,-0.004807990522259361,31.559999465942383,1.77,4.54
2011-10-19,-0.011899605405179885,-0.00034740584838941825,-0.012247215797121397,34.439998626708984,1.77,4.54
2011-10-20,0.004366157527871524,-0.007146053201268053,-0.013222651084731378,34.779998779296875,1.77,4.54
2011-10-21,0.018809011900912134,-0.01063913653607788,0.01103102964708361,31.31999969482422,1.77,4.54
2011-10-24,0.012186660818831312,0.0016783691324040138,0.009359274408804371,29.260000228881836,1.77,4.54
2011-10-25,-0.019635486763863074,0.02509684440475884,0.02798622413330745,32.220001220703125,1.77,4.54
2011-10-26,0.010107711301984772,-0.017623107392428984,0.010871290055837372,29.860000610351562,1.77,4.54
2011-10-27,0.03424189076924467,-0.03448507707867065,0.012761764976101417,25.459999084472656,1.77,4.54
2011-10-28,-0.00023344339613333163,0.010461250354615368,0.00041272557597136334,24.530000686645508,1.77,4.54
2011-10-31,-0.024400791955761468,0.038889855712687535,-0.013532963163571735,29.959999084472656,1.77,4.54
2011-11-01,-0.02828480686526847,0.03292549406013625,0.00023905679353779965,34.77000045776367,1.7599999999999998,4.54
2011-11-02,0.016179819240394917,-0.012552053405433822,0.009986961282971352,32.7400016784668,1.7599999999999998,4.54
2011-11-03,0.018062959557508824,-0.013828849504718774,0.015611583405325672,30.5,1.7599999999999998,4.54
2011-11-04,-0.006117502562599273,0.0012032920751280359,-0.005079236179332056,30.15999984741211,1.7599999999999998,4.54
2011-11-07,0.006197292030868971,0.006332752698957574,0.023885642975553973,29.850000381469727,1.7599999999999998,4.54
2011-11-08,0.0127486024970318,-0.012878886041263589,-0.008321169193389317,27.479999542236328,1.7599999999999998,4.54
2011-11-09,-0.03760799365016191,0.020527520068794474,-0.008449074737466438,36.15999984741211,1.7599999999999998,4.54
2011-11-10,0.00937486067703041,-0.015011992866055746,-0.0054194819068881525,32.810001373291016,1.7599999999999998,4.54
2011-11-11,0.018647164504159566,-0.006120451755350074,0.016343494900231577,30.040000915527344,1.7599999999999998,4.54
2011-11-14,-0.009519167876527977,0.01595476123172269,-0.004378447815266984,31.1299991607666,1.7599999999999998,4.54
2011-11-15,0.004929433763844733,-0.0013626784544324372,0.0009233822403350991,31.219999313354492,1.7599999999999998,4.54
2011-11-16,-0.015990253621364504,0.009077537620142281,-0.01072881883307553,33.5099983215332,1.7599999999999998,4.54
2011-11-17,-0.01600395076752601,0.007990102563103889,-0.026049069788272285,34.5099983215332,1.7599999999999998,4.54
2011-11-18,-0.001064967471590782,-0.000251839996572579,0.0031070114130365514,32.0,1.7599999999999998,4.54
2011-11-21,-0.019202907705285772,0.005931958427521485,-0.024886493203201684,32.90999984741211,1.7599999999999998,4.54
2011-11-22,-0.003935528264716952,0.01109978700082059,0.011009493958958352,31.969999313354492,1.7599999999999998,4.54
2011-11-23,-0.022313002772214444,0.009755207679112,-0.002907833444255293,33.97999954223633,1.7599999999999998,4.54
2011-11-25,-0.0018892883004927598,-0.014626820065617158,-0.00871350577932607,34.470001220703125,1.7599999999999998,4.54
2011-11-28,0.028555454621066595,-0.0004972134295419431,0.019574669781168473,32.130001068115234,1.7599999999999998,4.54
2011-11-29,0.002835812775710535,-0.008232885997162641,0.0014992056580314238,30.639999389648438,1.7599999999999998,4.54
2011-11-30,0.040325792790905216,-0.01574014716546765,0.019287858882640098,27.799999237060547,1.7599999999999998,4.54
2011-12-01,-0.00016002389429858004,-0.00502964687021182,-0.0029432561018175956,27.40999984741211,1.72,4.54
2011-12-02,-0.0008803920881692347,0.013920305924573967,0.0011194724078150643,27.520000457763672,1.72,4.54
2011-12-05,0.010833189138272087,-0.0020253601539146483,-0.014830905352806206,27.84000015258789,1.72,4.54
2011-12-06,0.0003171656443280032,-0.009590235929150388,0.005126600507155191,28.1299991607666,1.72,4.54
2011-12-07,0.0037149416965245327,0.0035754475212999163,0.007227955332883408,28.670000076293945,1.72,4.54
2011-12-08,-0.0221801869348135,0.012413533877906223,-0.020395472758271072,30.59000015258789,1.72,4.54
2011-12-09,0.016800605302267648,-0.020774856639629514,0.002527218277842403,26.3799991607666,1.72,4.54
2011-12-12,-0.014705522378446977,0.011076739851376879,-0.026859852864766727,25.670000076293945,1.72,4.54
2011-12-13,-0.009382965805771349,0.009278865219027717,-0.022095571965698058,25.40999984741211,1.72,4.54
2011-12-14,-0.010702838863811156,0.01871351847169042,-0.03572036229643507,26.040000915527344,1.72,4.54
2011-12-15,0.003607624699490957,-0.003714999353897138,-0.0036694724115009882,25.110000610351562,1.72,4.54
2011-12-16,0.0014814809761401536,0.011593952724975792,0.018858628346003374,24.290000915527344,1.72,4.54
2011-12-19,-0.010749003457581655,0.012591952575889395,-0.0023218367153054562,24.920000076293945,1.72,4.54
2011-12-20,0.029811391445242363,-0.02526151175968673,0.013532357682449965,23.219999313354492,1.72,4.54
2011-12-21,0.0019345714298200142,-0.014007432046954862,0.0011460365099759205,21.43000030517578,1.72,4.54
2011-12-22,0.008819816689197188,0.0041893449179281434,-0.007152076380172022,21.15999984741211,1.72,4.54
2011-12-23,0.008901201010949742,-0.011182548923210104,0.0017288576765001683,20.729999542236328,1.72,4.54
2011-12-27,0.0007905441574646434,0.004738942923542508,-0.008996872529867412,21.90999984741211,1.72,4.54
2011-12-28,-0.01321037404558934,0.018319951646700198,-0.025365842262780703,23.520000457763672,1.72,4.54
2011-12-29,0.010280796949661214,0.0018218325271646678,-0.0045791131052559195,22.649999618530273,1.72,4.54
2011-12-30,-0.004927718768972137,0.003221715043292089,0.010915393959510784,23.399999618530273,1.72,4.54
2012-01-03,0.01581029598274772,-0.015124527492839043,0.025528278105768725,22.969999313354492,1.72,4.54
2012-01-04,0.0015676364268082097,-0.011960781112693003,0.005053962921992179,22.219999313354492,1.72,4.54
2012-01-05,0.002658712348410681,-0.001780591168314773,0.006804643552456634,21.479999542236328,1.72,4.54
2012-01-06,-0.002580249276577923,0.007863095823208297,-0.003682789348313295,20.6299991607666,1.72,4.54
2012-01-09,0.0024244100027841853,-0.001770452171777201,-0.004462850601680474,21.06999969482422,1.72,4.54
2012-01-10,0.008632925506048968,-0.001688303758367055,0.01358147038393252,20.690000534057617,1.72,4.54
2012-01-11,0.0005418958570271547,0.012931902578441802,0.006471693519725533,21.049999237060547,1.72,4.54
2012-01-12,0.0023965602787612175,-0.001420235229672184,0.004436855940286991,20.469999313354492,1.72,4.54
2012-01-13,-0.005186749705191983,0.009893464007099175,-0.00700797748665459,20.90999984741211,1.72,4.54
2012-01-17,0.0038733281703196916,0.004621995806137442,0.007755890232572322,22.200000762939453,1.72,4.54
2012-01-18,0.01099544765376284,-0.012177965949740525,0.006830241286203655,20.889999389648438,1.72,4.54
2012-01-19,0.005262477649126636,-0.013849161212265733,-0.0023542844291586738,19.8700008392334,1.72,4.54
2012-01-20,0.0037203432334852273,-0.011390200577607555,0.005258486434611419,18.280000686645508,1.72,4.54
2012-01-23,-0.0025796775562535027,-0.006345731483651003,0.006702951032527608,18.670000076293945,1.72,4.54
2012-01-24,-0.0011406656772318376,0.0018045638209188356,-0.007073309078255219,18.90999984741211,1.72,4.54
2012-01-25,0.008332827848734833,-0.0024065822557633367,0.026856674653672707,18.309999465942383,1.72,4.54
2012-01-26,-0.005142860921978272,0.013168993019385232,0.00509459639654765,18.56999969482422,1.72,4.54
2012-01-27,-0.0004550127157052156,0.0031383226965366056,0.01011189273071679,18.530000686645508,1.72,4.54
2012-01-30,-0.0034196207926633247,0.01170254892229259,-0.005578663971878356,19.399999618530273,1.72,4.54
2012-01-31,-0.0003806227000437519,0.011485370799392037,0.007588812095342065,19.440000534057617,1.72,4.54
2012-02-01,0.008718986102224048,-0.011521164457479294,0.00147549236555642,18.549999237060547,1.69,4.54
2012-02-02,0.0015840944628400782,-0.00041977150915331997,0.008749097178977205,17.979999542236328,1.69,4.54
2012-02-03,0.013921061256808304,-0.02172354787720062,-0.020137109848909707,17.100000381469727,1.69,4.54
2012-02-06,-0.0006689145892584153,0.009901951370980494,-0.002747786955391367,17.760000228881836,1.69,4.54
2012-02-07,0.002525255796419147,-0.012478490751965199,0.014961121796296195,17.649999618530273,1.69,4.54
2012-02-08,0.0029637068545989172,0.000773591209762615,-0.0070964044645123875,18.15999984741211,1.69,4.54
2012-02-09,0.001256694364539352,-0.0075044734100399345,-0.002852704427427749,18.6299991607666,1.69,4.54
2012-02-10,-0.007415238051058222,0.012903691730101433,-0.005251264443437007,20.790000915527344,1.69,4.54
2012-02-13,0.007415238051058148,0.0012819906484753708,0.0022112372609914763,19.040000915527344,1.69,4.54
2012-02-14,-0.0012566943645393664,0.005278358744669506,-0.002330930151636942,19.540000915527344,1.69,4.54
2012-02-15,-0.004671105249700119,-0.0017847127241227224,0.0059064426447289235,21.139999389648438,1.69,4.54
2012-02-16,0.011012280588147513,-0.00802846924055671,-0.0006545512723762022,19.219999313354492,1.69,4.54
2012-02-17,0.0026427328263161783,-0.00025805115382971245,-0.0038765152743636634,17.780000686645508,1.69,4.54
2012-02-21,0.00043941839974895796,-0.011125603633936582,0.02169306958114338,18.190000534057617,1.69,4.54
2012-02-22,-0.0032294627160446765,0.012497466255577239,0.011164193939316386,18.190000534057617,1.69,4.54
2012-02-23,0.0044012578534291125,0.0,0.0004624917963242474,16.799999237060547,1.69,4.54
2012-02-24,0.00219306413217462,0.0064897365244240895,-0.0045764514047417675,17.309999465942383,1.69,4.54
2012-02-27,0.001678514636319586,0.008812342533222727,-0.003082017911286478,18.190000534057617,1.69,4.54
2012-02-28,0.002912000719445327,-0.0032957137814185514,0.01037124237129815,17.959999084472656,1.69,4.54
2012-02-29,-0.003933354166807063,-0.006113071366017153,-0.054486874448655936,18.43000030517578,1.69,4.54
2012-03-01,0.00516848197473566,-0.009458567576756222,0.014022637552039158,17.260000228881836,1.8299999999999998,4.54
2012-03-02,-0.003054339380973369,0.009348617286862952,-0.0016218911795983044,17.290000915527344,1.8299999999999998,4.54
2012-03-05,-0.004086708285994823,-0.007969965860564407,-0.00415677252468325,18.049999237060547,1.8299999999999998,4.54
2012-03-06,-0.014733088128213709,0.012058335582790949,-0.017969096432021343,20.8700008392334,1.8299999999999998,4.54
2012-03-07,0.006951602391865892,-0.006140043665903648,0.00569981581334447,19.06999969482422,1.8299999999999998,4.54
2012-03-08,0.009900084210304439,-0.010057918348176017,0.010033186704286951,17.950000762939453,1.8299999999999998,4.54
2012-03-09,0.0038598758088537227,0.00198559416550884,0.0066333602174327025,17.110000610351562,1.8299999999999998,4.54
2012-03-12,7.297632298895637e-05,-0.00017332726488550053,-0.007904687473264298,15.640000343322754,1.8299999999999998,4.54
2012-03-13,0.017865167696085843,-0.017749921503230643,-0.01692317740609355,14.800000190734863,1.8299999999999998,4.54
2012-03-14,-0.0010715312060005922,-0.02551801877802885,-0.01696375000167828,15.3100004196167,1.8299999999999998,4.54
2012-03-15,0.005772842756196163,0.0015297334542589954,0.009418404028557977,15.420000076293945,1.8299999999999998,4.54
2012-03-16,0.0013836292434491345,0.0019759558923537466,0.0013648567003107786,14.470000267028809,1.8299999999999998,4.54
2012-03-19,0.00391229545462647,-0.012006563624827774,0.0017962362702596962,15.039999961853027,1.8299999999999998,4.54
2012-03-20,-0.002914922195561951,0.003987430507499423,-0.009076224493998303,15.579999923706055,1.8299999999999998,4.54
2012-03-21,-0.001639355623574542,0.011244483493284167,0.0004994807381019333,15.130000114440918,1.8299999999999998,4.54
2012-03-22,-0.007229248654310677,0.0032158845352061407,-0.004002753243231974,15.569999694824219,1.8299999999999998,4.54
2012-03-23,0.0032274141569240545,0.00940695097353767,0.012208133046479623,14.819999694824219,1.8299999999999998,4.54
2012-03-26,0.013937291097180133,-0.005136395710714433,0.017611569127534244,14.260000228881836,1.8299999999999998,4.54
2012-03-27,-0.0031117252910168626,0.0071665171520523315,-0.0070809013076213,15.59000015258789,1.8299999999999998,4.54
2012-03-28,-0.004971010312231652,-0.0014120640031745285,-0.010654517949322703,15.470000267028809,1.8299999999999998,4.54
2012-03-29,-0.0017097289986370702,0.00747505403762958,-0.0014250489249673808,15.479999542236328,1.8299999999999998,4.54
2012-03-30,0.004127440767974913,-0.01705438195912467,0.005194794327439433,15.5,1.8299999999999998,4.54
2012-04-02,0.0072879792399485315,0.005524570163678298,0.0050452782243641,15.640000343322754,1.8299999999999998,4.54
2012-04-03,-0.004097200816836269,-0.017480939258746536,-0.01889597488595619,15.65999984741211,1.8299999999999998,4.54
2012-04-04,-0.009960192778226318,0.013652553949058765,-0.016903541070223595,16.440000534057617,1.8299999999999998,4.54
2012-04-05,-0.0005005605343183257,0.007200036135505966,0.006972586754221729,16.700000762939453,1.8299999999999998,4.54
2012-04-09,-0.011295041309904805,0.023111832908097724,0.006673391569320288,18.809999465942383,1.8299999999999998,4.54
2012-04-10,-0.01692713836027209,0.011273500160041533,0.01079681583610527,20.389999389648438,1.8299999999999998,4.54
2012-04-11,0.00806166784029175,-0.012052528129710872,-0.0001862294945727839,20.020000457763672,1.8299999999999998,4.54
2012-04-12,0.012981070072522615,-0.004165617543676642,0.010068896893171232,17.200000762939453,1.8299999999999998,4.54
2012-04-13,-0.011959898116317836,0.016046967641810028,-0.011435703837606927,19.549999237060547,1.8299999999999998,4.54
2012-04-16,-0.0006566376781531932,-0.0014558606338343162,-0.0024275594635374416,19.549999237060547,1.8299999999999998,4.54
2012-04-17,0.01470376231780967,-0.000600468240745749,-0.0013096363661056385,18.459999084472656,1.8299999999999998,4.54
2012-04-18,-0.00338502355156104,0.002911926163671341,-0.005883121540853622,18.639999389648438,1.8299999999999998,4.54
2012-04-19,-0.006441715297579774,0.0009400724019081478,0.0007529342193186616,18.360000610351562,1.8299999999999998,4.54
2012-04-20,0.0016686169806107518,0.00017106282004766498,0.0006897239210806605,17.440000534057617,1.8299999999999998,4.54
2012-04-23,-0.008444567842409432,0.007234061511700271,-0.0029502294460589935,18.969999313354492,1.8299999999999998,4.54
2012-04-24,0.003794326716938434,-0.00706341161480067,0.0014448331190362385,18.100000381469727,1.8299999999999998,4.54
2012-04-25,0.01359877915731455,-0.005137413537768842,0.002006723784330158,16.81999969482422,1.8299999999999998,4.54
2012-04-26,0.0069447458178451965,0.005990609813199667,0.00879471559167779,16.239999771118164,1.8299999999999998,4.54
2012-04-27,0.0016398009064647822,0.0008533307284345552,0.0021711872276646304,16.31999969482422,1.8299999999999998,4.54
2012-04-30,-0.0037111371778711416,0.00025572326956379085,0.0030934874938505622,17.149999618530273,1.8299999999999998,4.54
2012-05-01,0.006201251069108005,-0.005200254464840645,-0.0034653347638567127,16.600000381469727,1.51,4.54
2012-05-02,-0.0029888538155190447,0.0070185887668626394,-0.00453550513766278,16.8799991607666,1.51,4.54
2012-05-03,-0.007654379995427436,-0.00025621443175955535,-0.010138997417698532,17.559999465942383,1.51,4.54
2012-05-04,-0.01629013956377506,0.007818587971519207,0.0031403115630244814,19.15999984741211,1.51,4.54
2012-05-07,0.0007299315584560794,0.00016831725880039355,-0.0024485925648660245,18.940000534057617,1.51,4.54
2012-05-08,-0.00401994753663873,0.005317866711821108,-0.01955122460022864,19.049999237060547,1.51,4.54
2012-05-09,-0.005949918305567011,0.0006737533273119893,-0.009856096620851877,20.079999923706055,1.51,4.54
2012-05-10,0.002060661761284197,-0.0029488774587540494,0.001940260901209398,18.829999923706055,1.51,4.54
2012-05-11,-0.0030185860880779843,0.008233841794026914,-0.007848817296009933,19.889999389648438,1.51,4.54
2012-05-14,-0.011122914353533462,0.01387870784125265,-0.01462845943520308,21.8700008392334,1.51,4.54
2012-05-15,-0.00575778941706132,0.004035723729460717,-0.010562401311462568,21.969999313354492,1.51,4.54
2012-05-16,-0.0038326274608934396,0.0028730616690066314,-0.001871650064246415,22.270000457763672,1.51,4.54
2012-05-17,-0.014941728886745364,0.017548011453664133,0.022101053281684286,24.489999771118164,1.51,4.54
2012-05-18,-0.008595529993996938,0.0002416048201358417,0.011387791619555667,25.100000381469727,1.51,4.54
2012-05-21,0.01704221290154704,-0.0020952777604489295,0.0006467713402268693,22.010000228881836,1.51,4.54
2012-05-22,0.0017413295935617898,-0.011197248897775717,-0.016757749444190322,22.479999542236328,1.51,4.54
2012-05-23,0.0005296602871613036,0.006911773553349131,-0.0030293517963689474,22.329999923706055,1.51,4.54
2012-05-24,0.0019630175275483423,-0.003815241991926126,-0.0013859452168922916,21.540000915527344,1.51,4.54
2012-05-25,-0.0032494532320350676,0.00373416777760818,0.008352766698997548,21.760000228881836,1.51,4.54
2012-05-29,0.012039193179126637,-0.003083606243371109,-0.010931873240010203,21.030000686645508,1.51,4.54
2012-05-30,-0.014616225852460816,0.025044930686292627,0.005875957660694494,24.139999389648438,1.51,4.54
2012-05-31,-0.002203533456850114,0.011507941400324346,-0.001910905902789609,24.059999465942383,1.51,4.54
2012-06-01,-0.025499374712849007,0.023462973998137526,0.03804809984180762,26.65999984741211,1.33,4.54
2012-06-04,-0.0004682352480515583,-0.007932466926998982,-0.0011434641458968186,26.1200008392334,1.33,4.54
2012-06-05,0.007543861110523119,-0.013467227996623723,-0.0011448702562414747,24.68000030517578,1.33,4.54
2012-06-06,0.022219760804325372,-0.020186613456692155,0.0004454100462342761,22.15999984741211,1.33,4.54
2012-06-07,0.0006060623707246169,0.001518363168640564,-0.017388437571983575,21.719999313354492,1.33,4.54
2012-06-08,0.007920010781061847,-0.0002396400339607507,0.0014875385514176553,21.229999542236328,1.33,4.54
2012-06-11,-0.012778528898696991,0.004542036137211361,0.004063373582424457,23.559999465942383,1.33,4.54
2012-06-12,0.011425433893902794,-0.009184905168421992,0.007055420696368892,22.09000015258789,1.33,4.54
2012-06-13,-0.006415383718196926,0.009820182938968644,0.004209384361180728,24.270000457763672,1.33,4.54
2012-06-14,0.010544230023243504,-0.0012712262172027155,0.004001687892130676,21.68000030517578,1.33,4.54
2012-06-15,0.010175530883851635,0.0055527415152864445,0.0005703370916346761,21.110000610351562,1.33,4.54
2012-06-18,0.0019367553460927429,0.0053653081990082665,0.0005700119926437334,18.31999969482422,1.33,4.54
2012-06-19,0.009625691483994798,-0.013148129327960032,-0.004887432513551658,18.3799991607666,1.33,4.54
2012-06-20,-0.00162267422894133,0.004930870213503251,-0.007600729101789924,17.239999771118164,1.33,4.54
2012-06-21,-0.022694127018934345,0.005301443852556134,-0.025651569647767526,20.079999923706055,1.33,4.54
2012-06-22,0.007672044068176273,-0.013426870630124894,0.004070084458850245,18.110000610351562,1.33,4.54
2012-06-25,-0.016164514793154405,0.014452467830041945,0.00731070579506714,20.3799991607666,1.33,4.54
2012-06-26,0.005013278031159185,-0.003949496825695695,-0.007441769628189937,19.719999313354492,1.33,4.54
2012-06-27,0.00897558973594648,0.0015817770732635278,0.001375064652515789,19.450000762939453,1.33,4.54
2012-06-28,-0.002857149803566013,0.0024464326927699648,-0.011715276484427288,19.709999084472656,1.33,4.54
2012-06-29,0.024620519652840473,-0.013092644127857753,0.027039260378949704,17.079999923706055,1.33,4.54
2012-07-02,0.003007819688892691,0.010265409419384777,-0.000644618456697509,16.799999237060547,1.33,4.54
2012-07-03,0.0065721427062429,-0.007715415460339271,0.01516593043631744,16.65999984741211,1.33,4.54
2012-07-05,-0.004522649809162592,0.0050972241391373145,-0.011368929003809548,17.5,1.33,4.54
2012-07-06,-0.009549052763637171,0.009251151309176128,-0.012734817475435407,17.100000381469727,1.33,4.54
2012-07-09,-0.0012552457446703043,0.008775709965565183,0.0021445114458555955,17.979999542236328,1.33,4.54
2012-07-10,-0.008758426551279442,0.002025953408091093,-0.012345429133629288,18.719999313354492,1.33,4.54
2012-07-11,0.00014941481275334596,0.0012452707694215641,0.0055057594568082525,17.950000762939453,1.33,4.54
2012-07-12,-0.004857053962845475,0.007051484666143649,-0.002618033780691079,18.329999923706055,1.33,4.54
2012-07-13,0.016638716558939868,-0.0026291550141861217,0.010106714486149358,16.739999771118164,1.33,4.54
2012-07-16,-0.0023604553973991076,0.00463492531865743,0.0004540770166103946,17.110000610351562,1.33,4.54
2012-07-17,0.0068438240454358965,-0.00789169147458004,-0.004810237265713993,16.479999542236328,1.33,4.54
2012-07-18,0.007379287517571226,0.0005436902354065706,-0.002740430809986751,16.15999984741211,1.33,4.54
2012-07-19,0.002617488281084449,-0.002565194500040368,0.002153848840418498,15.449999809265137,1.33,4.54
2012-07-20,-0.009190274644792268,0.01214547044664472,0.001888899980288932,16.270000457763672,1.33,4.54
2012-07-23,-0.01016372438335621,0.005596686972197947,-0.0041734615256850535,18.6200008392334,1.33,4.54
2012-07-24,-0.008623950590822601,0.007844065801108753,0.00319690690338272,20.469999313354492,1.33,4.54
2012-07-25,0.0002241030924161387,0.002575946693816075,0.013907490755906015,19.34000015258789,1.33,4.54
2012-07-26,0.01636272258071492,-0.009197529189544782,0.007041420048145291,17.530000686645508,1.33,4.54
2012-07-27,0.018264677730108123,-0.019042268826259926,0.00489956132478139,16.700000762939453,1.33,4.54
2012-07-30,0.0,0.007444174667402868,-0.0006984831553893457,18.030000686645508,1.33,4.54
2012-07-31,-0.007018461427385493,0.002006854388529063,-0.005988723225470398,18.93000030517578,1.33,4.54
2012-08-01,-0.0008723550398736699,-0.005011178057831664,-0.00866421414888581,18.959999084472656,1.41,4.54
2012-08-02,-0.006928124351018459,0.005652329235049507,-0.006531497290067034,17.56999969482422,1.41,4.54
2012-08-03,0.01963870990038069,-0.016269084870405053,0.009170809124329653,15.640000343322754,1.41,4.54
2012-08-06,0.0019357086659794358,0.00039144508246304,0.004810013989643127,15.949999809265137,1.41,4.54
2012-08-07,0.0050013410749469725,-0.01294876344274233,-0.00012799457656319368,15.989999771118164,1.41,4.54
2012-08-08,0.0012108901424281544,-0.0053392669105281464,0.0012789166070782496,15.319999694824219,1.41,4.54
2012-08-09,0.0008536651671003264,-0.0007189865518442486,0.0032539650598126992,15.279999732971191,1.41,4.54
2012-08-10,0.0016341976094506514,0.00502474087569776,0.0012094547976165897,14.739999771118164,1.41,4.54
2012-08-13,-0.0004969949410263513,-0.0016717254151577925,-0.007599660994752833,13.699999809265137,1.41,4.54
2012-08-14,0.00014196469513504337,-0.013640393464047816,-0.005528431293767677,14.850000381469727,1.41,4.54
2012-08-15,0.0011356120875172814,-0.014155446065216652,0.003217920039555506,14.630000114440918,1.41,4.54
2012-08-16,0.007351747182297572,-0.008557189360047875,0.005957880902347246,14.289999961853027,1.41,4.54
2012-08-17,0.0013370289056915225,0.004863157600101223,0.0010214739315963608,13.449999809265137,1.41,4.54
2012-08-20,7.06221026254225e-05,0.0020536806630896943,0.0034396702075541645,14.020000457763672,1.41,4.54
2012-08-21,-0.0030286703828148586,0.004422278101658341,0.009934007742546973,15.020000457763672,1.41,4.54
2012-08-22,0.00042333919458209887,0.01636990870780845,0.010708631507447481,15.109999656677246,1.41,4.54
2012-08-23,-0.008212879038929671,0.00417125906893938,0.008373997600348033,15.960000038146973,1.41,4.54
2012-08-24,0.006024186269699666,-0.000961480497145968,0.00049405195165326,15.180000305175781,1.41,4.54
2012-08-27,0.00021196318363871032,0.005832221502634737,-0.0037732430064034606,16.350000381469727,1.41,4.54
2012-08-28,-0.0009893174284044389,0.002386249327456726,0.0017337390057776023,16.489999771118164,1.41,4.54
2012-08-29,0.0007773542447656046,-0.00437959370195234,-0.006517126164973718,17.059999465942383,1.41,4.54
2012-08-30,-0.007233818851328592,0.005174542050288089,-0.0004359382542126009,17.829999923706055,1.41,4.54
2012-08-31,0.004757406336466567,0.014034967902333323,0.02278842769888954,17.469999313354492,1.41,4.54
2012-09-04,-0.0009211229686817819,-0.0010052092764720791,0.0015819565772519967,17.979999542236328,1.41,4.54
2012-09-05,-0.0008516036801494415,-0.004724284149637202,-0.00103408368603259,17.739999771118164,1.41,4.54
2012-09-06,0.020093722111567642,-0.01679078519982984,0.0035237086061065126,15.600000381469727,1.41,4.54
2012-09-07,0.003887273761138643,-0.0046647827111263645,0.021301036576637185,14.380000114440918,1.41,4.54
2012-09-10,-0.0056974195931878534,0.0024151316496595675,-0.0068508245778626286,16.280000686645508,1.41,4.54
2012-09-11,0.0027832975665220594,-0.006292630806152816,0.0036397345213229062,16.40999984741211,1.41,4.54
2012-09-12,0.0033299247818002267,-0.012542678802243664,0.0001191368766436192,15.800000190734863,1.41,4.54
2012-09-13,0.015121395421441287,-0.0039422777391170186,0.019987101882923578,14.050000190734863,1.41,4.54
2012-09-14,0.004424690576743031,-0.026937529999573488,0.002856260822614609,14.510000228881836,1.41,4.54
2012-09-17,-0.003401884331371467,0.011932186919014058,-0.008182448737126974,14.59000015258789,1.41,4.54
2012-09-18,-0.0008179230767003902,0.004998802457224207,0.007716671888582333,14.180000305175781,1.41,4.54
2012-09-19,0.0005452241097389677,0.006544584941821185,0.00011648676464511073,13.880000114440918,1.41,4.54
2012-09-20,6.884300731855405e-05,0.002474296221800039,-0.0015734059198807039,14.069999694824219,1.41,4.54
2012-09-21,-0.000418487856119485,0.00115237260328139,0.00285359936146375,13.979999542236328,1.41,4.54
2012-09-24,-0.0015097174648774174,0.007785169331722495,-0.0053060014063377545,14.149999618530273,1.41,4.54
2012-09-25,-0.010698289920745398,0.009829065454675953,-0.0016382823469836482,15.430000305175781,1.41,4.54
2012-09-26,-0.005637154096841393,0.010692872091816715,-0.0056374963370224036,16.809999465942383,1.41,4.54
2012-09-27,0.009377168188226027,-0.007142468433593903,0.014789097981363655,14.84000015258789,1.41,4.54
2012-09-28,-0.004642837013469342,0.0005635017339310922,-0.0026145147730523375,15.729999542236328,1.41,4.54
2012-10-01,0.0026363012764730825,0.0037040050028621535,0.0023243307866659033,16.31999969482422,1.47,4.54
2012-10-02,0.0010378317013000561,-0.0013674191563168684,-0.0011033258934751609,15.710000038146973,1.47,4.54
2012-10-03,0.004075009924504564,0.0003216935776008476,0.0017996437460312752,15.430000305175781,1.47,4.54
2012-10-04,0.007142767268807301,-0.012548763023371238,0.006936025341043228,14.550000190734863,1.47,4.54
2012-10-05,6.848039787601242e-05,-0.01303907631398347,-0.00571878926447531,14.329999923706055,1.47,4.54
2012-10-08,-0.0034277897788790946,0.008384139160879947,-0.0033074685239183545,15.109999656677246,1.47,4.54
2012-10-09,-0.00993634712219457,-0.001802530533247423,-0.006180042594964688,16.3700008392334,1.47,4.54
2012-10-10,-0.006400427359247314,0.0070272412596673,-0.0008776828487819255,16.290000915527344,1.47,4.54
2012-10-11,0.0005577958133929918,0.00689752116734439,0.002805770961490514,15.59000015258789,1.47,4.54
2012-10-12,-0.0032837773751424656,0.002504212525568467,-0.0073818938973548055,16.139999389648438,1.47,4.54
2012-10-15,0.008293805640742658,-0.0022615575327597894,-0.010106119739498041,15.270000457763672,1.47,4.54
2012-10-16,0.010081980218730847,-0.013921360297604367,0.006335646333619325,15.220000267028809,1.47,4.54
2012-10-17,0.00452508184457402,-0.009307037173270995,0.0007080193841468657,15.069999694824219,1.47,4.54
2012-10-18,-0.0026026342140991147,-0.006141967809708516,-0.00443354865538353,15.029999732971191,1.47,4.54
2012-10-19,-0.01680479081288803,0.013479488134169718,-0.010841136052605957,17.059999465942383,1.47,4.54
2012-10-22,0.0001391692539947008,-0.006427828801727734,0.003646697239812837,16.6200008392334,1.47,4.54
2012-10-23,-0.013972952394208404,0.01420158914728176,-0.012912759766492157,18.829999923706055,1.47,4.54
2012-10-24,-0.002832639880774168,-0.009911599935228903,-0.003451467757776219,18.329999923706055,1.47,4.54
2012-10-25,0.00290285506646445,-0.0051168472346150625,0.007011656174181994,18.1200008392334,1.47,4.54
2012-10-26,-0.0005656145615633029,0.014620481475961887,-0.0005423202272228979,17.809999465942383,1.47,4.54
2012-10-31,0.0,0.005853532270523675,0.005409372308871991,18.600000381469727,1.47,4.54
2012-11-01,0.010416045941904546,-0.008221281322775184,-0.004565910521291634,16.690000534057617,1.38,4.54
2012-11-02,-0.008931606037091274,-0.0007356661241659189,-0.02111619567115675,17.59000015258789,1.38,4.54
2012-11-05,0.0020465192917049867,0.005627887508538656,0.003866988340753932,18.420000076293945,1.38,4.54
2012-11-06,0.007794504767737871,-0.009479831987046165,0.018633181558340834,17.579999923706055,1.38,4.54
2012-11-07,-0.02292431806962632,0.01798395844439238,0.0011418760009174647,19.079999923706055,1.38,4.54
2012-11-08,-0.01209661475095316,0.014729683425832646,0.008969205970755553,18.489999771118164,1.38,4.54
2012-11-09,0.0008687388132502925,0.0011117019339836848,-0.0010124664362506366,18.610000610351562,1.38,4.54
2012-11-12,0.0007957512597317435,0.0016653269062526504,-0.002207239069899678,16.68000030517578,1.38,4.54
2012-11-13,-0.0034775606067622487,0.0033220942071786465,-0.0020923088878503668,16.649999618530273,1.38,4.54
2012-11-14,-0.01359069698138594,0.0009480210072815764,0.0002393087940783899,17.920000076293945,1.38,4.54
2012-11-15,-0.0016933814745827892,-0.001974510471777402,-0.0063019928595901085,17.989999771118164,1.38,4.54
2012-11-16,0.0049251623873441805,-0.0008699721155343913,-0.0012651232479694255,16.40999984741211,1.38,4.54
2012-11-19,0.020037056455212646,-0.005634478901007793,0.011925176433462218,15.239999771118164,1.38,4.54
2012-11-20,0.0004312687895268291,-0.01007759827499203,-0.002863425779210265,15.079999923706055,1.38,4.54
2012-11-21,0.0018660623289235467,-0.0005630239275219118,0.0010150660402493473,15.3100004196167,1.38,4.54
2012-11-23,0.013533067885064863,-0.000965437469780638,0.012160205973813025,15.140000343322754,1.38,4.54
2012-11-26,-0.002124575539071889,0.004738747595959776,-0.0010618685408751542,15.5,1.38,4.54
2012-11-27,-0.00511772124530202,0.00391876423616955,-0.004258514528236021,15.920000076293945,1.38,4.54
2012-11-28,0.008020301033984887,-0.0014381962071890154,-0.012885721450133563,15.510000228881836,1.38,4.54
2012-11-29,0.004654881768543186,0.0001601084877975126,0.0037754494975707773,15.0600004196167,1.38,4.54
2012-11-30,0.0002108154440813796,-0.002720894813637489,-0.006782066259329654,15.869999885559082,1.38,4.54
2012-12-03,-0.004936716177549184,0.0009234091063831819,0.0004816775885995999,16.639999389648438,1.38,4.54
2012-12-04,-0.00141453907207003,0.0057588853080486205,-0.010346525202362707,17.1200008392334,1.38,4.54
2012-12-05,0.0017677420668487293,-0.00047859092168048224,-0.0018262807650325558,16.459999084472656,1.38,4.54
2012-12-06,0.0033870128472444434,0.0021519457829906295,0.002312732382919267,16.579999923706055,1.38,4.54
2012-12-07,0.0030238767005670315,-0.009279378328601474,0.004004152985563731,15.899999618530273,1.38,4.54
2012-12-10,0.0004210669152434804,0.004410875736036033,0.0038675379164635304,16.049999237060547,1.38,4.54
2012-12-11,0.006785530100320767,-0.007630457805790264,-0.0009051692074031703,15.569999694824219,1.38,4.54
2012-12-12,0.00048804843948105803,-0.011678674840796094,0.0007242193101501478,15.949999809265137,1.38,4.54
2012-12-13,-0.006151080724088624,0.0007345016187500819,-0.008481356697994205,16.559999465942383,1.38,4.54
2012-12-14,-0.0037226644250929124,0.007470911304713894,-0.0014611280186981382,17.0,1.38,4.54
2012-12-17,0.011684087934415248,-0.015081116906543174,0.0018869503829595713,16.34000015258789,1.38,4.54
2012-12-18,0.011067043951039055,-0.010237051445618725,-0.014455725078867119,15.569999694824219,1.38,4.54
2012-12-19,-0.007457364702712004,0.003313927685174105,-0.002409114946575244,17.360000610351562,1.38,4.54
2012-12-20,0.005736391720497448,0.0001656188911803359,-0.012196073797178996,17.670000076293945,1.38,4.54
2012-12-21,-0.009119219864526214,0.010856070116064542,0.00374933956743618,17.84000015258789,1.38,4.54
2012-12-24,-0.0030862945214816598,-0.0018006212962065108,0.0018070937392538678,17.84000015258789,1.38,4.54
2012-12-26,-0.004223599788315905,0.003590146210590529,0.0009956669468964311,19.479999542236328,1.38,4.54
2012-12-27,-0.001341213140677318,0.003349701031096674,0.002360719739151777,19.469999313354492,1.38,4.54
2012-12-28,-0.010866673115366871,0.0056927449035589816,-0.003854592163680614,22.719999313354492,1.38,4.54
2012-12-31,0.016853398113147858,-0.017424164671196125,0.009176719889400711,18.020000457763672,1.38,4.54
2013-01-02,0.025307524774351088,-0.013459048195554624,0.0070727801089134085,14.680000305175781,1.64,4.54
2013-01-03,-0.0022624747920842957,-0.013641732254724316,-0.012146779740190669,14.5600004196167,1.64,4.54
2013-01-04,0.004382044378994211,0.0038925008731782083,-0.0047257550222331544,13.829999923706055,1.64,4.54
2013-01-07,-0.00273619020922783,0.00042202835730255686,-0.006315147639550098,13.789999961853027,1.64,4.54
2013-01-08,-0.0028814159335871473,0.006563536831841562,0.007062780803268713,13.619999885559082,1.64,4.54
2013-01-09,0.0025383562137686073,-0.000923045548686754,-0.0004360197219949153,13.8100004196167,1.64,4.54
2013-01-10,0.007918605807106982,-0.0027742597613909735,0.009241174883853428,13.489999771118164,1.64,4.54
2013-01-11,-6.795446349908862e-05,0.00888333902763508,-0.005695893235337639,13.359999656677246,1.64,4.54
2013-01-14,-0.0006803203307895902,-0.0027568780826274035,0.002975797243476377,13.520000457763672,1.64,4.54
2013-01-15,0.0006803203307895183,0.004591441583443647,0.006294400919113552,13.550000190734863,1.64,4.54
2013-01-16,-0.00013611827389290677,0.002079803238726366,0.0005534660222785934,13.420000076293945,1.64,4.54
2013-01-17,0.006439383331964744,-0.0100234460057869,0.004294560017826217,13.569999694824219,1.64,4.54
2013-01-18,0.0022274242656617643,0.007693974105502547,-0.0015930021974330576,12.460000038146973,1.64,4.54
2013-01-22,0.005378841339071745,0.001913453258705106,0.003550021116017711,12.430000305175781,1.64,4.54
2013-01-23,0.0016080396441445577,-0.0014976492429733981,-0.002814438031338391,12.460000038146973,1.64,4.54
2013-01-24,0.00026760574290764943,-0.0035028624785246563,-0.01102810374616787,12.6899995803833,1.64,4.54
2013-01-25,0.0056066851322168565,-0.013798760056756449,-0.004781604983568098,12.890000343322754,1.64,4.54
2013-01-28,-0.0011986248551803737,-0.0036502810193848926,-0.002243414817202356,13.569999694824219,1.64,4.54
2013-01-29,0.003923569951049702,-0.005542440247424208,0.004357652623316265,13.3100004196167,1.64,4.54
2013-01-30,-0.00392356995104976,-0.001712190375568673,0.007426217176999296,14.319999694824219,1.64,4.54
2013-01-31,-0.002468905167015387,0.0048705574074818705,-0.006122691411324907,14.279999732971191,1.64,4.54
2013-02-01,0.010234629909870148,-0.013069813197304589,0.0015496671610711066,12.899999618530273,1.71,4.54
2013-02-04,-0.011303535337950015,0.012728067562753133,0.0034008569302853,14.670000076293945,1.71,4.54
2013-02-05,0.010046723719148052,-0.008927198880837576,-0.0002469026145644602,13.720000267028809,1.71,4.54
2013-02-06,0.0007279437389308838,0.008157820369793586,0.0026514131006226955,13.40999984741211,1.71,4.54
2013-02-07,-0.0013238707595383179,-0.002226147789587065,-0.003392675486914591,13.5,1.71,4.54
2013-02-08,0.005548896561306036,0.00385009475090157,-0.0016696396112383367,13.020000457763672,1.71,4.54
2013-02-11,-0.00019772677406146286,-0.0007695681948892003,-0.011641494508639208,12.9399995803833,1.71,4.54
2013-02-12,0.0016457733504406688,-0.002480401057218878,0.001189038868357003,12.640000343322754,1.71,4.54
2013-02-13,0.000854999945919416,-0.00817115034415935,-0.005267437597442791,12.979999542236328,1.71,4.54
2013-02-14,0.0009195215975796064,0.00902748456469881,-0.0044108258534539865,12.65999984741211,1.71,4.54
2013-02-15,-0.001182559418845389,-0.0029148546976690555,-0.016491485732013745,12.460000038146973,1.71,4.54
2013-02-19,0.007466720637010179,-0.004990287396766153,-0.00276442800912232,12.3100004196167,1.71,4.54
2013-02-20,-0.01254189474259701,0.0030143082803284426,-0.02536237476562978,14.680000305175781,1.71,4.54
2013-02-21,-0.006097725864661598,0.005831682103790129,0.007761616845874272,15.220000267028809,1.71,4.54
2013-02-22,0.009725774036808837,0.0006832185469960422,0.0022906918469714913,14.170000076293945,1.71,4.54
2013-02-25,-0.01921034298682492,0.01946251460438152,0.008916105586720739,18.989999771118164,1.71,4.54
2013-02-26,0.006822275266243469,-0.0057983236541680515,0.012107340694240326,16.8700008392334,1.71,4.54
2013-02-27,0.01251959650442612,-0.0029548409669741594,-0.010618162447447536,14.729999542236328,1.71,4.54
2013-02-28,-0.0019769626903263383,0.001858615801076592,-0.010209194156268543,15.510000228881836,1.71,4.54
2013-03-01,0.0032925598399214983,0.00543032070724021,-0.003666829371253608,15.359999656677246,1.7,4.54
2013-03-04,0.00531119718019209,-0.005312000605311502,-0.0009188120822602375,14.010000228881836,1.7,4.54
2013-03-05,0.008918788773342592,-0.0028794381088356434,0.0005251531495988175,13.479999542236328,1.7,4.54
2013-03-06,0.00136019357613042,-0.009114689472109118,0.005562599618897849,13.529999732971191,1.7,4.54
2013-03-07,0.0018109452376817831,-0.007730741382246929,-0.0035302945226979147,13.0600004196167,1.7,4.54
2013-03-08,0.004254646536549562,-0.010489889213974802,0.0001310037451856418,12.59000015258789,1.7,4.54
2013-03-11,0.003788218120234812,0.0009585082359995017,0.0018318537547607815,11.5600004196167,1.7,4.54
2013-03-12,-0.0022451593687372495,0.007199914693204403,0.00781302833234655,12.270000457763672,1.7,4.54
2013-03-13,0.0014119209107567013,-0.0010374156402341126,-0.0034432307449765156,11.829999923706055,1.7,4.54
2013-03-14,0.005309469555696065,-0.003034286770238127,0.00013007752936968284,11.300000190734863,1.7,4.54
2013-03-15,-0.0013209312162649576,0.004676467765089007,0.0020801316122226374,11.300000190734863,1.7,4.54
2013-03-18,-0.00553409681282161,0.007573114622700767,0.008921158533619225,13.359999656677246,1.7,4.54
2013-03-19,-0.002325664212767973,0.006750515057819259,0.00449494709912103,14.390000343322754,1.7,4.54
2013-03-20,0.006961258047396311,-0.01121818478206882,-0.004559370369457158,12.670000076293945,1.7,4.54
2013-03-21,-0.008579252125825628,0.009599002006763706,0.005647950939598429,13.989999771118164,1.7,4.54
2013-03-22,0.008001198951210913,0.000767105972791195,-0.004490045653721258,13.569999694824219,1.7,4.54
2013-03-25,-0.004186209079949613,-0.0009374767828795216,-0.001994901077106218,13.739999771118164,1.7,4.54
2013-03-26,0.0079702429181977,0.0011926421977724647,-0.00335530229094277,12.770000457763672,1.7,4.54
2013-03-27,0.0,0.008485465142935375,0.004127968876901494,13.149999618530273,1.7,4.54
2013-03-28,0.003068783663693689,-0.0050822791434199715,-0.005874608865923951,12.699999809265137,1.7,4.54
2013-04-01,-0.00396521482801332,0.007503616355897041,0.001423403605869597,13.579999923706055,1.53,4.54
2013-04-02,0.004922220784838268,-0.004063227877124735,-0.014588376987558337,12.779999732971191,1.53,4.54
2013-04-03,-0.010190955634870111,0.008950524651593211,-0.011215297746718735,14.210000038146973,1.53,4.54
2013-04-04,0.0040506355928356845,0.011864606615900025,-0.0029234122040560696,13.890000343322754,1.53,4.54
2013-04-05,-0.004501276651341465,0.019983629727906606,0.016628587367166922,13.920000076293945,1.53,4.54
2013-04-08,0.006744125898837239,-0.007683467032423634,-0.004262680775851177,13.1899995803833,1.53,4.54
2013-04-09,0.0034508521495972932,-0.0024645941799626312,0.007725031383893976,12.84000015258789,1.53,4.54
2013-04-10,0.01217479856780308,-0.01383088710109785,-0.017034818641169572,12.359999656677246,1.53,4.54
2013-04-11,0.0032715994212277203,0.0019165790267363734,0.0019880924290127428,12.239999771118164,1.53,4.54
2013-04-12,-0.002452740634975367,0.0147895428170756,-0.048144932178246586,12.0600004196167,1.53,4.54
2013-04-15,-0.023446780502868483,0.008655449381406439,-0.09190507457983844,17.270000457763672,1.53,4.54
2013-04-16,0.01465493874163246,-0.008245247130478441,0.011283338744214735,13.960000038146973,1.53,4.54
2013-04-17,-0.014719024148189628,0.0066179026780349174,0.000526909831982771,16.510000228881836,1.53,4.54
2013-04-18,-0.006273391859189482,0.0024398909996134538,0.010704956398210237,17.559999465942383,1.53,4.54
2013-04-19,0.008655626569207618,-0.002113549387965642,0.008674096350888906,14.970000267028809,1.53,4.54
2013-04-22,0.004428322791876448,0.0007318717797094027,0.01777851793528908,14.390000343322754,1.53,4.54
2013-04-23,0.010256116192786605,-0.0035040720223988263,-0.007424075282657943,13.479999542236328,1.53,4.54
2013-04-24,0.000633819494369871,0.0025271414054619983,0.01082655613705574,13.609999656677246,1.53,4.54
2013-04-25,0.004045551269947455,-0.004325011351688847,0.023286836308933283,13.619999885559082,1.53,4.54
2013-04-26,-0.0017681224156317064,0.009118194232196963,-0.0050966430061307215,13.609999656677246,1.53,4.54
2013-04-29,0.006676475150082457,-0.003653597589034413,0.009816111845741552,13.710000038146973,1.53,4.54
2013-04-30,0.0023827407730764374,0.0005694843511155909,0.003297447184859199,13.520000457763672,1.53,4.54
2013-05-01,-0.008806883261293386,0.010220713194430686,-0.011695241331580094,14.489999771118164,1.68,4.54
2013-05-02,0.009244771017489115,-0.0012915316051448215,0.00572377326421984,13.59000015258789,1.68,4.54
2013-05-03,0.010090156148234495,-0.02385886102560761,0.0011971282175668827,12.850000381469727,1.68,4.54
2013-05-06,0.0025370949144757843,-0.0024840545650359268,0.0004221612830436374,12.65999984741211,1.68,4.54
2013-05-07,0.005056133974259249,-0.003903727439224682,-0.012529729074763163,12.829999923706055,1.68,4.54
2013-05-08,0.004540680327783876,0.0015801083515013896,0.01470823959319662,12.65999984741211,1.68,4.54
2013-05-09,-0.0028202797492075707,-0.0025799209300746088,-0.011649859087374476,13.130000114440918,1.68,4.54
2013-05-10,0.0032486497123090973,-0.010803830022086507,-0.008630212541188757,12.59000015258789,1.68,4.54
2013-05-13,0.0007950577057370392,-0.007693497193702341,-0.008416504259274501,12.550000190734863,1.68,4.54
2013-05-14,0.010280945364805382,-0.010920535803683315,-0.0044888226191427795,12.770000457763672,1.68,4.54
2013-05-15,0.0053722024192539705,0.006669305268300301,-0.023345595911785897,12.8100004196167,1.68,4.54
2013-05-16,-0.004706597509791668,0.010343404709131556,-0.004019122278807547,13.069999694824219,1.68,4.54
2013-05-17,0.009630845132180968,-0.012732625221664535,-0.022779601469059194,12.449999809265137,1.68,4.54
2013-05-20,-6.0347843617242446e-05,-0.0011966607011133425,0.030431648851024378,13.020000457763672,1.68,4.54
2013-05-21,0.001437186127090531,0.007837111749029487,-0.01671673431161512,13.369999885559082,1.68,4.54
2013-05-22,-0.007445590493056814,-0.014961694640037082,-0.007099209752431566,13.819999694824219,1.68,4.54
2013-05-23,-0.0028970460693869856,0.004726581568683775,0.020034420891585903,14.069999694824219,1.68,4.54
2013-05-24,-0.000846122320801028,0.0013714992166943018,-0.0063346049211476085,13.989999771118164,1.68,4.54
2013-05-28,0.005970751636759286,-0.025669446595696387,-0.0020204984510566455,14.479999542236328,1.68,4.54
2013-05-29,-0.006515329667195435,0.011181058287055467,0.009988129408433648,14.829999923706055,1.68,4.54
2013-05-30,0.0036849156513285644,-0.0024353512461991874,0.013773982178960965,14.529999732971191,1.68,4.54
2013-05-31,-0.014455936195948288,-0.0034018328869912314,-0.02054612833699834,16.299999237060547,1.68,4.54
2013-06-03,0.0054913812980474834,0.005284838428347495,0.019155238706458418,16.280000686645508,1.68,4.54
2013-06-04,-0.00481829712358126,-0.009277846612106254,-0.00942083088363743,16.270000457763672,1.68,4.54
2013-06-05,-0.01410016805387353,0.013711675507188697,0.002142261538931351,17.5,1.68,4.54
2013-06-06,0.009012819780025457,-0.000608009640781183,0.007425099325577856,16.6299991607666,1.68,4.54
2013-06-07,0.012639374408418443,-0.01803989652133821,-0.024092192496149724,15.140000343322754,1.68,4.54
2013-06-10,0.0,-0.004784153435471174,0.004939787449919778,15.4399995803833,1.68,4.54
2013-06-11,-0.01036873986424179,0.011828735202835438,-0.0051648936635613095,17.06999969482422,1.68,4.54
2013-06-12,-0.008311549124799976,-0.01440660577669472,0.007476670343020137,18.59000015258789,1.68,4.54
2013-06-13,0.01509430768907317,0.015546401172635489,-0.0038060756896859606,16.40999984741211,1.68,4.54
2013-06-14,-0.006292838493077781,-0.002368950735873959,0.005145905283357988,17.149999618530273,1.68,4.54
2013-06-17,0.007692550802395841,-0.005285746110535478,-0.00492162373629442,16.799999237060547,1.68,4.54
2013-06-18,0.007874570144796374,0.0005295926777171473,-0.012335615865617823,16.610000610351562,1.68,4.54
2013-06-19,-0.01391341146318267,-0.010381251294568627,-0.011723707191219441,16.639999389648438,1.68,4.54
2013-06-20,-0.025090403796357748,-0.016548777411677325,-0.05501208351122277,20.489999771118164,1.68,4.54
2013-06-21,0.0032048602398996704,-0.017104111535089662,0.011663149049636777,18.899999618530273,1.68,4.54
2013-06-24,-0.012716509147861484,0.004142423425369009,-0.0089967891886606,20.110000610351562,1.68,4.54
2013-06-25,0.00956808492558689,-0.008950632506516015,-0.0037186710729782786,18.469999313354492,1.68,4.54
2013-06-26,0.009852701280986647,0.006467600191371465,-0.04294353680246575,17.209999084472656,1.68,4.54
2013-06-27,0.0058526687723114285,0.010170718723419916,-0.019981847694739895,16.860000610351562,1.68,4.54
2013-06-28,-0.004105703092482138,0.006814322730685596,0.026974604047993497,16.860000610351562,1.68,4.54
2013-07-01,0.00584236544861203,0.0020119601386681526,0.016816885336969126,16.3700008392334,2.24,4.54
2013-07-02,-0.000930114292000602,-0.0006342327161627741,-0.008955978266061641,16.440000534057617,2.24,4.54
2013-07-03,0.000434333594326792,-0.002994988183367154,0.005731107587480113,16.200000762939453,2.24,4.54
2013-07-05,0.010730886690126862,-0.03468191968690422,-0.022192441073447894,14.890000343322754,2.24,4.54
2013-07-08,0.005688563607384608,0.009646586028515154,0.01195305315168202,14.779999732971191,2.24,4.54
2013-07-09,0.0071712454743893305,0.0010240729045149478,0.009245063039676966,14.350000381469727,2.24,4.54
2013-07-10,0.00036347763803252733,-0.007851134700912877,0.0027320810310944702,14.210000038146973,2.24,4.54
2013-07-11,0.013529165044290178,0.011661860629678679,0.026837949821575214,14.010000228881836,2.24,4.54
2013-07-12,0.0004177231632814872,-0.0008354945225864454,-0.0008857802448473976,13.84000015258789,2.24,4.54
2013-07-15,0.00381296843651267,0.00527760160863912,0.0004027469930758848,13.789999961853027,2.24,4.54
2013-07-16,-0.0037532593849934934,0.0034113943859586933,0.005701216593606186,14.420000076293945,2.24,4.54
2013-07-17,0.0025635573601989767,0.0018389005917200944,-0.01265074444459673,13.779999732971191,2.24,4.54
2013-07-18,0.005462588756496242,-0.012571910238698386,0.005579624197672816,13.770000457763672,2.24,4.54
2013-07-19,0.001774761256328528,0.01568967295664427,0.008831130466871416,12.539999961853027,2.24,4.54
2013-07-22,0.0019492221138374005,0.0014647984519164307,0.029377940831470724,12.289999961853027,2.24,4.54
2013-07-23,-0.0021260516152036384,-0.004215266517934527,0.006729945073879884,12.65999984741211,2.24,4.54
2013-07-24,-0.0036726818678296386,-0.012753369310400369,-0.017341725231021614,13.180000305175781,2.24,4.54
2013-07-25,0.0024305161902006722,-0.00037170570173356314,0.009291457084115504,12.970000267028809,2.24,4.54
2013-07-26,0.0010647437457590387,0.006121590232920061,0.000854539664784338,12.720000267028809,2.24,4.54
2013-07-29,-0.0030798753414535015,-0.007332111038494955,-0.002410089085684926,13.390000343322754,2.24,4.54
2013-07-30,0.0,-0.0003730050174613962,-0.0027281369156585316,13.390000343322754,2.24,4.54
2013-07-31,0.0007114616977342043,0.0036285259390916396,-0.0012495787031893267,13.449999809265137,2.24,4.54
2013-08-01,0.011492257400781908,-0.019456679982500304,-0.010606207573640596,12.9399995803833,2.3800000000000003,4.54
2013-08-02,0.0016975435925173593,0.010949348981328095,-0.001976519588739746,11.979999542236328,2.3800000000000003,4.54
2013-08-05,-0.0014633586113333278,-0.00772781500713768,-0.005236889446047351,11.84000015258789,2.3800000000000003,4.54
2013-08-06,-0.005698808946658539,0.0029290350230336652,-0.01385848062127863,12.720000267028809,2.3800000000000003,4.54
2013-08-07,-0.003245732979376484,0.0074244189905273966,0.0014509135479650783,12.979999542236328,2.3800000000000003,4.54
2013-08-08,0.0036581569295346247,0.0027116127717432856,0.02159359677218957,12.729999542236328,2.3800000000000003,4.54
2013-08-09,-0.002889761320072484,0.001585941202836655,0.0,13.40999984741211,2.3800000000000003,4.54
2013-08-12,-0.0011818824216739186,-0.00682944707243615,0.017735565654740437,12.8100004196167,2.3800000000000003,4.54
2013-08-13,0.0029516994362451207,-0.014561798218430887,-0.0108227552615397,12.3100004196167,2.3800000000000003,4.54
2013-08-14,-0.0051418205694255485,0.0015228780813829426,0.009815472951498759,13.039999961853027,2.3800000000000003,4.54
2013-08-15,-0.014084837202581036,-0.01359598603467323,0.020638289899497057,14.729999542236328,2.3800000000000003,4.54
2013-08-16,-0.003311649302577286,-0.003476537161680419,0.006735556363018295,14.369999885559082,2.3800000000000003,4.54
2013-08-19,-0.006412500777353204,-0.008744538025589516,-0.004308614943246926,15.100000381469727,2.3800000000000003,4.54
2013-08-20,0.0049040414377919846,0.007679821230048666,0.003327556996308892,14.90999984741211,2.3800000000000003,4.54
2013-08-21,-0.006179634364600419,-0.01100413410363906,-0.002873052164441264,15.9399995803833,2.3800000000000003,4.54
2013-08-22,0.009074395231181635,0.010132206075839284,0.005587376516652108,14.760000228881836,2.3800000000000003,4.54
2013-08-23,0.0033661894032370196,0.010797323321082273,0.015614200939507474,13.979999542236328,2.3800000000000003,4.54
2013-08-26,-0.0037276480402209005,0.004973535263426629,0.004068828031624427,14.989999771118164,2.3800000000000003,4.54
2013-08-27,-0.016215144440793444,0.012515709154267465,0.00955189530149838,16.770000457763672,2.3800000000000003,4.54
2013-08-28,0.0035444103490715594,-0.008136735370224359,-0.00029249824790502016,16.489999771118164,2.3800000000000003,4.54
2013-08-29,0.001585322896920867,0.007948220859398936,-0.006163432755339088,16.809999465942383,2.3800000000000003,4.54
2013-08-30,-0.0031717713241783503,-0.0011309112560929945,-0.009242551987358015,17.010000228881836,2.3800000000000003,4.54
2013-09-03,0.004511007261142807,-0.014205283421754344,0.013282390492898161,16.610000610351562,2.3800000000000003,4.54
2013-09-04,0.008239491237717347,-0.002209839590020702,-0.012985238492024438,15.880000114440918,2.3800000000000003,4.54
2013-09-05,0.0012659820749144402,-0.014041646109638097,-0.01843720597917757,15.770000457763672,2.3800000000000003,4.54
2013-09-06,0.00048191749899302464,0.004961419505236418,0.014642627040753583,15.850000381469727,2.3800000000000003,4.54
2013-09-09,0.009529778294608125,0.00048472033164765547,-0.0017905715189216484,15.630000114440918,2.3800000000000003,4.54
2013-09-10,0.007370261076813995,-0.0070083539794581085,-0.016337634945460925,14.529999732971191,2.3800000000000003,4.54
2013-09-11,0.003133487050498027,0.00885004011285106,-0.0003037393323617421,13.819999694824219,2.3800000000000003,4.54
2013-09-12,-0.0026595348602323696,-0.0013564651589012412,-0.03107779008702503,14.289999961853027,2.3800000000000003,4.54
2013-09-13,0.0022465851320854872,0.0038708033016363703,0.0011742263444235006,14.15999984741211,2.3800000000000003,4.54
2013-09-16,0.005770516141217167,-0.00668609200980908,-0.010776072852725437,14.380000114440918,2.3800000000000003,4.54
2013-09-17,0.004453041788772758,0.008229830672134966,0.0003953591857079829,14.529999732971191,2.3800000000000003,4.54
2013-09-18,0.011507579940236445,0.012266408267394186,0.042635327513365635,13.59000015258789,2.3800000000000003,4.54
2013-09-19,-0.0016773651403107644,-0.005922739690999307,-0.001971448259468817,13.15999984741211,2.3800000000000003,4.54
2013-09-20,-0.007015943325877312,0.005255770614144379,-0.029188479494947676,13.119999885559082,2.3800000000000003,4.54
2013-09-23,-0.004638101021174689,0.007311999220824681,-0.0032092394127312043,14.3100004196167,2.3800000000000003,4.54
2013-09-24,-0.0023571114311861066,0.010728930575568195,0.000862040000545821,14.079999923706055,2.3800000000000003,4.54
2013-09-25,-0.0028946124938326787,0.0020567009524695306,0.008812610259893472,14.010000228881836,2.3800000000000003,4.54
2013-09-26,0.003838034843717216,-0.007030644256665088,-0.007794819989308921,14.0600004196167,2.3800000000000003,4.54
2013-09-27,-0.0046069430046801136,0.0024431276512957363,0.009191529856392782,15.460000038146973,2.3800000000000003,4.54
2013-09-30,-0.005342652121532928,-0.0015023178822674678,-0.006144359705342492,16.600000381469727,2.3800000000000003,4.54
2013-10-01,0.007884868793910496,-0.0030391112154221586,-0.028407152018487033,15.539999961853027,2.2800000000000002,4.54
2013-10-02,-0.0009455964746484751,0.0015109677160092024,0.01963107970630708,16.600000381469727,2.2800000000000002,4.54
2013-10-03,-0.009263067721497828,-0.0016056834032406164,0.0009440116150262174,17.670000076293945,2.2800000000000002,4.54
2013-10-04,0.0075480240454096625,-0.0007565147795060347,-0.005123983685186541,16.739999771118164,2.2800000000000002,4.54
2013-10-07,-0.008682224663880541,0.00405941423811423,0.008734372074589061,19.40999984741211,2.2800000000000002,4.54
2013-10-08,-0.011715286245518637,0.00028206346411248774,-0.0018820415130879548,20.34000015258789,2.2800000000000002,4.54
2013-10-09,0.0007246208879060133,-0.008037820726184728,-0.01017720830751646,19.600000381469727,2.2800000000000002,4.54
2013-10-10,0.021329097292968915,0.001612536040257217,-0.014697956002940963,16.479999542236328,2.2800000000000002,4.54
2013-10-11,0.006422720003587038,-0.00028429189118198546,-0.013529579748560205,15.720000267028809,2.2800000000000002,4.54
2013-10-14,0.003985949573187111,-0.008092048628180155,0.0018742894021133204,16.06999969482422,2.2800000000000002,4.54
2013-10-15,-0.007280297763683203,-0.0006700212772056322,0.007300498898775199,18.65999984741211,2.2800000000000002,4.54
2013-10-16,0.013869124269766686,0.012453924072543816,-0.001536801678475267,14.710000038146973,2.2800000000000002,4.54
2013-10-17,0.006660738469645428,0.009027704390046954,0.030923704639582567,13.479999542236328,2.2800000000000002,4.54
2013-10-18,0.006732018289029056,0.0021519016120608706,-0.0044834283018233756,13.039999961853027,2.2800000000000002,4.54
2013-10-21,5.707529820001349e-05,-0.0031818742901689964,0.0010243461627259776,13.15999984741211,2.2800000000000002,4.54
2013-10-22,0.005775024406941,0.011091043133788257,0.018414947525612457,13.329999923706055,2.2800000000000002,4.54
2013-10-23,-0.004800806464464874,0.0038859403206075935,-0.0050381372278342695,13.420000076293945,2.2800000000000002,4.54
2013-10-24,0.003317121631022354,-0.0038859403206077284,0.009358446213496314,13.199999809265137,2.2800000000000002,4.54
2013-10-25,0.004557078209598069,0.0037010902043803006,0.00430184114069166,13.09000015258789,2.2800000000000002,4.54
2013-10-28,0.001590233860045318,-0.0034226997481993367,0.0007661546853194367,13.3100004196167,2.2800000000000002,4.54
2013-10-29,0.0053199023179560465,0.0012956642311045682,-0.006069186843828599,13.40999984741211,2.2800000000000002,4.54
2013-10-30,-0.00497957381623135,-0.006033138151219413,-0.001310854659270559,13.649999618530273,2.2800000000000002,4.54
2013-10-31,-0.002840189229420232,0.002139290704340467,-0.014455899603027917,13.75,2.2800000000000002,4.54
2013-11-01,0.002386570794896215,-0.010882808545661479,-0.006203647298539357,13.279999732971191,2.4200000000000004,4.54
2013-11-04,0.0035121217767192887,0.0009403618807830981,-0.0011034001173000462,12.930000305175781,2.4200000000000004,4.54
2013-11-05,-0.003171754723578538,-0.012020512989153544,-0.0019733992654948685,13.270000457763672,2.4200000000000004,4.54
2013-11-06,0.005092825197614787,0.00047660745074847786,0.00504414218537563,12.670000076293945,2.4200000000000004,4.54
2013-11-07,-0.012723855049874753,0.008434714460582539,-0.008209655231932443,13.90999984741211,2.4200000000000004,4.54
2013-11-08,0.013400786691350811,-0.02435963463694469,-0.015013896979636615,12.899999618530273,2.4200000000000004,4.54
2013-11-11,0.00016926785090531926,-0.0037788364470800343,-0.003304423963436345,12.529999732971191,2.4200000000000004,4.54
2013-11-12,-0.002032147082111817,0.00464853899924556,-0.011529892263514105,12.819999694824219,2.4200000000000004,4.54
2013-11-13,0.007992015591070515,0.0036649374893164177,0.00326132807082609,12.520000457763672,2.4200000000000004,4.54
2013-11-14,0.004976793557125419,0.006141870366990663,0.011492504258155503,12.369999885559082,2.4200000000000004,4.54
2013-11-15,0.00434191669072049,0.0020077463377353804,0.00040229335990021333,12.1899995803833,2.4200000000000004,4.54
2013-11-18,-0.003505414656711954,0.0059975283114971235,-0.01148785517697459,13.100000381469727,2.4200000000000004,4.54
2013-11-19,-0.0021756450562133204,-0.007622476946129189,0.0004067148534695573,13.390000343322754,2.4200000000000004,4.54
2013-11-20,-0.0031331403130216997,-0.01716975591743547,-0.023286477860624745,13.399999618530273,2.4200000000000004,4.54
2013-11-21,0.008036163574720648,0.0016521238008553282,-0.0014996278848543561,12.65999984741211,2.4200000000000004,4.54
2013-11-22,0.004990147786075502,0.009281637137009694,-0.00016679957021943872,12.260000228881836,2.4200000000000004,4.54
2013-11-25,-0.0009957884659660358,0.002882363779309023,0.004492901489940914,12.789999961853027,2.4200000000000004,4.54
2013-11-26,0.0002766376974454851,0.0037363854905479413,-0.005327125906487885,12.8100004196167,2.4200000000000004,4.54
2013-11-27,0.0024322854289042855,-0.0017222586429270883,-0.0030090344685490583,12.979999542236328,2.4200000000000004,4.54
2013-11-29,-0.0006629253442020268,0.0002870771483545743,0.01032652317938159,13.699999809265137,2.4200000000000004,4.54
2013-12-02,-0.002599921355278293,-0.007808659332267278,-0.026189134272709247,14.229999542236328,2.4200000000000004,4.54
2013-12-03,-0.004329821738602952,0.003671481263515014,0.003226607638787976,14.550000190734863,2.4200000000000004,4.54
2013-12-04,-0.00011138651847942978,-0.009591822797721548,0.016812770063131668,14.699999809265137,2.4200000000000004,4.54
2013-12-05,-0.00440518234893818,-0.0028279144409287223,-0.013934549467759712,15.079999923706055,2.4200000000000004,4.54
2013-12-06,0.011115154146337273,0.004772640139925574,0.00211104147267288,13.789999961853027,2.4200000000000004,4.54
2013-12-09,0.0025385426225614095,0.0023295648580321853,0.009820854927032762,13.489999771118164,2.4200000000000004,4.54
2013-12-10,-0.0035896224363720516,0.007146885427470841,0.01738884972238615,13.90999984741211,2.4200000000000004,4.54
2013-12-11,-0.011294927821829915,-0.0077292893420786496,-0.00791168691971828,15.420000076293945,2.4200000000000004,4.54
2013-12-12,-0.003305995298104619,-0.0037897298281269146,-0.021493611686152832,15.539999961853027,2.4200000000000004,4.54
2013-12-13,-0.00011271771271113838,0.004856100504519399,0.009172415436119621,15.760000228881836,2.4200000000000004,4.54
2013-12-16,0.006213037956561455,-0.003688780781335178,0.0025934275495750453,16.030000686645508,2.4200000000000004,4.54
2013-12-17,-0.003185528401316263,0.004464139246476626,-0.008727091540916273,16.209999084472656,2.4200000000000004,4.54
2013-12-18,0.016928646308157786,-0.005047785662410528,-0.008803924689540665,13.800000190734863,2.4200000000000004,4.54
2013-12-19,-0.0011565713777699446,-0.0009734667530633728,-0.024008388970939976,14.149999618530273,2.4200000000000004,4.54
2013-12-20,0.005799842708321155,0.015272054732538336,0.009707154887455789,13.789999961853027,2.4200000000000004,4.54
2013-12-23,0.005328686667464698,-0.005675264773344783,-0.0031964326223482427,13.039999961853027,2.4200000000000004,4.54
2013-12-24,0.002188801843006228,-0.00803967679019632,0.004575471214311559,12.479999542236328,2.4200000000000004,4.54
2013-12-26,0.005071178583413775,-0.0038611885995502716,0.005497345915552918,12.329999923706055,2.4200000000000004,4.54
2013-12-27,-5.445927180920868e-05,-0.0028445655859699296,0.003249852187408676,12.460000038146973,2.4200000000000004,4.54
2013-12-30,-0.00016339561256292496,0.006852500938828812,-0.014881383746899304,13.5600004196167,2.4200000000000004,4.54
2013-12-31,0.004721970944576844,-0.006360454547769961,0.006306472892281937,13.720000267028809,2.4200000000000004,4.54
2014-01-02,-0.009630030797144081,0.00303833286551803,0.016060461656273138,14.229999542236328,2.4699999999999998,4.54
2014-01-03,-0.00016381558263798892,0.0,0.01087288650299346,13.760000228881836,2.4699999999999998,4.54
2014-01-06,-0.00290228609826488,0.004199748579610739,0.001758860402907068,13.550000190734863,2.4699999999999998,4.54
2014-01-07,0.006122933495080293,0.002530886535021971,-0.005706631012357315,12.920000076293945,2.4699999999999998,4.54
2014-01-08,0.00021815615142786748,-0.0027254420209958494,-0.005908660231014066,12.869999885559082,2.4699999999999998,4.54
2014-01-09,0.000653466984747783,0.0058319950855567175,0.002874262992047153,12.890000343322754,2.4699999999999998,4.54
2014-01-10,0.002718974169891532,0.01184987628361336,0.015080740254614516,12.140000343322754,2.4699999999999998,4.54
2014-01-13,-0.013394242337633738,0.00496776037342898,0.006299710080651556,13.279999732971191,2.4699999999999998,4.54
2014-01-14,0.010838107963202094,-0.004584889588871129,-0.009381142826874576,12.279999732971191,2.4699999999999998,4.54
2014-01-15,0.005375981925663423,-0.0010533502722898183,-0.0019202320624570302,12.279999732971191,2.4699999999999998,4.54
2014-01-16,-0.0013003390714520652,0.006686282877255161,0.001085798819833523,12.529999732971191,2.4699999999999998,4.54
2014-01-17,-0.004238482649671324,0.004180409976573353,0.009471650934748868,12.4399995803833,2.4699999999999998,4.54
2014-01-21,0.002935940521118187,0.0007580344548783444,-0.01022328125188354,12.869999885559082,2.4699999999999998,4.54
2014-01-22,0.0006514321771020954,-0.0024662754333264233,-0.0042697080909429135,12.84000015258789,2.4699999999999998,4.54
2014-01-23,-0.008226848256055156,0.014051126903655784,0.02157937863834963,13.770000457763672,2.4699999999999998,4.54
2014-01-24,-0.021566948798151023,0.006440386987084558,0.004097023071523926,18.139999389648438,2.4699999999999998,4.54
2014-01-27,-0.0049313722627996335,-0.007002460018689559,-0.010935375825426051,17.420000076293945,2.4699999999999998,4.54
2014-01-28,0.005937290091174733,0.0024329708412492174,-8.269303790833496e-05,15.800000190734863,2.4699999999999998,4.54
2014-01-29,-0.009651340998246298,0.008191374530085047,0.012488900176089597,17.350000381469727,2.4699999999999998,4.54
2014-01-30,0.010544525040419585,-0.002878150343896188,-0.022292903069312663,17.290000915527344,2.4699999999999998,4.54
2014-01-31,-0.005875883662414452,0.006671610752888018,0.0026682222466366365,18.40999984741211,2.4699999999999998,4.54
2014-02-03,-0.02276203506776727,0.012110971401512663,0.010190249127034517,21.440000534057617,2.4699999999999998,4.54
2014-02-04,0.006980005428488123,-0.010667239794323937,-0.002723800407789108,19.110000610351562,2.4699999999999998,4.54
2014-02-05,-0.001255217241160648,-0.00928809249656833,0.0024764999719102173,19.950000762939453,2.4699999999999998,4.54
2014-02-06,0.013101004157603182,-0.004302608261026982,-0.00041234529928657837,17.229999542236328,2.4699999999999998,4.54
2014-02-07,0.012319218998338127,0.0008438316823847076,0.007641467858454635,15.289999961853027,2.4699999999999998,4.54
2014-02-10,0.0018352437234827551,0.002805079518552889,0.006120219937763649,15.260000228881836,2.4699999999999998,4.54
2014-02-11,0.01088430925168054,-0.005805822484758532,0.011646867732522596,14.510000228881836,2.4699999999999998,4.54
2014-02-12,0.000494545152391112,-0.005180191333465648,0.0005627211416357906,14.300000190734863,2.4699999999999998,4.54
2014-02-13,0.005149270531081833,0.005648905241180031,0.008482745858973658,14.140000343322754,2.4699999999999998,4.54
2014-02-14,0.0055041433237057276,0.0005630491858970168,0.01314144676964577,13.569999694824219,2.4699999999999998,4.54
2014-02-18,0.0011947844104201336,0.002249932206796957,0.001964251246385302,13.869999885559082,2.4699999999999998,4.54
2014-02-19,-0.006643910557667279,-0.004222394756877591,-0.00890931024990728,15.5,2.4699999999999998,4.54
2014-02-20,0.005883702732287096,-0.0024474704568523335,0.01047791408716357,14.789999961853027,2.4699999999999998,4.54
2014-02-21,-0.0011414475078028094,0.005264313534644229,-0.00015672578637373395,14.680000305175781,2.4699999999999998,4.54
2014-02-24,0.005531414148120213,-0.002534279181741329,0.010991291396995246,14.229999542236328,2.4699999999999998,4.54
2014-02-25,-0.0003788069354366001,0.008888658555147703,0.0017041151320099485,13.670000076293945,2.4699999999999998,4.54
2014-02-26,5.447249135458854e-05,0.005295853368420667,-0.008549765062402548,14.350000381469727,2.4699999999999998,4.54
2014-02-27,0.005233890141965669,0.0054523305196997225,0.0007022460492867505,14.039999961853027,2.4699999999999998,4.54
2014-02-28,0.0025258886079314443,0.0005525290107529498,-0.00453440072014137,14.0,2.4699999999999998,4.54
2014-03-03,-0.007056983917953559,0.006653480046560833,0.02070556372289368,16.0,2.4699999999999998,4.54
2014-03-04,0.013957765652705552,-0.015156279543578781,-0.012434038231916314,14.100000381469727,2.4699999999999998,4.54
2014-03-05,0.0009053105325720486,0.0021392232100026975,0.0016306772285005259,13.890000343322754,2.4699999999999998,4.54
2014-03-06,0.0022881481313302495,-0.009898569450338195,0.009881951730484863,14.210000038146973,2.4699999999999998,4.54
2014-03-07,0.00042507156318983343,-0.0063068517799165,-0.008331467261762834,14.109999656677246,2.4699999999999998,4.54
2014-03-10,-0.0005311929768684965,0.0014155870331327184,0.00030987952174799755,14.199999809265137,2.4699999999999998,4.54
2014-03-11,-0.004954900240118599,0.002636892398230296,0.0056372651087014634,14.800000190734863,2.4699999999999998,4.54
2014-03-12,0.000267151640942401,0.006936040848332061,0.01452509239828917,14.470000267028809,2.4699999999999998,4.54
2014-03-13,-0.011276392721324606,0.013360532255880016,0.00340957412514151,16.219999313354492,2.4699999999999998,4.54
2014-03-14,-0.0028124255845147134,0.00018469797022277725,0.006709152953836264,17.81999969482422,2.4699999999999998,4.54
2014-03-17,0.009003414581373624,-0.007492249391710704,-0.01102985181906253,15.640000343322754,2.4699999999999998,4.54
2014-03-18,0.007112346068312237,0.003614299409684687,-0.0077786123459218795,14.520000457763672,2.4699999999999998,4.54
2014-03-19,-0.005343148116793203,-0.007800613433310536,-0.01955919383977943,15.119999885559082,2.4699999999999998,4.54
2014-03-20,0.005821927654471429,-0.0017730714515143214,-0.0017971931407437896,14.520000457763672,2.4699999999999998,4.54
2014-03-21,-0.0038855856187442668,0.010775784075663843,0.004759503433198317,15.0,2.4699999999999998,4.54
2014-03-24,-0.004143790180057867,0.007089401107056577,-0.017985962184133498,15.09000015258789,2.4699999999999998,4.54
2014-03-25,0.004734633452274448,-0.003769143011276746,0.0018211601163198826,14.020000457763672,2.4699999999999998,4.54
2014-03-26,-0.007218416302026867,0.0077970121337724765,-0.0079422224405048,14.930000305175781,2.4699999999999998,4.54
2014-03-27,-0.0021106304945393214,0.005013121892662933,-0.006560082119566911,14.619999885559082,2.4699999999999998,4.54
2014-03-28,0.004917926294337608,-0.005652425211233728,-0.00024080899198659537,14.40999984741211,2.4699999999999998,4.54
2014-03-31,0.008160911225129228,-0.0024718974560047086,-0.007656055088048172,13.880000114440918,2.4699999999999998,4.54
2014-04-01,0.006608867041561458,-0.008582742983056751,-0.0017813868735330133,13.100000381469727,2.29,4.54
2014-04-02,0.0033414499488536933,-0.00576309402047592,0.0075088182006584885,13.09000015258789,2.29,4.54
2014-04-03,-0.0013246708999790546,0.0043716200907858846,-0.0032227028320670663,13.369999885559082,2.29,4.54
2014-04-04,-0.01189279904257589,0.006660290798000079,0.013227188238038482,13.960000038146973,2.29,4.54
2014-04-07,-0.011112954700787448,0.005975289388819311,-0.0052698622747470985,15.569999694824219,2.29,4.54
2014-04-08,0.004114590061122007,0.002380368210535464,0.009402401345718429,14.890000343322754,2.29,4.54
2014-04-09,0.010693368245759921,-0.004949886130623803,0.0018224588899723945,13.819999694824219,2.29,4.54
2014-04-10,-0.021229543308423904,0.009237553540595841,0.005447472804123671,15.890000343322754,2.29,4.54
2014-04-11,-0.009049658216328563,0.00807050107725277,-0.0006300845312460606,17.030000686645508,2.29,4.54
2014-04-14,0.007847485824150326,-0.002622952890930552,0.007221933997910394,16.110000610351562,2.29,4.54
2014-04-15,0.006864154275181011,0.0062283987191615285,-0.018631632703176887,15.609999656677246,2.29,4.54
2014-04-16,0.010423342230994581,0.001259137469885781,0.00039838308299643756,14.180000305175781,2.29,4.54
2014-04-17,0.0013958348036161488,-0.011025011913082075,-0.006312705550471783,13.359999656677246,2.29,4.54
2014-04-21,0.003481136676235205,-0.0008178380582723342,-0.004096572985582176,13.25,2.29,4.54
2014-04-22,0.0045342230960483355,0.003359292678719107,-0.0037093751967073626,13.1899995803833,2.29,4.54
2014-04-23,-0.0023448573965199745,0.005693976095205448,-0.000161562923454372,13.270000457763672,2.29,4.54
2014-04-24,0.002025676631071676,0.0018905230636844697,0.006443284399615783,13.319999694824219,2.29,4.54
2014-04-25,-0.008233155522850723,0.001437876060528111,0.0069603285441200615,14.0600004196167,2.29,4.54
2014-04-28,0.0031623001264066463,-0.0048620524737949065,-0.004394582256213849,13.970000267028809,2.29,4.54
2014-04-29,0.004644491607263025,-0.0013546425462815602,-0.00016013969152065024,13.710000038146973,2.29,4.54
2014-04-30,0.0029784517112044846,0.004148595008271967,-0.00513891756378345,13.40999984741211,2.29,4.54
2014-05-01,0.0001060675084931821,0.010671998424008716,-0.0033868120568972798,13.25,2.17,4.54
2014-05-02,-0.0014345521567477272,0.00613972977311909,0.010126217716067469,12.90999984741211,2.17,4.54
2014-05-05,0.0019125108632255634,-0.006051481531895726,0.00923282321005491,13.289999961853027,2.17,4.54
2014-05-06,-0.00874233751810699,0.004008870512315599,-0.0019032349869848157,13.800000190734863,2.17,4.54
2014-05-07,0.005872247608806882,-0.0035628247638383914,-0.014471611157944956,13.399999618530273,2.17,4.54
2014-05-08,-0.0010652193573590096,-0.004291491022808986,0.0,13.430000305175781,2.17,4.54
2014-05-09,0.001490989589394547,-0.003230747742652936,-0.0005638997673951992,12.920000076293945,2.17,4.54
2014-05-12,0.00968891353985553,-0.0040533597762067485,0.006745961691050962,12.229999542236328,2.17,4.54
2014-05-13,0.0008952738582936817,0.008627177901295826,-0.0027250474989195758,12.130000114440918,2.17,4.54
2014-05-14,-0.0047494911358482534,0.010769796525150076,0.009664218850403477,12.170000076293945,2.17,4.54
2014-05-15,-0.008818702207505068,0.007935461728188367,-0.008300797439581266,13.170000076293945,2.17,4.54
2014-05-16,0.0034624079067734665,-0.0028138774483249997,-0.002166299613193375,12.4399995803833,2.17,4.54
2014-05-19,0.0036625428391988775,-0.007425899017834449,0.000642378619059264,12.420000076293945,2.17,4.54
2014-05-20,-0.006324761435219106,0.002215384433775014,0.0008825820644809731,12.960000038146973,2.17,4.54
2014-05-21,0.008388722364070055,-0.006126927808587276,-0.002408890273186768,11.90999984741211,2.17,4.54
2014-05-22,0.0024294155086893236,-0.0014265684989982345,0.0022484453545559245,12.029999732971191,2.17,4.54
2014-05-23,0.004000781331637278,0.005338111873810553,-0.0012841805482511725,11.359999656677246,2.17,4.54
2014-05-27,0.006127921092676548,0.005839243863830873,-0.02159528357280623,11.510000228881836,2.17,4.54
2014-05-28,-0.0007313108217033886,0.01227444253297805,-0.005348719092920464,11.680000305175781,2.17,4.54
2014-05-29,0.005159412531114166,-0.005330033316894841,-0.0021474734237060316,11.569999694824219,2.17,4.54
2014-05-30,0.0016102759580470952,-0.0004377693315559055,-0.0042259012255481555,11.399999618530273,2.17,4.54
2014-06-02,0.0011409521274878957,-0.007461435012443074,-0.006080086737565226,11.579999923706055,2.17,4.54
2014-06-03,-0.0005182680382165508,-0.012381835549897708,0.002586503374912596,11.869999885559082,2.17,4.54
2014-06-04,0.002021219071808278,-0.0002692533849462937,-0.002085332494818545,12.079999923706055,2.17,4.54
2014-06-05,0.006500469256190439,0.0004487469773978197,0.007486945414296175,11.680000305175781,2.17,4.54
2014-06-06,0.004771504398505557,0.0,-0.00041449870757462217,10.729999542236328,2.17,4.54
2014-06-09,0.0010228773402309271,-0.0014350476524121918,0.0003316000625026315,11.149999618530273,2.17,4.54
2014-06-10,0.00010250750383981125,-0.003685897287231195,0.006114693163497651,10.989999771118164,2.17,4.54
2014-06-11,-0.00348271977456637,0.0017995103333972489,0.00016477983735385757,11.600000381469727,2.17,4.54
2014-06-12,-0.007105144948557065,0.008862367184862201,0.010079951867740265,12.5600004196167,2.17,4.54
2014-06-13,0.0030438275079389568,-0.0005356006940608139,0.0026058621978226784,12.180000305175781,2.17,4.54
2014-06-16,0.0008236724670476611,0.0024945725672134507,-0.004401351318836742,12.649999618530273,2.17,4.54
2014-06-17,0.0027755324122918828,-0.007948651429166538,-0.0011442534259886873,12.0600004196167,2.17,4.54
2014-06-18,0.007313312521245979,0.0076807992089562484,0.0031843210782079717,10.609999656677246,2.17,4.54
2014-06-19,0.0011202464989739946,-0.012893577683556185,0.03421674499309155,10.619999885559082,2.17,4.54
2014-06-20,0.002027859239681475,0.0075414738990925295,-0.0034722449435065487,10.850000381469727,2.17,4.54
2014-06-23,-0.0003058411260437549,-0.0031361313943245187,0.0027629658487138523,10.979999542236328,2.17,4.54
2014-06-24,-0.00604256728209002,0.010088540777486719,0.0010243461627259776,12.130000114440918,2.17,4.54
2014-06-25,0.004509577708898191,0.002573171485346723,7.870619989025702e-05,11.59000015258789,2.17,4.54
2014-06-26,-0.0007163271575408107,0.004772032956997285,-0.002049460796069654,11.630000114440918,2.17,4.54
2014-06-27,0.0019426215983516944,-0.0014994489224433936,-0.0005525055816399519,11.260000228881836,2.17,4.54
2014-06-30,-0.0005104800405867005,0.0024689114893732605,0.010836302664764272,11.569999694824219,2.17,4.54
2014-07-01,0.006670511918233762,-0.008407521010521125,-0.002658923525334879,11.149999618530273,2.0300000000000002,4.54
2014-07-02,0.0010149552613578936,-0.010744967587219188,0.0,10.819999694824219,2.0300000000000002,4.54
2014-07-03,0.004905656999750054,-0.0036073393188766766,-0.004237574298798854,10.319999694824219,2.0300000000000002,4.54
2014-07-07,-0.00348735275613894,0.0072918253418248705,-0.0011016368953835223,11.329999923706055,2.0300000000000002,4.54
2014-07-08,-0.0064503900126268105,0.011149342817580898,0.00039358536836548694,11.979999542236328,2.0300000000000002,4.54
2014-07-09,0.00447388870926567,0.000797363671031149,0.006041340057119357,11.649999618530273,2.0300000000000002,4.54
2014-07-10,-0.003964666224083657,0.00026605184689146663,0.005460634339476959,12.59000015258789,2.0300000000000002,4.54
2014-07-11,0.0013740802391185426,0.0063593626584753675,0.001865424919652749,12.079999923706055,2.0300000000000002,4.54
2014-07-14,0.005022924079892127,-0.004323161982906112,-0.024048290991992773,11.819999694824219,2.0300000000000002,4.54
2014-07-15,-0.0018741410351771383,-0.0020362006755692322,-0.0095105807084893,11.960000038146973,2.0300000000000002,4.54
2014-07-16,0.0036940967849550398,0.005302505873505843,0.003527077335086919,11.0,2.0300000000000002,4.54
2014-07-17,-0.01143092113973084,0.012525206620978524,0.01682174981323043,14.539999961853027,2.0300000000000002,4.54
2014-07-18,0.010167147729633475,-0.003226597179183614,-0.007582368755593338,12.0600004196167,2.0300000000000002,4.54
2014-07-21,-0.0018730979842863835,0.004965476679070025,0.0016635571611118736,12.8100004196167,2.0300000000000002,4.54
2014-07-22,0.004348431609178689,0.0020828000630595325,-0.004760390518762728,12.239999771118164,2.0300000000000002,4.54
2014-07-23,0.0022175602847966836,-0.0013007949390749015,-0.0009547670752033489,11.520000457763672,2.0300000000000002,4.54
2014-07-24,5.0412265521079215e-05,-0.007494378545838997,-0.010161340911870228,11.84000015258789,2.0300000000000002,4.54
2014-07-25,-0.0046924684973626415,0.011738803644334368,0.01151369915042729,12.6899995803833,2.0300000000000002,4.54
2014-07-28,0.0004047263432227229,-0.0013837553626924886,-0.0016708368622554031,12.5600004196167,2.0300000000000002,4.54
2014-07-29,-0.004306773140840196,0.0036295449516716423,-0.003030585975810523,13.279999732971191,2.0300000000000002,4.54
2014-07-30,0.0001521487469564971,-0.013984593233313561,-0.0029596079595894664,13.329999923706055,2.0300000000000002,4.54
2014-07-31,-0.019945376170766898,-0.0029792735399413843,-0.011602760367427354,16.950000762939453,2.0300000000000002,4.54
2014-08-01,-0.0030603272243241064,0.007711262095049341,0.007991307629640355,17.030000686645508,1.95,4.54
2014-08-04,0.007194700187608704,-0.0026223716466752356,-0.0031404736308630744,15.119999885559082,1.95,4.54
2014-08-05,-0.00974371276579366,0.0032333252216364588,-0.0009682492234866406,16.8700008392334,1.95,4.54
2014-08-06,0.00031258603942881596,0.0006106722995826733,0.014426758317503117,16.3700008392334,1.95,4.54
2014-08-07,-0.00542911497208319,0.009285181380801075,0.004050052304525599,16.65999984741211,1.95,4.54
2014-08-08,0.01150263770743287,-0.002161971733180604,7.926565064659302e-05,15.770000457763672,1.95,4.54
2014-08-11,0.0028932349886920724,-8.619347305716886e-05,-0.0018243380474585883,14.229999542236328,1.95,4.54
2014-08-12,-0.0013943060623125953,-0.006513840119854563,0.00023813280255596478,14.130000114440918,1.95,4.54
2014-08-13,0.006746508995832791,0.006513840119854557,0.0016654041582138744,12.899999618530273,1.95,4.54
2014-08-14,0.004710510248293292,0.008019540540362028,0.0008712575320018362,12.420000076293945,1.95,4.54
2014-08-15,-0.00020407115364363802,0.010847290021976968,-0.00659277338198299,13.149999618530273,1.95,4.54
2014-08-18,0.008344084387515086,-0.009989588188230543,-0.004152731310402707,12.319999694824219,1.95,4.54
2014-08-19,0.005205437072110363,-0.0030929149346555426,-0.002243221418003945,12.210000038146973,1.95,4.54
2014-08-20,0.00266796878251276,-0.0016377036447207895,-0.0036962603887065737,11.779999732971191,1.95,4.54
2014-08-21,0.0029116954840602747,0.005588577974264549,-0.010845949910482008,11.760000228881836,1.95,4.54
2014-08-22,-0.0015551447016465692,0.0055574295294226455,0.0025196517444803458,11.470000267028809,1.95,4.54
2014-08-25,0.005057605940015113,0.0037439830823202506,-0.003659619235666915,11.699999809265137,1.95,4.54
2014-08-26,0.0006490355943106951,-0.0032328053879617474,0.0049575510486128994,11.630000114440918,1.95,4.54
2014-08-27,-0.00039905635876257017,0.008485324883499448,-0.00024323006176227963,11.779999732971191,1.95,4.54
2014-08-28,-0.00054949740966457,0.005225428496649767,0.005498965061752994,12.050000190734863,1.95,4.54
2014-08-29,0.0028435227367398755,0.0006713316997180586,-0.0011296651673684001,12.09000015258789,1.95,4.54
2014-09-02,-0.0004984110179562692,-0.01740054013884147,-0.01800381866494826,12.25,1.96,4.54
2014-09-03,-0.0005482328306768008,0.005552628572551691,0.004101728422874365,12.359999656677246,1.96,4.54
2014-09-04,-0.0014476201852159822,-0.01225673856700599,-0.005500142384415236,12.640000343322754,1.96,4.54
2014-09-05,0.00448561278749783,-0.0018995041927841005,0.004763039303479569,12.09000015258789,1.96,4.54
2014-09-08,-0.0025891377315388707,0.0004318163040737877,-0.010956031965065586,12.65999984741211,1.96,4.54
2014-09-09,-0.006351589508068303,-0.0007774944212951681,0.0011589354452107377,13.5,1.96,4.54
2014-09-10,0.0037556377011868152,-0.0063302317683275496,-0.005059527219948347,12.880000114440918,1.96,4.54
2014-09-11,0.0011490746463060375,-0.0033105214542190763,-0.006590779328069263,12.800000190734863,1.96,4.54
2014-09-12,-0.005858168398670343,-0.010528857421070023,-0.009165537985610185,13.3100004196167,1.96,4.54
2014-09-15,-0.000753878249119665,0.0014990101262461527,0.002193926623932413,14.119999885559082,1.96,4.54
2014-09-16,0.007510079405338493,-0.004059654776199425,0.0016002230258534479,12.729999542236328,1.96,4.54
2014-09-17,0.001346187870618777,-0.0025682424240947447,-0.01091520673738707,12.649999618530273,1.96,4.54
2014-09-18,0.005315885264867504,0.003187118459366574,0.0020397581785849142,12.029999732971191,1.96,4.54
2014-09-19,-0.0009015753264798949,0.01264483367437701,-0.005875628567548555,12.109999656677246,1.96,4.54
2014-09-22,-0.007752808691449351,0.0012213500662846125,-0.0020517906581858703,13.6899995803833,1.96,4.54
2014-09-23,-0.0057411797361111355,0.006168158901648251,0.006397974562940498,14.930000305175781,1.96,4.54
2014-09-24,0.007797830433813331,-0.005558911711115809,-0.004687802480188137,13.270000457763672,1.96,4.54
2014-09-25,-0.016267187071589747,0.011776400798097237,0.002900499681904287,15.640000343322754,1.96,4.54
2014-09-26,0.007913699546350827,-0.0014649973476270081,-0.002815116684031948,14.850000381469727,1.96,4.54
2014-09-29,-0.0018201898743840396,0.007985928422814642,-0.00025630125106070766,15.979999542236328,1.96,4.54
2014-09-30,-0.0026359350437659135,-0.005660753820225243,-0.007031410399421769,16.309999465942383,1.96,4.54
2014-10-01,-0.013644905915956778,0.019205129544467098,0.004807267982801864,16.709999084472656,1.8499999999999999,4.54
2014-10-02,0.00015441985397205492,-0.008749110115969053,-0.00025693786276910794,16.15999984741211,1.8499999999999999,4.54
2014-10-03,0.010949407333595482,0.004256777035518434,-0.018414155642527203,14.550000190734863,1.8499999999999999,4.54
2014-10-06,-0.0011711171157965492,0.0005947669140621649,0.012313702004798997,15.460000038146973,1.8499999999999999,4.54
2014-10-07,-0.015556752113493121,0.013410209954414814,0.002840071033501484,17.200000762939453,1.8499999999999999,4.54
2014-10-08,0.017338023308820744,0.0002513982781007267,0.009494153355036908,15.109999656677246,1.8499999999999999,4.54
2014-10-09,-0.020032413951504978,-0.004365220126082124,0.0014461162700842916,18.760000228881836,1.8499999999999999,4.54
2014-10-10,-0.01147995251330739,0.009877958299163823,-0.00042514180520484993,21.239999771118164,1.8499999999999999,4.54
2014-10-13,-0.016563196820487194,0.006062194668207472,0.007877727689301057,24.639999389648438,1.8499999999999999,4.54
2014-10-14,0.0015459373581226887,0.006519333877207263,0.0005904407146892826,22.790000915527344,1.8499999999999999,4.54
2014-10-15,-0.006788967371479291,0.007866065804715891,0.0033673029177564103,25.270000457763672,1.8499999999999999,4.54
2014-10-16,-0.0008587959350558911,-0.006386091951795175,0.0019310980168237603,25.200000762939453,1.8499999999999999,4.54
2014-10-17,0.011741774530766998,-0.005600705928438672,-0.0019310980168237627,21.989999771118164,1.8499999999999999,4.54
2014-10-20,0.009662879756523616,0.0036271502025925647,0.006784273141083318,18.56999969482422,1.8499999999999999,4.54
2014-10-21,0.01961701892176136,-0.008014478697881312,0.00183465643646135,16.079999923706055,1.8499999999999999,4.54
2014-10-22,-0.007136364037680311,0.0010775876682517914,-0.0056818361839991085,17.8700008392334,1.8499999999999999,4.54
2014-10-23,0.011558286040090964,-0.00890594844452194,-0.006894837025991361,16.530000686645508,1.8499999999999999,4.54
2014-10-24,0.007665449828996623,0.0010024099908040765,-0.0014353713145334821,16.110000610351562,1.8499999999999999,4.54
2014-10-27,-0.0013753590753201375,0.0018356262976044065,-0.0024533739338829107,16.040000915527344,1.8499999999999999,4.54
2014-10-28,0.01140484082243729,-0.006272450024040051,0.000338761149914085,14.390000343322754,1.8499999999999999,4.54
2014-10-29,-0.0015132073022017134,0.002262743309787011,-0.01441323656422149,15.149999618530273,1.8499999999999999,4.54
2014-10-30,0.006390078655659538,0.0008360837708449245,-0.010535513585850021,14.520000457763672,1.8499999999999999,4.54
2014-10-31,0.011370528377649994,-0.0025950255386089248,-0.022208494160597073,14.029999732971191,1.8499999999999999,4.54
2014-11-03,0.0005452994283095078,-7.905604621699951e-07,-0.004537191400506066,14.729999542236328,1.8499999999999999,4.54
2014-11-04,-0.003475181125322904,0.003105765242214444,0.0006239666286797927,14.890000343322754,1.8499999999999999,4.54
2014-11-05,0.0062962124014247145,-0.001425479265907927,-0.021891782615057327,14.170000076293945,1.8499999999999999,4.54
2014-11-06,0.0039950924868792535,-0.006482773455159022,0.0008193776453400158,13.670000076293945,1.8499999999999999,4.54
2014-11-07,0.0009347160712695851,0.011421681903339568,0.027733471313511962,13.119999885559082,1.8499999999999999,4.54
2014-11-10,0.00314248711380095,-0.009227931173980158,-0.022468851359662735,12.670000076293945,1.8499999999999999,4.54
2014-11-11,0.0009801869494659593,0.0006737691323962684,0.014202502378614763,12.920000076293945,1.8499999999999999,4.54
2014-11-12,-0.001077922411620806,-0.0008423484346922599,-0.004831367663167211,13.020000457763672,1.8499999999999999,4.54
2014-11-13,0.0011270108925285935,0.0023577916527527873,0.0015234861605119636,13.789999961853027,1.8499999999999999,4.54
2014-11-14,0.0002445898568732904,0.004865228123362562,0.024764713533656276,13.3100004196167,1.8499999999999999,4.54
2014-11-17,0.0006364152896066451,-0.0025138592832654877,-0.0036758151058755954,13.989999771118164,1.8499999999999999,4.54
2014-11-18,0.005757266668178831,0.0027648979889197288,0.008729867518400021,13.859999656677246,1.8499999999999999,4.54
2014-11-19,-0.001606486330830246,-0.0063786246879378086,-0.011979356533504938,13.960000038146973,1.8499999999999999,4.54
2014-11-20,0.0017524026501981723,0.005206658708154333,0.010326514276663132,13.579999923706055,1.8499999999999999,4.54
2014-11-21,0.005336840070090361,0.006012686877867842,0.004603689167085155,12.899999618530273,1.8499999999999999,4.54
2014-11-24,0.002802018941870204,0.0008323038004756153,-0.0024294916878058385,12.619999885559082,1.8499999999999999,4.54
2014-11-25,-0.0007238768745386128,0.008285330841535507,0.0023428067947762364,12.25,1.8499999999999999,4.54
2014-11-26,0.0025555052477695805,0.0027188487142526755,-0.0019085074799196843,12.069999694824219,1.8499999999999999,4.54
2014-11-28,-0.002120847997676429,0.007868178581179025,-0.026841959934437463,13.329999923706055,1.8499999999999999,4.54
2014-12-01,-0.006974228143732194,-0.005851172589344389,0.03909721071410293,14.15999984741211,1.5699999999999998,4.54
2014-12-02,0.006442954731504884,-0.00975901422660462,-0.012428974377113709,12.850000381469727,1.5699999999999998,4.54
2014-12-03,0.003855779755888562,0.0038986077108875365,0.010282221622139046,12.5,1.5699999999999998,4.54
2014-12-04,-0.0011072980698274442,0.008326353600122773,-0.0038758463696522295,12.380000114440918,1.5699999999999998,4.54
2014-12-05,0.0016359930599766748,-0.005845844495701383,-0.012591864202654362,11.890000343322754,1.5699999999999998,4.54
2014-12-08,-0.006704991409698913,0.012148120609555682,0.011728543111015293,14.210000038146973,1.5699999999999998,4.54
2014-12-09,-0.0006778777940206847,0.005126681367031569,0.020601691573211994,15.350000381469727,1.5699999999999998,4.54
2014-12-10,-0.016161392098236558,0.007278716189580691,-0.0019479434950336577,18.530000686645508,1.5699999999999998,4.54
2014-12-11,0.005057232446603705,0.004100665967509025,-0.0022915065517861103,20.079999923706055,1.5699999999999998,4.54
2014-12-12,-0.01629343864091569,0.013471630070621979,-0.002381955801053023,21.079999923706055,1.5699999999999998,4.54
2014-12-15,-0.006893439909803074,-0.002060871616757322,-0.026058456631024355,20.420000076293945,1.5699999999999998,4.54
2014-12-16,-0.008051677561101223,0.012301508946732246,0.004883567458748182,23.56999969482422,1.5699999999999998,4.54
2014-12-17,0.019415025411651316,-0.009053722555305526,-0.005933184879209219,19.440000534057617,1.5699999999999998,4.54
2014-12-18,0.024427966577458566,-0.017953865155496462,0.007671599736508545,16.809999465942383,1.5699999999999998,4.54
2014-12-19,0.004246064608866875,0.01335661071256839,-0.0033055430745708814,16.489999771118164,1.5699999999999998,4.54
2014-12-22,0.004589366081820667,0.0013494680515011388,-0.019532501975925175,15.25,1.5699999999999998,4.54
2014-12-23,0.0013486425273583568,-0.020033891643468613,0.0016866692377105724,14.800000190734863,1.5699999999999998,4.54
2014-12-24,9.631272162808549e-05,0.005427784998928343,0.00026605277109273347,14.369999885559082,1.5699999999999998,4.54
2014-12-26,0.0032195362642681367,0.0037046709450542555,0.018102473257655193,14.5,1.5699999999999998,4.54
2014-12-29,0.0013421940993095735,0.007447527125344458,-0.010153292143778678,15.0600004196167,1.5699999999999998,4.54
2014-12-30,-0.005380418063995275,0.002708586342529897,0.013370224180731385,15.920000076293945,1.5699999999999998,4.54
2014-12-31,-0.00997226755932454,0.0019078322695358781,-0.014162271200273567,19.200000762939453,1.5699999999999998,4.54
2015-01-02,-0.0005354053375307512,0.01105679822486188,0.0043925221460414865,17.790000915527344,1.3299999999999998,4.54
2015-01-05,-0.018224926804171506,0.015586553148087436,0.014964618775983719,19.920000076293945,1.3299999999999998,4.54
2015-01-06,-0.009463471816739398,0.017856797948601424,0.01133448217141997,21.1200008392334,1.3299999999999998,4.54
2015-01-07,0.012384040474050558,-0.001976658707143966,-0.005908836993974842,19.309999465942383,1.3299999999999998,4.54
2015-01-08,0.017589688449891356,-0.013331755906473985,-0.004217399700950183,17.010000228881836,1.3299999999999998,4.54
2015-01-09,-0.008046102159791044,0.010892970851881161,0.011320872784880804,17.549999237060547,1.3299999999999998,4.54
2015-01-12,-0.007864392618093706,0.005705898690278712,0.011025431201653892,19.600000381469727,1.3299999999999998,4.54
2015-01-13,-0.00281672783901827,0.0,-0.003379471739693634,20.559999465942383,1.3299999999999998,4.54
2015-01-14,-0.006055592346304982,0.007557570771944928,-0.0016093040146014643,21.479999542236328,1.3299999999999998,4.54
2015-01-15,-0.009202419707598547,0.015613200353515795,0.024864209830664365,22.389999389648438,1.3299999999999998,4.54
2015-01-16,0.013028950200900526,-0.012831265394672194,0.01297967953352017,20.950000762939453,1.3299999999999998,4.54
2015-01-20,0.002130493020397223,0.01320181893001915,0.013618890362551296,19.889999389648438,1.3299999999999998,4.54
2015-01-21,0.0050350781050133705,-0.011626283005125184,0.00024156831944978564,18.850000381469727,1.3299999999999998,4.54
2015-01-22,0.01476153258586319,-0.0036049240339728126,0.008017360134577187,16.399999618530273,1.3299999999999998,4.54
2015-01-23,-0.0054979015021327645,0.013821971097163703,-0.008017360134577146,16.65999984741211,1.3299999999999998,4.54
2015-01-26,0.0023388832701517074,-0.0030468819265355726,-0.010031679362329541,15.520000457763672,1.3299999999999998,4.54
2015-01-27,-0.013278149291622706,0.0015616729225978075,0.011399158685807192,17.219999313354492,1.3299999999999998,4.54
2015-01-28,-0.012907439046309505,0.016216767873235696,-0.007909034514030033,20.440000534057617,1.3299999999999998,4.54
2015-01-29,0.009201240880311155,-0.006602297577024298,-0.02178803552843412,18.760000228881836,1.3299999999999998,4.54
2015-01-30,-0.012654655151629314,0.01758175184310445,0.022031068542067805,20.969999313354492,1.3299999999999998,4.54
2015-02-02,0.012307962373699338,-0.0037826983882455764,-0.008378450604819716,19.43000030517578,1.3299999999999998,4.54
2015-02-03,0.01435749140060764,-0.021393870415463655,-0.011254031870982083,17.329999923706055,1.3299999999999998,4.54
2015-02-04,-0.003814940536632322,0.001707765782908015,0.004368788786280421,18.329999923706055,1.3299999999999998,4.54
2015-02-05,0.01004432317153983,-0.011039609189046121,0.0017257602352123193,16.850000381469727,1.3299999999999998,4.54
2015-02-06,-0.002769153393589684,-0.01786072694514785,-0.026204564931172653,17.290000915527344,1.3299999999999998,4.54
2015-02-09,-0.004485464866655297,-0.0016048508555499678,0.004457337052542182,18.549999237060547,1.3299999999999998,4.54
2015-02-10,0.010596556742800758,-0.007985548440424246,-0.005891255467082124,17.229999542236328,1.3299999999999998,4.54
2015-02-11,0.000580362546923432,0.0018484009058009148,-0.01188773038576783,16.959999084472656,1.3299999999999998,4.54
2015-02-12,0.00957079850937425,-0.0033140015736649086,0.0023036284035265445,15.34000015258789,1.3299999999999998,4.54
2015-02-13,0.004107974369133242,-0.010321817540162558,0.005439474740014081,14.6899995803833,1.3299999999999998,4.54
2015-02-17,0.0015718311493382836,-0.01517090033862214,-0.016838734326833547,15.800000190734863,1.3299999999999998,4.54
2015-02-18,9.505559224728059e-05,0.005922895762146539,0.0028404943034609498,15.449999809265137,1.3299999999999998,4.54
2015-02-19,-0.0007141025104990023,-0.006635456748052723,-0.003444070035884628,15.289999961853027,1.3299999999999998,4.54
2015-02-20,0.005982810994537206,0.0029281907210232383,-0.005708895866845205,14.300000190734863,1.3299999999999998,4.54
2015-02-23,-0.0001421863996306486,0.011393918406219039,0.0013003471683988895,14.5600004196167,1.3299999999999998,4.54
2015-02-24,0.0028365882381977546,0.013040384491685658,-0.0014738237281034486,13.6899995803833,1.3299999999999998,4.54
2015-02-25,-0.000849818506338001,0.004309729185718242,0.003810143280624359,13.84000015258789,1.3299999999999998,4.54
2015-02-26,-0.0011822437636067086,-0.013762770681452086,0.003192846928133665,13.90999984741211,1.3299999999999998,4.54
2015-02-27,-0.003412212828396549,0.008372380151505683,0.000775127851616969,13.34000015258789,1.3299999999999998,4.54
2015-03-02,0.006293893523327212,-0.018801948863712392,-0.004140821554351363,13.039999961853027,1.3299999999999998,4.54
2015-03-03,-0.004112450832502621,-0.0036321533756812,-0.0018169945131893267,13.859999656677246,1.3299999999999998,4.54
2015-03-04,-0.004224521933424745,0.0003161320609193618,-0.0031225683060647487,14.229999542236328,1.3299999999999998,4.54
2015-03-05,0.0010936344345616608,-0.001266112971586532,-0.0009560698660537595,14.039999961853027,1.3299999999999998,4.54
2015-03-06,-0.014164339072852762,-0.022339338551785538,-0.027684033513420175,15.199999809265137,1.3299999999999998,4.54
2015-03-09,0.00413594038223141,0.009188014445971887,0.0009828943243309087,15.0600004196167,1.3299999999999998,4.54
2015-03-10,-0.016354499228644324,0.013072302914923256,-0.004924161015297649,16.690000534057617,1.3299999999999998,4.54
2015-03-11,-0.0023450619623045193,0.0072589260836969614,-0.006031419233618076,16.8700008392334,1.3299999999999998,4.54
2015-03-12,0.012633980165604752,-0.0007073840346160522,-0.0002709060307489861,15.420000076293945,1.3299999999999998,4.54
2015-03-13,-0.006151293183201868,-0.0030732252451816733,0.0014440077763354022,16.0,1.3299999999999998,4.54
2015-03-16,0.013272087480687846,0.009581394857777543,-0.0006315097549614711,15.609999656677246,1.3299999999999998,4.54
2015-03-17,-0.002976616059333497,0.008251091783345224,-0.005429372519536195,15.65999984741211,1.3299999999999998,4.54
2015-03-18,0.011949801477813061,0.01911800106278802,0.019409393965783985,13.970000267028809,1.3299999999999998,4.54
2015-03-19,-0.0045722121298367195,-0.005108270567025252,-0.0007122036244302048,14.069999694824219,1.3299999999999998,4.54
2015-03-20,0.00878855187659503,0.005260990964407597,0.011334565478751316,13.020000457763672,1.3299999999999998,4.54
2015-03-23,-0.001950714932224914,-0.0012176831403655135,0.006319701703631724,13.40999984741211,1.3299999999999998,4.54
2015-03-24,-0.005634975968226431,0.009622455245998543,0.002446901321801825,13.619999885559082,1.3299999999999998,4.54
2015-03-25,-0.014762299810908415,-0.008480735373489517,0.001395583828601838,15.4399995803833,1.3299999999999998,4.54
2015-03-26,-0.0023842109341627887,-0.01571264605878613,0.006515812793653495,15.800000190734863,1.3299999999999998,4.54
2015-03-27,0.0022870328691903933,0.012360425141959345,-0.0036436736475295383,15.069999694824219,1.3299999999999998,4.54
2015-03-30,0.012126361990555517,-0.0049717000330994476,-0.011450652385538355,14.510000228881836,1.3299999999999998,4.54
2015-03-31,-0.008777831056845056,0.002144992768683449,-0.000791489742224147,15.289999961853027,1.3299999999999998,4.54
2015-04-01,-0.0035430045748304083,0.013049280370312213,0.016924374949796855,15.109999656677246,1.4,4.54
2015-04-02,0.0035912546456265296,-0.010652240061307577,-0.002772001936393702,14.670000076293945,1.4,4.54
2015-04-06,0.006710599517834928,-0.005600228681988537,0.012156925637931892,14.739999771118164,1.4,4.54
2015-04-07,-0.0026498643357840117,0.008349894289761935,-0.004982843844589143,14.779999732971191,1.4,4.54
2015-04-08,0.0033714097765406886,0.0003054728043524642,-0.005527256360212914,13.979999542236328,1.4,4.54
2015-04-09,0.004413388288810712,-0.013049097151120589,-0.006952344453191623,13.09000015258789,1.4,4.54
2015-04-10,0.005442544163181931,0.0014670152397072925,0.011273125412459931,12.579999923706055,1.4,4.54
2015-04-13,-0.004533160000005705,0.0013875908888942242,-0.007182773547924921,13.9399995803833,1.4,4.54
2015-04-14,0.0019111258505762594,0.007062462848677881,-0.006098084431298223,13.670000076293945,1.4,4.54
2015-04-15,0.004477191453667017,-0.0008415856812081412,0.008613598755223903,12.84000015258789,1.4,4.54
2015-04-16,-0.00028526539072498875,-0.004989165773909049,-0.0034713349747602833,12.600000381469727,1.4,4.54
2015-04-17,-0.011569950671910379,0.011399511167412535,0.004942989742755055,13.890000343322754,1.4,4.54
2015-04-20,0.009095139161048005,-0.008862845995336271,-0.007641555546604684,13.300000190734863,1.4,4.54
2015-04-21,-0.0011917898591886922,-0.004539545349300791,0.005736617532052148,13.25,1.4,4.54
2015-04-22,0.004901757693207243,-0.015383439202543377,-0.013524881601083907,12.710000038146973,1.4,4.54
2015-04-23,0.002513177361829692,0.004296521738240083,0.007265135996097461,12.479999542236328,1.4,4.54
2015-04-24,0.002317783484163398,0.006218099835415373,-0.014141033700353254,12.289999961853027,1.4,4.54
2015-04-27,-0.004166521431401324,0.0,0.01996737439576267,13.119999885559082,1.4,4.54
2015-04-28,0.003173930145346673,-0.013886943347141089,0.008633395454348151,12.40999984741211,1.4,4.54
2015-04-29,-0.004123189842879653,-0.012331575638422224,-0.007073870774361553,13.390000343322754,1.4,4.54
2015-04-30,-0.010070848191978014,0.001749022948219648,-0.01781862923365432,14.550000190734863,1.4,4.54
2015-05-01,0.010782659800787943,-0.013552980008623835,-0.003442946542885586,12.699999809265137,1.5900000000000003,4.54
2015-05-04,0.0028438397529184146,-0.009479895616622946,0.0089796944769085,12.850000381469727,1.5900000000000003,4.54
2015-05-05,-0.011518423478637884,-0.0013857227564051523,0.0028006293425995657,14.3100004196167,1.5900000000000003,4.54
2015-05-06,-0.004125021632580032,-0.017268595534092625,-0.0005245000462393765,15.149999618530273,1.5900000000000003,4.54
2015-05-07,0.003981617877922137,0.013347462381724759,-0.008253646349355704,15.130000114440918,1.5900000000000003,4.54
2015-05-08,0.013080156636627632,0.002697256136866574,0.0048375401365222245,12.859999656677246,1.5900000000000003,4.54
2015-05-11,-0.004783830272524074,-0.02462520061066611,-0.003868158154194018,13.850000381469727,1.5900000000000003,4.54
2015-05-12,-0.0029959115415022133,0.002590615940120523,0.008507714570103646,13.859999656677246,1.5900000000000003,4.54
2015-05-13,0.0001904226830265579,-0.008043955349869215,0.017745568671579635,13.760000228881836,1.5900000000000003,4.54
2015-05-14,0.010373626331848894,0.0026885720482775644,0.005390825055101934,12.739999771118164,1.5900000000000003,4.54
2015-05-15,0.001083200019103773,0.01985222355178304,0.0029823930374759115,12.380000114440918,1.5900000000000003,4.54
2015-05-18,0.0031021065594349843,-0.01691920087451685,-8.510645761585739e-05,12.729999542236328,1.5900000000000003,4.54
2015-05-19,-0.0003287903219078761,-0.008906693638383405,-0.013967043221181913,12.850000381469727,1.5900000000000003,4.54
2015-05-20,-0.000704090169163745,0.0016863731045515431,0.0016381642703537944,12.880000114440918,1.5900000000000003,4.54
2015-05-21,0.0029080770901361366,0.01388900962279637,-0.0033654032062089196,12.109999656677246,1.5900000000000003,4.54
2015-05-22,-0.0023919771692844094,0.0004154487317498282,-0.0007782781051664031,12.130000114440918,1.5900000000000003,4.54
2015-05-26,-0.010809979978065038,0.016965021005044895,-0.014727247977664972,14.0600004196167,1.5900000000000003,4.54
2015-05-27,0.009447782256543174,0.0022838195757222033,-0.00017563013383993815,13.270000457763672,1.5900000000000003,4.54
2015-05-28,-0.0011290149112808308,-0.002446980735907108,0.0011407772346871212,13.3100004196167,1.5900000000000003,4.54
2015-05-29,-0.006232209609021564,0.0022027033117240948,0.0007014013330434771,13.84000015258789,1.5900000000000003,4.54
2015-06-01,0.002034528306824081,-0.010805757747837296,-0.0008767951003625541,13.970000267028809,1.67,4.54
2015-06-02,-0.0009933137560525882,-0.014050251300790195,0.0040269605877943865,14.239999771118164,1.67,4.54
2015-06-03,0.00264604130969006,-0.01620573457811119,-0.0071898573672245485,13.65999984741211,1.67,4.54
2015-06-04,-0.008482685064791664,0.012935327550987169,-0.0070646979352704175,14.710000038146973,1.67,4.54
2015-06-05,-0.00171430033809607,-0.01225550873098222,-0.005331436918291504,14.210000038146973,1.67,4.54
2015-06-08,-0.006168688257310587,-0.0011050609238730748,0.0029358308942225293,15.289999961853027,1.67,4.54
2015-06-09,-0.00014369263071149535,-0.007949165565472632,0.002218377951124773,14.470000267028809,1.67,4.54
2015-06-10,0.011921820630709092,-0.008790938690489065,0.008473122987024092,13.220000267028809,1.67,4.54
2015-06-11,0.0032182923163399514,0.02081732272336695,-0.00458066904691928,12.850000381469727,1.67,4.54
2015-06-12,-0.007684422232058724,0.0,-0.0002649015739743867,13.779999732971191,1.67,4.54
2015-06-15,-0.004294738814258614,0.0016096481851763961,0.004406069740065375,15.390000343322754,1.67,4.54
2015-06-16,0.005437091960488916,0.007841667749099616,-0.0036115754437751487,14.8100004196167,1.67,4.54
2015-06-17,0.0016157110501788432,-0.007756860600982937,0.004666106837939518,14.5,1.67,4.54
2015-06-18,0.010345692732044394,-0.004921370346947454,0.012829091016651683,13.1899995803833,1.67,4.54
2015-06-19,-0.004449195549423314,0.012761770362497205,-0.0017357836863243674,13.960000038146973,1.67,4.54
2015-06-22,0.005110110952052989,-0.020617195563937787,-0.012939534822473103,12.739999771118164,1.67,4.54
2015-06-23,0.0007075716138733627,-0.006019273220193672,-0.006621663748214055,12.109999656677246,1.67,4.54
2015-06-24,-0.0072892876268458974,0.008587320394363622,-0.002661018577875129,13.260000228881836,1.67,4.54
2015-06-25,-0.003044793049966883,-0.0035120909919532373,-0.0013331015376761225,14.010000228881836,1.67,4.54
2015-06-26,-0.00019077630135997948,-0.011304039579222824,0.0010666233650124298,14.020000457763672,1.67,4.54
2015-06-29,-0.021193432335256397,0.026124715474540074,0.004520702131842665,18.850000381469727,1.67,4.54
2015-06-30,0.0020912965932908477,-0.00695689606213357,-0.006210070886037382,18.229999542236328,1.67,4.54
2015-07-01,0.007983167630907033,-0.013589935451391734,-0.003476708463396305,16.09000015258789,1.65,4.54
2015-07-02,-0.0009157043932325489,0.0032807847372995323,-0.0019665798355693646,16.790000915527344,1.65,4.54
2015-07-06,-0.002850170217404899,0.018365109820633444,0.002680686287387427,17.010000228881836,1.65,4.54
2015-07-07,0.006269040678307887,0.009351009135565849,-0.011668702760757443,16.09000015258789,1.65,4.54
2015-07-08,-0.016919484500154226,0.008599446773801209,0.0029749330386005784,19.65999984741211,1.65,4.54
2015-07-09,0.0018072324963047221,-0.019899421058904614,0.002427551438613741,19.969999313354492,1.65,4.54
2015-07-10,0.012513101300685297,-0.015985043648542217,0.001166679551747385,16.829999923706055,1.65,4.54
2015-07-13,0.010976626977418625,-0.003106697988811555,-0.004494793701909413,13.899999618530273,1.65,4.54
2015-07-14,0.004328594397245975,0.003279157192854582,-0.00225499581251802,13.369999885559082,1.65,4.54
2015-07-15,-0.00033191102974666254,0.010541600957749454,-0.005251204440368454,13.229999542236328,1.65,4.54
2015-07-16,0.007991938327878732,0.0068815092076038005,-0.0036377042236319986,12.109999656677246,1.65,4.54
2015-07-17,0.0008475416236539664,0.005150982264591443,-0.010164462693893107,11.949999809265137,1.65,4.54
2015-07-20,0.0005174885251285282,-0.004220223383753193,-0.02752685674211234,12.25,1.65,4.54
2015-07-21,-0.00395904232197426,0.005399175040575811,-0.003126872326802464,12.220000267028809,1.65,4.54
2015-07-22,-0.0017961307264752631,0.00620635804265438,-0.005424190670740339,12.119999885559082,1.65,4.54
2015-07-23,-0.0056458647813802405,0.012381162012269646,-0.00449483097628429,12.640000343322754,1.65,4.54
2015-07-24,-0.010426273761793857,0.0024741608961858824,0.009729155735813993,13.739999771118164,1.65,4.54
2015-07-27,-0.005834259924301323,0.005340728002644777,-0.004661992801277996,15.600000381469727,1.65,4.54
2015-07-28,0.012207694307537698,-0.007319804232720091,0.0015246432799856059,13.4399995803833,1.65,4.54
2015-07-29,0.006855895614295317,-0.003721081306373061,0.0014272948765040416,12.5,1.65,4.54
2015-07-30,0.0002373683730563867,0.007675324758750219,-0.00859441451463339,12.130000114440918,1.65,4.54
2015-07-31,-0.0015191435026644872,0.007372282568637241,0.006309807471318708,12.119999885559082,1.65,4.54
2015-08-03,-0.003378610205221875,0.010471261432984935,-0.007941503115089978,12.5600004196167,1.65,4.54
2015-08-04,-0.001956073215260106,-0.007963237141597478,0.002015250319480653,13.0,1.65,4.54
2015-08-05,0.0032901523651706313,-0.007534004764274268,-0.003649612745895922,12.510000228881836,1.65,4.54
2015-08-06,-0.00822176053587917,0.008838793323773048,0.004416281036678492,13.770000457763672,1.65,4.54
2015-08-07,-0.001921674657836709,0.01303219538664983,0.0024875838994236877,13.390000343322754,1.65,4.54
2015-08-10,0.01252057096491856,-0.012462130555360166,0.010172637809864738,12.229999542236328,1.65,4.54
2015-08-11,-0.009064001046067824,0.01575461217191515,0.005094839843947383,13.710000038146973,1.65,4.54
2015-08-12,0.0011972486222551978,-0.005465493525757121,0.013924787857253812,13.609999656677246,1.65,4.54
2015-08-13,-0.0012453643617890196,-0.003229225070144314,-0.008294156742538458,13.489999771118164,1.65,4.54
2015-08-14,0.0036356571230371382,0.00234174128949029,-9.36047567321894e-05,12.829999923706055,1.65,4.54
2015-08-17,0.005571469265887578,0.004507210093287491,0.0026170571520377807,13.020000457763672,1.65,4.54
2015-08-18,-0.002901079159072256,-0.00790120709420812,-0.00018667516172391786,13.789999961853027,1.65,4.54
2015-08-19,-0.007936789274009776,0.009827265733199904,0.013354574963244535,15.25,1.65,4.54
2015-08-20,-0.02110215581914947,0.010048808157670987,0.017261484729986225,19.139999389648438,1.65,4.54
2015-08-21,-0.03056500664868471,0.003010622139906312,0.006228253314387141,28.030000686645508,1.65,4.54
2015-08-24,-0.043019098755270394,-0.0003161437402187216,-0.005413696203742859,40.7400016784668,1.65,4.54
2015-08-25,-0.01183784298993763,-0.016195715210522425,-0.012472236890549283,36.02000045776367,1.65,4.54
2015-08-26,0.03767518899052243,-0.01949264929689164,-0.013743752566773907,30.31999969482422,1.65,4.54
2015-08-27,0.024434190749169263,0.0005743084876927767,0.0005571512452685862,26.100000381469727,1.65,4.54
2015-08-28,5.0108183762466664e-05,0.0029462092230518374,0.00896363798539372,26.049999237060547,1.65,4.54
2015-08-31,-0.008111936852277938,-0.007711457408872657,0.0011033722012558356,28.43000030517578,1.65,4.54
2015-09-01,-0.03030244404972788,0.007179248133639824,0.00348589711093372,31.399999618530273,1.46,4.54
2015-09-02,0.01880384163818296,-0.008641446096570379,-0.005325457471451406,26.09000015258789,1.46,4.54
2015-09-03,0.0007159738911423178,0.004865869873950567,-0.00720696468758582,25.610000610351562,1.46,4.54
2015-09-04,-0.015252405487074306,0.009087717568094907,-0.0032508130940551347,27.799999237060547,1.46,4.54
2015-09-08,0.024820273101098016,-0.014863723619204253,0.0002790454421465056,24.899999618530273,1.46,4.54
2015-09-09,-0.013462084834183445,0.004787405771896944,-0.013012113659039884,26.229999542236328,1.46,4.54
2015-09-10,0.005426975988307909,-0.006774595642637194,0.002352831601258748,24.3700008392334,1.46,4.54
2015-09-11,0.004533848995085263,0.006280434423208191,-0.002070138975493721,23.200000762939453,1.46,4.54
2015-09-14,-0.003717126163996762,0.0015643013789036974,0.0005650019663848919,24.25,1.46,4.54
2015-09-15,0.012421964659619335,-0.019350389328983014,-0.003017159470430642,22.540000915527344,1.46,4.54
2015-09-16,0.00862898819587104,-0.0037810897185636947,0.013226552172031262,21.350000381469727,1.46,4.54
2015-09-17,-0.0022501224958322782,0.012131161933276843,0.01019855026531129,21.139999389648438,1.46,4.54
2015-09-18,-0.016476739533207177,0.015267619079860283,0.007352256373074212,22.280000686645508,1.46,4.54
2015-09-21,0.005154263163446784,-0.016432303947737294,-0.006246004616141289,20.139999389648438,1.46,4.54
2015-09-22,-0.013064579564434716,0.013808434150732426,-0.006841722923155944,22.440000534057617,1.46,4.54
2015-09-23,-0.0016002183152866343,-8.249815854008169e-05,0.00398130520726097,22.1299991607666,1.46,4.54
2015-09-24,-0.003622190498948948,0.006793333459812349,0.02075879629651289,23.469999313354492,1.46,4.54
2015-09-25,-0.00025892795497898586,-0.0086840863152828,-0.006173422414314381,23.6200008392334,1.46,4.54
2015-09-28,-0.02541743766187523,0.01696963438838874,-0.012739020432957309,27.6299991607666,1.46,4.54
2015-09-29,0.0005845970155245782,0.00282726418897322,-0.004066501065043471,26.829999923706055,1.46,4.54
2015-09-30,0.018487120562544052,-0.003474794972828229,-0.010426483637297347,24.5,1.46,4.54
2015-10-01,0.0026052620897865264,0.004257382809621248,-0.0012172598628681067,22.549999237060547,1.4299999999999997,4.54
2015-10-02,0.0148275777297774,0.0060396867157812015,0.020953802922526705,20.940000534057617,1.4299999999999997,4.54
2015-10-05,0.017638068873418553,-0.013660835173955083,-0.0020205850578978056,19.540000915527344,1.4299999999999997,4.54
2015-10-06,-0.0034320576041816098,0.0043043769297833176,0.009971303227116472,19.399999618530273,1.4299999999999997,4.54
2015-10-07,0.008157076097448519,-0.003327892129095125,-0.001457494008134859,18.399999618530273,1.4299999999999997,4.54
2015-10-08,0.00898626747500852,-0.008410528846226038,-0.005117883296347929,17.420000076293945,1.4299999999999997,4.54
2015-10-09,0.0005961388121559577,0.0026203418242055194,0.015726912391542485,17.079999923706055,1.4299999999999997,4.54
2015-10-12,0.0009435132053155405,0.007576997324495782,0.0039607110144831365,16.170000076293945,1.4299999999999997,4.54
2015-10-13,-0.006322234447077282,0.001703058411182486,0.004929015278091239,17.670000076293945,1.4299999999999997,4.54
2015-10-14,-0.004805656611497402,0.008712594357310883,0.017282274992371418,18.030000686645508,1.4299999999999997,4.54
2015-10-15,0.01523775395360113,-0.004911782593177683,-0.004579458875531695,16.049999237060547,1.4299999999999997,4.54
2015-10-16,0.004536536696694772,0.0003227284082275248,-0.007086601152338509,15.050000190734863,1.4299999999999997,4.54
2015-10-19,0.0004916990274060209,-0.0027471366297891152,-0.004186912999915291,14.979999542236328,1.4299999999999997,4.54
2015-10-20,-0.0012793677498180937,-0.0061687687587467606,0.006318212020552837,15.75,1.4299999999999997,4.54
2015-10-21,-0.006222834729988743,0.009883959954149734,-0.008910332230671142,16.700000762939453,1.4299999999999997,4.54
2015-10-22,0.016752657031620675,0.0016910427342541388,-0.00035807819279052113,14.449999809265137,1.4299999999999997,4.54
2015-10-23,0.010902073922482726,-0.00856748187404675,-0.0017026075113336088,14.460000038146973,1.4299999999999997,4.54
2015-10-26,-0.0024608878436792304,0.006634122326495325,-0.0006279971024889811,15.289999961853027,1.4299999999999997,4.54
2015-10-27,-0.0019340512666709143,0.0024965698099253,0.002241047948969033,15.430000305175781,1.4299999999999997,4.54
2015-10-28,0.011310135861964542,-0.004029365177404372,-0.008091400160860905,14.329999923706055,1.4299999999999997,4.54
2015-10-29,-0.0005738709446921017,-0.01603664437756392,-0.009614564390769178,14.609999656677246,1.4299999999999997,4.54
2015-10-30,-0.004318884887324344,0.007520943171723601,-0.0038352540915993893,15.069999694824219,1.4299999999999997,4.54
2015-11-02,0.011761151401421765,-0.004606377963399806,-0.006517134598801595,14.149999618530273,1.4299999999999997,4.54
2015-11-03,0.0028951111804562664,-0.008233324106007718,-0.014937356022442439,14.539999961853027,1.4299999999999997,4.54
2015-11-04,-0.003037889905011531,0.0011560711472423215,-0.009485885776108033,15.510000228881836,1.4299999999999997,4.54
2015-11-05,-0.0009986396287915188,-0.002645764481400247,-0.0031189650547963797,15.050000190734863,1.4299999999999997,4.54
2015-11-06,-0.0005237299075481872,-0.014764114451126855,-0.014685120688170974,14.329999923706055,1.4299999999999997,4.54
2015-11-09,-0.009375197881874124,-0.005646043302372091,0.0028777291011320622,16.520000457763672,1.4299999999999997,4.54
2015-11-10,0.002304119058282999,0.0029528921133955017,-0.002109514817878502,15.289999961853027,1.4299999999999997,4.54
2015-11-11,-0.003939599951799787,-0.002108195644017198,-0.00336521129587392,16.059999465942383,1.4299999999999997,4.54
2015-11-12,-0.014058261187089957,0.0048013468329938845,0.00019257167853245404,18.3700008392334,1.4299999999999997,4.54
2015-11-13,-0.011291508759387751,0.005697338222506482,-0.002796404320479703,20.079999923706055,1.4299999999999997,4.54
2015-11-16,0.01509231178312656,-0.0009192749948327074,0.001447402465342363,18.15999984741211,1.4299999999999997,4.54
2015-11-17,-0.000729432076373435,0.00167126815665454,-0.013297966180688193,18.84000015258789,1.4299999999999997,4.54
2015-11-18,0.015740914732744613,0.0020853984010922528,0.0008790738346113607,16.850000381469727,1.4299999999999997,4.54
2015-11-19,-0.0008625779096207374,0.006643204918536705,0.010971489880734318,16.989999771118164,1.4299999999999997,4.54
2015-11-20,0.0036376199324630056,-0.0030669416743572325,-0.004548773723664315,15.470000267028809,1.4299999999999997,4.54
2015-11-23,-0.001147224621684569,0.0030669416743572724,-0.008083747042833161,15.619999885559082,1.4299999999999997,4.54
2015-11-24,0.0013382574610013224,-8.254797874070363e-05,0.006627707399357638,15.930000305175781,1.4299999999999997,4.54
2015-11-25,-0.0001429675538092918,0.002314492207310492,-0.004673848365801943,15.1899995803833,1.4299999999999997,4.54
2015-11-27,0.0011454216646367736,-0.0009911731196233574,-0.011879763588946619,15.119999885559082,1.4299999999999997,4.54
2015-11-30,-0.004159781244364046,0.003960321332482914,0.006595467871597316,16.1299991607666,1.4299999999999997,4.54
2015-12-01,0.00949007294485128,0.013417016900517425,0.0035259646298247574,14.670000076293945,1.2600000000000002,4.54
2015-12-02,-0.010256928493107524,0.00032552455333365775,-0.015667624313787498,15.90999984741211,1.2600000000000002,4.54
2015-12-03,-0.014102393381699429,-0.027559461485147495,0.010570606410359536,18.110000610351562,1.2600000000000002,4.54
2015-12-04,0.019315657197498552,0.008746170379785185,0.021966035488281806,14.8100004196167,1.2600000000000002,4.54
2015-12-07,-0.006076930407947364,0.009656053373805254,-0.013063212596420425,15.84000015258789,1.2600000000000002,4.54
2015-12-08,-0.006742630659225977,0.0004928275495515986,0.0016544033114080684,17.600000381469727,1.2600000000000002,4.54
2015-12-09,-0.007809893072158025,-0.001067933080060036,-0.0019466324270582696,19.610000610351562,1.2600000000000002,4.54
2015-12-10,0.0025779719642355756,0.0013144226698764353,-0.0008772000837340084,19.34000015258789,1.2600000000000002,4.54
2015-12-11,-0.01957157662738872,0.015635087203515394,0.0054458711721541595,24.389999389648438,1.2600000000000002,4.54
2015-12-14,0.0050398227784572095,-0.013012578650732052,-0.012884508990749449,22.729999542236328,1.2600000000000002,4.54
2015-12-15,0.0104432363908424,-0.005911057001342469,-0.0026560861191144095,20.950000762939453,1.2600000000000002,4.54
2015-12-16,0.014525914749544188,-0.002142854551094658,0.012043063036934096,17.860000610351562,1.2600000000000002,4.54
2015-12-17,-0.015355396863486463,0.011241657578569842,-0.022141125877213518,18.940000534057617,1.2600000000000002,4.54
2015-12-18,-0.01797575752382118,0.005533205760239349,0.015207174746719882,20.700000762939453,1.2600000000000002,4.54
2015-12-21,0.008215385734154153,-0.00024354398193015823,0.010819352064225785,18.700000762939453,1.2600000000000002,4.54
2015-12-22,0.009033289320241968,-0.007249841900861761,-0.0052488544876924,16.600000381469727,1.2600000000000002,4.54
2015-12-23,0.012307126858230353,-0.007550379628327658,-0.002928003794366426,15.569999694824219,1.2600000000000002,4.54
2015-12-24,-0.0016516342042117997,0.005712420295047734,0.007206940922791017,15.739999771118164,1.2600000000000002,4.54
2015-12-28,-0.0022874795479428346,0.0029504561383776502,-0.007597994957113434,16.90999984741211,1.2600000000000002,4.54
2015-12-29,0.010615303085673336,-0.016752884227994286,-0.0006846940847352253,16.079999923706055,1.2600000000000002,4.54
2015-12-30,-0.00711345382822426,-0.0009990409093009335,-0.007661355596264362,17.290000915527344,1.2600000000000002,4.54
2015-12-31,-0.010053367823395998,0.004488686345985421,0.0003943308023186173,18.209999084472656,1.2600000000000002,4.54
2016-01-04,-0.014078305221375995,0.007188980996578285,0.013995827340626326,20.700000762939453,1.19,4.54
2016-01-05,0.0016905175079178682,-0.004042425302344209,0.00281458831856644,19.34000015258789,1.19,4.54
2016-01-06,-0.012695068488790493,0.01338495564349053,0.014337487598989632,20.59000015258789,1.19,4.54
2016-01-07,-0.024283704168508363,0.001793370698832247,0.014040676150811138,24.989999771118164,1.19,4.54
2016-01-08,-0.011037511616746412,0.004468008291202568,-0.0044375394222030354,27.010000228881836,1.19,4.54
2016-01-11,0.000989537264567245,-0.01100366674437305,-0.008934594646018349,24.299999237060547,1.19,4.54
2016-01-12,0.008035906485265266,0.014322298995301474,-0.0050729832368576954,22.469999313354492,1.19,4.54
2016-01-13,-0.025256507501447055,0.009808437495184038,0.004882048039545079,25.219999313354492,1.19,4.54
2016-01-14,0.016282985910903425,-0.009404540593451194,-0.016367021706295802,23.950000762939453,1.19,4.54
2016-01-15,-0.0216997083008745,0.01546684503489971,0.01023674024483427,27.020000457763672,1.19,4.54
2016-01-19,0.001330319522302866,-0.0031066254484622066,-0.0009612465570264486,26.049999237060547,1.19,4.54
2016-01-20,-0.012897673824934695,0.010474827468559425,0.013279386437522704,27.59000015258789,1.19,4.54
2016-01-21,0.005586139463441645,-0.006812063061673935,0.00113814976565955,26.690000534057617,1.19,4.54
2016-01-22,0.02030757625481037,-0.0038220277044126315,-0.004655791285644273,22.34000015258789,1.19,4.54
2016-01-25,-0.015231671214262874,0.0054104324685261265,0.010233193541102439,24.149999618530273,1.19,4.54
2016-01-26,0.013550717311446461,0.00047658501429801234,0.011341913483231932,22.5,1.19,4.54
2016-01-27,-0.010942984534921383,-0.0002385055466259988,0.0037212948296183107,23.110000610351562,1.19,4.54
2016-01-28,0.005195630293490358,0.0014273680764149577,-0.0107362419293496,22.420000076293945,1.19,4.54
2016-01-29,0.024085455102830035,0.008440329347174425,0.0038408969118528882,20.200000762939453,1.19,4.54
2016-02-01,-0.00036164356580991957,-0.0030661845377828725,0.010232704202856196,19.979999542236328,1.05,4.54
2016-02-02,-0.018186526143982123,0.018382042311358537,0.00037006835108891606,21.979999542236328,1.05,4.54
2016-02-03,0.005977144676668594,-0.008327888934477029,0.010674654427775114,21.649999618530273,1.05,4.54
2016-02-04,0.001566998054636474,0.004834413835450257,0.012009967818587527,21.84000015258789,1.05,4.54
2016-02-05,-0.019234038550583265,0.0011660055835645523,0.015703135766193033,23.3799991607666,1.05,4.54
2016-02-08,-0.013552612157521063,0.021291203337308093,0.013354185862515874,26.0,1.05,4.54
2016-02-09,5.364490607612881e-05,0.0010647486242675612,-0.002198672852432284,26.540000915527344,1.05,4.54
2016-02-10,-0.0008625616373671789,0.008772771726801342,0.007717958411726099,26.290000915527344,1.05,4.54
2016-02-11,-0.013093468720612978,0.00697954779220348,0.03940213823727399,28.139999389648438,1.05,4.54
2016-02-12,0.02040676250822671,-0.01674137853914168,-0.00589671453081662,25.399999618530273,1.05,4.54
2016-02-16,0.016737656909660014,-0.010626301723815198,-0.030800736245396157,24.110000610351562,1.05,4.54
2016-02-17,0.016202698545185572,-0.006167709145079352,0.006167287420776475,22.309999465942383,1.05,4.54
2016-02-18,-0.004104177441408095,0.012221193264186001,0.024041860433202913,21.639999389648438,1.05,4.54
2016-02-19,-0.0004686053539944139,0.0008397300322006862,-0.006020275750380445,20.530000686645508,1.05,4.54
2016-02-22,0.014375385797538007,-0.0005345591859753589,-0.01793504091705753,19.3799991607666,1.05,4.54
2016-02-23,-0.012710271843781285,0.0040397906253509756,0.014868593832169054,20.979999542236328,1.05,4.54
2016-02-24,0.0045650053837118605,-0.0019793488504718524,0.003321549590506587,20.719999313354492,1.05,4.54
2016-02-25,0.012039448699032226,0.0035752517234766733,0.002632341860518043,19.110000610351562,1.05,4.54
2016-02-26,-0.002304077778497021,-0.009691482054781379,-0.006892743647260338,19.809999465942383,1.05,4.54
2016-02-29,-0.007873328579849301,0.004361484712601304,0.012980023419282503,20.549999237060547,1.05,4.54
2016-03-01,0.023235056672086873,-0.01776518460929459,-0.007360151335800538,17.700000762939453,1.0099999999999998,4.54
2016-03-02,0.004482140321356493,0.004118084418796089,0.007697256644730053,17.09000015258789,1.0099999999999998,4.54
2016-03-03,0.003911977946726118,0.0036377480345846217,0.017125877155555313,16.700000762939453,1.0099999999999998,4.54
2016-03-04,0.0032484369758877586,-0.006433115834584609,-0.0015750194994792542,16.860000610351562,1.0099999999999998,4.54
2016-03-07,0.000797615892072088,-0.0003110793227837897,0.004965240864288737,17.350000381469727,1.0099999999999998,4.54
2016-03-08,-0.010977678886816056,0.010984405126175963,-0.0046334482677505085,18.670000076293945,1.0099999999999998,4.54
2016-03-09,0.004927525246554965,-0.006096149961090291,-0.00832782948151173,18.34000015258789,1.0099999999999998,4.54
2016-03-10,0.0008019956825597038,-0.004111052412189603,0.015928644015462578,18.049999237060547,1.0099999999999998,4.54
2016-03-11,0.016008255478581288,-0.010155264053524331,-0.01735128256694606,16.5,1.0099999999999998,4.54
2016-03-14,-0.0012832002380851004,0.003135591663747015,-0.012980634673388813,16.920000076293945,1.0099999999999998,4.54
2016-03-15,-0.0016307189343852276,0.000939024256284875,0.0007632306454701139,16.84000015258789,1.0099999999999998,4.54
2016-03-16,0.005770099570481304,0.0029671031955236654,0.02205075556149502,14.989999771118164,1.0099999999999998,4.54
2016-03-17,0.006324373047596591,0.004123139706002032,-0.0038218648773646413,14.4399995803833,1.0099999999999998,4.54
2016-03-18,0.003922049463661653,0.0020945209980370552,-0.002750755714748547,14.020000457763672,1.0099999999999998,4.54
2016-03-21,0.001417584170491839,-0.007700032931472025,-0.007036416699314462,13.789999961853027,1.0099999999999998,4.54
2016-03-22,-0.0005374496445891211,-0.00023485795660474574,0.0029378329691904675,14.170000076293945,1.0099999999999998,4.54
2016-03-23,-0.0066212059811965925,0.011261214818348183,-0.02289008865862743,14.9399995803833,1.0099999999999998,4.54
2016-03-24,-0.00044307072423433434,0.00038584704183484834,-0.00240404319751751,14.739999771118164,1.0099999999999998,4.54
2016-03-28,0.0005905700693051377,0.0013117802867971284,0.0023182652611009025,15.239999771118164,1.0099999999999998,4.54
2016-03-29,0.009207455730803305,0.01043012986945056,0.01835540705340136,13.819999694824219,1.0099999999999998,4.54
2016-03-30,0.004378267640764626,-0.010584092658444708,-0.014076410310244578,13.5600004196167,1.0099999999999998,4.54
2016-03-31,-0.002430217575920189,0.007068623053720331,0.004600850924385841,13.949999809265137,1.0099999999999998,4.54
2016-04-01,0.006789139127863612,0.002605020353603333,-0.006053640735366039,13.100000381469727,1.04,4.54
2016-04-04,-0.00324315660972127,0.0006120199816163953,-0.006692995408569699,14.119999885559082,1.04,4.54
2016-04-05,-0.010037993480912884,0.010877110395720247,0.012916668207256437,15.420000076293945,1.04,4.54
2016-04-06,0.010861863418916668,-0.007289681520823581,-0.0061381369358647206,14.09000015258789,1.04,4.54
2016-04-07,-0.012038116447587644,0.012270025114791276,0.014179801562102948,16.15999984741211,1.04,4.54
2016-04-08,0.0026933483687150055,-0.006343212786121351,-0.0015187338768047718,15.359999656677246,1.04,4.54
2016-04-11,-0.002350230659819057,-0.0012886154947662437,0.013419630057020864,16.260000228881836,1.04,4.54
2016-04-12,0.009269757702539226,-0.006926450767175092,0.00016664672071527165,14.850000381469727,1.04,4.54
2016-04-13,0.010050362891473041,0.0035071017547015763,-0.010719526565990727,13.84000015258789,1.04,4.54
2016-04-14,4.8007818030491994e-05,-0.004806276696326885,-0.014075152256168354,13.720000267028809,1.04,4.54
2016-04-15,-0.0011062327901313058,0.008529257669429273,0.006892743647260424,13.619999885559082,1.04,4.54
2016-04-18,0.0070020136090276144,-0.004331835175173146,-0.0015276274565966695,13.350000381469727,1.04,4.54
2016-04-19,0.003149228042142331,-0.003126806489534918,0.015506833308651099,13.239999771118164,1.04,4.54
2016-04-20,0.0009525743917282586,-0.011062399327023464,-0.005114248016109923,13.279999732971191,1.04,4.54
2016-04-21,-0.0053927408366475,-0.005965618972545963,0.003775305036917395,13.949999809265137,1.04,4.54
2016-04-22,0.0,-0.0025673368821374767,-0.012894694659209222,13.220000267028809,1.04,4.54
2016-04-25,-0.0017243642358652075,-0.004137087307369605,0.0028799271415296556,14.079999923706055,1.04,4.54
2016-04-26,0.0014848033660375844,-0.0045480807521978955,0.003967367637514969,13.960000038146973,1.04,4.54
2016-04-27,0.002056188505241309,0.009930858115945998,0.002860302869919961,13.770000457763672,1.04,4.54
2016-04-28,-0.009116926527254326,0.004115470775356772,0.018724801093336303,15.220000267028809,1.04,4.54
2016-04-29,-0.005413852369053234,0.002553861160545067,0.019270626438691787,15.699999809265137,1.04,4.54
2016-05-02,0.007916831944970124,-0.010119448670682029,-0.0033213499131697927,14.680000305175781,1.04,4.54
2016-05-03,-0.008740887228992588,0.012517825408640649,-0.0022745646099545844,15.600000381469727,1.04,4.54
2016-05-04,-0.005593938288866861,0.005470111464516156,-0.006118222826125519,16.049999237060547,1.04,4.54
2016-05-05,-0.00019494326008175523,0.006663278516255802,-0.0011462207767798868,15.90999984741211,1.04,4.54
2016-05-06,0.003652303859536805,-0.004284139896265034,0.009052054554673597,14.720000267028809,1.04,4.54
2016-05-09,0.0008259915607607799,0.003138435250096364,-0.02075289801818274,14.569999694824219,1.04,4.54
2016-05-10,0.01235711758073534,7.636989071935952e-05,0.002731465708414251,13.630000114440918,1.04,4.54
2016-05-11,-0.009398838469165354,0.005638536582489813,0.009378919930915114,14.6899995803833,1.04,4.54
2016-05-12,0.0002904519339430033,-0.004569201827040492,-0.007892173973086844,14.40999984741211,1.04,4.54
2016-05-13,-0.00875213316364223,0.009646707944285581,0.004529141979827091,15.039999961853027,1.04,4.54
2016-05-16,0.009816605068578982,-0.008655412983212873,0.0007392219670169126,14.680000305175781,1.04,4.54
2016-05-17,-0.009377082320761676,0.0016761304689397124,0.003442329123242772,15.569999694824219,1.04,4.54
2016-05-18,0.00029235276816671736,-0.014337934033634505,-0.017497993073654197,15.949999809265137,1.04,4.54
2016-05-19,-0.003470876523919342,0.004315600678451831,-0.0019168712488535215,16.329999923706055,1.04,4.54
2016-05-20,0.006297683117871223,0.0007686538168739613,-0.001335701516612647,15.199999809265137,1.04,4.54
2016-05-23,-0.0013634352348412609,0.0022252669259142234,-0.002844207499474105,15.819999694824219,1.04,4.54
2016-05-24,0.012879095016901093,-0.004455806724195897,-0.017493154439807392,14.420000076293945,1.04,4.54
2016-05-25,0.006760100025086476,-0.0037805475764455766,-0.002731772964595234,13.899999618530273,1.04,4.54
2016-05-26,0.0002865084036965064,0.005165427315937069,-0.003425260387699169,13.430000305175781,1.04,4.54
2016-05-27,0.00429002578068496,-0.0014623086801661593,-0.008268772914245718,13.119999885559082,1.04,4.54
2016-05-31,-0.0019042732091437541,0.002384832564983267,0.003798302317157037,14.1899995803833,1.04,4.54
2016-06-01,0.002047097099073914,0.004048947969194354,-0.0010344407576528966,14.199999809265137,0.9099999999999999,4.54
2016-06-02,0.0030388811738156114,0.007181125478397723,-0.002331543491761781,13.630000114440918,0.9099999999999999,4.54
2016-06-03,-0.002991220802636618,0.014136022721521953,0.027373264388307245,13.470000267028809,0.9099999999999999,4.54
2016-06-06,0.005075362494980878,-0.007459128275220209,0.0003364248669020046,13.649999618530273,0.9099999999999999,4.54
2016-06-07,0.0015601758468362077,0.002416999041666042,-0.0008412423733233627,14.050000190734863,0.9099999999999999,4.54
2016-06-08,0.0032542259520290965,0.005341902611800205,0.014703707887444253,14.079999923706055,0.9099999999999999,4.54
2016-06-09,-0.0013661508948448785,0.006432659967794868,0.005541081570940133,14.640000343322754,0.9099999999999999,4.54
2016-06-10,-0.00952307760331016,0.004833851641614895,0.004033075700703472,17.030000686645508,0.9099999999999999,4.54
2016-06-13,-0.007741476459399415,0.0044420115624304235,0.007365624068488461,20.969999313354492,0.9099999999999999,4.54
2016-06-14,-0.001968985035184326,-0.0007391396117997119,0.0010594292626908233,20.5,0.9099999999999999,4.54
2016-06-15,-0.0013949506817891458,0.003836479239547427,0.0073849284570991006,20.139999389648438,0.9099999999999999,4.54
2016-06-16,0.002980102485126771,0.004848084383978977,-0.01056665171524312,19.3700008392334,0.9099999999999999,4.54
2016-06-17,-0.0037311247980447012,-0.006247673336155563,0.01274729826898987,19.40999984741211,0.9099999999999999,4.54
2016-06-20,0.006419510646821059,-0.010750190297151723,-0.005988024654369792,18.3700008392334,0.9099999999999999,4.54
2016-06-21,0.0028342837110472367,-0.004632309089134034,-0.01942288299292089,18.479999542236328,0.9099999999999999,4.54
2016-06-22,-0.0016326509027373996,0.0016463373284910632,0.000496444028716167,21.170000076293945,0.9099999999999999,4.54
2016-06-23,0.012938611948133545,-0.011504361153433236,-0.0065557755937431204,17.25,0.9099999999999999,4.54
2016-06-24,-0.03656965541105882,0.026492844182048655,0.047873912303474195,25.760000228881836,0.9099999999999999,4.54
2016-06-27,-0.018071698591263893,0.024660324067402078,0.0053823171279899626,23.850000381469727,0.9099999999999999,4.54
2016-06-28,0.017874931739038334,0.002081896460140168,-0.01079376043064916,18.75,0.9099999999999999,4.54
2016-06-29,0.016884462506416016,-0.007701908521574742,0.004140765999889028,16.639999389648438,0.9099999999999999,4.54
2016-06-30,0.01355312551940725,0.003678476391972184,0.0049939058952932335,15.630000114440918,0.9099999999999999,4.54
2016-07-01,0.0020980635634160047,0.013788867586794146,0.015223162818061162,14.770000457763672,0.83,4.54
2016-07-05,-0.0072189515172130835,0.01244243052851828,0.008220905136956962,15.579999923706055,0.83,4.54
2016-07-06,0.00597985050013004,0.0016143448682702781,0.005852881673551483,14.960000038146973,0.83,4.54
2016-07-07,-0.0006205104777785679,-6.955375711769864e-05,-0.0037695950478742334,14.760000228881836,0.83,4.54
2016-07-08,0.014780786592788368,0.007339065394935523,0.005994014334570738,13.199999809265137,0.83,4.54
2016-07-11,0.0035207855982841694,-0.008813279586937083,-0.00946861312154938,13.539999961853027,0.83,4.54
2016-07-12,0.0072370389473914625,-0.016576317458747283,-0.016690387468968386,13.550000190734863,0.83,4.54
2016-07-13,-0.00013949001376368248,0.011716444475569788,0.009159697327218079,13.039999961853027,0.83,4.54
2016-07-14,0.005568116862244587,-0.014650271013971365,-0.007745045230236175,12.819999694824219,0.83,4.54
2016-07-15,-0.001342847965607488,-0.008632646472023879,-0.003855735167465888,12.670000076293945,0.83,4.54
2016-07-18,0.002683729984262174,-0.0009401117788056845,0.0015755839071671933,12.4399995803833,0.83,4.54
2016-07-19,-0.0010172699262945824,0.005625512202249998,0.0013372522657107563,11.970000267028809,0.83,4.54
2016-07-20,0.004154411090316936,-0.005480716118495349,-0.01441038163632243,11.770000457763672,0.83,4.54
2016-07-21,-0.0037841421833571753,0.002022486759646362,0.015117654201499693,12.739999771118164,0.83,4.54
2016-07-22,0.004474841738051132,0.0017308262873163094,-0.0074907077787214,12.020000457763672,0.83,4.54
2016-07-25,-0.0027194805902466556,-0.0007204642236928664,-0.006989125856947095,12.869999885559082,0.83,4.54
2016-07-26,0.00046148187618652245,0.001584538749584107,0.004215211050825792,13.050000190734863,0.83,4.54
2016-07-27,-0.001061718623085884,0.01237625863358522,0.01598269497210111,12.829999923706055,0.83,4.54
2016-07-28,0.0011539564779542062,-0.0018498550926131577,-0.00289409340924044,12.720000267028809,0.83,4.54
2016-07-29,0.0016131570938162686,0.008299161054374221,0.010286811942904156,11.869999885559082,0.83,4.54
2016-08-01,-0.0008291080187828921,-0.010900648876802048,0.0018590671194806466,12.4399995803833,0.8200000000000001,4.54
2016-08-02,-0.006428175096793036,-0.01035688619308258,0.008092864929715934,13.369999885559082,0.8200000000000001,4.54
2016-08-03,0.0029187412624935676,0.0005785065284185839,-0.004770787598632875,12.859999656677246,0.8200000000000001,4.54
2016-08-04,0.0010633048997415026,0.007485551263255684,0.0016954476164976306,12.420000076293945,0.8200000000000001,4.54
2016-08-05,0.008145750928643492,-0.010451919716490564,-0.018025444010511534,11.390000343322754,0.8200000000000001,4.54
2016-08-08,-0.0005962720436983998,0.00188183735992426,-0.0008627837547004024,11.5,0.8200000000000001,4.54
2016-08-09,0.0005962720436984776,0.009788795259724639,0.004072023167431496,11.65999984741211,0.8200000000000001,4.54
2016-08-10,-0.0024780179101543402,0.003859971788508284,0.004677994512329687,12.050000190734863,0.8200000000000001,4.54
2016-08-11,0.004629797160241567,-0.008958204015598305,-0.006946906948684773,11.680000305175781,0.8200000000000001,4.54
2016-08-12,-0.0008695125955557494,0.008387422648854356,-0.0021170403750345335,11.550000190734863,0.8200000000000001,4.54
2016-08-15,0.002879836403511514,-0.009467687225888815,0.003447698256792746,11.8100004196167,0.8200000000000001,4.54
2016-08-16,-0.0051711160500434615,-0.00267016376443074,0.004915970173444719,12.640000343322754,0.8200000000000001,4.54
2016-08-17,0.0018792316587494195,0.005979130606669205,0.00023348078990268189,12.1899995803833,0.8200000000000001,4.54
2016-08-18,0.002241348205091119,0.0015789804709305279,0.004735854578729188,11.430000305175781,0.8200000000000001,4.54
2016-08-19,-0.00146304155683714,-0.005248319036602591,-0.008868887925520175,11.34000015258789,0.8200000000000001,4.54
2016-08-22,-4.586697849381267e-05,0.0083989631498657,-0.0014858453674488508,12.270000457763672,0.8200000000000001,4.54
2016-08-23,0.0020115085090689844,0.0010718346085050825,-0.0001565049936259337,12.380000114440918,0.8200000000000001,4.54
2016-08-24,-0.005127945356182777,-0.0023589097338681778,-0.011176864142998198,13.449999809265137,0.8200000000000001,4.54
2016-08-25,-0.000689093080633186,-0.0038017304810823885,-0.0008709901258544955,13.630000114440918,0.8200000000000001,4.54
2016-08-26,-0.0018851032726004701,-0.005837053418685883,-0.0014269885139346196,13.649999618530273,0.8200000000000001,4.54
2016-08-29,0.004912372663658527,0.013282380548663552,0.001981375674593548,12.9399995803833,0.8200000000000001,4.54
2016-08-30,-0.0016501314718211056,-0.0038582344920616105,-0.01010635477558835,13.119999885559082,0.8200000000000001,4.54
2016-08-31,-0.002848227734925854,0.001430598046785987,-0.0020015218438290436,13.420000076293945,0.8200000000000001,4.54
2016-09-01,4.63562050329461e-05,0.0011027853918445585,0.004078880664929754,13.479999542236328,0.8599999999999999,4.54
2016-09-02,0.004497823868642921,-0.008190075716025924,0.010164454828507231,11.979999542236328,0.8599999999999999,4.54
2016-09-06,0.0030178314525021216,0.007259273875136903,0.016766351430797802,12.020000457763672,0.8599999999999999,4.54
2016-09-07,-9.128609013946812e-05,-0.0007165308650078559,-0.0034244132039321193,11.9399995803833,0.8599999999999999,4.54
2016-09-08,-0.0022858459614120597,-0.012621127405386874,-0.005315481388614766,12.510000228881836,0.8599999999999999,4.54
2016-09-09,-0.02422559958322973,-0.01661065180966114,-0.006605326760192751,17.5,0.8599999999999999,4.54
2016-09-12,0.014245234636948077,0.0005163467861931552,-0.0012631537514554386,15.15999984741211,0.8599999999999999,4.54
2016-09-13,-0.014479828738702842,-0.011423465188144322,-0.006657679739988439,17.850000381469727,0.8599999999999999,4.54
2016-09-14,-0.000375045947524192,0.0014911754915625118,0.0034136523813896856,18.139999389648438,0.8599999999999999,4.54
2016-09-15,0.00994324804168058,-0.004329473507427126,-0.006440074325495675,16.299999237060547,0.8599999999999999,4.54
2016-09-16,-0.003873256108132287,0.008046675059082159,-0.002475784418470438,15.369999885559082,0.8599999999999999,4.54
2016-09-19,0.00018778022337875678,-0.0032702672878131256,0.002076861031546589,15.529999732971191,0.8599999999999999,4.54
2016-09-20,4.656470551926514e-05,0.0034929302577909895,0.0009571124160199947,15.920000076293945,0.8599999999999999,4.54
2016-09-21,0.011183140828436479,0.008054709186542448,0.014483211562644741,13.300000190734863,0.8599999999999999,4.54
2016-09-22,0.00628101113619493,0.007917849645821737,0.0023544435304930274,12.020000457763672,0.8599999999999999,4.54
2016-09-23,-0.005494176559920791,-0.0009495397576808225,0.0006269244831308528,12.289999961853027,0.8599999999999999,4.54
2016-09-26,-0.008135048050277989,0.00633784609397795,-0.0007836871273146296,14.5,0.8599999999999999,4.54
2016-09-27,0.006188818568480655,0.007308727552452529,-0.00731797170627855,13.100000381469727,0.8599999999999999,4.54
2016-09-28,0.004951263044076732,-0.0021655136205887705,-0.0031640709801869947,12.390000343322754,0.8599999999999999,4.54
2016-09-29,-0.00908869987905858,0.0025261930569898884,-0.001189120004834333,14.020000457763672,0.8599999999999999,4.54
2016-09-30,0.007518070072930334,-0.008977278731203815,-0.0034166360099868506,13.289999961853027,0.8599999999999999,4.54
2016-10-03,-0.002407003827459777,-0.003305679411285268,-0.002550206163687112,13.569999694824219,0.8599999999999999,4.54
2016-10-04,-0.005111066245470677,-0.011763881594026634,-0.03532787258610445,13.630000114440918,0.8599999999999999,4.54
2016-10-05,0.004415890076446759,-0.004670646534021902,-0.0015718922897908132,12.989999771118164,0.8599999999999999,4.54
2016-10-06,0.0006951761690239434,-0.00558817091669177,-0.009316280206747919,12.84000015258789,0.8599999999999999,4.54
2016-10-07,-0.003435501829572458,0.0006724133381655736,0.0006682890904551575,13.479999542236328,0.8599999999999999,4.54
2016-10-10,0.00519489355082969,-0.005917129084715251,0.003501510836135576,13.380000114440918,0.8599999999999999,4.54
2016-10-11,-0.012709704752283741,-0.0022551645087394135,-0.005089499061391432,15.359999656677246,0.8599999999999999,4.54
2016-10-12,0.0013107735468682199,0.0009780924152644305,0.0015879882252557648,15.90999984741211,0.8599999999999999,4.54
2016-10-13,-0.003280703476317815,0.003753417220954325,0.0024189937106391113,16.690000534057617,0.8599999999999999,4.54
2016-10-14,0.0005161404126611004,-0.01411081646241058,-0.005597559798283797,16.1200008392334,0.8599999999999999,4.54
2016-10-17,-0.0034780376726645497,0.0063630822706739355,0.0026773752071126027,16.209999084472656,0.8599999999999999,4.54
2016-10-18,0.006242600736321257,0.0032420000235258407,0.006164100054633751,15.279999732971191,0.8599999999999999,4.54
2016-10-19,0.002663943296170041,0.0008271575809863233,0.005713611741873303,14.40999984741211,0.8599999999999999,4.54
2016-10-20,-0.0018685116228094973,0.0010528742721289063,-0.0030597728971403517,13.75,0.8599999999999999,4.54
2016-10-21,0.00046743455032813297,0.0015016941977311976,0.0007451585177257722,13.34000015258789,0.8599999999999999,4.54
2016-10-24,0.004243519312832228,-0.004361080802498045,-0.002237080125500534,13.020000457763672,0.8599999999999999,4.54
2016-10-25,-0.0033560366744482513,0.002633585696078669,0.007519794693909835,13.460000038146973,0.8599999999999999,4.54
2016-10-26,-0.002009942368407684,-0.006786152543366042,-0.0056138205649168835,14.239999771118164,0.8599999999999999,4.54
2016-10-27,-0.0026703497577123592,-0.010953712710229373,0.0018196962666161048,15.359999656677246,0.8599999999999999,4.54
2016-10-28,-0.002959838413132712,-0.002220838033315041,0.004699292917769531,16.190000534057617,0.8599999999999999,4.54
2016-10-31,4.708988091608952e-05,0.0061141459873420385,0.0029566431199742503,17.059999465942383,0.8599999999999999,4.54
2016-11-01,-0.007271520617541849,7.672725591384784e-05,0.006457707460557924,18.559999465942383,1.1600000000000001,4.54
2016-11-02,-0.006036964886990548,0.004341135993977027,0.0073872643657927,19.31999969482422,1.1600000000000001,4.54
2016-11-03,-0.004587608848639989,-0.007705490827720899,0.005323910740822675,22.079999923706055,1.1600000000000001,4.54
2016-11-04,-0.0011023543266912008,0.008920292507186501,0.0007237632468994597,22.510000228881836,1.1600000000000001,4.54
2016-11-07,0.0218176227891544,-0.008537509361202665,-0.01817197611952108,18.709999084472656,1.1600000000000001,4.54
2016-11-08,0.004493514785030381,-0.004065832526115623,-0.004183952404118774,18.739999771118164,1.1600000000000001,4.54
2016-11-09,0.010546246004534878,-0.04335895634719715,-0.0006579098268444278,14.380000114440918,1.1600000000000001,4.54
2016-11-10,0.002492458172163215,-0.014880910543265596,-0.015001711673606965,14.739999771118164,1.1600000000000001,4.54
2016-11-11,-0.002307618446573334,-0.005637890993535247,-0.022377978717915834,14.170000076293945,1.1600000000000001,4.54
2016-11-14,0.0007850647769597977,-0.005999763049738907,-0.008490234677527317,14.479999542236328,1.1600000000000001,4.54
2016-11-15,0.007772712136727047,0.004933931954160355,0.008661050768427549,13.369999885559082,1.1600000000000001,4.54
2016-11-16,-0.001880340929380972,0.008982338666195838,-0.002992914324639575,13.720000267028809,1.1600000000000001,4.54
2016-11-17,0.005127831338857533,-0.014823129234280676,-0.00515153957584098,13.350000381469727,1.1600000000000001,4.54
2016-11-18,-0.0022399727715510078,-0.002891938423830858,-0.008818980245606272,12.850000381469727,1.1600000000000001,4.54
2016-11-21,0.007523108907246311,0.0024791517556600733,0.0037273072140238833,12.420000076293945,1.1600000000000001,4.54
2016-11-22,0.0019512346130343102,-0.0003301219731245836,-0.00034614845492716306,12.40999984741211,1.1600000000000001,4.54
2016-11-23,0.0005436213557828494,-0.0038883147504553605,-0.020019033913875547,12.430000305175781,1.1600000000000001,4.54
2016-11-25,0.003708582937698688,0.001490800775799251,-0.005667237234161627,12.34000015258789,1.1600000000000001,4.54
2016-11-28,-0.004705810785179867,0.007339327081317005,0.01051202138010083,13.149999618530273,1.1600000000000001,4.54
2016-11-29,0.001948478366707828,0.004181184505451829,-0.004668228933024833,12.899999618530273,1.1600000000000001,4.54
2016-11-30,-0.0024019680411777222,-0.016332604661577318,-0.013510086082379656,13.329999923706055,1.1600000000000001,4.54
2016-12-01,-0.00368213661291237,-0.010614970892071939,-0.0018809543242076046,14.069999694824219,1.2900000000000003,4.54
2016-12-02,0.0005007236556912819,0.007301378878846762,0.005364806083291903,14.119999885559082,1.2900000000000003,4.54
2016-12-05,0.005990576103620122,-0.0010877987159611583,-0.005364806083291772,12.140000343322754,1.2900000000000003,4.54
2016-12-06,0.003162441446511142,-0.0007532284201219201,-0.0009866853717861235,11.789999961853027,1.2900000000000003,4.54
2016-12-07,0.01299610090831073,0.008507753808508859,0.003583283615967707,12.220000267028809,1.2900000000000003,4.54
2016-12-08,0.002445643854750839,-0.011864626549254277,-0.0023276835438490475,12.640000343322754,1.2900000000000003,4.54
2016-12-09,0.006022458610541367,-0.01251699889071869,-0.010542046205441346,11.75,1.2900000000000003,4.54
2016-12-12,-0.0011486487404527535,0.0018707101248170684,0.003797113021044969,12.640000343322754,1.2900000000000003,4.54
2016-12-13,0.006651863646433115,0.0035615676609894627,-0.003344358449500988,12.720000267028809,1.2900000000000003,4.54
2016-12-14,-0.008288730057090639,-0.011236457993747508,-0.01477585370302796,13.1899995803833,1.2900000000000003,4.54
2016-12-15,0.004109295935675108,0.005037810692147444,-0.013785715901107913,12.789999961853027,1.2900000000000003,4.54
2016-12-16,-0.0019582133131902193,-0.002301790918569058,0.006592778565065687,12.199999809265137,1.2900000000000003,4.54
2016-12-19,0.0021750684606408445,0.010698886269140428,0.004985177307786946,11.710000038146973,1.2900000000000003,4.54
2016-12-20,0.0038501755705211567,-0.004996000959757246,-0.007394390217464912,11.449999809265137,1.2900000000000003,4.54
2016-12-21,-0.002786331060113572,0.004404938273292566,0.0005564603998491446,11.270000457763672,1.2900000000000003,4.54
2016-12-22,-0.0017290578602128092,-0.0017899178145464323,-0.0024136861188265224,11.430000305175781,1.2900000000000003,4.54
2016-12-23,0.0014633398433985842,0.002034893763187163,0.003155199096609045,11.4399995803833,1.2900000000000003,4.54
2016-12-27,0.002477970249948128,-0.0032245668023488344,0.00582012137282036,11.989999771118164,1.2900000000000003,4.54
2016-12-28,-0.00829893494593714,0.007282558944919708,0.002759665575201272,12.949999809265137,1.2900000000000003,4.54
2016-12-29,-0.00022306763618196109,0.0035373785303346255,0.01305061000633585,13.369999885559082,1.2900000000000003,4.54
2016-12-30,-0.0036615684065811932,0.0015118764799027925,-0.006184651823121631,14.039999961853027,1.2900000000000003,4.54
2017-01-03,0.007621094995107177,0.004271692566938462,0.00781538513824579,12.850000381469727,1.2900000000000003,4.54
2017-01-04,0.005931537513748037,0.0038380650592379595,0.0035241475629946054,11.850000381469727,1.2900000000000003,4.54
2017-01-05,-0.0007949826931751158,0.015532254114425093,0.015395946803090798,11.670000076293945,1.2900000000000003,4.54
2017-01-06,0.003571522257521396,-0.00922475064288966,-0.007399862806678017,11.319999694824219,1.2900000000000003,4.54
2017-01-09,-0.003306457798319015,0.00799373212385416,0.008198942430912352,11.5600004196167,1.2900000000000003,4.54
2017-01-10,0.0,-0.0006567185781384197,0.004251209640407789,11.489999771118164,1.2900000000000003,4.54
2017-01-11,0.002822212940843436,0.00336192380450976,0.003088451356458922,11.260000228881836,1.2900000000000003,4.54
2017-01-12,-0.0025131378629079447,-0.0022124209053770434,0.0036058581395100996,11.539999961853027,1.2900000000000003,4.54
2017-01-13,0.0022928782592241278,-0.004769837780894765,0.002630155985373185,11.229999542236328,1.2900000000000003,4.54
2017-01-17,-0.0035296740350193967,0.010414138450059805,0.014257386660884261,11.869999885559082,1.2900000000000003,4.54
2017-01-18,0.002207642232025757,-0.012890252300994033,-0.008495159639561354,12.479999542236328,1.2900000000000003,4.54
2017-01-19,-0.0037113741713547823,-0.006882907680067042,-0.0008709816243124942,12.779999732971191,1.2900000000000003,4.54
2017-01-20,0.0036671022522853838,-0.0019989579932449763,0.0024367465635149513,11.539999961853027,1.2900000000000003,4.54
2017-01-23,-0.0026055154640105445,0.009955560305498387,0.006411370524106662,11.770000457763672,1.2900000000000003,4.54
2017-01-24,0.006391311791154941,-0.006875496054860803,-0.00450104004040464,11.069999694824219,1.2900000000000003,4.54
2017-01-25,0.00861817156875795,-0.012629879997298818,-0.00827564253844338,10.8100004196167,1.2900000000000003,4.54
2017-01-26,-0.0010459948251885058,0.003361578549173531,-0.00931545140516917,10.630000114440918,1.2900000000000003,4.54
2017-01-27,-0.0015712009227126197,0.003600421717676198,0.002028628943019752,10.579999923706055,1.2900000000000003,4.54
2017-01-30,-0.006220906837025427,-0.0030133761169684812,0.004220558088409409,11.880000114440918,1.2900000000000003,4.54
2017-01-31,-8.784613743038651e-05,0.006934988985536647,0.013768096552717091,11.989999771118164,1.2900000000000003,4.54
2017-02-01,0.00039559625934247736,-0.006202537726968864,-0.003033641360264487,11.8100004196167,1.22,4.54
2017-02-02,0.0006587467494441289,-0.0004202096494550208,0.005540175253055282,11.930000305175781,1.22,4.54
2017-02-03,0.00686915163919838,-0.0004202201699915115,0.002500332582847749,10.970000267028809,1.22,4.54
2017-02-06,-0.0017892747507114468,0.006032218014573712,0.013428758731216857,11.369999885559082,1.22,4.54
2017-02-07,4.377121857806111e-05,0.007323662568520957,-0.002041146037959061,11.289999961853027,1.22,4.54
2017-02-08,0.0013094710232682458,0.013507075750153115,0.006195677380773958,11.449999809265137,1.22,4.54
2017-02-09,0.00591517823620136,-0.011601452308625632,-0.0076440113416854985,10.880000114440918,1.22,4.54
2017-02-10,0.00393814916571078,-0.0005798513841224306,0.0026395141502793757,10.850000381469727,1.22,4.54
2017-02-13,0.005428004248418285,-0.0031514396520407966,-0.00682592596717586,11.069999694824219,1.22,4.54
2017-02-14,0.003987571267395646,-0.007253553542097189,0.0011123712399388251,10.739999771118164,1.22,4.54
2017-02-15,0.005206587881441955,-0.004612464212860473,0.0044372173593291335,11.970000267028809,1.22,4.54
2017-02-16,-0.0008516784773960617,0.005449391616409666,0.005349691237603948,11.760000228881836,1.22,4.54
2017-02-17,0.0015750653793453915,0.005917831575752624,-0.0033932974726115484,11.489999771118164,1.22,4.54
2017-02-21,0.005937615364122468,-0.0017469610239610315,0.0005946540100771037,11.569999694824219,1.22,4.54
2017-02-22,-0.0008882819559128374,0.0016639824172771179,0.0013579197505681978,11.739999771118164,1.22,4.54
2017-02-23,0.0006767688245684854,0.0029873239474675116,0.00869753215772035,11.710000038146973,1.22,4.54
2017-02-24,0.0012680349770333985,0.011043813138224156,0.006369402264058673,11.470000267028809,1.22,4.54
2017-02-27,0.0015620091594272128,-0.005918745175754106,-0.004857175635850916,12.09000015258789,1.22,4.54
2017-02-28,-0.0027032056272372146,0.003703592998616723,0.0009230175401251751,12.920000076293945,1.22,4.54
2017-03-01,0.013900478464414228,-0.016898176855890585,-0.0014268817535848305,12.539999961853027,1.17,4.54
2017-03-02,-0.006317085658658467,-0.003606032707242703,-0.012508578672613836,11.8100004196167,1.17,4.54
2017-03-03,0.0006290893983015568,0.002601118806448436,-0.0005955140219629334,10.960000038146973,1.17,4.54
2017-03-06,-0.002982263354014099,-0.004787658104508583,-0.006745539852068352,11.239999771118164,1.17,4.54
2017-03-07,-0.002991333000449322,-0.003035334389187571,-0.008086086565359004,11.449999809265137,1.17,4.54
2017-03-08,-0.0018581679829722032,-0.005418892509165394,-0.006238117890961693,11.859999656677246,1.17,4.54
2017-03-09,0.0012670934887384145,-0.008013134489541092,-0.005140919622256575,12.300000190734863,1.17,4.54
2017-03-10,0.003498018759971352,0.0035030111120612282,0.0021815968976861885,11.65999984741211,1.17,4.54
2017-03-13,0.0005048135989552282,-0.006331369775016907,0.00017429306368713733,11.350000381469727,1.17,4.54
2017-03-14,-0.0038339182790888553,0.0047945026253840015,-0.005418130142925278,12.300000190734863,1.17,4.54
2017-03-15,0.008616499343491882,0.012141142940797869,0.018492494054676123,11.630000114440918,1.17,4.54
2017-03-16,-0.0019688915087412865,-0.005075933560549689,0.004120559955210867,11.210000038146973,1.17,4.54
2017-03-17,-0.0017579063936013076,0.006256708625072084,0.0022248383768926597,11.279999732971191,1.17,4.54
2017-03-20,-0.001097401503150335,0.004289743244103033,0.004435011725417898,11.34000015258789,1.17,4.54
2017-03-21,-0.012922815095150484,0.008274734850482928,0.008727009558066982,12.470000267028809,1.17,4.54
2017-03-22,0.0023504708922280795,0.003987106905722144,0.0024434516279076965,12.8100004196167,1.17,4.54
2017-03-23,-0.0010677315336171673,-0.0014103478274483635,-0.001347399463717088,13.119999885559082,1.17,4.54
2017-03-24,-0.0007264503450927934,0.003563404700490293,0.0015998188263156232,12.960000038146973,1.17,4.54
2017-03-27,-0.001026941434555747,0.004539762941561539,0.005621040603803889,12.5,1.17,4.54
2017-03-28,0.00725044572339614,-0.006692819814603406,-0.0041077969016607725,11.529999732971191,1.17,4.54
2017-03-29,0.0009342880093759176,0.005951173591843382,0.0024332009503229184,11.420000076293945,1.17,4.54
2017-03-30,0.0031791513054845594,-0.008108876122948314,-0.007233005455458062,11.539999961853027,1.17,4.54
2017-03-31,-0.0023302296530242662,0.002903365273795418,0.002108015430704589,12.369999885559082,1.17,4.54
2017-04-03,-0.001740587128777015,0.010036596813312757,0.005292550298656713,12.380000114440918,1.17,4.54
2017-04-04,0.0006369530047094559,-0.005439768607991815,0.0022597345773738855,11.789999961853027,1.17,4.54
2017-04-05,-0.002976998858117115,0.0030531790328943895,0.0,12.890000343322754,1.17,4.54
2017-04-06,0.002807353799265353,-0.0014839969433148009,-0.003685116697841802,12.390000343322754,1.17,4.54
2017-04-07,-0.0010199714873517646,-0.004051175480491875,0.002346621760815808,12.869999885559082,1.17,4.54
2017-04-10,0.000594910399913639,0.004628217882240133,0.0,14.050000190734863,1.17,4.54
2017-04-11,-0.0011902497895652493,0.009438938939648724,0.014378002485395934,15.069999694824219,1.17,4.54
2017-04-12,-0.004391673545661021,0.005457504141761076,0.006825356086692966,15.770000457763672,1.17,4.54
2017-04-13,-0.006516109635212166,0.0030827567417615995,0.0047420728437496,15.960000038146973,1.17,4.54
2017-04-17,0.008821037190162407,-0.003082756741761615,-0.0029407031136137306,14.65999984741211,1.17,4.54
2017-04-18,-0.0029890912167905804,0.01299507854361166,0.004733558474010278,14.420000076293945,1.17,4.54
2017-04-19,-0.0018402210987622475,-0.005467976649415384,-0.008914361418128501,14.930000305175781,1.17,4.54
2017-04-20,0.008106308095828714,-0.0038779884389921345,0.001887609614885789,14.149999618530273,1.17,4.54
2017-04-21,-0.003192005075004889,0.0,0.002865670925194773,14.630000114440918,1.17,4.54
2017-04-24,0.010937877724936826,-0.0049497329793776685,-0.006809117727285548,10.84000015258789,1.17,4.54
2017-04-25,0.005801854982436331,-0.012112195694359824,-0.010176758825308857,10.760000228881836,1.17,4.54
2017-04-26,-0.000628974601057125,0.005501215614538753,0.004894417227160271,10.850000381469727,1.17,4.54
2017-04-27,0.0008385203356595855,-0.0003275983494571727,-0.003730858335881937,10.359999656677246,1.17,4.54
2017-04-28,-0.0021816909848906465,0.0022091888891989015,0.003151414614046289,10.819999694824219,1.17,4.54
2017-05-01,0.0025169023455744186,-0.008347412854237223,-0.009149943206636764,10.109999656677246,0.9999999999999998,4.54
2017-05-02,0.0003771811843765187,0.005107157253066395,-0.00016711217732273407,10.59000015258789,0.9999999999999998,4.54
2017-05-03,-0.0012154203677791431,0.0006569750775828816,-0.014055680078894413,10.680000305175781,0.9999999999999998,4.54
2017-05-04,0.0011735593168350623,-0.004939041644921045,-0.010137688898777003,10.460000038146973,0.9999999999999998,4.54
2017-05-05,0.003929061084444392,0.0009073568441038008,0.0018819613581217375,10.569999694824219,0.9999999999999998,4.54
2017-05-08,-0.00016680499822275982,-0.005456205983031051,-0.0022245229386793674,9.770000457763672,0.9999999999999998,4.54
2017-05-09,-0.0009185131047952227,-8.299295570497784e-05,-0.006013737531638919,9.960000038146973,0.9999999999999998,4.54
2017-05-10,0.001794295896637751,-0.0011614020292690108,-8.619187440805963e-05,10.210000038146973,0.9999999999999998,4.54
2017-05-11,-0.002044712066907555,0.0,0.003956305862795571,10.600000381469727,0.9999999999999998,4.54
2017-05-12,-0.0016723464434858695,0.007524587781934353,0.0028286293961141936,10.399999618530273,0.9999999999999998,4.54
2017-05-15,0.005508213903055651,-0.0027218912777233033,0.00264989304932151,10.420000076293945,0.9999999999999998,4.54
2017-05-16,-0.0009159190391219072,0.0037101519915335524,0.004344332691827055,10.649999618530273,0.9999999999999998,4.54
2017-05-17,-0.01790338776953701,0.014461758273006912,0.018026089242991115,15.59000015258789,0.9999999999999998,4.54
2017-05-18,0.004020460078158935,0.001134799614784126,-0.008214659464641129,14.65999984741211,0.9999999999999998,4.54
2017-05-19,0.006482981585537527,0.0023473051624976794,0.0049536558166890015,12.039999961853027,0.9999999999999998,4.54
2017-05-22,0.005064743322460592,-0.002752636319656861,0.004178861021674379,10.930000305175781,0.9999999999999998,4.54
2017-05-23,0.0022104462947629844,-0.0067499148535536055,-0.006358807682167539,10.720000267028809,0.9999999999999998,4.54
2017-05-24,0.0023299063783786583,0.005614654914651498,0.003937188086656905,10.020000457763672,0.9999999999999998,4.54
2017-05-25,0.004768134987530545,0.0003246622968733871,-0.0010874337201151904,9.989999771118164,0.9999999999999998,4.54
2017-05-26,-0.00020680649679049622,0.0017020935076594943,0.008832634206008617,9.8100004196167,0.9999999999999998,4.54
2017-05-30,-0.0008693315107457899,0.004927628456163206,-0.0033239313084347183,10.380000114440918,0.9999999999999998,4.54
2017-05-31,-0.0002482069501943355,0.002495134480086586,0.003987406451696997,10.40999984741211,0.9999999999999998,4.54
2017-06-01,0.007920466922647232,0.00010447712937620175,0.0008286937780719529,9.890000343322754,0.8499999999999999,4.54
2017-06-02,0.003323220295942558,0.011771357386241797,0.007345383440385594,9.75,0.8499999999999999,4.54
2017-06-05,-0.0007375235577636618,-0.006228742600219602,0.0009862969865506888,10.069999694824219,0.8499999999999999,4.54
2017-06-06,-0.0032021635825754875,0.005432478837696053,0.011191515796581182,10.449999809265137,0.8499999999999999,4.54
2017-06-07,0.0018486227015241446,-0.00479188519903843,-0.005294262319270497,10.390000343322754,0.8499999999999999,4.54
2017-06-08,0.0004922643196302454,-0.0026450190740857546,-0.006554676702975053,10.15999984741211,0.8499999999999999,4.54
2017-06-09,-0.0015189433584758918,-0.0015261148086479833,-0.009166426122606205,10.699999809265137,0.8499999999999999,4.54
2017-06-12,-0.00020547681828185673,-0.0003212689868754446,-0.0014943988172197275,11.460000038146973,0.8499999999999999,4.54
2017-06-13,0.004877950783857105,0.00016080503449005545,0.0009965350816834196,10.420000076293945,0.8499999999999999,4.54
2017-06-14,-0.0012682307140522604,0.015318118450869216,-0.005493177805750778,10.640000343322754,0.8499999999999999,4.54
2017-06-15,-0.0019260840769029625,-0.0015848111924401497,-0.00418165701990386,10.899999618530273,0.8499999999999999,4.54
2017-06-16,0.00021841058389320667,0.001980757643489332,0.00016757431865917162,10.380000114440918,0.8499999999999999,4.54
2017-06-19,0.008290647559714048,-0.0014258151788781352,-0.00765446009733337,10.369999885559082,0.8499999999999999,4.54
2017-06-20,-0.0067669268891243466,0.00891631377639214,-0.0021131828104241023,10.859999656677246,0.8499999999999999,4.54
2017-06-21,-0.00024705295072867135,0.002040191755841689,0.002872805881766109,10.75,0.8499999999999999,4.54
2017-06-22,-0.00045282458666074147,0.0021926438438921126,0.0033692883509404193,10.479999542236328,0.8499999999999999,4.54
2017-06-23,0.0011936563594408284,-0.0004691243622248759,0.004279445503073095,10.020000457763672,0.8499999999999999,4.54
2017-06-26,0.0006576568257824724,0.0037497516843017003,-0.00899959554685728,9.899999618530273,0.8499999999999999,4.54
2017-06-27,-0.008088611616093219,-0.010739214069752702,0.003794725232620457,11.0600004196167,0.8499999999999999,4.54
2017-06-28,0.00891025468935953,-0.0033155647134591494,0.000757258608664271,10.029999732971191,0.8499999999999999,4.54
2017-06-29,-0.008827465042458705,-0.008416630010983424,-0.004890000706728738,11.4399995803833,0.8499999999999999,4.54
2017-06-30,0.0018626591836555908,-0.0023150153102164113,-0.002538742638049931,11.180000305175781,0.8499999999999999,4.54
2017-07-03,0.001694080581920141,-0.0032250543212608835,-0.01648835238074312,11.220000267028809,0.8499999999999999,4.54
2017-07-05,0.0023095011195278545,0.00024113603167786105,0.0036971824767883434,11.069999694824219,0.8499999999999999,4.54
2017-07-06,-0.009186678920960839,-0.008307651170188637,-0.0004291636859008885,12.539999961853027,0.8499999999999999,4.54
2017-07-07,0.006464414262001569,-0.00601191672131698,-0.010269798493159019,11.1899995803833,0.8499999999999999,4.54
2017-07-10,0.0010734234840151906,0.0014653158814054974,0.0016468254331296226,11.109999656677246,0.8499999999999999,4.54
2017-07-11,-0.0007433725538139642,0.0017074880839230157,0.0012982088742114774,10.890000343322754,0.8499999999999999,4.54
2017-07-12,0.007486771070646242,0.006880740657448271,0.0035397924292921755,10.300000190734863,0.8499999999999999,4.54
2017-07-13,0.0016789653087719964,-0.006312145817740589,-0.0018115086761426493,9.899999618530273,0.8499999999999999,4.54
2017-07-14,0.004653287097397885,0.00121689930839329,0.008168900176639902,9.510000228881836,0.8499999999999999,4.54
2017-07-17,-0.00012209346084159322,0.002752497429745063,0.004443348999716993,9.819999694824219,0.8499999999999999,4.54
2017-07-18,0.0005291303636895027,0.00869537546414703,0.006966890452323186,9.890000343322754,0.8499999999999999,4.54
2017-07-19,0.005399546260543361,0.0004005088428933585,-0.0002540224323477312,9.789999961853027,0.8499999999999999,4.54
2017-07-20,0.00044514688916416406,0.002880454597693595,0.00135406277392805,9.579999923706055,0.8499999999999999,4.54
2017-07-21,-0.0008907048142245419,0.00422622164122029,0.008589562474350264,9.359999656677246,0.8499999999999999,4.54
2017-07-24,-0.00024317979406429877,-0.003906491677841465,0.0004191258176561492,9.430000305175781,0.8499999999999999,4.54
2017-07-25,0.0024281500324566255,-0.013104649825755968,-0.0032741446924645485,9.430000305175781,0.8499999999999999,4.54
2017-07-26,4.041218017989728e-05,0.0016172200438532745,0.008040236804836134,9.600000381469727,0.8499999999999999,4.54
2017-07-27,-0.0009298935802861239,-0.004941184780660238,-0.0007510021513585564,10.109999656677246,0.8499999999999999,4.54
2017-07-28,-0.0011739211138140377,0.0059098048857161795,0.00748507747253413,10.289999961853027,0.8499999999999999,4.54
2017-07-31,-0.0005671823353765246,0.0012103248424450072,0.0004969976741389874,10.260000228881836,0.8499999999999999,4.54
2017-08-01,0.002226302394699488,0.00699671914452201,-0.0008284878144892227,10.09000015258789,0.8699999999999999,4.54
2017-08-02,0.00048524672208114254,0.0005609474552494429,-0.002074259170059369,10.279999732971191,0.8699999999999999,4.54
2017-08-03,-0.0019418340148672723,0.01029141994163069,0.0015767861990997622,10.4399995803833,0.8699999999999999,4.54
2017-08-04,0.0018203143766098882,-0.0085289586192145,-0.007825504639997654,10.029999732971191,0.8699999999999999,4.54
2017-08-07,0.001857488601786771,0.0011203839810459877,-0.0011707593535363761,9.930000305175781,0.8699999999999999,4.54
2017-08-08,-0.0024638211419251385,-0.0036036624507624826,0.0029243323685439523,10.960000038146973,0.8699999999999999,4.54
2017-08-09,-4.0652439073982294e-05,0.005441071711367909,0.012024832535234332,11.109999656677246,0.8699999999999999,4.54
2017-08-10,-0.014215605003640181,0.008503180540304925,0.007391636301004261,16.040000915527344,0.8699999999999999,4.54
2017-08-11,0.001475766560095165,0.0004749012394711339,0.004734717669981235,15.510000228881836,0.8699999999999999,4.54
2017-08-14,0.00986412802732901,-0.005154784665585409,-0.007110509708619983,12.329999923706055,0.8699999999999999,4.54
2017-08-15,-0.00012153709419768684,-0.004222978854714497,-0.007739806493235807,12.039999961853027,0.8699999999999999,4.54
2017-08-16,0.0017427964672347058,0.003666183546600715,0.007329654945785988,11.739999771118164,0.8699999999999999,4.54
2017-08-17,-0.0157136955463437,0.007450083944604516,0.005074451187161252,15.550000190734863,0.8699999999999999,4.54
2017-08-18,-0.001564126913939819,-0.00023720272344700174,-0.0015523089133794997,14.260000228881836,0.8699999999999999,4.54
2017-08-21,0.000782297175705804,0.00244571958909451,0.003754179507042542,13.1899995803833,0.8699999999999999,4.54
2017-08-22,0.01040262981062078,-0.003868111307522363,-0.004490378194735464,11.350000381469727,0.8699999999999999,4.54
2017-08-23,-0.003591546877223533,0.0067785215636068956,0.003756939159508119,12.25,0.8699999999999999,4.54
2017-08-24,-0.002333701262898388,-0.0036988153946500425,-0.003102527430184758,12.229999542236328,0.8699999999999999,4.54
2017-08-25,0.002333701262898278,0.003856009867770706,0.0036729988686282277,11.279999732971191,0.8699999999999999,4.54
2017-08-28,4.074156085487716e-05,-0.0006287727626273466,0.015762397031869272,11.319999694824219,0.8699999999999999,4.54
2017-08-29,0.0011441668905079927,0.003217314396623983,-0.002167752218151974,11.699999809265137,0.8699999999999999,4.54
2017-08-30,0.004726284069347079,-0.00031337121248519557,-0.0004823342716563527,11.220000267028809,0.8699999999999999,4.54
2017-08-31,0.005998092194869565,0.002973564844964508,0.011671721617894353,10.59000015258789,0.8699999999999999,4.54
2017-09-01,0.0014131973410500067,-0.007678807437208546,0.0019056530015576626,10.130000114440918,0.8200000000000003,4.54
2017-09-05,-0.007208087042583984,0.0157335635653408,0.011044617985341777,12.229999542236328,0.8200000000000003,4.54
2017-09-06,0.0034079261505550384,-0.0061543190729863055,-0.005112698708954078,11.630000114440918,0.8200000000000003,4.54
2017-09-07,-0.00012121800633493388,0.010184739182451585,0.010355527635419215,11.550000190734863,0.8200000000000003,4.54
2017-09-08,-0.0011756332998148881,-0.0021683236696181645,-0.0012495406412696415,12.119999885559082,0.8200000000000003,4.54
2017-09-11,0.010609623905531003,-0.01201006105073911,-0.014007143976598416,10.729999542236328,0.8200000000000003,4.54
2017-09-12,0.0033650619678173366,-0.005270058483880968,0.0029277577169540335,10.579999923706055,0.8200000000000003,4.54
2017-09-13,0.00047960009693524423,-0.003951121726539535,-0.007534611170577271,10.5,0.8200000000000003,4.54
2017-09-14,-0.00031966115909589656,0.004109161930006628,0.004369098124020519,10.4399995803833,0.8200000000000003,4.54
2017-09-15,0.0013451632835666412,0.0003940313443383594,-0.005006207576558888,10.170000076293945,0.8200000000000003,4.54
2017-09-18,0.002124752607213963,-0.00577072363318628,-0.009364174007229185,10.149999618530273,0.8200000000000003,4.54
2017-09-19,0.001000529640201127,-0.0024612199950145896,0.002088539057238403,10.180000305175781,0.8200000000000003,4.54
2017-09-20,0.0003599067292201851,0.0007152643444978418,-0.008056762706663206,9.779999732971191,0.8200000000000003,4.54
2017-09-21,-0.0026828993537548382,-0.0005563155031212963,-0.007633024715442955,9.670000076293945,0.8200000000000003,4.54
2017-09-22,0.00020064651279833338,0.002856767325926862,0.0045543146609353605,9.59000015258789,0.8200000000000003,4.54
2017-09-25,-0.002046917856925264,0.006240673366715435,0.01041298453601274,10.210000038146973,0.8200000000000003,4.54
2017-09-26,0.0006024409150351816,-0.0018134324632206437,-0.011224726404076811,10.170000076293945,0.8200000000000003,4.54
2017-09-27,0.003886661371080208,-0.015182500442207177,-0.009464790137827282,9.869999885559082,0.8200000000000003,4.54
2017-09-28,0.0011993360622491102,-0.002967449229470187,0.0018837445698112896,9.550000190734863,0.8200000000000003,4.54
2017-09-29,0.0035087413990693055,0.0022468905018561895,-0.0051683715774128456,9.510000228881836,0.8200000000000003,4.54
2017-10-02,0.00432925286981147,-0.001833203003250514,-0.006684614889873803,9.449999809265137,0.8200000000000003,4.54
2017-10-03,0.002137909847382196,0.0009647360731531172,0.0004967317019956395,9.510000228881836,0.8200000000000003,4.54
2017-10-04,0.0011856027292294175,8.057409712815879e-05,0.0028098889387879367,9.630000114440918,0.8200000000000003,4.54
2017-10-05,0.005907772719298716,-0.0037849970257714336,-0.005378816723625571,9.1899995803833,0.8200000000000003,4.54
2017-10-06,-0.0011394995240421142,-0.0028279221989829313,0.0047183541150492775,9.649999618530273,0.8200000000000003,4.54
2017-10-09,-0.001652402148333044,0.0031506696666385066,0.008142542011554031,10.329999923706055,0.8200000000000003,4.54
2017-10-10,0.002634719186915818,0.0016117852310473778,0.002617800009600174,10.079999923706055,0.8200000000000003,4.54
2017-10-11,0.001569620935505002,0.0019314226422543208,0.0031812040839063376,9.850000381469727,0.8200000000000003,4.54
2017-10-12,-0.001490992389750749,0.004250237041065235,0.0008140547013934963,9.90999984741211,0.8200000000000003,4.54
2017-10-13,0.0012165514435713385,0.007177333715746461,0.007539254296557061,9.609999656677246,0.8200000000000003,4.54
2017-10-16,0.0013328887108565567,-0.0007154737849684889,-0.006888462515220647,9.90999984741211,0.8200000000000003,4.54
2017-10-17,0.0007048280739932953,0.0012713938067368574,-0.006854404417199568,10.3100004196167,0.8200000000000003,4.54
2017-10-18,0.0009780211906979083,-0.006612865563371004,-0.0037735819439878113,10.069999694824219,0.8200000000000003,4.54
2017-10-19,0.00027375090759821144,0.0017564816743343818,0.005900215657301968,10.050000190734863,0.8200000000000003,4.54
2017-10-20,0.005147094467698456,-0.010670314762845226,-0.006393454395473306,9.970000267028809,0.8200000000000003,4.54
2017-10-23,-0.003896955380702407,0.0017725861231733834,0.0015611723194451613,11.069999694824219,0.8200000000000003,4.54
2017-10-24,0.0017554381508684575,-0.006218634564550845,-0.0038662591759729935,11.15999984741211,0.8200000000000003,4.54
2017-10-25,-0.0049621774101539185,-0.00479138290925858,0.0001647984431062872,11.229999542236328,0.8200000000000003,4.54
2017-10-26,0.0012918509979381188,-0.0033430542438346537,-0.008440935931398883,11.300000190734863,0.8200000000000003,4.54
2017-10-27,0.008142653574316929,0.006594031680395311,0.0047257865747334146,9.800000190734863,0.8200000000000003,4.54
2017-10-30,-0.0037320980687195735,0.009529661787377335,0.0019005561122998722,10.5,0.8200000000000003,4.54
2017-10-31,0.0015567452120783343,0.00032103364827868223,-0.0038047944426046506,10.180000305175781,0.8200000000000003,4.54
2017-11-01,0.0013214253948043645,0.004443009802072858,0.0036396966611634005,10.199999809265137,0.6500000000000001,4.54
2017-11-02,0.00038842988248233247,0.004399199144524572,0.0006603535530684753,9.930000305175781,0.6500000000000001,4.54
2017-11-03,0.0033328271065197284,0.0027094441108653808,-0.0047144513322975885,9.140000343322754,0.6500000000000001,4.54
2017-11-06,0.001546715273793151,0.0037340035629936353,0.008502950979344039,9.399999618530273,0.6500000000000001,4.54
2017-11-07,-0.0006956887880452571,0.004193827193143412,-0.0036235108435323914,9.890000343322754,0.6500000000000001,4.54
2017-11-08,0.0016994125674586343,-0.0022137932715712255,0.003459056119704665,9.779999732971191,0.6500000000000001,4.54
2017-11-09,-0.003634342214085962,-0.0028526679731762684,0.004102401645100611,10.5,0.6500000000000001,4.54
2017-11-10,-0.0003099796877419932,-0.01519449630546881,-0.008221702339946372,11.289999961853027,0.6500000000000001,4.54
2017-11-13,0.0009295834978286243,0.002093210406422645,0.0014849063034307734,11.5,0.6500000000000001,4.54
2017-11-14,-0.002325276750027407,0.006731858769846734,0.002058715307154061,11.59000015258789,0.6500000000000001,4.54
2017-11-15,-0.005017936972070479,0.010803733576821763,-0.001234670245587114,13.130000114440918,0.6500000000000001,4.54
2017-11-16,0.00846518803438889,-0.008729514201833958,-8.238652462762423e-05,11.760000228881836,0.6500000000000001,4.54
2017-11-17,-0.002943082297928506,0.0073857876586417995,0.011954609509226865,11.430000305175781,0.6500000000000001,4.54
2017-11-20,0.0017049488618079795,-0.0003959370021296449,-0.012696268046166224,10.649999618530273,0.6500000000000001,4.54
2017-11-21,0.006521619287030864,0.003161124952677752,0.001647348843739489,9.729999542236328,0.6500000000000001,4.54
2017-11-22,-0.0008852073996200615,0.0032294532919459056,0.009175087875408043,9.880000114440918,0.6500000000000001,4.54
2017-11-24,0.0023070591188385017,-0.00275610698460137,-0.0025311102507151856,9.670000076293945,0.6500000000000001,4.54
2017-11-27,-0.0004994604344704748,-0.0014205583789614704,0.004160741332319787,9.869999885559082,0.6500000000000001,4.54
2017-11-28,0.010093660420741056,0.0013415170938514934,-0.00016287471547679085,10.029999732971191,0.6500000000000001,4.54
2017-11-29,-0.0006087006180661274,-0.009907739602480184,-0.006289558392421287,10.699999809265137,0.6500000000000001,4.54
2017-11-30,0.008716854573935898,-0.003351265812881236,-0.007732229391441411,11.279999732971191,0.6500000000000001,4.54
2017-12-01,-0.002077480138012701,0.013404304958199009,0.0040380612309282235,11.430000305175781,0.5599999999999998,4.54
2017-12-04,-0.0012109074380667216,0.000474085151909308,-0.003377653154607993,11.680000305175781,0.5599999999999998,4.54
2017-12-05,-0.0036028135017551585,0.0049631539085610975,-0.007122188370048705,11.329999923706055,0.5599999999999998,4.54
2017-12-06,0.00018992829949356644,0.00345247343803828,-0.002079954164184071,11.020000457763672,0.5599999999999998,4.54
2017-12-07,0.0031479871513287903,-0.007863041209605822,-0.013246352701112026,10.15999984741211,0.5599999999999998,4.54
2017-12-08,0.005438518009468779,7.910155615998451e-05,-8.43525069872456e-05,9.579999923706055,0.5599999999999998,4.54
2017-12-11,0.0030083836867771116,-0.0020543116292214628,-0.003974813553107367,9.34000015258789,0.5599999999999998,4.54
2017-12-12,0.0017631790498537855,-0.0003959243208955599,0.0011856318079057743,9.920000076293945,0.5599999999999998,4.54
2017-12-13,-0.00011261033979918419,0.00748927157480185,0.008596013189973703,10.180000305175781,0.5599999999999998,4.54
2017-12-14,-0.004094448903787172,0.004232057544796986,-0.002015942432484809,10.489999771118164,0.5599999999999998,4.54
2017-12-15,0.008293135418754313,0.003746633859683592,0.00209987057429634,9.420000076293945,0.5599999999999998,4.54
2017-12-18,0.006321364822080942,-0.009157389250406732,0.004604277886820867,9.529999732971191,0.5599999999999998,4.54
2017-12-19,-0.0038481326413385536,-0.013058594778455602,0.0007513783425439744,10.029999732971191,0.5599999999999998,4.54
2017-12-20,-0.0005240472167425005,-0.011135216530453919,0.0026671102328525206,9.720000267028809,0.5599999999999998,4.54
2017-12-21,0.002057354871744524,0.005811919652488464,0.0014140004111240193,9.619999885559082,0.5599999999999998,4.54
2017-12-22,-0.0002614582132260811,0.0013631028716898357,0.005222850279184247,9.899999618530273,0.5599999999999998,4.54
2017-12-26,-0.0011967762396911446,0.002961327062979326,0.006839416919106556,10.25,0.5599999999999998,4.54
2017-12-27,0.00048631446120940954,0.012941013782163313,0.003770551302149118,10.470000267028809,0.5599999999999998,4.54
2017-12-28,0.0020551899693433406,-0.0008678463933611493,0.0050595432932777126,10.180000305175781,0.5599999999999998,4.54
2017-12-29,-0.003777457969910191,0.0015782913000156103,0.006490919761210391,11.039999961853027,0.5599999999999998,4.54
2018-01-02,0.00713145287695762,-0.010858542941228757,0.012058023762451863,9.770000457763672,0.5500000000000003,4.54
2018-01-03,0.006305556249119804,0.004770012105506137,-0.0026403330092135157,9.149999618530273,0.5500000000000003,4.54
2018-01-04,0.004205765122614216,-0.00015862670686287027,0.005114278310262769,9.220000267028809,0.5500000000000003,4.54
2018-01-05,0.006642216171452077,-0.0028599762200134595,-0.001036702137934486,9.220000267028809,0.5500000000000003,4.54
2018-01-08,0.0018271273717425807,-0.0006367309547958756,-0.0001596255390370604,9.520000457763672,0.5500000000000003,4.54
2018-01-09,0.0022606754428638257,-0.013462359454184638,-0.004639219643041588,10.079999923706055,0.5500000000000003,4.54
2018-01-10,-0.0015310238429985966,-0.0012104871457585668,0.002402270692406848,9.819999694824219,0.5500000000000003,4.54
2018-01-11,0.0072696434438952896,0.00411062458038259,0.003273877321212141,9.880000114440918,0.5500000000000003,4.54
2018-01-12,0.0064974618134536165,0.0016874052538026916,0.012044492942167013,10.15999984741211,0.5500000000000003,4.54
2018-01-16,-0.003423954494444279,0.004167812044895624,0.001652690627169873,11.65999984741211,0.5500000000000003,4.54
2018-01-17,0.009486458755312526,-0.0013606987544424489,-0.008132363237354055,11.90999984741211,0.5500000000000003,4.54
2018-01-18,-0.00168221561395096,-0.009332920364187808,-0.002222213448585594,12.220000267028809,0.5500000000000003,4.54
2018-01-19,0.0045395036994544885,-0.005268456292036154,0.0044394996120163946,11.270000457763672,0.5500000000000003,4.54
2018-01-22,0.0080981206507767,0.0009747995260546442,0.0018177059354296304,11.029999732971191,0.5500000000000003,4.54
2018-01-23,0.002120061977941818,0.004293656765981576,0.004961985943158681,11.100000381469727,0.5500000000000003,4.54
2018-01-24,-0.00038836517206983716,-0.00543075355478627,0.012104345577545294,11.470000267028809,0.5500000000000003,4.54
2018-01-25,0.00042355235703527136,0.00817545570993754,-0.006697849027902464,11.579999923706055,0.5500000000000003,4.54
2018-01-26,0.011510975458001338,-0.0037151668213141627,0.0007811756386790387,11.079999923706055,0.5500000000000003,4.54
2018-01-29,-0.006651573316941102,-0.006983167363419845,-0.005637857183470335,13.84000015258789,0.5500000000000003,4.54
2018-01-30,-0.010310157223249086,-0.005883554696523202,-0.004328123373076199,14.789999961853027,0.5500000000000003,4.54
2018-01-31,0.0004965346939058055,0.00588355469652323,0.00668108957049156,13.539999961853027,0.5500000000000003,4.54
2018-02-01,-0.0011354044750186715,-0.014598712594318691,0.0032848909860550284,13.470000267028809,0.6799999999999997,4.54
2018-02-02,-0.02201047235074797,-0.009322419024928337,-0.013204686797240324,17.309999465942383,0.6799999999999997,4.54
2018-02-05,-0.04272233873792683,0.00940557135953393,0.0025286437555192493,37.31999969482422,0.6799999999999997,4.54
2018-02-06,0.019510860486749586,-0.006232222613998861,-0.01055189964568088,29.979999542236328,0.6799999999999997,4.54
2018-02-07,-0.00543968581745175,-0.009549037929323602,-0.004716772083453344,27.729999542236328,0.6799999999999997,4.54
2018-02-08,-0.03823037280897825,-0.0010945084839253502,0.001521419504394612,33.459999084472656,0.6799999999999997,4.54
2018-02-09,0.014909670145436782,-0.00633887073049671,-0.0016817358427458674,29.059999465942383,0.6799999999999997,4.54
2018-02-12,0.014577739338581586,0.004398597852691026,0.0047973715177869495,25.610000610351562,0.6799999999999997,4.54
2018-02-13,0.0024841896103197183,0.004464580626232956,0.005647253596785453,24.969999313354492,0.6799999999999997,4.54
2018-02-14,0.01340614883028448,-0.011155375225939356,0.0169088525197643,19.260000228881836,0.6799999999999997,4.54
2018-02-15,0.01267933008719449,0.003393089762909316,0.0011691607653979673,19.1299991607666,0.6799999999999997,4.54
2018-02-16,0.00029299030589448457,0.00540676650677808,-0.0032769459911664296,19.459999084472656,0.6799999999999997,4.54
2018-02-20,-0.006280886472419049,-0.004390534002044877,-0.013532867750937797,20.600000381469727,0.6799999999999997,4.54
2018-02-21,-0.00498684844396451,-0.01234409078351732,-0.004604964057785746,20.020000457763672,0.6799999999999997,4.54
2018-02-22,0.0012954165806685124,0.0029933789212167883,0.005080177401414419,18.719999313354492,0.6799999999999997,4.54
2018-02-23,0.015813727464647303,0.00884333683983929,-0.0012676571223934087,16.489999771118164,0.6799999999999997,4.54
2018-02-26,0.011545131720349931,0.0003383330105499573,0.0024545525850455277,15.800000190734863,0.6799999999999997,4.54
2018-02-27,-0.012565153563571142,-0.0014398095805495774,-0.010493774054732095,18.59000015258789,0.6799999999999997,4.54
2018-02-28,-0.010181588900259544,0.006335822233476591,-0.0010394376248337527,19.850000381469727,0.6799999999999997,4.54
2018-03-01,-0.014647582260736763,0.006803056404224128,-0.0022425027652310265,22.469999313354492,0.56,4.54
2018-03-02,0.005141723632733844,-0.00816273490901854,0.005357640797750738,19.59000015258789,0.56,4.54
2018-03-05,0.011491891768251621,-0.0027074696527206944,-0.0016761714003699012,18.729999542236328,0.56,4.54
2018-03-06,0.002531788396405945,0.0009316215520081738,0.010726720619181963,18.360000610351562,0.56,4.54
2018-03-07,-0.00036689366531921343,-0.0011008782018301184,-0.006422202914569186,17.760000228881836,0.56,4.54
2018-03-08,0.004827460123226762,0.005745768273084059,-0.002389131123572836,16.540000915527344,0.56,4.54
2018-03-09,0.01725292341913137,-0.006593460780500166,0.000956349666608725,14.640000343322754,0.56,4.54
2018-03-12,-0.0012561089059938489,0.005750545860736154,0.0,15.779999732971191,0.56,4.54
2018-03-13,-0.006483606977517312,0.005046541841254474,0.001909899228192024,16.350000381469727,0.56,4.54
2018-03-14,-0.005144990852007474,0.008770586871864279,-0.0006362480921955626,17.229999542236328,0.56,4.54
2018-03-15,-0.0010900144362562519,0.0,-0.0063846619697597,16.59000015258789,0.56,4.54
2018-03-16,0.0010837801602887947,-0.0035820004349232924,-0.002404835241203122,15.800000190734863,0.56,4.54
2018-03-19,-0.013622551305654226,-0.00317712743856396,0.0021646240154515875,19.020000457763672,0.56,4.54
2018-03-20,0.0016989023730000798,-0.004026972120128894,-0.0044947919586221805,18.200000762939453,0.56,4.54
2018-03-21,-0.001920822318525383,0.0010921832698437112,0.017305793278474,17.860000610351562,0.56,4.54
2018-03-22,-0.025315044404584743,0.009860434683591279,-0.0039610286020946425,23.34000015258789,0.56,4.54
2018-03-23,-0.02154480519991695,-0.000748628453332348,0.01285555168848731,24.8700008392334,0.56,4.54
2018-03-26,0.026991282930635775,-0.003835082554069256,0.005236622780197456,21.030000686645508,0.56,4.54
2018-03-27,-0.017158090561752395,0.010635599815184945,-0.006177451915059315,22.5,0.56,4.54
2018-03-28,-0.00295906371864489,0.0026415570507661345,-0.013901136089334824,22.8700008392334,0.56,4.54
2018-03-29,0.012696767656298062,0.004852051898943637,0.0004770798243684067,19.969999313354492,0.56,4.54
2018-04-02,-0.021821261969978925,0.001970723678522974,0.01161839746199109,23.6200008392334,0.56,4.54
2018-04-03,0.012735599536764633,-0.007742029462669542,-0.0075722010717776825,21.100000381469727,0.56,4.54
2018-04-04,0.010642393921603517,-0.0020695067346606206,0.0011868954626521053,20.059999465942383,0.56,4.54
2018-04-05,0.00786101219960781,-0.007485166797711461,-0.005153580456720969,18.940000534057617,0.56,4.54
2018-04-06,-0.022538187861718316,0.010876390433187376,0.004678991304775993,21.489999771118164,0.56,4.54
2018-04-09,0.0049166529582948615,0.0016497922251336639,0.0033963960355940744,21.770000457763672,0.56,4.54
2018-04-10,0.015775011881726506,-0.0018147229958166736,0.002362787969159084,20.469999313354492,0.56,4.54
2018-04-11,-0.005256245137247322,0.003544692866111567,0.007757730797944395,20.239999771118164,0.56,4.54
2018-04-12,0.008193879781746613,-0.007351120408446484,-0.011698777825105413,18.489999771118164,0.56,4.54
2018-04-13,-0.0029376346444992944,0.002318283847244586,0.00653361006986455,17.40999984741211,0.56,4.54
2018-04-16,0.008188045064337143,0.0003313575649581305,0.0014113245973425364,16.559999465942383,0.56,4.54
2018-04-17,0.010641642787081013,0.002724352299014038,0.000939797609092718,15.25,0.56,4.54
2018-04-18,0.0007401559316015782,-0.00803051474994775,0.0007824607184664891,15.600000381469727,0.56,4.54
2018-04-19,-0.005562963758299166,-0.008179935714310737,-0.001957330849889553,15.960000038146973,0.56,4.54
2018-04-20,-0.008515719404740264,-0.007233952442189615,-0.007630932179694891,16.8799991607666,0.56,4.54
2018-04-23,-0.0001499432210256386,0.00025358622231519575,-0.008007927882251619,16.34000015258789,0.56,4.54
2018-04-24,-0.01355871158523157,-0.004567582014870737,0.004844167468111617,18.020000457763672,0.56,4.54
2018-04-25,0.0024685016745624863,-0.006720252905391854,-0.006517267321502421,17.84000015258789,0.56,4.54
2018-04-26,0.010114479441769911,0.0069742842502861745,-0.0035146807713917604,16.239999771118164,0.56,4.54
2018-04-27,0.0009384840662901207,0.00768380495678154,0.0042320403061771,15.40999984741211,0.56,4.54
2018-04-30,-0.007720637559613788,0.0017646030811826416,-0.00727744165435215,15.930000305175781,0.56,4.54
2018-05-01,0.0017754647011814589,-0.003608135249262569,-0.007088207443339079,15.489999771118164,0.4700000000000002,4.54
2018-05-02,-0.006740141308088621,-0.0010979843341617371,-0.00048510316641562344,15.970000267028809,0.4700000000000002,4.54
2018-05-03,-0.0022061530783172045,0.004470524428015859,0.005082068394914099,15.899999618530273,0.4700000000000002,4.54
2018-05-04,0.012863429238676944,0.0015140327676717222,0.0020898820929316714,14.770000457763672,0.4700000000000002,4.54
2018-05-07,0.003377350708197235,-0.0015980606210998043,0.00024084765259023235,14.75,0.4700000000000002,4.54
2018-05-08,0.0,-0.0009262256348996946,0.0001605124693187213,14.710000038146973,0.4700000000000002,4.54
2018-05-09,0.009619402318446725,-0.0060000532995025755,-0.002088981225264128,13.420000076293945,0.4700000000000002,4.54
2018-05-10,0.00930750823716935,0.008019621250199168,0.006813368242228766,13.229999542236328,0.4700000000000002,4.54
2018-05-11,0.0030463934125390937,0.0025196819632768547,-0.0014389666321499815,12.649999618530273,0.4700000000000002,4.54
2018-05-14,0.00047648021286297686,-0.005297973882660239,-0.0040883630684626394,12.930000305175781,0.4700000000000002,4.54
2018-05-15,-0.006910996941859426,-0.01144803407604442,-0.016277595476396185,14.630000114440918,0.4700000000000002,4.54
2018-05-16,0.0041961806849709305,-0.0038453216465394635,-0.0015524980696371136,13.420000076293945,0.4700000000000002,4.54
2018-05-17,-0.0008450018632866499,-0.005064407423897249,0.0005722435830601718,13.430000305175781,0.4700000000000002,4.54
2018-05-18,-0.0025032780192028124,0.00856877512999438,0.00040857173330558584,13.420000076293945,0.4700000000000002,4.54
2018-05-21,0.007490607615446829,0.0005111422374951319,0.0005716827532715196,13.079999923706055,0.4700000000000002,4.54
2018-05-22,-0.002784029996369646,-0.001535847620117136,-0.0005716827532715781,13.220000267028809,0.4700000000000002,4.54
2018-05-23,0.0027475206072624042,0.007232951505413678,0.0010614187645907496,12.579999923706055,0.4700000000000002,4.54
2018-05-24,-0.0020507070115851193,0.007938603199891956,0.00853209120176816,12.529999732971191,0.4700000000000002,4.54
2018-05-25,-0.0023855523109425594,0.006205563512162521,-0.0030793967645780895,13.220000267028809,0.4700000000000002,4.54
2018-05-29,-0.01156775585755213,0.021666366905561438,-0.00016231041385129715,17.020000457763672,0.4700000000000002,4.54
2018-05-30,0.013256494572817426,-0.006730707079322238,0.001460093554237964,14.9399995803833,0.4700000000000002,4.54
2018-05-31,-0.006145084815631603,-0.0016484828632494452,-0.0021909715513725716,15.430000305175781,0.4700000000000002,4.54
2018-06-01,0.00977004085246141,-0.005297533483446589,-0.004967644235411557,13.460000038146973,0.38000000000000034,4.54
2018-06-04,0.004740106572191116,-0.0072583550310931135,-0.0009801121170807511,12.739999771118164,0.38000000000000034,4.54
2018-06-05,0.00072747911988518,0.002341582030357945,0.003914822104047846,12.399999618530273,0.38000000000000034,4.54
2018-06-06,0.008325701859006395,-0.00813591671171514,0.0005696358194504353,11.640000343322754,0.38000000000000034,4.54
2018-06-07,-0.0001081898470174663,0.009638602584207408,-0.0004882216623280107,12.130000114440918,0.38000000000000034,4.54
2018-06-08,0.0029522813182734265,-0.0030075532424775216,0.0012201695433653895,12.180000305175781,0.38000000000000034,4.54
2018-06-11,0.0013289550388221353,-0.0018419536137677566,0.0017868849442266759,12.350000381469727,0.38000000000000034,4.54
2018-06-12,0.0012915953516281769,0.00025160472238039557,-0.003332688774722517,12.34000015258789,0.38000000000000034,4.54
2018-06-13,-0.0031959137002496234,-0.0005029522311828436,0.003008032375587246,12.9399995803833,0.38000000000000034,4.54
2018-06-14,0.002514642437006027,0.00826542429585096,0.0015411027282310494,12.119999885559082,0.38000000000000034,4.54
2018-06-15,-0.0012769069039824602,0.0009139304963106258,-0.016672509186741995,11.979999542236328,0.38000000000000034,4.54
2018-06-18,-0.002058730533815555,-0.0009139304963106721,-0.0018972637609840908,12.3100004196167,0.38000000000000034,4.54
2018-06-19,-0.003840164304027097,0.00580356332573454,-0.0025629178089953803,13.350000381469727,0.38000000000000034,4.54
2018-06-20,0.0017044979239595936,-0.00880112146499767,-0.0044802273887545,12.789999961853027,0.38000000000000034,4.54
2018-06-21,-0.006288881683765818,0.005240023211101206,-0.0017477352868705306,14.640000343322754,0.38000000000000034,4.54
2018-06-22,0.00182169803041815,-8.318493470910116e-05,0.0024126912728642744,13.770000457763672,0.38000000000000034,4.54
2018-06-25,-0.01370616526921986,0.0022379500942954103,-0.003746388732216758,17.329999923706055,0.38000000000000034,4.54
2018-06-26,0.0022114371987691354,0.0014063330943101067,-0.0052686490212925504,15.920000076293945,0.38000000000000034,4.54
2018-06-27,-0.008318450744241548,0.009379334065702745,-0.005718147886604777,17.90999984741211,0.38000000000000034,4.54
2018-06-28,0.0057009698846176,0.00024575787979232595,-0.003040547998821346,16.850000381469727,0.38000000000000034,4.54
2018-06-29,0.001438745018987674,-0.0034446266059974555,0.0036306900201949913,16.09000015258789,0.38000000000000034,4.54
2018-07-02,0.0021358121303043363,-0.0007824374928419899,-0.010080153442110952,15.600000381469727,0.38000000000000034,4.54
2018-07-03,-0.0035376257383423395,0.005342077227928953,0.010080153442110855,16.139999389648438,0.38000000000000034,4.54
2018-07-05,0.008125039919164365,0.002864732281490145,0.0033656028250155126,14.970000267028809,0.38000000000000034,4.54
2018-07-06,0.008422618002490986,0.003263662492048214,-0.0015972634935638506,13.369999885559082,0.38000000000000034,4.54
2018-07-09,0.0089640318709018,-0.006456449960428718,0.002436881277559937,12.6899995803833,0.38000000000000034,4.54
2018-07-10,0.0035922890356406283,-8.203061513839949e-05,-0.0018481290459546572,12.640000343322754,0.38000000000000034,4.54
2018-07-11,-0.007341751169254998,0.00384693685545564,-0.010905978807671088,13.630000114440918,0.38000000000000034,4.54
2018-07-12,0.009025117695517027,-8.203397839517761e-05,0.0041565812124297165,12.579999923706055,0.38000000000000034,4.54
2018-07-13,0.0007871026294054058,0.0025295937281307503,-0.004411618657356192,12.180000305175781,0.38000000000000034,4.54
2018-07-16,-0.0008943569505789642,-0.004164664855414043,-0.0005102701051305093,12.829999923706055,0.38000000000000034,4.54
2018-07-17,0.004036770622280742,-0.001883760088668179,-0.010862735754725461,12.0600004196167,0.38000000000000034,4.54
2018-07-18,0.0021014370915583957,-0.004025124117874693,0.00025795416772476286,12.100000381469727,0.38000000000000034,4.54
2018-07-19,-0.003778625991206716,0.006317863691413332,-0.004308123245285948,12.869999885559082,0.38000000000000034,4.54
2018-07-20,-0.0011435380266984392,-0.012344788343389961,0.006455244826308788,12.859999656677246,0.38000000000000034,4.54
2018-07-23,0.0018578925503385773,-0.012415448018469024,-0.004815949835095058,12.619999885559082,0.38000000000000034,4.54
2018-07-24,0.005019207036118536,0.003431794454831391,0.00034477603659500224,12.40999984741211,0.38000000000000034,4.54
2018-07-25,0.008486878505506995,-0.0015883540336747595,0.00550018047205447,12.289999961853027,0.38000000000000034,4.54
2018-07-26,-0.0023623841077712367,-0.0019271613034605103,-0.00782971239395345,12.140000343322754,0.38000000000000034,4.54
2018-07-27,-0.006798865142414369,0.00167580164314327,0.0005181795313150905,13.029999732971191,0.38000000000000034,4.54
2018-07-30,-0.005237552191479956,-0.003438204767992742,-0.001555212880989931,14.260000228881836,0.38000000000000034,4.54
2018-07-31,0.004917243901025537,0.005445243713261474,0.0029355602050311473,12.829999923706055,0.38000000000000034,4.54
2018-08-01,-0.0016717514022206279,-0.008180310312271712,-0.007355188129705078,13.149999618530273,0.25,4.54
2018-08-02,0.005432485966588831,0.0014341636031014516,-0.0053993230298752665,12.1899995803833,0.25,4.54
2018-08-03,0.004275938165905752,0.0049609365383021095,0.003486767260953241,11.640000343322754,0.25,4.54
2018-08-06,0.00366015283718457,0.00058670301924009,-0.005147198608389075,11.270000457763672,0.25,4.54
2018-08-07,0.003297325273457001,-0.005210568188050189,0.002271488910587502,10.930000305175781,0.25,4.54
2018-08-08,-0.00042041609289047353,0.0010107732513907634,0.002788736658924094,10.850000381469727,0.25,4.54
2018-08-09,-0.0013673481362561025,0.008382899118430006,-0.0014805645831976347,11.270000457763672,0.25,4.54
2018-08-10,-0.006722800422535729,0.007236458213370286,-0.00043582289228197795,13.15999984741211,0.25,4.54
2018-08-13,-0.003750306563423086,-0.002074323648191895,-0.015199092023381782,14.779999732971191,0.25,4.54
2018-08-14,0.006360353756401586,-0.002245106714514348,0.000973327608104041,13.3100004196167,0.25,4.54
2018-08-15,-0.007495618111996273,0.0058099906420334985,-0.016766621575930757,14.640000343322754,0.25,4.54
2018-08-16,0.008059354081914903,-8.268501722271574e-05,-0.0008097887609237462,13.449999809265137,0.25,4.54
2018-08-17,0.0035141628425552646,0.0012406591124283326,0.009228205066865915,12.640000343322754,0.25,4.54
2018-08-20,0.002137799721027131,0.00667319969736307,0.0049818196508907165,12.489999771118164,0.25,4.54
2018-08-21,0.0023423569501508697,-0.003372698996061688,0.0029240568705197916,12.859999656677246,0.25,4.54
2018-08-22,-0.0005937850197151998,0.003947024865341871,0.0022095550764809732,12.25,0.25,4.54
2018-08-23,-0.0013289461059740558,0.0015578364037940667,-0.009491353686729823,12.40999984741211,0.25,4.54
2018-08-24,0.006000508725330179,0.00196447007624942,0.017318039357996126,11.989999771118164,0.25,4.54
2018-08-27,0.00786412672740352,-0.005740590704808556,0.0037595032326643405,12.15999984741211,0.25,4.54
2018-08-28,0.0004831089011085152,-0.0060214722535229135,-0.007973022006627225,12.5,0.25,4.54
2018-08-29,0.005366437904973075,0.0013229917684289413,0.0045637840256251986,12.25,0.25,4.54
2018-08-30,-0.004056233005168354,0.0021458707307491043,-0.004915718883921124,13.529999732971191,0.25,4.54
2018-08-31,3.422528897473125e-05,-0.002311316124042386,-0.0011445940280617694,12.859999656677246,0.25,4.54
2018-09-04,-0.001723496168114569,-0.0057981720128472206,-0.005122797149079999,13.15999984741211,0.25,4.54
2018-09-05,-0.0026954368718014737,-0.002670018545583904,0.003447511831347845,13.90999984741211,0.25,4.54
2018-09-06,-0.0030143061985829513,0.003669391026689453,0.0019395335367870974,14.649999618530273,0.25,4.54
2018-09-07,-0.0019455401945867804,-0.008526153781908552,-0.0027340278330774677,14.880000114440918,0.25,4.54
2018-09-10,0.0017373854871001392,0.0036868258311336687,-0.000706792407982718,14.15999984741211,0.25,4.54
2018-09-11,0.0032915679144932064,-0.007639936866234295,0.0006184538252070439,13.220000267028809,0.25,4.54
2018-09-12,0.00024213420727765473,0.0023570586261156784,0.008355710260063364,13.140000343322754,0.25,4.54
2018-09-13,0.005897261344601062,0.00151173139868956,-0.0035975648169408914,12.369999885559082,0.25,4.54
2018-09-14,0.00017198489104884509,-0.004795984887508624,-0.006526220333750846,12.069999694824219,0.25,4.54
2018-09-17,-0.005308736322172964,0.0,0.005206771454576303,13.680000305175781,0.25,4.54
2018-09-18,0.005411676700107068,-0.010514994368345378,-0.0014974516487718237,12.789999961853027,0.25,4.54
2018-09-19,0.0010649467257492489,-0.005984632517283284,0.0038711539862427546,11.75,0.25,4.54
2018-09-20,0.00807131215520885,0.004619842947621637,0.0034188014897895418,11.800000190734863,0.25,4.54
2018-09-21,-0.0009140750255244165,-0.0004266155127808504,-0.0068493312914384265,11.680000305175781,0.25,4.54
2018-09-24,-0.003327452911073249,-0.0025655542953142126,-0.00017621292914007548,12.199999809265137,0.25,4.54
2018-09-25,-0.0009282030537754654,-0.0010276444223761315,0.0015850681638403528,12.420000076293945,0.25,4.54
2018-09-26,-0.002996855729497669,0.00700313846168288,-0.005293338005935142,12.890000343322754,0.25,4.54
2018-09-27,0.002790719885246817,0.000680837080280673,-0.008884998236125718,12.40999984741211,0.25,4.54
2018-09-28,0.00010301437130218346,-0.0026407183871933293,0.0063164577082286105,12.119999885559082,0.25,4.54
2018-10-01,0.0034681510422898748,-0.0073678891310158,-0.0016864375351172442,12.0,0.29000000000000004,4.54
2018-10-02,-0.000583001099078407,0.006093994784958874,0.011482223287117932,12.050000190734863,0.29000000000000004,4.54
2018-10-03,0.0005485092866570193,-0.01752383335718038,-0.003959744500981412,11.609999656677246,0.29000000000000004,4.54
2018-10-04,-0.007846518808862661,-0.007078767552585811,0.0005289130805079614,14.220000267028809,0.29000000000000004,4.54
2018-10-05,-0.005612388159040433,-0.00863201017780818,0.0028159089867124108,14.819999694824219,0.29000000000000004,4.54
2018-10-08,0.0,-0.003367538046071987,-0.011133826368821452,15.6899995803833,0.29000000000000004,4.54
2018-10-09,-0.0014605772934885935,0.010068200269250809,0.0005329800140063239,15.949999809265137,0.29000000000000004,4.54
2018-10-10,-0.03217522355531801,-0.002727647434797487,0.0024835810584159217,22.959999084472656,0.29000000000000004,4.54
2018-10-11,-0.022272697652325944,0.012085915557125465,0.025366544894876334,24.979999542236328,0.29000000000000004,4.54
2018-10-12,0.013792772629423253,-0.003488068481600743,-0.0047616679491750925,21.309999465942383,0.29000000000000004,4.54
2018-10-15,-0.005632588322327186,-0.00043671003752274504,0.006660030947980057,21.299999237060547,0.29000000000000004,4.54
2018-10-16,0.021629717789904274,0.002269787145110917,-0.0017255996137757622,17.6200008392334,0.29000000000000004,4.54
2018-10-17,0.00017879825045023483,-0.005947495354614898,-8.637796161615032e-05,17.399999618530273,0.29000000000000004,4.54
2018-10-18,-0.014546565028974796,-0.0003510593692899983,0.001122068685606197,20.059999465942383,0.29000000000000004,4.54
2018-10-19,-0.000542867266496944,-0.002196417845728874,0.0007761304849288288,19.889999389648438,0.29000000000000004,4.54
2018-10-22,-0.004498678070358342,-0.0013194693726826226,-0.0025893597255193914,19.639999389648438,0.29000000000000004,4.54
2018-10-23,-0.00510380357053394,0.0031652034896352795,0.005859562733875961,20.709999084472656,0.29000000000000004,4.54
2018-10-24,-0.03076712624654102,0.007520736554359659,0.0023171370069294235,25.229999542236328,0.29000000000000004,4.54
2018-10-25,0.017781443610966598,-0.004190797986562126,-0.002231204310531111,24.219999313354492,0.29000000000000004,4.54
2018-10-26,-0.01774377782426029,0.006018599097696812,0.0031736109331066205,24.15999984741211,0.29000000000000004,4.54
2018-10-29,-0.005555718057346404,-0.002263661641676768,-0.003947139978932357,24.700000762939453,0.29000000000000004,4.54
2018-10-30,0.014709966685777719,-0.004980624456428795,-0.004394427867848015,23.350000381469727,0.29000000000000004,4.54
2018-10-31,0.0106239979976436,-0.005093625351810649,-0.005628951974666804,21.229999542236328,0.29000000000000004,4.54
2018-11-01,0.010585581755827904,0.0009264320854458188,0.01277086763550321,19.34000015258789,0.26000000000000023,4.54
2018-11-02,-0.005940493480858532,-0.01251094228643294,0.0001715043948444399,19.510000228881836,0.26000000000000023,4.54
2018-11-05,0.005501621041163981,0.00392097856878748,-0.0024032178261358607,19.959999084472656,0.26000000000000023,4.54
2018-11-06,0.006308085024676018,-0.0006226307906516803,-0.002839826579174042,19.90999984741211,0.26000000000000023,4.54
2018-11-07,0.02118296853494735,0.001334070404542894,-8.61993040877103e-05,16.360000610351562,0.26000000000000023,4.54
2018-11-08,-0.001816661908707501,-8.89442731120573e-05,-0.002156939731312277,16.719999313354492,0.26000000000000023,4.54
2018-11-09,-0.009816092173901836,0.0074382909037435715,-0.011291663536045476,17.360000610351562,0.26000000000000023,4.54
2018-11-12,-0.018862102828745196,0.00650667365867959,-0.007188596482678694,20.450000762939453,0.26000000000000023,4.54
2018-11-13,-0.0018728410081899573,-0.0006131263412092994,0.00035180582721631255,20.020000457763672,0.26000000000000023,4.54
2018-11-14,-0.006860093839069327,0.0006131263412093405,0.008233404279793029,21.25,0.26000000000000023,4.54
2018-11-15,0.010382611232993473,-0.00043768410221571097,0.0011333182475063862,19.979999542236328,0.26000000000000023,4.54
2018-11-16,0.0025971510678174537,0.005770498734904308,0.0073788789662288,18.139999389648438,0.26000000000000023,4.54
2018-11-19,-0.017059087754675434,0.002786464078567947,0.0004323180677422659,20.100000381469727,0.26000000000000023,4.54
2018-11-20,-0.01867982874574237,0.0003477216443208968,0.0,22.479999542236328,0.26000000000000023,4.54
2018-11-21,0.0034020557282999704,-0.0003477216443209733,0.001641277459165227,20.799999237060547,0.26000000000000023,4.54
2018-11-23,-0.006701115330474943,0.001042638263822027,-0.0007771357154266267,21.520000457763672,0.26000000000000023,4.54
2018-11-26,0.016015406816704995,-0.0022608227213637535,-0.0011235233509469095,18.899999618530273,0.26000000000000023,4.54
2018-11-27,0.00335888500038938,0.0011308448582417789,-0.005984687209490868,19.020000457763672,0.26000000000000023,4.54
2018-11-28,0.022764158674875412,-0.004880938517879539,0.00373378036345705,18.489999771118164,0.26000000000000023,4.54
2018-11-29,-0.0021873477327971837,0.003924222641946535,0.003115272664463216,18.790000915527344,0.26000000000000023,4.54
2018-11-30,0.006076662798614611,0.00373526981412337,-0.001729479411524255,18.06999969482422,0.26000000000000023,4.54
2018-12-03,0.01315428630651596,0.007075408397030486,0.007501675441848404,16.440000534057617,0.26000000000000023,4.54
2018-12-04,-0.03293879747275093,0.016602777756907303,0.006080599945141696,20.739999771118164,0.26000000000000023,4.54
2018-12-06,-0.001518255778765294,0.00313552425855838,0.00017072178718187972,21.190000534057617,0.26000000000000023,4.54
2018-12-07,-0.023510151316158103,0.0018597263621257239,0.008077219150826301,23.229999542236328,0.26000000000000023,4.54
2018-12-10,0.0018951358321028686,0.004129538478623561,-0.003477935715567025,22.639999389648438,0.26000000000000023,4.54
2018-12-11,0.00022736690977679134,-0.00016827746249384947,-0.0011903699128753065,21.760000228881836,0.26000000000000023,4.54
2018-12-12,0.005022623432157608,-0.004468108969571208,0.00212467676965701,21.459999084472656,0.26000000000000023,4.54
2018-12-13,-0.0003390705097011375,-0.0023686398770952164,-0.0022097759847801487,20.649999618530273,0.26000000000000023,4.54
2018-12-14,-0.018637639582499487,0.0034667511915834216,-0.004007006751401848,21.6299991607666,0.26000000000000023,4.54
2018-12-17,-0.01981325340964158,0.005806778960489619,0.0068957425332182515,24.520000457763672,0.26000000000000023,4.54
2018-12-18,-0.001096935175526333,0.005971142737702106,0.0023726710074086807,25.579999923706055,0.26000000000000023,4.54
2018-12-19,-0.015089082026496418,0.01312388721658189,-0.0061126025718981495,25.579999923706055,0.26000000000000023,4.54
2018-12-20,-0.01641195668171675,-0.0036375296613906133,0.015295836918707156,28.3799991607666,0.26000000000000023,4.54
2018-12-21,-0.020702282924105773,-0.00016578809919377818,-0.004370461193212718,30.110000610351562,0.26000000000000023,4.54
2018-12-24,-0.026778258821796325,0.0049582367393848385,0.01089057789030817,36.06999969482422,0.26000000000000023,4.54
2018-12-26,0.04928984597019355,-0.010773580670484784,-0.003003949025405859,30.40999984741211,0.26000000000000023,4.54
2018-12-27,0.007648069194670357,0.00016699000939375435,0.0075760760319352385,29.959999084472656,0.26000000000000023,4.54
2018-12-28,-0.0012909264485553983,0.00837848418282188,0.004055775698519239,28.34000015258789,0.26000000000000023,4.54
2018-12-31,0.008720984809795915,0.003792658378230574,0.0015682595209626012,25.420000076293945,0.26000000000000023,4.54
2019-01-02,0.001039497030971782,0.005253469840658161,0.000659591337713554,23.219999313354492,0.16999999999999993,4.54
2019-01-03,-0.024152083551873975,0.011315437488942589,0.00902531942317299,25.450000762939453,0.16999999999999993,4.54
2019-01-04,0.03294701266162063,-0.011643058684759178,-0.008119106827353268,21.3799991607666,0.16999999999999993,4.54
2019-01-07,0.007853725177820289,-0.0029527356145888826,0.0034525160778516237,21.399999618530273,0.16999999999999993,4.54
2019-01-08,0.0093514682470832,-0.0026316834730622336,-0.0027117139907279018,20.469999313354492,0.16999999999999993,4.54
2019-01-09,0.00466250002608206,-0.0015659713152490463,0.006397649700215412,19.979999542236328,0.16999999999999993,4.54
2019-01-10,0.0035213234962892135,-0.006454045041615934,-0.005904086348646452,19.5,0.16999999999999993,4.54
2019-01-11,0.00038628222243371386,0.0038934927268327317,0.0017256811414607263,18.190000534057617,0.16999999999999993,4.54
2019-01-14,-0.006119637403468507,-0.003727424935736173,0.002378067354322114,19.06999969482422,0.16999999999999993,4.54
2019-01-15,0.011395602966960117,-0.003658623552474322,-0.0017215161032263467,18.600000381469727,0.16999999999999993,4.54
2019-01-16,0.002416943859275775,0.00099869344874463,0.0031947551186356582,19.040000915527344,0.16999999999999993,4.54
2019-01-17,0.007558162281179187,0.00024951759799860586,-0.0013094038577051105,18.059999465942383,0.16999999999999993,4.54
2019-01-18,0.013222289181134456,-0.005255348818573446,-0.008966489387798326,17.799999237060547,0.16999999999999993,4.54
2019-01-22,-0.01360278849270513,0.006752086070632781,0.0035468368649853345,20.799999237060547,0.16999999999999993,4.54
2019-01-23,0.0020903109546148084,-0.0004152490481214046,-0.0014007184915951448,19.520000457763672,0.16999999999999993,4.54
2019-01-24,0.0005312237755707206,0.00654401236759141,-0.0015678713054947328,18.889999389648438,0.16999999999999993,4.54
2019-01-25,0.008425962176627598,-0.004800390371387032,0.014511460180241248,17.420000076293945,0.16999999999999993,4.54
2019-01-28,-0.0076293004990677215,-0.000996016601834098,0.0034938106026215594,18.8700008392334,0.16999999999999993,4.54
2019-01-29,-0.001327885453130649,0.005053357238999406,0.005580978043920208,19.1299991607666,0.16999999999999993,4.54
2019-01-30,0.01570656972274304,-0.0007446133958405896,0.005710387238117351,17.65999984741211,0.16999999999999993,4.54
2019-01-31,0.008744220050749893,0.008564039452023626,0.00048105804332541224,16.56999969482422,0.16999999999999993,4.54
2019-02-01,0.0004816058999858375,-0.006058105105898467,-0.002006018726865743,16.139999389648438,0.18000000000000016,4.54
2019-02-04,0.007010927500927371,-0.004474593864023981,-0.0043467903708823,15.729999542236328,0.18000000000000016,4.54
2019-02-05,0.004182959070668585,0.004557217901079016,0.0025781491687657575,15.569999694824219,0.18000000000000016,4.54
2019-02-06,-0.001319245409523453,0.0004957559914898167,-0.006781846869660092,15.380000114440918,0.18000000000000016,4.54
2019-02-07,-0.009578470746651748,0.006588036834472748,0.0024273450059934865,16.3700008392334,0.18000000000000016,4.54
2019-02-08,0.0012208552417668124,0.004259480626259331,0.003791101346321012,15.720000267028809,0.18000000000000016,4.54
2019-02-11,0.0005544532905422796,-0.003930999731901656,-0.004923141507008373,15.970000267028809,0.18000000000000016,4.54
2019-02-12,0.012777307156525348,-0.0025472605447411515,0.0021013677593768472,15.430000305175781,0.18000000000000016,4.54
2019-02-13,0.003241816321255228,-0.003790979001292712,-0.003963908091330168,15.649999618530273,0.18000000000000016,4.54
2019-02-14,-0.002220930445428753,0.005681478045161779,0.005577307519395154,16.219999313354492,0.18000000000000016,4.54
2019-02-15,0.010838849592014053,0.0015588548109333647,0.005947180522781207,14.90999984741211,0.18000000000000016,4.54
2019-02-19,0.0017288885728204417,0.002538193438880392,0.015109582852092095,14.880000114440918,0.18000000000000016,4.54
2019-02-20,0.002013154044470183,-0.002866455058795819,-0.0017378437981698566,14.020000457763672,0.18000000000000016,4.54
2019-02-21,-0.0035622180941383467,-0.008978821255735946,-0.011370537714508392,14.460000038146973,0.18000000000000016,4.54
2019-02-22,0.006181057157033693,0.005940331266457183,0.0035920768439101198,13.510000228881836,0.18000000000000016,4.54
2019-02-25,0.0013605368867116259,-0.002965677273318757,-0.0010363715360959395,14.850000381469727,0.18000000000000016,4.54
2019-02-26,-0.0007159118247399396,0.00493815158275765,0.0016736332310033522,15.170000076293945,0.18000000000000016,4.54
2019-02-27,-0.0004295007494560939,-0.011394157220785817,-0.00711234367844341,14.699999809265137,0.18000000000000016,4.54
2019-02-28,-0.0018644644609871921,-0.0034103921194416948,-0.005629776625606553,14.779999732971191,0.18000000000000016,4.54
2019-03-01,0.006224364075506347,-0.00928575833864434,-0.017163968380321165,13.569999694824219,0.1599999999999997,4.54
2019-03-04,-0.0036439848069775185,0.007806755719938055,-0.0026289836177433583,14.630000114440918,0.1599999999999997,4.54
2019-03-05,-0.0013611827322292385,0.00208824644669909,0.0013153870929190252,14.739999771118164,0.1599999999999997,4.54
2019-03-06,-0.006075320317730742,0.0036648956539231115,-0.0009041270457165541,15.739999771118164,0.1599999999999997,4.54
2019-03-07,-0.008400458941428022,0.006464141904224205,-0.0008226265106168819,16.59000015258789,0.1599999999999997,4.54
2019-03-08,-0.0020020523846953466,0.0042039344198901395,0.010886084259377201,16.049999237060547,0.1599999999999997,4.54
2019-03-11,0.014397047292820857,-0.002965520234037023,-0.004896357818091546,14.329999923706055,0.1599999999999997,4.54
2019-03-12,0.003763788123102734,0.006987911469896989,0.006035459879402026,13.770000457763672,0.1599999999999997,4.54
2019-03-13,0.006597770582241382,-0.0018860998232438945,0.006968612448215201,13.40999984741211,0.1599999999999997,4.54
2019-03-14,-0.000639934594743989,-0.007249506168745381,-0.011614284265949192,13.5,0.1599999999999997,4.54
2019-03-15,0.004928267270235233,0.006592529676314376,0.00456433710702197,12.880000114440918,0.1599999999999997,4.54
2019-03-18,0.003618983336573105,-0.0005750547803111107,0.0005690800870331783,13.100000381469727,0.1599999999999997,4.54
2019-03-19,0.00024829011234362786,-0.002221303521268481,0.0027594883221057557,13.5600004196167,0.1599999999999997,4.54
2019-03-20,-0.0030149015833594904,0.01040596204371848,0.006463126873942885,13.90999984741211,0.1599999999999997,4.54
2019-03-21,0.011231550044810884,0.002198333827608295,-0.004034541087699915,13.630000114440918,0.1599999999999997,4.54
2019-03-22,-0.019434082876883082,0.015415534941367106,0.0023420233902432335,16.479999542236328,0.1599999999999997,4.54
2019-03-25,-0.0007521277239828658,0.001600700665972521,0.007633907060241407,16.329999923706055,0.1599999999999997,4.54
2019-03-26,0.007426411268723873,-0.0007200319606139053,-0.0049754946888428755,14.680000305175781,0.1599999999999997,4.54
2019-03-27,-0.005242769552837574,0.009159694740660184,-0.005243016760484571,15.149999618530273,0.1599999999999997,4.54
2019-03-28,0.0037833264471306516,0.0034827984645456563,-0.014253957303041619,14.430000305175781,0.1599999999999997,4.54
2019-03-29,0.006285481979913667,-0.0009483286031676703,0.0009019770912032663,13.710000038146973,0.1599999999999997,4.54
2019-04-01,0.011789458587008287,-0.014306118172646858,-0.003941890257643701,13.399999618530273,0.18999999999999995,4.54
2019-04-02,0.0004899663348372879,0.001847682266809709,0.003695988550420936,13.359999656677246,0.18999999999999995,4.54
2019-04-03,0.0015725496846255176,-0.008705434615831696,-0.0014767440573913667,13.739999771118164,0.18999999999999995,4.54
2019-04-04,0.002649564825679686,0.0028297533110872696,0.0025419025120261784,13.579999923706055,0.18999999999999995,4.54
2019-04-05,0.0048284008401091195,0.0012909307212746357,-0.001065158454634802,12.819999694824219,0.18999999999999995,4.54
2019-04-08,0.000762431874125084,-0.0035537748586993516,0.004335552354601057,13.180000305175781,0.18999999999999995,4.54
2019-04-09,-0.005138305995848429,0.0031504814714644457,0.005210460213684454,14.279999732971191,0.18999999999999995,4.54
2019-04-10,0.003405359175250957,0.00241702349371961,0.0030808947099307334,13.300000190734863,0.18999999999999995,4.54
2019-04-11,-0.0002774798664205167,-0.005891230034006818,-0.012872932029622242,13.020000457763672,0.18999999999999995,4.54
2019-04-12,0.00674274056028692,-0.0071483663217578606,-0.0009844542413608548,12.010000228881836,0.18999999999999995,4.54
2019-04-15,-0.0006546138155457428,0.002523879759184225,-0.0018896884121835308,12.319999694824219,0.18999999999999995,4.54
2019-04-16,0.0006546138155457887,-0.006280508581696979,-0.009004202217837268,12.180000305175781,0.18999999999999995,4.54
2019-04-17,-0.002449436185350566,0.0004085216884819285,-0.0019104067944000637,12.600000381469727,0.18999999999999995,4.54
2019-04-18,0.001967130713850862,0.005221598854970394,0.0007480072379889946,12.09000015258789,0.18999999999999995,4.54
2019-04-22,0.0008614467746961492,-0.004812403609450696,0.0,12.420000076293945,0.18999999999999995,4.54
2019-04-23,0.008951510549496503,0.0021235193671204898,-0.0020790892290242957,12.279999732971191,0.18999999999999995,4.54
2019-04-24,-0.002221566309604841,0.008125369810661196,0.002909503431152912,13.140000343322754,0.18999999999999995,4.54
2019-04-25,-0.0006163353407137777,-0.0014581660758636384,0.0008297251865102907,13.25,0.18999999999999995,4.54
2019-04-26,0.004645784690921651,0.003398482116561312,0.006613259149985578,12.729999542236328,0.18999999999999995,4.54
2019-04-29,0.0015667132770821087,-0.00640103630254606,-0.004459139554905491,13.109999656677246,0.18999999999999995,4.54
2019-04-30,0.0005103244577945112,0.005107734349284102,0.003057434262503009,13.119999885559082,0.18999999999999995,4.54
2019-05-01,-0.007545116838197617,0.004116812599432164,-0.0066225029075604345,14.800000190734863,0.18999999999999995,4.54
2019-05-02,-0.002161425489708223,-0.004773505972070925,-0.003827907452540267,14.420000076293945,0.18999999999999995,4.54
2019-05-03,0.009740301224977092,0.0028345941019653313,0.005902166622599615,12.869999885559082,0.18999999999999995,4.54
2019-05-06,-0.004123318212370403,0.0027456710569137574,0.0013252386046357174,15.4399995803833,0.18999999999999995,4.54
2019-05-07,-0.016840834333439948,0.007632073410306065,0.0033055276063594123,19.31999969482422,0.18999999999999995,4.54
2019-05-08,-0.0013901424588392448,-0.004331028779049532,-0.002478073455137969,19.399999618530273,0.18999999999999995,4.54
2019-05-09,-0.003030813283518589,0.0040912227095827826,0.002395550981643927,19.100000381469727,0.18999999999999995,4.54
2019-05-10,0.005011184544308336,-0.0013620812852211985,0.0018959191232165698,16.040000915527344,0.18999999999999995,4.54
2019-05-13,-0.02545139342180214,0.007825200091065443,0.010159840539079522,20.549999237060547,0.18999999999999995,4.54
2019-05-14,0.009003404899701185,-0.002947548107969854,-0.0017133695443152437,18.059999465942383,0.18999999999999995,4.54
2019-05-15,0.005840080886657196,0.0061237741601369074,-0.0005717761663673002,16.440000534057617,0.18999999999999995,4.54
2019-05-16,0.00921882150885789,-0.0033356177325629477,-0.007216080906090217,15.289999961853027,0.18999999999999995,4.54
2019-05-17,-0.006486230305207689,0.002225104309122516,-0.007102776783024275,15.960000038146973,0.18999999999999995,4.54
2019-05-20,-0.0066342163587199835,-0.002065712628726601,-8.290551782707826e-05,16.309999465942383,0.18999999999999995,4.54
2019-05-21,0.008975035800131294,-0.0015922384797565265,-0.0023236423674714048,14.949999809265137,0.18999999999999995,4.54
2019-05-22,-0.003075896869860885,0.005719405363610236,-0.0009975291545631813,14.75,0.18999999999999995,4.54
2019-05-23,-0.012293532622416743,0.011184729770986232,0.007704775453647589,16.920000076293945,0.18999999999999995,4.54
2019-05-24,0.0022652234115528996,0.0008613231003504182,0.0010723379767872785,15.850000381469727,0.18999999999999995,4.54
2019-05-28,-0.009343577787126462,0.0071740078936662465,-0.0038822269155751525,17.5,0.18999999999999995,4.54
2019-05-29,-0.006733624878455485,0.0030256108145731266,0.0003309964016131658,17.899999618530273,0.18999999999999995,4.54
2019-05-30,0.00272754652616218,0.008562036243715062,0.006761236816409685,17.299999237060547,0.18999999999999995,4.54
2019-05-31,-0.013566957154474387,0.012441691352592687,0.013386857013473643,18.709999084472656,0.18999999999999995,4.54
2019-06-03,-0.0025461362457362712,0.006666270487750146,0.014329650783140814,18.860000610351562,0.18999999999999995,4.54
2019-06-04,0.02147423958619855,-0.011466862864515766,0.00031967486235552026,16.969999313354492,0.18999999999999995,4.54
2019-06-05,0.00862510337686812,-0.005668106770172494,0.002553665830468566,16.09000015258789,0.18999999999999995,4.54
2019-06-06,0.0064816764093367325,0.0032211311262941014,0.0032623544765036684,15.930000305175781,0.18999999999999995,4.54
2019-06-07,0.009957413659284833,0.008614317946936553,0.005624438342681366,16.299999237060547,0.18999999999999995,4.54
2019-06-10,0.004578471242913005,-0.009456884054841935,-0.010003215486538885,15.9399995803833,0.18999999999999995,4.54
2019-06-11,-0.0002423511520581378,0.0006125542151054491,-0.0011975692988471266,15.989999771118164,0.18999999999999995,4.54
2019-06-12,-0.0017671742300438302,0.0007657173577871862,0.005179100221238763,15.90999984741211,0.18999999999999995,4.54
2019-06-13,0.004118091206066005,0.003437887630676999,0.0061006935016299476,15.819999694824219,0.18999999999999995,4.54
2019-06-14,-0.00110566677719947,0.002513240123658254,-0.0003160129284807664,15.279999732971191,0.18999999999999995,4.54
2019-06-17,0.0003799693997639627,0.0017480978235969837,-0.0006322652864021801,15.350000381469727,0.18999999999999995,4.54
2019-06-18,0.01041701987147207,0.004999307665879566,0.005047324392238259,15.149999618530273,0.18999999999999995,4.54
2019-06-19,0.0022543777497796087,0.0014347076736322918,0.006038970838080658,14.329999923706055,0.18999999999999995,4.54
2019-06-20,0.00950866361969973,0.002637240944930609,0.024866155493817887,14.75,0.18999999999999995,4.54
2019-06-21,-0.001454450041413451,-0.011047453795812704,0.00661369341666817,15.399999618530273,0.18999999999999995,4.54
2019-06-24,-0.0012251981550361255,0.007428693302254827,0.014741593126273352,15.260000228881836,0.18999999999999995,4.54
2019-06-25,-0.009856119306736726,0.003091756315828403,0.0019392450876947497,16.280000686645508,0.18999999999999995,4.54
2019-06-26,-0.0009979977651543477,-0.006420267700373202,-0.009207653748305768,16.209999084472656,0.18999999999999995,4.54
2019-06-27,0.003539705719997398,0.007021915350523751,-0.0009781791081800058,15.819999694824219,0.18999999999999995,4.54
2019-06-28,0.005132580727358173,-0.0006768965812167117,0.0027063662544696662,15.079999923706055,0.18999999999999995,4.54
2019-07-01,0.009037506240847773,-0.002341499483572057,-0.019559428102497136,14.0600004196167,0.21999999999999997,4.54
2019-07-02,0.0026008619627370085,0.007683393946866125,0.02113481354805423,12.930000305175781,0.21999999999999997,4.54
2019-07-03,0.007963210641759297,0.007103452351957098,0.0016477026920105947,12.569999694824219,0.21999999999999997,4.54
2019-07-05,-0.0011382931270687217,-0.01335123049067834,-0.011212861349998495,13.279999732971191,0.21999999999999997,4.54
2019-07-08,-0.005509924784969183,0.001357992700945041,-0.006453396174434407,13.960000038146973,0.21999999999999997,4.54
2019-07-09,0.0012454313853007442,-0.0003770002175523128,0.0034976216131429347,14.09000015258789,0.21999999999999997,4.54
2019-07-10,0.004766572305940214,-0.005522127232675879,0.015664164068756106,13.029999732971191,0.21999999999999997,4.54
2019-07-11,0.00234150972354687,-0.013440454834893466,-0.008479433149487648,12.930000305175781,0.21999999999999997,4.54
2019-07-12,0.004467281360512933,0.0011528471227648478,0.006235244213343071,12.390000343322754,0.21999999999999997,4.54
2019-07-15,0.00033253350699207737,0.00574246901416727,0.0,12.680000305175781,0.21999999999999997,4.54
2019-07-16,-0.003230565302878407,-0.0029821843959724585,-0.008498565150237166,12.859999656677246,0.21999999999999997,4.54
2019-07-17,-0.006828166500612646,0.010740221020310739,0.01633123396202252,13.970000267028809,0.21999999999999997,4.54
2019-07-18,0.0036540333818009117,7.584964268473426e-05,0.01401922107283276,13.529999732971191,0.21999999999999997,4.54
2019-07-19,-0.00557024335756477,-0.0023511972994765787,-0.01483691752503857,14.449999809265137,0.21999999999999997,4.54
2019-07-22,0.002453227643464665,0.0018965058574178697,-0.0001487748968767623,13.529999732971191,0.21999999999999997,4.54
2019-07-23,0.007124798842634743,-0.005471847732134182,-0.005668654760058427,12.609999656677246,0.21999999999999997,4.54
2019-07-24,0.00468834287257419,0.004334108090902686,0.005073447292028362,12.069999694824219,0.21999999999999997,4.54
2019-07-25,-0.004788465553844431,-0.004791290470740485,-0.007095118991376651,12.739999771118164,0.21999999999999997,4.54
2019-07-26,0.006678116014694282,0.002360615854697292,0.00164757936404381,12.15999984741211,0.21999999999999997,4.54
2019-07-29,-0.0018227724162942814,0.0003043518344799616,0.006637600502192369,12.829999923706055,0.21999999999999997,4.54
2019-07-30,-0.0024583007027751866,0.002430006295792022,0.0033393742390960437,13.9399995803833,0.21999999999999997,4.54
2019-07-31,-0.011000653251857626,0.008008740477862467,-0.013199706898717264,16.1200008392334,0.21999999999999997,4.54
2019-08-01,-0.00874596435817646,0.019665653380070723,0.0237382025873749,17.8700008392334,0.05999999999999983,4.54
2019-08-02,-0.007557776397727417,0.009199123458656535,-0.003819352910475418,17.610000610351562,0.05999999999999983,4.54
2019-08-05,-0.03053475187981532,0.01714012380866104,0.013885007839557597,24.59000015258789,0.05999999999999983,4.54
2019-08-06,0.013925411621626589,0.007961629655547517,0.008095529492025941,20.170000076293945,0.05999999999999983,4.54
2019-08-07,0.0005904479237689485,0.00035637684364660667,0.01507548681526026,19.489999771118164,0.05999999999999983,4.54
2019-08-08,0.019430222928403164,0.002140419800670757,0.005022054446004403,16.90999984741211,0.05999999999999983,4.54
2019-08-09,-0.006834453815900613,-0.0019970574760440054,-0.003321683939870917,17.969999313354492,0.05999999999999983,4.54
2019-08-12,-0.012248127697956504,0.020635464050876323,0.009651773675578623,21.09000015258789,0.05999999999999983,4.54
2019-08-13,0.015431813971189165,-0.0034337046979297033,-0.005977346952418699,17.520000457763672,0.05999999999999983,4.54
2019-08-14,-0.030013601068601174,0.02227994743648703,0.00681829671908825,22.100000381469727,0.05999999999999983,4.54
2019-08-15,0.002638103249494468,0.011058139708295223,0.006632923311853109,21.18000030517578,0.05999999999999983,4.54
2019-08-16,0.014647645682108136,-0.008042740974878101,-0.00642279632319684,18.469999313354492,0.05999999999999983,4.54
2019-08-19,0.011975638041582899,-0.014405853369078774,-0.011765243129746363,16.8799991607666,0.05999999999999983,4.54
2019-08-20,-0.007692294416976899,0.01029162981304046,0.007765153200510364,17.5,0.05999999999999983,4.54
2019-08-21,0.008102767954692003,-0.0066872864566004065,-0.0031694374885161206,15.800000190734863,0.05999999999999983,4.54
2019-08-22,-0.0003080699832075358,-0.006663369234422537,-0.002542737809443374,16.68000030517578,0.05999999999999983,4.54
2019-08-23,-0.026023130185482697,0.016300720169648016,0.0194004358255685,19.8700008392334,0.05999999999999983,4.54
2019-08-26,0.010997556337069938,-0.0040501618063532585,0.00013874512727632068,19.31999969482422,0.05999999999999983,4.54
2019-08-27,-0.003930835857303918,0.015291934724428894,0.009525229640210546,20.309999465942383,0.05999999999999983,4.54
2019-08-28,0.0070166653694774565,0.0012854918829333227,-0.002820513317677276,19.350000381469727,0.05999999999999983,4.54
2019-08-29,0.012691881435161072,-0.0037957207467841977,-0.007190355573252848,17.8799991607666,0.05999999999999983,4.54
2019-08-30,-0.00044406711571451417,0.00027165966724741953,-0.0025705723222454796,18.979999542236328,0.05999999999999983,4.54
2019-09-03,-0.005864286739482184,0.0012916392583694571,0.013817145553141903,19.65999984741211,0.05999999999999983,4.54
2019-09-04,0.011286297106801842,0.0014935835878848638,0.006224182405113975,17.329999923706055,0.05999999999999983,4.54
2019-09-05,0.012773595703132159,-0.01827722191078141,-0.02429383958928248,16.270000457763672,0.05999999999999983,4.54
2019-09-06,0.000771834562019146,0.007090433000191978,-0.008559662387184017,15.0,0.05999999999999983,4.54
2019-09-09,0.0005031085917684752,-0.017925042250475726,-0.0037414803722944866,15.270000457763672,0.05999999999999983,4.54
2019-09-10,-0.0002348429759869491,-0.017682926762538385,-0.008594766463448816,15.199999809265137,0.05999999999999983,4.54
2019-09-11,0.007085973636869355,-0.0017783656885040175,0.0060453662250154515,14.609999656677246,0.05999999999999983,4.54
2019-09-12,0.0034576145858766514,-0.006572779030502021,0.0020542492696135994,14.220000267028809,0.05999999999999983,4.54
2019-09-13,-0.0006636492455044389,-0.02159037653519957,-0.008313640257218174,13.739999771118164,0.05999999999999983,4.54
2019-09-16,-0.0030936940426611608,0.012663111384312586,0.008313640257218249,14.670000076293945,0.05999999999999983,4.54
2019-09-17,0.0025286463113355904,0.00540906930329124,0.001979350045407386,14.4399995803833,0.05999999999999983,4.54
2019-09-18,0.0005980783049314658,0.004234494136331761,-0.006305141849164153,13.949999809265137,0.05999999999999983,4.54
2019-09-19,-6.617421186664056e-05,0.003003985690021877,0.004042645700960864,14.050000190734863,0.05999999999999983,4.54
2019-09-20,-0.004736148136885484,0.013124271778571863,0.011751169204553406,15.319999694824219,0.05999999999999983,4.54
2019-09-23,-0.00023516349146800752,-0.00021195251847309367,0.005580782257567522,14.90999984741211,0.05999999999999983,4.54
2019-09-24,-0.007877439947488647,0.011981806426809367,0.00527299162043293,17.049999237060547,0.05999999999999983,4.54
2019-09-25,0.005897174140829956,-0.014734613939685842,-0.018719501081169466,15.960000038146973,0.05999999999999983,4.54
2019-09-26,-0.002085203065549429,0.006412032326318122,-0.0002821278180384957,16.06999969482422,0.05999999999999983,4.54
2019-09-27,-0.005402044486916676,0.002454776265355308,-0.005161727926224835,17.219999313354492,0.05999999999999983,4.54
2019-09-30,0.004627084340605475,0.0024485064240205895,-0.015647105922203676,16.239999771118164,0.05999999999999983,4.54
2019-10-01,-0.011965947352185854,0.00300695129524445,0.005457893373498284,18.559999465942383,0.15999999999999992,4.54
2019-10-02,-0.017822087336641895,0.0024402822296668296,0.011606023170116823,20.559999465942383,0.15999999999999992,4.54
2019-10-03,0.008158906485855608,0.009080795220337506,0.004520416059329575,19.1200008392334,0.15999999999999992,4.54
2019-10-04,0.013441443467683759,0.007356365524049533,0.0,17.040000915527344,0.15999999999999992,4.54
2019-10-07,-0.004323827108801801,-0.008323299631007421,-0.00856363541098911,17.860000610351562,0.15999999999999992,4.54
2019-10-08,-0.01564654865854079,0.002690352997476634,0.00870459991703739,20.280000686645508,0.15999999999999992,4.54
2019-10-09,0.009451656133272836,-0.005664792567045179,0.0009156241246349503,18.639999389648438,0.15999999999999992,4.54
2019-10-10,0.00674045701717218,-0.015006632332054279,-0.008767683192965708,17.56999969482422,0.15999999999999992,4.54
2019-10-11,0.010313762341579701,-0.012453649420006267,-0.005554769940672898,15.579999923706055,0.15999999999999992,4.54
2019-10-14,-0.0011143519595854623,0.007236383095927597,0.003991150393420187,14.569999694824219,0.15999999999999992,4.54
2019-10-15,0.009851477137574595,-0.012162043008903603,-0.0069950016712766044,13.539999961853027,0.15999999999999992,4.54
2019-10-16,-0.0016072224738394728,0.0012156868477409192,0.005713914835703777,13.680000305175781,0.15999999999999992,4.54
2019-10-17,0.0029448096701396136,-0.0024326548710954144,0.0014233647353723328,13.789999961853027,0.15999999999999992,4.54
2019-10-18,-0.004386910872305907,0.0,-0.001067306413452129,14.25,0.15999999999999992,4.54
2019-10-21,0.006756308463392593,-0.007551208586504835,-0.004781550075213642,14.0,0.15999999999999992,4.54
2019-10-22,-0.0032719969161281214,0.005830298922471061,0.0029287043785159624,14.460000038146973,0.15999999999999992,4.54
2019-10-23,0.002905239786797677,0.0010033409096549498,0.002351027592914482,14.010000228881836,0.15999999999999992,4.54
2019-10-24,0.001632590625678896,-0.002008883882092421,0.007090719694468963,13.710000038146973,0.15999999999999992,4.54
2019-10-25,0.00408671063999547,-0.004896700010257277,0.0023289599557340403,12.649999618530273,0.15999999999999992,4.54
2019-10-28,0.005620614393658658,-0.009138041793904114,-0.008637230479381003,13.109999656677246,0.15999999999999992,4.54
2019-10-29,-0.00029634616901742425,0.0006553352608602999,-0.002776885194246242,13.199999809265137,0.15999999999999992,4.54
2019-10-30,0.0030622466430657237,0.014528582284313708,0.005475210184932403,12.329999923706055,0.15999999999999992,4.54
2019-10-31,-0.0026669904207122425,0.013400185404707738,0.009948844935468628,13.220000267028809,0.15999999999999992,4.54
2019-11-01,0.009221358483640465,-0.003083474990285592,0.0009123470738276627,12.300000190734863,0.19999999999999996,4.54
2019-11-04,0.004009839717415351,-0.013248994639802572,-0.0028801514371747305,12.829999923706055,0.19999999999999996,4.54
2019-11-05,-0.0011066946536270113,-0.011309933960189296,-0.016312331868591004,13.100000381469727,0.19999999999999996,4.54
2019-11-06,0.0002278622666066491,0.006033137822354182,0.004281068530555171,12.619999885559082,0.19999999999999996,4.54
2019-11-07,0.0035104871687278477,-0.018284715557915537,-0.015643205521891117,12.729999542236328,0.19999999999999996,4.54
2019-11-08,0.002463129097944588,-0.004215922509939928,-0.0063847338065501705,12.069999694824219,0.19999999999999996,4.54
2019-11-11,-0.0019116390048010924,0.0006668835201825759,-0.0024048241483873045,12.6899995803833,0.19999999999999996,4.54
2019-11-12,0.0021059470188041184,0.004582011133204925,0.002695874927586959,12.680000305175781,0.19999999999999996,4.54
2019-11-13,0.00032325616638542097,0.006467374733806223,0.003994072881030811,13.0,0.19999999999999996,4.54
2019-11-14,0.0014547161359036956,0.01027731781552521,0.004194711040663475,13.050000190734863,0.19999999999999996,4.54
2019-11-15,0.007210578452785951,-0.0010884940932287207,-0.0025291110010524226,12.050000190734863,0.19999999999999996,4.54
2019-11-18,0.000737210925302581,0.001813298719278363,0.002962025072169786,12.460000038146973,0.19999999999999996,4.54
2019-11-19,-0.00028838573194993696,0.008298076199129378,0.0005049030061831341,12.859999656677246,0.19999999999999996,4.54
2019-11-20,-0.003725718576949695,0.010294741757587938,0.0005045382424530197,12.779999732971191,0.19999999999999996,4.54
2019-11-21,-0.0016102507915922433,-0.006278646343556041,-0.005492097356825017,13.130000114440918,0.19999999999999996,4.54
2019-11-22,0.0022212510384841504,0.0012877806697927385,-0.0018857951599790925,12.34000015258789,0.19999999999999996,4.54
2019-11-25,0.0077205460381249294,0.0029259740620599124,-0.004803179633254922,11.869999885559082,0.19999999999999996,4.54
2019-11-26,0.00226287650547501,0.005827564702974251,0.004803179633255016,11.539999961853027,0.19999999999999996,4.54
2019-11-27,0.004447798082410828,-0.0029096683381907664,-0.005314014225370608,11.75,0.19999999999999996,4.54
2019-11-29,-0.0037158532966622953,-0.0021342388606335554,0.006184806112979683,12.619999885559082,0.19999999999999996,4.54
2019-12-02,-0.008530912712652506,-0.013422529640115238,-0.0005079436043828876,14.90999984741211,0.19999999999999996,4.54
2019-12-03,-0.006729139932776794,0.020750442302494634,0.009534253178573626,15.960000038146973,0.19999999999999996,4.54
2019-12-04,0.006151473918927536,-0.01003521684291359,-0.0013667767637935283,14.800000190734863,0.19999999999999996,4.54
2019-12-05,0.00179631545916119,-0.004876411321723061,0.0005757184354598549,14.520000457763672,0.19999999999999996,4.54
2019-12-06,0.009092518779404892,-0.005549232494139425,-0.009977704836757457,13.619999885559082,0.19999999999999996,4.54
2019-12-09,-0.003148882024479031,0.0021655422477552554,-0.0002906488870483782,15.859999656677246,0.19999999999999996,4.54
2019-12-10,-0.0011156242503970704,7.202659371007133e-05,0.002830699660654389,15.680000305175781,0.19999999999999996,4.54
2019-12-11,0.002834493254072449,0.00783003745473401,0.006861935627691577,14.989999771118164,0.19999999999999996,4.54
2019-12-12,0.008581733151400192,-0.01659472333646047,-0.0035334849047766476,13.9399995803833,0.19999999999999996,4.54
2019-12-13,0.0005992793699687003,0.011501434166694151,0.004468872836715887,12.630000114440918,0.19999999999999996,4.54
2019-12-16,0.006846539525081482,-0.009030900652136353,-7.198939739749056e-05,12.140000343322754,0.19999999999999996,4.54
2019-12-17,0.00021896988148907367,-0.0013793164644644877,-0.00021577975709612248,12.289999961853027,0.19999999999999996,4.54
2019-12-18,6.258401854019504e-05,-0.008246551903560436,7.200493236905694e-05,12.579999923706055,0.19999999999999996,4.54
2019-12-19,0.004090537269545276,0.0015987621981125371,0.0025862126377012157,12.5,0.19999999999999996,4.54
2019-12-20,0.0043747160144826545,0.0013179668693385413,0.0010039397404910592,12.510000228881836,0.19999999999999996,4.54
2019-12-23,0.0015264584712661223,-0.0014644400825286992,0.003077203372165587,12.609999656677246,0.19999999999999996,4.54
2019-12-24,3.160319363017315e-05,0.002854077489077256,0.009387789011397068,12.670000076293945,0.19999999999999996,4.54
2019-12-26,0.005308754494752767,0.002408637375261036,0.00782659080315549,12.649999618530273,0.19999999999999996,4.54
2019-12-27,-0.00024748073683216886,0.0010930358361061839,-0.0003512560225688557,13.430000305175781,0.19999999999999996,4.54
2019-12-30,-0.005528978242101586,-0.003648287675129856,0.0021055808220621446,14.819999694824219,0.19999999999999996,4.54
2019-12-31,0.002426710764989364,-0.009841801845551086,0.001891143454574884,13.779999732971191,0.19999999999999996,4.54
2020-01-02,0.009308094245564605,0.011229848318809582,0.007320953634035891,12.470000267028809,0.24,4.54
2020-01-03,-0.0076008478941256286,0.015282605259954962,0.013181265882528811,14.020000457763672,0.24,4.54
2020-01-06,0.003807851905084458,-0.005694391038576434,0.010434868967011986,13.850000381469727,0.24,4.54
2020-01-07,-0.0028156738180126766,-0.004928078868237088,0.003927428056507489,13.789999961853027,0.24,4.54
2020-01-08,0.0053152303160580805,-0.006632636930041756,-0.007529802584635164,13.449999809265137,0.24,4.54
2020-01-09,0.006758091371329286,0.0035040287192482492,-0.0056676844863565315,12.539999961853027,0.24,4.54
2020-01-10,-0.0028821659031715244,0.008851249722753625,0.006008107616788398,12.5600004196167,0.24,4.54
2020-01-13,0.006853929279290133,-0.003038216287446051,-0.007447144703816297,12.319999694824219,0.24,4.54
2020-01-14,-0.0015257036383706987,0.00513087252535664,-0.0008919411826434922,12.390000343322754,0.24,4.54
2020-01-15,0.002257260154368804,0.006610394552950464,0.005817289492435278,12.420000076293945,0.24,4.54
2020-01-16,0.008283992376272985,-0.003155947024905644,-0.0015707412123407796,12.319999694824219,0.24,4.54
2020-01-17,0.0031075009704228966,-0.008585320053401301,0.0018437252860089575,12.100000381469727,0.24,4.54
2020-01-21,-0.001959778951367449,0.010451170836210354,0.0010909837309721073,12.850000381469727,0.24,4.54
2020-01-22,0.00012054529221726608,0.0035072613139158467,0.0003405975107135845,12.90999984741211,0.24,4.54
2020-01-23,0.0011461674879706919,0.0069774430839196705,0.002245598875511729,12.979999542236328,0.24,4.54
2020-01-24,-0.00893286606801293,0.008056330037430389,0.0058285535187767275,14.5600004196167,0.24,4.54
2020-01-27,-0.016159265231406605,0.015434434984179733,0.006802125843070944,18.229999542236328,0.24,4.54
2020-01-28,0.01042464671347514,-0.007862477084046091,-0.00896686803661793,16.280000686645508,0.24,4.54
2020-01-29,-0.0008266838762848915,0.009732181703383094,0.005403248480831511,16.389999389648438,0.24,4.54
2020-01-30,0.0032404797877595023,0.00013806575994912323,6.731894098032181e-05,15.489999771118164,0.24,4.54
2020-01-31,-0.018324484299179662,0.009088779248168123,0.005775708477189364,18.84000015258789,0.24,4.54
2020-02-03,0.0074009224916752,-0.0008108417312403388,-0.006516877595597702,17.969999313354492,0.24,4.54
2020-02-04,0.015126149613632784,-0.01355852247203995,-0.013094308186782415,16.049999237060547,0.24,4.54
2020-02-05,0.011481842474162646,-0.010994694867110674,0.0012285555646719122,15.149999618530273,0.24,4.54
2020-02-06,0.0033592210320086873,0.004496766344519855,0.005373934234125879,14.960000038146973,0.24,4.54
2020-02-07,-0.005343793400698534,0.012400462924138466,0.002642363450658169,15.470000267028809,0.24,4.54
2020-02-10,0.00743744093486385,0.002766059942941118,0.0025679490647931946,15.039999961853027,0.24,4.54
2020-02-11,0.0017316525714140382,-0.005053316040012201,-0.0034478924308700464,15.180000305175781,0.24,4.54
2020-02-12,0.006422041968852022,-0.0050788538112308875,-0.000813078481224605,13.739999771118164,0.24,4.54
2020-02-13,-0.0010676454661036616,0.003828720698757521,0.005677303718111386,14.149999618530273,0.24,4.54
2020-02-14,0.0016009421376247373,0.004368169526614199,0.0041697222765956264,13.680000305175781,0.24,4.54
2020-02-18,-0.0025803715726822924,0.0068252077534227485,0.012737350951843347,14.829999923706055,0.24,4.54
2020-02-19,0.004769742589792052,-6.858749046295505e-05,0.005814285510176441,14.380000114440918,0.24,4.54
2020-02-20,-0.004116418774325371,0.007802967098495201,0.0040763395182913265,15.5600004196167,0.24,4.54
2020-02-21,-0.010351627316707874,0.009297615521315937,0.014913455926308593,17.079999923706055,0.24,4.54
2020-02-24,-0.03372799732239254,0.014817787085786828,0.008945002656717951,25.030000686645508,0.24,4.54
2020-02-25,-0.030771043704807922,0.0053101516769001765,-0.01803593472393269,27.850000381469727,0.24,4.54
2020-02-26,-0.0036845389507905485,-0.005310151676900211,0.004360980385151266,27.559999465942383,0.24,4.54
2020-02-27,-0.04595181010941436,0.01079089029019208,0.00019481624361363943,39.15999984741211,0.24,4.54
2020-02-28,-0.004210163597593843,0.022331572896020575,-0.03717601874476565,40.11000061035156,0.24,4.54
2020-03-02,0.042395018345971876,-0.007384300128498004,0.005511083646655957,33.41999816894531,0.24,4.54
2020-03-03,-0.02905026201030668,0.015406663882034363,0.030950390194086085,36.81999969482422,0.24,4.54
2020-03-04,0.04117325354427328,-0.010675628588489028,0.001752990351755443,31.989999771118164,0.24,4.54
2020-03-05,-0.03380640160688687,0.024586592366679778,0.021370951204574475,39.619998931884766,0.24,4.54
2020-03-06,-0.01666948887652923,0.05073477554198757,0.0003808885074389379,41.939998626708984,0.24,4.54
2020-03-09,-0.08131245950775126,0.026742396625843167,0.0016488747161249012,54.459999084472656,0.24,4.54
2020-03-10,0.050450372085790215,-0.052618868831161986,-0.02132715182628954,47.29999923706055,0.24,4.54
2020-03-11,-0.0499767255799336,-0.03749072267273684,-0.0035667044227174947,53.900001525878906,0.24,4.54
2020-03-12,-0.10056868640358825,0.006177320716678636,-0.04070560424243849,75.47000122070312,0.24,4.54
2020-03-13,0.08202825457785702,-0.02286252904083578,-0.03099155256530076,57.83000183105469,0.24,4.54
2020-03-16,-0.11588661443384192,0.06275446051465054,-0.011512126298224866,82.69000244140625,0.24,4.54
2020-03-17,0.052584900729233205,-0.0690098144006943,0.01346442633870517,75.91000366210938,0.24,4.54
2020-03-18,-0.05195996173265401,-0.05806634373142009,-0.02012310684271081,76.44999694824219,0.24,4.54
2020-03-19,0.0021230562139630225,0.026861101423473952,-0.019086492837834465,72.0,0.24,4.54
2020-03-20,-0.044050477007955696,0.07250205347023367,0.014884383146683595,66.04000091552734,0.24,4.54
2020-03-23,-0.02590088156872859,0.040383227710746025,0.043231496146295734,61.59000015258789,0.24,4.54
2020-03-24,0.08673109607543149,-0.018790018194037035,0.047389520259250466,61.66999816894531,0.24,4.54
2020-03-25,0.014859101515424529,-0.0022734021572136712,-0.013784208180364264,63.95000076293945,0.24,4.54
2020-03-26,0.05674885653827984,0.004909860070427899,0.012740714714697083,61.0,0.24,4.54
2020-03-27,-0.03023835413154616,0.026342473595620277,-0.006481449089244015,65.54000091552734,0.24,4.54
2020-03-30,0.03195946528174589,-0.008263317570806145,0.004390990264267052,57.08000183105469,0.24,4.54
2020-03-31,-0.015017336158946305,-0.008149899068850098,-0.032364821693651916,53.540000915527344,0.24,4.54
2020-04-01,-0.04604897594357817,0.013913629109986355,0.009411793149400162,57.060001373291016,0.44000000000000006,4.54
2020-04-02,0.022812912771773778,0.006325563811539525,0.01626050111056189,50.90999984741211,0.44000000000000006,4.54
2020-04-03,-0.01455967586590402,0.0023769011511412994,0.004925309776577716,46.79999923706055,0.44000000000000006,4.54
2020-04-06,0.06500670766723686,-0.0026148478615622387,0.02733353381543522,45.2400016784668,0.44000000000000006,4.54
2020-04-07,0.0010191553844926442,-0.01052720670969238,-0.005368871400719198,46.70000076293945,0.44000000000000006,4.54
2020-04-08,0.033017355707117654,-0.007303014799979289,-0.008947881947437637,43.349998474121094,0.44000000000000006,4.54
2020-04-09,0.01510250863483722,0.001815604931269178,0.025788169295063085,41.66999816894531,0.44000000000000006,4.54
2020-04-13,-0.009171861746160614,-0.009172234723370115,0.01699510551392902,41.16999816894531,0.44000000000000006,4.54
2020-04-14,0.02906636597587607,-0.00024429810251181956,0.007837301543346824,37.7599983215332,0.44000000000000006,4.54
2020-04-15,-0.021477286642715254,0.02614471096139601,-0.005115017933585634,40.84000015258789,0.44000000000000006,4.54
2020-04-16,0.004812758630926519,0.01129320533404392,-0.0008653689753940822,40.11000061035156,0.44000000000000006,4.54
2020-04-17,0.02665697191041456,-0.013495926637747445,-0.019608466717140425,38.150001525878906,0.44000000000000006,4.54
2020-04-20,-0.01777524145715697,0.00801323335837871,0.007100853720992193,43.83000183105469,0.44000000000000006,4.54
2020-04-21,-0.030833805292637843,0.012512828275488837,-0.006848673348053854,45.40999984741211,0.44000000000000006,4.54
2020-04-22,0.021952074839380265,-0.010269177652611497,0.019479888950845802,41.97999954223633,0.44000000000000006,4.54
2020-04-23,-7.196670311918513e-05,0.005294626873739849,0.009905643795524405,41.380001068115234,0.44000000000000006,4.54
2020-04-24,0.013842828414727119,0.0023441991243545834,-0.004294729942651925,35.93000030517578,0.44000000000000006,4.54
2020-04-27,0.014315234102673524,-0.018789354804393765,-0.00666258998355511,33.290000915527344,0.44000000000000006,4.54
2020-04-28,-0.0046089166167563355,0.011445627096401357,-0.004466516323334757,33.56999969482422,0.44000000000000006,4.54
2020-04-29,0.025841499722455415,-0.005202481520059119,0.005518192454017435,31.229999542236328,0.44000000000000006,4.54
2020-04-30,-0.009354321892292732,-0.01174528338763038,-0.018282683683788697,34.150001525878906,0.44000000000000006,4.54
2020-05-01,-0.026829935796374958,0.008526485294354522,0.0061522933833428935,37.189998626708984,0.5,4.54
2020-05-04,0.002754324670676773,-0.004714998934952273,0.003498676361159418,35.970001220703125,0.5,4.54
2020-05-05,0.00919716801248933,-0.006421406708182721,0.004232069630406605,33.61000061035156,0.5,4.54
2020-05-06,-0.006801896508919989,-0.01626757607653206,-0.012938939248234135,34.119998931884766,0.5,4.54
2020-05-07,0.011994451041573045,0.01656885287535523,0.015234124108560072,31.440000534057617,0.5,4.54
2020-05-08,0.016410732346994042,-0.01308704455894028,-0.006028427741239837,27.979999542236328,0.5,4.54
2020-05-11,0.00020511496868033996,-0.007835997002007048,-0.006253147010599243,27.56999969482422,0.5,4.54
2020-05-12,-0.020132879652305365,0.01021203483962261,0.0038815245238018456,33.040000915527344,0.5,4.54
2020-05-13,-0.01784398345782018,0.006971679974123843,0.009576645345897673,35.279998779296875,0.5,4.54
2020-05-14,0.011895920977068406,0.009739976329160115,0.008811127536123346,32.61000061035156,0.5,4.54
2020-05-15,0.0045869725969511265,-0.002576067283606883,0.005627947839551041,31.889999389648438,0.5,4.54
2020-05-18,0.03000474384784551,-0.022198752345004336,-0.007592898231851983,29.299999237060547,0.5,4.54
2020-05-19,-0.010324554215876297,0.0037346846601969425,0.009603940342589153,30.530000686645508,0.5,4.54
2020-05-20,0.01684585521561764,0.0029889579602282845,0.0023714668825757603,27.989999771118164,0.5,4.54
2020-05-21,-0.00692798281105187,0.002495169435463444,-0.014683616168536867,29.530000686645508,0.5,4.54
2020-05-22,0.0018970343531187488,0.005997386599945062,0.005899400714775776,28.15999984741211,0.5,4.54
2020-05-26,0.012245437987677781,-0.013499972489090233,-0.014316858429627,28.010000228881836,0.5,4.54
2020-05-27,0.0147692929045034,-0.0018390546192570652,0.001800809585778032,27.6200008392334,0.5,4.54
2020-05-28,-0.0018464258042973321,-0.003687161902823467,0.0033447448656947374,28.59000015258789,0.5,4.54
2020-05-29,0.0044456279546910196,0.007116424238067858,0.007331471236597383,27.510000228881836,0.5,4.54
2020-06-01,0.0040339031883770944,-0.006755506892262944,0.004593203918142176,28.229999542236328,0.54,4.54
2020-06-02,0.008245851917851103,-0.003642586212148074,-0.006497892824854574,26.84000015258789,0.54,4.54
2020-06-03,0.013220565034077123,-0.013385955525259553,-0.01862251139241922,25.65999984741211,0.54,4.54
2020-06-04,-0.0026304871769855117,-0.01458514945051843,0.010471254055873179,25.809999465942383,0.54,4.54
2020-06-05,0.02530697219052819,-0.007148551261293376,-0.02048368991541374,24.520000457763672,0.54,4.54
2020-06-08,0.012014983541012153,0.003835889323566403,0.010764002439043798,25.809999465942383,0.54,4.54
2020-06-09,-0.007484694760102999,0.011294442043703742,0.009595645355064148,27.56999969482422,0.54,4.54
2020-06-10,-0.005595720564332983,0.014718647048918584,0.014223142854853236,27.56999969482422,0.54,4.54
2020-06-11,-0.05937746460961962,0.01872448449411885,-0.007240232329265166,40.790000915527344,0.54,4.54
2020-06-12,0.0119048247425263,-0.00968809523228655,0.0014153150353447643,36.09000015258789,0.54,4.54
2020-06-15,0.009292170700785482,0.000554494060309057,-0.0017848491512042477,34.400001525878906,0.54,4.54
2020-06-16,0.01906486591831883,-0.015452531001534656,-0.0004929560183834836,33.66999816894531,0.54,4.54
2020-06-17,-0.004162727163604523,0.004119248967708123,0.0019087937874243815,33.470001220703125,0.54,4.54
2020-06-18,0.00038521603752519895,0.010532409890317018,-0.0019703951105462295,32.939998626708984,0.54,4.54
2020-06-19,-0.005731228532837266,0.0008008721435094697,0.010972576221366465,35.119998931884766,0.54,4.54
2020-06-22,0.006394810995436692,0.00012304183016363432,0.006441427074830093,31.770000457763672,0.54,4.54
2020-06-23,0.004592644491971735,-0.006857987429352663,0.008384398864595731,31.3700008392334,0.54,4.54
2020-06-24,-0.025839632915473372,0.010668376275885487,-0.0034899960158010397,33.84000015258789,0.54,4.54
2020-06-25,0.01066346858835515,0.002878345370506037,-0.0006028992986150158,32.220001220703125,0.54,4.54
2020-06-26,-0.024037922317719514,0.010646288305125649,0.0044532193863769335,34.72999954223633,0.54,4.54
2020-06-29,0.014590776941330713,-0.003152080845154923,0.0005403343600226875,31.780000686645508,0.54,4.54
2020-06-30,0.012727935763958276,-0.004867435225680109,0.004431086497931087,30.43000030517578,0.54,4.54
2020-07-01,0.006980573325295699,-0.0019438344552190833,-0.004491160110102202,28.6200008392334,0.47,4.54
2020-07-02,0.0054920191770706185,0.0010395217018636291,0.0021582779375089872,27.68000030517578,0.47,4.54
2020-07-06,0.015319023834970157,-0.004103499455287378,0.005970880083946397,27.940000534057617,0.47,4.54
2020-07-07,-0.01036755441945942,0.013957922686920692,0.0062904343270385864,29.43000030517578,0.47,4.54
2020-07-08,0.007619756885569561,-0.004003029252991984,0.006192353605402356,28.079999923706055,0.47,4.54
2020-07-09,-0.005709052151488734,0.01579671334008564,-0.002708063902871328,29.260000228881836,0.47,4.54
2020-07-10,0.010158675459542328,-0.005037993372860913,-0.0025972650920347735,27.290000915527344,0.47,4.54
2020-07-13,-0.008696648188387623,0.0033018836255318514,0.0012403879870823364,32.189998626708984,0.47,4.54
2020-07-14,0.012875572888895478,0.0014367697815348655,0.004652728164010819,29.520000457763672,0.47,4.54
2020-07-15,0.009145623278384528,-0.004678274698860101,0.0008809438623464781,27.760000228881836,0.47,4.54
2020-07-16,-0.0032990478676933176,0.004738040801834663,-0.009496639325154646,28.0,0.47,4.54
2020-07-17,0.002894851471638522,-0.0020960183285432814,0.008204262794308569,25.68000030517578,0.47,4.54
2020-07-20,0.008049074180107715,0.002455085053333051,0.004808590336846309,24.459999084472656,0.47,4.54
2020-07-21,0.002125122344739179,0.0005976860442986886,0.011978962477666387,24.84000015258789,0.47,4.54
2020-07-22,0.005675956801082805,0.002984712957488291,0.015087942737564556,24.31999969482422,0.47,4.54
2020-07-23,-0.012003307116792167,0.011613713807007896,0.008786586410813348,26.079999923706055,0.47,4.54
2020-07-24,-0.0064614766381128645,-5.905836063010421e-05,0.008542281441677423,25.84000015258789,0.47,4.54
2020-07-27,0.007266399683955278,-0.0037185644184294267,0.019561196964697856,24.739999771118164,0.47,4.54
2020-07-28,-0.006362706842580839,0.00689492121406242,0.008306536040413818,25.440000534057617,0.47,4.54
2020-07-29,0.012223937930790333,-0.0017046959748894407,0.007482169283186,24.100000381469727,0.47,4.54
2020-07-30,-0.0035745032250634823,0.006566775952791913,-0.007427778888433271,24.760000228881836,0.47,4.54
2020-07-31,0.007871161613962441,-0.0006427489416183049,0.00904688435302792,24.459999084472656,0.47,4.54
2020-08-03,0.0069281306122643055,-0.00504763972825591,0.0011318982444248418,24.280000686645508,0.47,4.54
2020-08-04,0.00385521607028888,0.009486976772848285,0.021054515412853636,23.760000228881836,0.47,4.54
2020-08-05,0.006191660546391204,-0.008781238070768995,0.009240417270834574,22.989999771118164,0.47,4.54
2020-08-06,0.006662443191756004,0.005570883278066567,0.013186741026147062,22.649999618530273,0.47,4.54
2020-08-07,0.0007172974737842857,-0.006688407980472654,-0.016012829047696152,22.209999084472656,0.47,4.54
2020-08-10,0.0029849209240869544,-0.004483921321457448,-0.0034649534714480275,22.1299991607666,0.47,4.54
2020-08-11,-0.008289136040305957,-0.011956517443313264,-0.0551897267189793,24.030000686645508,0.47,4.54
2020-08-12,0.013846031659409971,-0.009137050513285177,-0.004679132411383586,22.280000686645508,0.47,4.54
2020-08-13,-0.001809551367407735,-0.010746746278186744,0.023343474417206588,22.1299991607666,0.47,4.54
2020-08-14,2.9733016647773354e-05,-0.003914293755290776,-0.004318527254207777,22.049999237060547,0.47,4.54
2020-08-17,0.003171640401105806,0.002509067093807539,0.02146194877539166,21.350000381469727,0.47,4.54
2020-08-18,0.00215833948872053,0.0071267060145115396,0.008967673573403242,21.510000228881836,0.47,4.54
2020-08-19,-0.004172747495436752,-0.006270656207442925,-0.03207438281593019,22.540000915527344,0.47,4.54
2020-08-20,0.0031086700353614594,0.0089983907023335,0.006890137653281628,22.719999313354492,0.47,4.54
2020-08-21,0.003541459455359932,0.005974558729612667,-0.008043165542872153,22.540000915527344,0.47,4.54
2020-08-24,0.010082083860197077,-0.001626237406708885,-0.005674470685927035,22.3700008392334,0.47,4.54
2020-08-25,0.0034927585377714254,-0.007683464240359771,0.0012147382641175607,22.030000686645508,0.47,4.54
2020-08-26,0.009975920141294937,-0.003833126946407349,0.011739667325137685,23.270000457763672,0.47,4.54
2020-08-27,0.0021842953220733495,-0.01715509867529746,-0.011629286747359606,24.469999313354492,0.47,4.54
2020-08-28,0.006438800271327105,-0.0007451923326730249,0.01723092629924,22.959999084472656,0.47,4.54
2020-08-31,-0.003629437551286176,0.006619921586626663,0.00238341719432408,26.40999984741211,0.47,4.54
2020-09-01,0.009374442938406643,0.011372714338554333,0.001189581722410416,26.1200008392334,0.55,4.54
2020-09-02,0.014360589204392846,0.009474936905657014,-0.013218610873058246,26.56999969482422,0.55,4.54
2020-09-03,-0.03502053364186014,0.0028370345656467647,-0.008137254873336977,33.599998474121094,0.55,4.54
2020-09-04,-0.008198196376993053,-0.01917075635578591,0.0027564932922231992,30.75,0.55,4.54
2020-09-08,-0.02770320856814803,0.0061261175435634654,-0.0019287808618004912,31.459999084472656,0.55,4.54
2020-09-09,0.01955505322945304,-0.002690789063100361,0.009661434230238847,28.809999465942383,0.55,4.54
2020-09-10,-0.017516268052610483,0.005069803966617944,-0.0032283485242562797,29.709999084472656,0.55,4.54
2020-09-11,0.0005088990639970659,0.0021300380046203886,-5.4861557792618405e-05,26.8700008392334,0.55,4.54
2020-09-14,0.013085327114014023,-6.0482539002443286e-05,0.00786160327773618,25.850000381469727,0.55,4.54
2020-09-15,0.005039694671427474,-0.0024356073749344617,-0.0023956152677241513,25.59000015258789,0.55,4.54
2020-09-16,-0.0039765730485614706,-0.002991059142946906,0.0028305733071044767,26.040000915527344,0.55,4.54
2020-09-17,-0.008834069647291573,0.003051910843989579,-0.005505121062685115,26.459999084472656,0.55,4.54
2020-09-18,-0.011579402111850934,-0.0031127261820146036,0.001310849171618332,25.829999923706055,0.55,4.54
2020-09-21,-0.011192056051516523,0.005061125459634545,-0.020291789448272826,27.780000686645508,0.55,4.54
2020-09-22,0.010133012037774813,-0.0007908164778456532,-0.004858095828927072,26.860000610351562,0.55,4.54
2020-09-23,-0.02346414941314556,0.0013387976620183612,-0.021843335368817322,28.579999923706055,0.55,4.54
2020-09-24,0.0026619819791734115,0.0038223067790676317,0.0037119030895910897,28.510000228881836,0.55,4.54
2020-09-25,0.016037512829691673,0.0,-0.0028540460781505306,26.3799991607666,0.55,4.54
2020-09-28,0.01647299789562256,-0.002850503365346999,0.010010290107421884,26.190000534057617,0.55,4.54
2020-09-29,-0.005461068721946538,0.001153908333882124,0.008397048385655496,26.270000457763672,0.55,4.54
2020-09-30,0.007553223866784926,-0.009631844716394408,-0.006022969047958764,26.3700008392334,0.55,4.54
2020-10-01,0.006399788860597376,0.0016478338224877786,0.008880963695329078,26.700000762939453,0.64,4.54
2020-10-02,-0.009540256974142769,-0.003740781664834666,-0.0008957769408936138,27.6299991607666,0.64,4.54
2020-10-05,0.01757793144722183,-0.0197329495046128,0.004861081696310086,27.959999084472656,0.64,4.54
2020-10-06,-0.014317931379772563,0.00537518096908796,-0.011830479550692698,29.479999542236328,0.64,4.54
2020-10-07,0.017257020797466497,-0.007319731869388215,-0.00045132478533539146,28.059999465942383,0.64,4.54
2020-10-08,0.00882353828192298,0.0053857287893822395,0.0035486272055745486,26.360000610351562,0.64,4.54
2020-10-09,0.008890550810992597,-0.00018722845545941032,0.017998399966815504,25.0,0.64,4.54
2020-10-12,0.01595937170175043,0.0031802754492879066,-0.002875813691634357,25.06999969482422,0.64,4.54
2020-10-13,-0.006547381475814581,0.007135224569005888,-0.01585383405158326,26.06999969482422,0.64,4.54
2020-10-14,-0.006303506210117445,0.002284852125855323,0.0030899939936110464,26.399999618530273,0.64,4.54
2020-10-15,-0.0012365121409211757,-0.0017288089827035336,0.003639489400711449,26.969999313354492,0.64,4.54
2020-10-16,-0.0006044209337904735,-0.002783875564156998,-0.0034712263457632483,27.40999984741211,0.64,4.54
2020-10-19,-0.015320004622007803,-0.0037868672122531493,0.0005046193567768562,29.18000030517578,0.64,4.54
2020-10-20,0.003997417106704386,-0.009562043326102904,0.004809318137998378,29.350000381469727,0.64,4.54
2020-10-21,-0.0018947420355001732,-0.0034596673512176353,0.00750319529892231,28.649999618530273,0.64,4.54
2020-10-22,0.0054705041317733,-0.010450940143363294,-0.009849030639627157,28.110000610351562,0.64,4.54
2020-10-23,0.003389470375745353,0.0060938767245249026,-0.0010630400237792174,27.549999237060547,0.64,4.54
2020-10-26,-0.01865298306425619,0.009260296617505102,-0.0005039129828936211,32.459999084472656,0.64,4.54
2020-10-27,-0.0034534951042676826,0.006686931576465943,0.002628864176270774,33.349998474121094,0.64,4.54
2020-10-28,-0.03477638240191615,0.0009335642096204515,-0.01627516884164325,40.279998779296875,0.64,4.54
2020-10-29,0.010112150534597788,-0.009754832734642265,-0.004153341326592121,37.59000015258789,0.64,4.54
2020-10-30,-0.010479467216809951,-0.009914339174703224,0.004550651041840146,38.02000045776367,0.64,4.54
2020-11-02,0.011145894278984195,0.007462263441095738,0.00965812884851217,37.130001068115234,0.64,4.54
2020-11-03,0.01750187408201793,-0.0058185528202229315,0.0056609432999779495,35.54999923706055,0.64,4.54
2020-11-04,0.022103210124737288,0.021460734091227777,-0.0005590140649358909,29.56999969482422,0.64,4.54
2020-11-05,0.0193149914939588,0.0017365585876021768,0.022723771699055755,27.579999923706055,0.64,4.54
2020-11-06,-0.0002285321827864608,-0.01215824128143139,0.0014203529597109255,24.860000610351562,0.64,4.54
2020-11-09,0.012487615632578861,-0.021239159744409156,-0.045280856143465276,25.75,0.64,4.54
2020-11-10,-0.0014678512649201705,-0.005783301132194371,0.0033073065556014952,24.799999237060547,0.64,4.54
2020-11-11,0.0074011572008940395,0.003601800892817776,-0.00433598220930235,23.450000762939453,0.64,4.54
2020-11-12,-0.009748412543638582,0.01687486774108995,0.006042387508780373,25.350000381469727,0.64,4.54
2020-11-13,0.013749726135086933,-0.001326593423673121,0.006796565090032186,23.100000381469727,0.64,4.54
2020-11-16,0.0124052930858774,-0.0024056312996631863,-5.650286865533134e-05,22.450000762939453,0.64,4.54
2020-11-17,-0.005392790287830142,0.006506996284627486,-0.0036759204841880807,22.709999084472656,0.64,4.54
2020-11-18,-0.012107918557109526,0.0028924401303332546,-0.005738783845972931,23.84000015258789,0.64,4.54
2020-11-19,0.004201329832400341,0.005135026193523389,-0.0018822296869570197,23.110000610351562,0.64,4.54
2020-11-20,-0.006871370864120484,0.008830803710956814,0.003021229432643738,23.700000762939453,0.64,4.54
2020-11-23,0.0059765769305899046,-0.004591721349000237,-0.019890324232127853,22.65999984741211,0.64,4.54
2020-11-24,0.015985416943093963,-0.01000248107031015,-0.015447030279527764,21.639999389648438,0.64,4.54
2020-11-25,-0.0015431179353650058,-0.003082721537486841,-0.0004718480371509017,21.25,0.64,4.54
2020-11-27,0.002781096278626812,0.009657567118416218,-0.010198732236165305,20.84000015258789,0.64,4.54
2020-11-30,-0.004436979702549163,-0.0012485479999596676,-0.006697358920117144,20.56999969482422,0.64,4.54
2020-12-01,0.010877904388880082,-0.014854827571866581,0.02084085881536413,20.770000457763672,0.79,4.54
2020-12-02,0.002101588033444459,-0.00796763278768018,0.007493385024315116,21.170000076293945,0.79,4.54
2020-12-03,-0.0002726246250063179,0.008031285240246147,0.007842668530553789,21.280000686645508,0.79,4.54
2020-12-04,0.008580879168873746,-0.014773863573566862,-0.00283945502654119,20.790000915527344,0.79,4.54
2020-12-07,-0.0020567981116600548,0.008980463887409923,0.014803945459514797,21.299999237060547,0.79,4.54
2020-12-08,0.002921540313077859,0.0047140981008805365,0.003481841534737405,20.68000030517578,0.79,4.54
2020-12-09,-0.00900938584610099,-0.0033105741606266805,-0.017241806434506103,22.270000457763672,0.79,4.54
2020-12-10,-0.0003271588010865496,0.008824393873343113,-0.0019148863181888906,22.520000457763672,0.79,4.54
2020-12-11,-0.0011730864095430558,0.0035334642554734315,0.001856945469586849,23.309999465942383,0.79,4.54
2020-12-14,-0.004487383772405858,-0.002774587263019979,-0.005522859199322822,24.719999313354492,0.79,4.54
2020-12-15,0.013428912574245314,-0.003353600013047089,0.013893989774039692,22.889999389648438,0.79,4.54
2020-12-16,0.0015681022548912117,-0.0026650588865901365,0.005503920929853093,22.5,0.79,4.54
2020-12-17,0.005576359451952855,-0.0026494264801689743,0.01046541004295572,21.93000030517578,0.79,4.54
2020-12-18,-0.004000767099298932,-0.00300197982105845,-0.0016988680965652808,21.56999969482422,0.79,4.54
2020-12-21,-0.0035819530722062992,0.003957754563964286,-0.0031789169989821435,25.15999984741211,0.79,4.54
2020-12-22,-0.0016867563068456869,0.005147684417793549,-0.007934507183398202,24.229999542236328,0.79,4.54
2020-12-23,0.000898227228350662,-0.006933215006934242,0.006625879072275585,23.309999465942383,0.79,4.54
2020-12-24,0.0038828736581447295,0.003949644264777656,0.003977347328631379,21.530000686645508,0.79,4.54
2020-12-28,0.008553975271246433,0.0004448061701554935,-0.003635744312567208,21.700000762939453,0.79,4.54
2020-12-29,-0.001909513743404078,-0.0012715152902308276,0.003635744312567162,23.079999923706055,0.79,4.54
2020-12-30,0.001425823606485734,0.00216064950021492,0.007626026694655132,22.770000457763672,0.79,4.54
2020-12-31,0.005067992162449575,0.0014598511706265473,0.0037072651943418997,22.75,0.79,4.54
2021-01-04,-0.013707543428953552,-0.0012055309739213101,0.02201425891234798,26.969999313354492,0.9500000000000001,4.54
2021-01-05,0.006863751600898672,-0.00745448470686599,0.0029572490918935946,25.34000015258789,0.9500000000000001,4.54
2021-01-06,0.005960467502982564,-0.020741883776701848,-0.016374384156319522,25.06999969482422,0.9500000000000001,4.54
2021-01-07,0.014748171295303373,-0.008853598857357987,-0.0023373497260989994,22.3700008392334,0.9500000000000001,4.54
2021-01-08,0.005681839836502742,-0.0032325127656687653,-0.03480879472366203,21.559999465942383,0.9500000000000001,4.54
2021-01-11,-0.006763935355358582,-0.001653659696248828,-0.001963368081678198,24.079999923706055,0.9500000000000001,4.54
2021-01-12,0.00021145842469046444,-0.0007945922574239875,0.006453094143516468,23.329999923706055,0.9500000000000001,4.54
2021-01-13,0.002689399037295142,0.011199121994818343,-0.004316677807613859,22.209999084472656,0.9500000000000001,4.54
2021-01-14,-0.0035083891589548877,-0.009411862089608498,-0.0005192346256867747,23.25,0.9500000000000001,4.54
2021-01-15,-0.007319229088877774,0.00395971269796394,-0.012485246085867416,24.34000015258789,0.9500000000000001,4.54
2021-01-19,0.007821404391341533,0.0032219437610243626,0.008437377567923208,23.239999771118164,0.9500000000000001,4.54
2021-01-20,0.013743809414534397,0.0009845309180168253,0.016151154600027997,21.579999923706055,0.9500000000000001,4.54
2021-01-21,0.0009111593833207939,-0.007043023901384995,-0.0006273739671711188,21.31999969482422,0.9500000000000001,4.54
2021-01-22,-0.003545597326107559,0.003231915864453343,-0.007904302060517928,21.90999984741211,0.9500000000000001,4.54
2021-01-25,0.003936010766270126,0.011716179044031919,0.0008622455288576803,23.190000534057617,0.9500000000000001,4.54
2021-01-26,-0.0015621420521418315,-0.0018883801962457992,-0.002473656951145883,23.020000457763672,0.9500000000000001,4.54
2021-01-27,-0.024744296806671978,0.0025395442648198817,-0.006355778295441206,37.209999084472656,0.9500000000000001,4.54
2021-01-28,0.00856346277041709,-0.005543186958882768,0.000926931727635592,30.209999084472656,0.9500000000000001,4.54
2021-01-29,-0.02022265055526004,-0.006034725542714807,-0.0004054103376829626,33.09000015258789,0.9500000000000001,4.54
2021-02-01,0.016508409361258605,0.0011585223201484444,0.00934152297824149,30.239999771118164,1.1400000000000001,4.54
2021-02-02,0.014041266757101241,-0.006468079062310388,-0.012242430084677477,25.559999465942383,1.1400000000000001,4.54
2021-02-03,0.0007860904738586358,-0.008913098339285703,-0.0015117720158050482,22.90999984741211,1.1400000000000001,4.54
2021-02-04,0.011301527864077643,-0.002675619866648662,-0.021765636924135134,21.770000457763672,1.1400000000000001,4.54
2021-02-05,0.003928046143696603,-0.008408159022271043,0.009823748692690917,20.8700008392334,1.1400000000000001,4.54
2021-02-08,0.007196061529822799,0.004380680209181706,0.01001975221091292,21.239999771118164,1.1400000000000001,4.54
2021-02-09,-0.0006659959927842583,0.0007397100435671197,0.0032595928083516256,21.6299991607666,1.1400000000000001,4.54
2021-02-10,-0.00043581198902197617,0.006631312383835305,0.003654430629279855,21.989999771118164,1.1400000000000001,4.54
2021-02-11,0.0016138302994066578,-0.005488647308213202,-0.008723013798522866,21.25,1.1400000000000001,4.54
2021-02-12,0.0049276193094096536,-0.012498134582010198,-0.003041852351548402,19.969999313354492,1.1400000000000001,4.54
2021-02-16,-0.0008662542415136435,-0.015343537246637454,-0.014457496034195686,21.459999084472656,1.1400000000000001,4.54
2021-02-17,0.0002291028852420195,0.006330125916809431,-0.011417786234196115,21.5,1.1400000000000001,4.54
2021-02-18,-0.004264626210819136,-0.004054694874424074,-6.0090224343136566e-05,22.489999771118164,1.1400000000000001,4.54
2021-02-19,-0.001767754703290288,-0.013381475871236082,0.004139970385631239,22.049999237060547,1.1400000000000001,4.54
2021-02-22,-0.007721574376459203,-0.007637074331921979,0.014858231751961605,23.450000762939453,1.1400000000000001,4.54
2021-02-23,0.0012138699575355454,-0.0028875162069416666,-0.0023033964742125187,23.110000610351562,1.1400000000000001,4.54
2021-02-24,0.010958942331022042,-0.006581807314468243,-0.0007097783269727351,21.34000015258789,1.1400000000000001,4.54
2021-02-25,-0.024390676282164507,-0.016465389825500287,-0.018995808065307287,28.889999389648438,1.1400000000000001,4.54
2021-02-26,-0.005166148701413614,0.032524337090385956,-0.024480114534154506,27.950000762939453,1.1400000000000001,4.54
2021-03-01,0.02395117867758918,-0.01329532485568955,-0.0017319159550744983,23.350000381469727,1.4600000000000002,4.54
2021-03-02,-0.007833733915974738,7.050891138533237e-05,0.005433148366520264,24.100000381469727,1.4600000000000002,4.54
2021-03-03,-0.013334412531278919,-0.010904484259784953,-0.011082728374520621,26.670000076293945,1.4600000000000002,4.54
2021-03-04,-0.012451853939290476,-0.006471329836280051,-0.00988559566723337,28.56999969482422,1.4600000000000002,4.54
2021-03-05,0.018229295663243786,0.0019462226654535582,0.0006286134207733884,24.65999984741211,1.4600000000000002,4.54
2021-03-08,-0.004991083473426958,-0.007805099332259756,-0.010422315048141234,25.469999313354492,1.4600000000000002,4.54
2021-03-09,0.014176482515388885,0.013762085950254594,0.02104806019448947,24.030000686645508,1.4600000000000002,4.54
2021-03-10,0.006205305681338438,0.0020018252764694173,0.005085327698430273,22.559999465942383,1.4600000000000002,4.54
2021-03-11,0.01008822364825286,-0.007239531315629896,-0.0008663865026826478,21.90999984741211,1.4600000000000002,4.54
2021-03-12,0.001345747554892839,-0.021449760911609734,-0.00018574519969141986,20.690000534057617,1.4600000000000002,4.54
2021-03-15,0.005945650029100182,0.00586239602537791,0.004386867610048303,20.030000686645508,1.4600000000000002,4.54
2021-03-16,-0.0012619161713515316,-0.0040271542207502235,0.0009244132771239594,19.790000915527344,1.4600000000000002,4.54
2021-03-17,0.0034040208973261567,-0.007510759675074468,0.0071195808075622735,19.229999542236328,1.4600000000000002,4.54
2021-03-18,-0.014656550146809322,-0.010177966167225279,-0.0058269675795917875,21.579999923706055,1.4600000000000002,4.54
2021-03-19,-0.0018519846231922986,0.006178536111023763,0.004174394816826358,20.950000762939453,1.4600000000000002,4.54
2021-03-22,0.007953145358205484,0.011143821774901386,-0.0014713433816878438,18.8799991607666,1.4600000000000002,4.54
2021-03-23,-0.007901888024610067,0.008986190548048245,-0.007327408483150656,20.299999237060547,1.4600000000000002,4.54
2021-03-24,-0.005096454739862611,0.00536780747109174,0.003454859203276189,21.200000762939453,1.4600000000000002,4.54
2021-03-25,0.00560997361969486,-0.007916634198534353,-0.0036402714825327686,19.809999465942383,1.4600000000000002,4.54
2021-03-26,0.01598650272210495,-0.0035062714071628243,0.002839374216722469,18.860000610351562,1.4600000000000002,4.54
2021-03-29,-0.0005052901642535639,-0.00852438198138329,-0.011967328788777756,20.739999771118164,1.4600000000000002,4.54
2021-03-30,-0.0026566805864716827,0.005226057779285849,-0.01723957501602924,19.610000610351562,1.4600000000000002,4.54
2021-03-31,0.004045161207257711,-0.005595416432767258,0.015053975494509144,19.399999618530273,1.4600000000000002,4.54
2021-04-01,0.010741487751355158,0.016461100651025802,0.012549018493591777,17.329999923706055,1.48,4.54
2021-04-05,0.014251052038853238,-0.004372456046235476,-0.00037046965366193687,17.90999984741211,1.48,4.54
2021-04-06,-0.0005907723939527866,0.006769277430933684,0.007996616729269289,18.1200008392334,1.48,4.54
2021-04-07,0.0011565249435147853,-0.006988729143903409,-0.0028223021365765604,17.15999984741211,1.48,4.54
2021-04-08,0.004735471989209192,0.008221236767787741,0.010694635856861524,16.950000762939453,1.48,4.54
2021-04-09,0.00724367812180951,-0.003629329008582414,-0.007566026934120144,16.690000534057617,1.48,4.54
2021-04-12,0.00036472347950054524,-0.00043624844620504993,-0.006082067490100263,16.90999984741211,1.48,4.54
2021-04-13,0.0029593081553813227,0.007465191185000526,0.007061488473290135,16.649999618530273,1.48,4.54
2021-04-14,-0.003420831924802365,-0.003182285364270615,-0.0043537794872208335,16.989999771118164,1.48,4.54
2021-04-15,0.01068496700679084,0.016596141619808564,0.0160335365383925,16.56999969482422,1.48,4.54
2021-04-16,0.0033369265521279987,-0.007796647542458285,0.0060295628147861114,16.25,1.48,4.54
2021-04-19,-0.0049252109341742425,-0.0028761233986375387,-0.0027691247303623773,17.290000915527344,1.48,4.54
2021-04-20,-0.007348574693183116,0.0045982361517116046,0.003550241996940974,18.68000030517578,1.48,4.54
2021-04-21,0.009417823955174116,0.0020048525785368956,0.009862362310853667,17.5,1.48,4.54
2021-04-22,-0.009175034928727028,0.004354333941315074,-0.00650425423162094,18.709999084472656,1.48,4.54
2021-04-23,0.0107838742778731,-0.0023531706945479174,-0.0038387727937765547,17.329999923706055,1.48,4.54
2021-04-26,0.002085602537628393,-0.0014289751343201673,0.002640755671589698,17.639999389648438,1.48,4.54
2021-04-27,-0.00021558007026580974,-0.008761709192671654,-0.0025205449092440876,17.559999465942383,1.48,4.54
2021-04-28,-0.0002874863130176469,0.0006495327934556416,0.002940064461277065,17.280000686645508,1.48,4.54
2021-04-29,0.006352357939497675,-0.0029599125971555202,-0.004142547462168167,17.610000610351562,1.48,4.54
2021-04-30,-0.006592006067359213,0.0023103798036998445,-0.003374702192485256,18.610000610351562,1.48,4.54
2021-05-03,0.002154455903466218,0.0005999789084729511,0.01289485518814097,18.309999465942383,1.48,4.54
2021-05-04,-0.006188463549624311,0.006763008090022758,-0.007356686965198023,19.479999542236328,1.48,4.54
2021-05-05,0.0003128454442479972,0.0016478069123232982,0.00413361336698124,19.149999618530273,1.48,4.54
2021-05-06,0.007953868905503326,0.0016451604932338508,0.016542002735280385,18.389999389648438,1.48,4.54
2021-05-07,0.007251546891818309,-0.004943752873073666,0.00895658735382193,16.690000534057617,1.48,4.54
2021-05-10,-0.009951684686824534,-0.010178616125135936,0.0030259218728549953,19.65999984741211,1.48,4.54
2021-05-11,-0.00896481098391669,-0.005675817643361263,0.0001742848474817966,21.84000015258789,1.48,4.54
2021-05-12,-0.02147420443352989,-0.010563453960627085,-0.009983483413452903,27.59000015258789,1.48,4.54
2021-05-13,0.011941100211429006,0.0015478952370126127,0.004098917859921596,23.1299991607666,1.48,4.54
2021-05-14,0.015238433312211926,0.00930770954031826,0.009074563611959028,18.809999465942383,1.48,4.54
2021-05-17,-0.002547690641930362,-0.0021179717406980066,0.011572105937362132,19.719999313354492,1.48,4.54
2021-05-18,-0.008653118285762746,-0.002561894812673034,0.0019442812059788442,21.34000015258789,1.48,4.54
2021-05-19,-0.0026251734139698243,-0.0024213361391475013,0.0006853819629941132,22.18000030517578,1.48,4.54
2021-05-20,0.010700625058821894,0.008194777886959444,0.004556871795741219,20.670000076293945,1.48,4.54
2021-05-21,-0.00081916896049235,0.003201396779564271,0.00045446916842239933,20.149999618530273,1.48,4.54
2021-05-24,0.010142704013398285,0.0036975973548901224,0.001759487487714246,18.399999618530273,1.48,4.54
2021-05-25,-0.0022212584194330576,0.009220499090414426,0.009031903514378268,18.84000015258789,1.48,4.54
2021-05-26,0.0019827003381797195,-0.0017226712420224076,-0.0017435678186662285,17.360000610351562,1.48,4.54
2021-05-27,0.0005248306064668612,-0.004030170062493959,0.0003940189892895408,16.739999771118164,1.48,4.54
2021-05-28,0.0017870961314104816,-0.001587956392755072,0.0037630876338542248,16.760000228881836,1.48,4.54
2021-06-01,-0.0008812754377715133,-0.00022373755301022776,-0.0026945732480542135,17.899999618530273,1.32,4.54
2021-06-02,0.001571340473104719,0.0023119469080442635,0.004878526963101577,17.479999542236328,1.32,4.54
2021-06-03,-0.003718085692213585,-0.0037608141257159766,-0.019772420864664846,18.040000915527344,1.32,4.54
2021-06-04,0.009104399731722586,0.013601931534187242,0.010725633264657355,16.420000076293945,1.32,4.54
2021-06-07,-0.0009709687924024298,-0.0030784785868249193,0.003999619209610979,16.420000076293945,1.32,4.54
2021-06-08,0.00021335048678907173,0.007002518999712943,-0.003096867753862795,17.06999969482422,1.32,4.54
2021-06-09,-0.001493170300304927,0.008789382677232189,-0.0019193434836643904,17.889999389648438,1.32,4.54
2021-06-10,0.004637687410068282,0.005980929422566862,0.004285131517665339,16.100000381469727,1.32,4.54
2021-06-11,0.00165107427252036,-0.0016149128989584804,-0.011316177890912231,15.649999618530273,1.32,4.54
2021-06-14,0.002236540446598713,-0.0076883243498977365,-0.005878166410042197,16.389999389648438,1.32,4.54
2021-06-15,-0.001835955447026363,-0.0012046792414175927,-0.0037848631237422004,17.020000457763672,1.32,4.54
2021-06-16,-0.005599003545159332,-0.0008510524511275291,-0.01703600368035545,18.149999618530273,1.32,4.54
2021-06-17,-0.00033167059623069833,0.014861068811166327,-0.03122282591641038,17.75,1.32,4.54
2021-06-18,-0.013582229192042683,0.01863114898673864,-0.005562705142465907,20.700000762939453,1.32,4.54
2021-06-21,0.014214352257088048,-0.01688515843616741,0.012173251058176099,17.889999389648438,1.32,4.54
2021-06-22,0.005331881016390352,0.002439890341006684,-0.00420166857422807,16.65999984741211,1.32,4.54
2021-06-23,-0.0012057416630537035,-0.0025791410119012587,-0.0006618767987564016,16.31999969482422,1.32,4.54
2021-06-24,0.005898084245824517,0.0016038489782584763,-0.0006021199876096117,15.970000267028809,1.32,4.54
2021-06-25,0.0035460128341163574,-0.010437564896786279,0.003306999189259349,15.619999885559082,1.32,4.54
2021-06-28,0.002013696005089597,0.010228861958454892,-5.999643961855651e-05,15.760000228881836,1.32,4.54
2021-06-29,0.0005378954798174687,0.0016712845226065608,-0.010561034647227364,16.020000457763672,1.32,4.54
2021-06-30,0.0008412999352017468,0.0044436288750448645,0.004841763592293601,15.829999923706055,1.32,4.54
2021-07-01,0.005521521354744401,5.502412821882672e-05,0.0034354496150826534,15.479999542236328,1.1,4.54
2021-07-02,0.007614451150416773,0.00601640644130572,0.0065369291506959725,15.069999694824219,1.1,4.54
2021-07-06,-0.0018233490012459297,0.011652653090026555,0.004949187883217545,16.440000534057617,1.1,4.54
2021-07-07,0.0035278692274323033,0.00882065230462849,0.0037995736126820853,16.200000762939453,1.1,4.54
2021-07-08,-0.008181251980610121,0.003910424666138576,-0.0006520293887520076,19.0,1.1,4.54
2021-07-09,0.010618302627448116,-0.014162857743808889,0.0033150614410246745,16.18000030517578,1.1,4.54
2021-07-12,0.003575404888188731,-0.0012976630821349994,-0.0012418718351821449,16.170000076293945,1.1,4.54
2021-07-13,-0.0034148654814201455,-0.007683268351232448,0.0013009357869861221,17.1200008392334,1.1,4.54
2021-07-14,0.0014912533226502014,0.011298507062298324,0.010697757313475486,16.329999923706055,1.1,4.54
2021-07-15,-0.003421302116858237,0.010969982917317938,0.00017546425482688882,17.010000228881836,1.1,4.54
2021-07-16,-0.007874537290811553,-0.0018878194056270946,-0.009751038308664077,18.450000762939453,1.1,4.54
2021-07-19,-0.014878209538071056,0.021691841768234122,0.001179853512608669,22.5,1.1,4.54
2021-07-20,0.014228659940098967,-0.009686894514089587,-0.0012979424872485647,19.729999542236328,1.1,4.54
2021-07-21,0.008064019734842815,-0.012747510423868198,-0.003726190289074976,17.90999984741211,1.1,4.54
2021-07-22,0.0020915234472574117,0.009408929046310547,0.0019535411866020086,17.690000534057617,1.1,4.54
2021-07-23,0.010235644944286533,-0.006711574801856404,-0.003139340880551927,17.200000762939453,1.1,4.54
2021-07-26,0.00245177808247476,-0.002967083735803835,-0.0023758261058627853,17.579999923706055,1.1,4.54
2021-07-27,-0.004567900245091402,0.010614568592841888,0.0016636888817755746,19.360000610351562,1.1,4.54
2021-07-28,-0.00041003230747515635,6.717740104323154e-05,0.0050335632022407,18.309999465942383,1.1,4.54
2021-07-29,0.004138675674093258,-0.005561981018783886,0.011044023020098688,17.700000762939453,1.1,4.54
2021-07-30,-0.004868185924154986,0.004692708722802439,-0.007918108309762988,18.239999771118164,1.1,4.54
2021-08-02,-0.0021002554620196357,0.008880048090566414,-0.0012374082182159806,19.459999084472656,1.1,4.54
2021-08-03,0.008102526882053013,0.0005304714276808323,-0.0007077270423842932,18.040000915527344,1.1,4.54
2021-08-04,-0.004931204286875264,0.002054333697221329,0.00023593466942563418,17.969999313354492,1.1,4.54
2021-08-05,0.0063130742153674506,-0.005110155661279521,-0.003959922253451811,17.280000686645508,1.1,4.54
2021-08-06,0.00165085479392625,-0.016842238470343867,-0.025308704477345147,16.149999618530273,1.1,4.54
2021-08-09,-0.0008137059118374706,-0.003592942838951947,-0.017894816057729707,16.719999313354492,1.1,4.54
2021-08-10,0.001243080986386394,-0.004628578241873513,0.00030914743149373187,16.790000915527344,1.1,4.54
2021-08-11,0.00248190274398372,-0.0006143919340686055,0.01369082807188368,16.170000076293945,1.1,4.54
2021-08-12,0.002992462533079848,-0.0016395718643236186,0.00024383177142714218,15.59000015258789,1.1,4.54
2021-08-13,0.0018181245682965463,0.0156723919310199,0.014224167163591615,15.449999809265137,1.1,4.54
2021-08-16,0.002351832649723844,0.002421072995706368,0.004975891262677384,16.1200008392334,1.1,4.54
2021-08-17,-0.006576808500254569,-0.00040379855653695684,-0.001496155150116038,17.90999984741211,1.1,4.54
2021-08-18,-0.011005318390577267,0.0033541686202681774,0.0007783092556947036,21.56999969482422,1.1,4.54
2021-08-19,0.001547193250120686,0.007337946140114032,-0.0029367165231408677,21.670000076293945,1.1,4.54
2021-08-20,0.007925434161593787,0.000664163617088607,0.0005400158455303154,18.559999465942383,1.1,4.54
2021-08-23,0.008758363301889706,-0.0006641636170885538,0.012104007439095057,17.149999618530273,1.1,4.54
2021-08-24,0.0015860054200692523,-0.007807271359430731,-0.0004742535717267673,17.219999313354492,1.1,4.54
2021-08-25,0.0020961862916279808,-0.008341172608580518,-0.006961609676564189,16.790000915527344,1.1,4.54
2021-08-26,-0.005920466294497251,0.0027657044828772906,0.001133835388463418,18.84000015258789,1.1,4.54
2021-08-27,0.008901061396786394,0.006780727584972158,0.014917723322635659,16.389999389648438,1.1,4.54
2021-08-30,0.004387939979466248,0.0026062431148939987,-0.004947859047149437,16.190000534057617,1.1,4.54
2021-08-31,-0.001482553888897106,-0.006830298464139513,0.00200564206756742,16.479999542236328,1.1,4.54
2021-09-01,0.0005311209523862409,0.0016737798873921407,5.88968847449306e-05,16.110000610351562,1.1300000000000001,4.54
2021-09-02,0.0030717315883545216,0.004355984637069344,-0.002655242464544409,16.40999984741211,1.1300000000000001,4.54
2021-09-03,-0.00024271472331285673,-0.00913619624897414,0.010637446088029513,16.40999984741211,1.1300000000000001,4.54
2021-09-07,-0.0035818701712289824,-0.008471860527575769,-0.019778020504279115,18.139999389648438,1.1300000000000001,4.54
2021-09-08,-0.001218746320617795,0.006782966058792518,-0.002507544166051433,17.959999084472656,1.1300000000000001,4.54
2021-09-09,-0.004289533658793254,0.012027746335101994,0.004413734414974538,18.799999237060547,1.1300000000000001,4.54
2021-09-10,-0.007915911158611262,-0.00885538151675279,-0.005071495164425335,20.950000762939453,1.1300000000000001,4.54
2021-09-13,0.0025559569603726944,0.006046431650346031,0.0033441618437189445,19.3700008392334,1.1300000000000001,4.54
2021-09-14,-0.0054110549761542,0.012050226170939076,0.006417907636002404,19.459999084472656,1.1300000000000001,4.54
2021-09-15,0.00831788674746169,-0.003513025181610127,-0.005881528710091136,18.18000030517578,1.1300000000000001,4.54
2021-09-16,-0.0015863244402553932,-0.00459369971517881,-0.022902242747818987,18.690000534057617,1.1300000000000001,4.54
2021-09-17,-0.009788909717260817,-0.004814688384664481,-0.0015862999324902439,20.809999465942383,1.1300000000000001,4.54
2021-09-20,-0.01681472994498171,0.01232570868419065,0.007118755657039398,25.709999084472656,1.1300000000000001,4.54
2021-09-21,-0.0009450349089990668,-0.0008610231794773551,0.00664689654260444,24.360000610351562,1.1300000000000001,4.54
2021-09-22,0.009707310297522604,0.005946829941215686,-0.0037409995549623856,20.8700008392334,1.1300000000000001,4.54
2021-09-23,0.012076911454021417,-0.02285660377272885,-0.011613566243419594,18.6299991607666,1.1300000000000001,4.54
2021-09-24,0.0016460234371192043,-0.009821139792139048,-0.0012850982867509395,17.75,1.1300000000000001,4.54
2021-09-27,-0.0028651043123956105,-0.0036825755523354604,0.0020798706668898187,18.760000228881836,1.1300000000000001,4.54
2021-09-28,-0.02035770895124166,-0.015699662638627796,-0.009763940911599527,23.25,1.1300000000000001,4.54
2021-09-29,0.001681820369739057,0.0017336778766484798,-0.0045149330127863515,22.559999465942383,1.1300000000000001,4.54
2021-09-30,-0.012297788127762445,-0.00013901833273093352,0.01781698430701417,23.139999389648438,1.1300000000000001,4.54
2021-10-01,0.011814203029262347,0.008381158368730436,0.0022505110921036547,21.100000381469727,1.19,4.54
2021-10-04,-0.012979955976193456,-0.0025492723555620767,0.004667408258473528,22.959999084472656,1.19,4.54
2021-10-05,0.010351280340229958,-0.009703218146819416,-0.004667408258473519,21.299999237060547,1.19,4.54
2021-10-06,0.00414733315366593,0.005625370638229227,0.002669757352534067,21.0,1.19,4.54
2021-10-07,0.008608564567277464,-0.010512610767454923,-0.005285683868044846,19.540000915527344,1.19,4.54
2021-10-08,-0.0018255789837222265,-0.007023440105880028,0.00042627404378714777,18.770000457763672,1.19,4.54
2021-10-11,-0.007265920907832769,-0.002540742536090069,-0.0018893655741350408,20.0,1.19,4.54
2021-10-12,-0.0024645232239004964,0.016955508890589267,0.004504271350483098,19.850000381469727,1.19,4.54
2021-10-13,0.003591009731064404,0.009679314232506706,0.01763773443447277,18.639999389648438,1.19,4.54
2021-10-14,0.01668103759366569,0.0037083481525728027,0.0024434808580754102,16.860000610351562,1.19,4.54
2021-10-15,0.007586822060357797,-0.0058435039803899505,-0.0160204917648545,16.299999237060547,1.19,4.54
2021-10-18,0.0029560368884582167,0.004677691416097015,-0.002482990902389477,16.309999465942383,1.19,4.54
2021-10-19,0.007685363886693616,-0.013890751265609512,0.003208519186409284,15.699999809265137,1.19,4.54
2021-10-20,0.003919927869112029,-0.006772948623650491,0.008725778175468667,15.489999771118164,1.19,4.54
2021-10-21,0.00260501318603218,-0.001191745164082601,-0.0008991093021597419,15.010000228881836,1.19,4.54
2021-10-22,-0.0010369639778117549,0.010952841595034691,0.006098334452755203,15.430000305175781,1.19,4.54
2021-10-25,0.005348711198663501,-0.0015278778164574834,0.006890365329616705,15.239999771118164,1.19,4.54
2021-10-26,0.0008995825052523647,0.008235256791742128,-0.007427027125168416,15.979999542236328,1.19,4.54
2021-10-27,-0.004440086719654474,0.018030885815944853,0.0026206236403640355,16.979999542236328,1.19,4.54
2021-10-28,0.009602653778574336,-0.003389828200538178,-0.00023791366260843256,16.530000686645508,1.19,4.54
2021-10-29,0.002026809580788662,0.003051252925440918,-0.008544299301700552,16.260000228881836,1.19,4.54
2021-11-01,0.001718960786322925,-0.007226292179455277,0.005207004497418708,16.40999984741211,1.05,4.54
2021-11-02,0.0040348315186510535,0.004429149686086117,-0.0021513131388870075,16.030000686645508,1.05,4.54
2021-11-03,0.006086645648878305,-0.010387408565622284,-0.0083501482773226,15.100000381469727,1.05,4.54
2021-11-04,0.004701438522736526,0.010455346791206497,0.011277125295739413,15.4399995803833,1.05,4.54
2021-11-05,0.0034635963990346293,0.014845250972310941,0.012978359326946427,16.479999542236328,1.05,4.54
2021-11-08,0.0008534876477910943,-0.0018773136151936504,0.003585184846901929,17.219999313354492,1.05,4.54
2021-11-09,-0.003310939377621752,0.012934386170228624,0.004916006634195484,17.780000686645508,1.05,4.54
2021-11-10,-0.008077295804130104,-0.018452753755248998,0.010800248284572371,18.729999542236328,1.05,4.54
2021-11-11,0.0003233143939963655,-0.0014849010005494958,0.005586453042738802,17.65999984741211,1.05,4.54
2021-11-12,0.00751862398566363,-0.0044028767689983156,0.0018934614978916627,16.290000915527344,1.05,4.54
2021-11-15,0.0003422503105724603,-0.012635732159484455,-0.00154894492430588,16.489999771118164,1.05,4.54
2021-11-16,0.003950138685915509,-0.002546641197512043,-0.007260156004477963,16.3700008392334,1.05,4.54
2021-11-17,-0.002432160053156637,0.007893891322935108,0.009095692432078762,17.110000610351562,1.05,4.54
2021-11-18,0.003390722709997272,0.003753265649901427,-0.0032143154449525086,17.59000015258789,1.05,4.54
2021-11-19,-0.001790019308886405,0.010502585070196845,-0.007675708262916443,17.90999984741211,1.05,4.54
2021-11-22,-0.002819109453783911,-0.011797729793461623,-0.02267561664312034,19.170000076293945,1.05,4.54
2021-11-23,0.0013251254018623608,-0.014564319199808363,-0.008690053468478977,19.3799991607666,1.05,4.54
2021-11-24,0.0026662253412328054,0.015927775248861735,-0.0009569597921073518,18.579999923706055,1.05,4.54
2021-11-26,-0.022555365859823186,0.024954809490014784,-0.0016168462526691021,28.6200008392334,1.05,4.54
2021-11-29,0.01219181019521496,-0.008070824188074789,-0.0013795005365548109,22.959999084472656,1.05,4.54
2021-11-30,-0.019649220643910458,0.015088016476239594,-0.006744546424564762,27.190000534057617,1.05,4.54
2021-12-01,-0.011169465270180493,0.006149928246847877,0.003980006790395922,31.1200008392334,0.7899999999999999,4.54
2021-12-02,0.015200103536350148,0.0012463207920686394,-0.005552205835401061,27.950000762939453,0.7899999999999999,4.54
2021-12-03,-0.008739367349223624,0.011861895331415472,0.008376819081740972,30.670000076293945,0.7899999999999999,4.54
2021-12-06,0.01177378002410272,-0.0138303635743629,-0.0024635953850727986,27.18000030517578,0.7899999999999999,4.54
2021-12-07,0.020473760272738704,-0.008112672063366773,0.0035432060613326127,21.889999389648438,0.7899999999999999,4.54
2021-12-08,0.0026445558741082674,-0.017435688569272925,0.0005393685677794685,19.899999618530273,0.7899999999999999,4.54
2021-12-09,-0.006774589217387602,0.005577220549427531,-0.006130129283900702,21.579999923706055,0.7899999999999999,4.54
2021-12-10,0.009369413092127384,-0.0024152424969504046,0.004211020685246302,18.690000534057617,0.7899999999999999,4.54
2021-12-13,-0.008897686179433078,0.01467071030081085,0.002518126917516811,20.309999465942383,0.7899999999999999,4.54
2021-12-14,-0.006903742731689074,-0.002385788089873804,-0.009385206339641532,21.889999389648438,0.7899999999999999,4.54
2021-12-15,0.015504287856947577,-0.00966831366662492,0.004282351988516796,19.290000915527344,0.7899999999999999,4.54
2021-12-16,-0.008857747202330596,0.0003889774928921545,0.012024970840539904,20.56999969482422,0.7899999999999999,4.54
2021-12-17,-0.010699866148053827,0.011268006231044021,-0.002143116686188639,21.56999969482422,0.7899999999999999,4.54
2021-12-20,-0.010690301303724791,-0.0075203169922637226,-0.004240244730917084,22.8700008392334,0.7899999999999999,4.54
2021-12-21,0.017602914745032085,-0.0038147806463036875,-0.00041897618344674124,21.010000228881836,0.7899999999999999,4.54
2021-12-22,0.00994911137410862,0.0046160413647083915,0.00935611880010715,18.6299991607666,0.7899999999999999,4.54
2021-12-23,0.006202973882682402,-0.00871499100516771,0.002251481491211197,17.959999084472656,0.7899999999999999,4.54
2021-12-27,0.014052640719357115,0.0024208587591151003,0.002364450476828884,17.68000030517578,0.7899999999999999,4.54
2021-12-28,-0.0008174667768138015,-0.003970710976528736,-0.004319380340024978,17.540000915527344,0.7899999999999999,4.54
2021-12-29,0.0012784253809726522,-0.01098435714066107,-0.0002965516280151311,16.950000762939453,0.7899999999999999,4.54
2021-12-30,-0.0027683328018175105,0.008350920665573898,0.007151581744182501,17.329999923706055,0.7899999999999999,4.54
2021-12-31,-0.0025234948075522597,0.0019588926862052613,0.006808358432551388,17.219999313354492,0.7899999999999999,4.54
2022-01-03,0.0057733640429695485,-0.026600627645072223,-0.015503300973700684,16.600000381469727,0.7899999999999999,4.54
2022-01-04,-0.00033493081079482374,-0.004166685080616713,0.007339514803169255,16.90999984741211,0.7899999999999999,4.54
2022-01-05,-0.019388923778980067,-0.005442988335072879,-0.003012197052209778,19.729999542236328,0.7899999999999999,4.54
2022-01-06,-0.000939777409655771,0.0025857997652917867,-0.012319703780209438,19.610000610351562,0.7899999999999999,4.54
2022-01-07,-0.00396138829304928,-0.0072144659573059105,0.004540812572282988,18.760000228881836,0.7899999999999999,4.54
2022-01-10,-0.0012450550057210971,0.00245709314566573,0.0030355936239956378,19.399999618530273,0.7899999999999999,4.54
2022-01-11,0.00906694670686807,0.0066396535981996276,0.01199245713664559,18.40999984741211,0.7899999999999999,4.54
2022-01-12,0.002700016285789525,-0.0038384477964357087,0.0026391371424113854,17.6200008392334,0.7899999999999999,4.54
2022-01-13,-0.013874452809493778,0.008841784872694065,-0.003402771341298051,20.309999465942383,0.7899999999999999,4.54
2022-01-14,0.00040878023743954445,-0.01522505346404699,-0.002883829150556528,19.190000534057617,0.7899999999999999,4.54
2022-01-18,-0.017868396152199876,-0.01417485576599725,-0.0016516182679313014,22.790000915527344,0.7899999999999999,4.54
2022-01-19,-0.010437697886138273,0.006899690152982967,0.015755750605134237,23.850000381469727,0.7899999999999999,4.54
2022-01-20,-0.01112967893572785,0.006148237886024455,-0.0025020112544038944,25.59000015258789,0.7899999999999999,4.54
2022-01-21,-0.019826011134999814,0.011835844283225818,-0.003267771913809988,28.850000381469727,0.7899999999999999,4.54
2022-01-24,0.004237679561721352,-0.00824949931595763,0.005479160681096094,29.899999618530273,0.7899999999999999,4.54
2022-01-25,-0.012283936528883129,-0.0016150697543191432,0.003192034576976311,31.15999984741211,0.7899999999999999,4.54
2022-01-26,-0.0025119933729556673,-0.012167820427942802,-0.01629856790431354,31.959999084472656,0.7899999999999999,4.54
2022-01-27,-0.004950120997216454,0.01819587725661638,-0.01298211532059733,30.489999771118164,0.7899999999999999,4.54
2022-01-28,0.02453198586392622,0.0003494676542747345,-0.002987752337666492,27.65999984741211,0.7899999999999999,4.54
2022-01-31,0.01785057209995649,-0.005183169149738443,0.005907056331230696,24.829999923706055,0.7899999999999999,4.54
2022-02-01,0.006734406662678116,-0.0033252876575620882,0.0008325368758188378,21.959999084472656,0.49,4.54
2022-02-02,0.009667326583636433,0.0033812762409158037,0.00361943388995412,22.09000015258789,0.49,4.54
2022-02-03,-0.02378574362295156,-0.007836366613275192,-0.0014224174555621005,24.350000381469727,0.49,4.54
2022-02-04,0.004691239571702107,-0.014851960554307212,0.0015408910869810946,23.219999313354492,0.49,4.54
2022-02-07,-0.0032145391682694728,0.0006468850463819262,0.007375317353577323,22.860000610351562,0.49,4.54
2022-02-08,0.008194269296006427,-0.006708159823512216,0.0030522079460774463,21.440000534057617,0.49,4.54
2022-02-09,0.014529970285847972,0.0018799688654498037,0.003393414275398407,19.959999084472656,0.49,4.54
2022-02-10,-0.018129108679783526,-0.01602005478890979,-0.0038037857675304026,23.90999984741211,0.49,4.54
2022-02-11,-0.019915504594002573,0.014718825215829994,0.018875607865561438,27.360000610351562,0.49,4.54
2022-02-14,-0.0032748482268590744,-0.012519723924763583,0.005336451777182292,28.329999923706055,0.49,4.54
2022-02-15,0.015998304985389927,-0.011417339796882184,-0.009545260370239185,25.700000762939453,0.49,4.54
2022-02-16,0.0011202165299681794,0.005909246168121094,0.01023173130733765,24.290000915527344,0.49,4.54
2022-02-17,-0.021592823388812174,0.007411210188224694,0.013575508168976262,28.110000610351562,0.49,4.54
2022-02-18,-0.00649617806120248,0.010472308271164023,-0.000733724019731723,27.75,0.49,4.54
2022-02-22,-0.010789756500758578,0.002600500410269287,0.002086858856896338,28.809999465942383,0.49,4.54
2022-02-23,-0.017897933592428167,-0.013877403603762951,0.004497100140272996,31.020000457763672,0.49,4.54
2022-02-24,0.014937303259298316,0.0006581695835441262,-0.006471023453826176,30.31999969482422,0.49,4.54
2022-02-25,0.021824056961541907,0.0007310665519984839,-0.0033362372759372606,27.59000015258789,0.49,4.54
2022-02-28,-0.002561902100373401,0.021682077257291786,0.010311993951243732,30.149999618530273,0.49,4.54
2022-03-01,-0.015347363906166896,0.011495303164406473,0.01800043176575384,33.31999969482422,0.21999999999999997,4.54
2022-03-02,0.018228987367703568,-0.03478086750404207,-0.010460864384517259,30.739999771118164,0.21999999999999997,4.54
2022-03-03,-0.004990926977705525,0.010134046451461817,0.005935763844875876,30.479999542236328,0.21999999999999997,4.54
2022-03-04,-0.008157960560677975,0.017116434776722842,0.015803608419049087,31.979999542236328,0.21999999999999997,4.54
2022-03-07,-0.02992237962769706,-0.007659221421401971,0.014753495270293054,36.45000076293945,0.21999999999999997,4.54
2022-03-08,-0.007610337017887922,-0.010110475343731376,0.026991429368426304,35.130001068115234,0.21999999999999997,4.54
2022-03-09,0.026457621276562662,-0.00984729387632,-0.030161495266205762,32.45000076293945,0.21999999999999997,4.54
2022-03-10,-0.004525634158846164,-0.014471097678442593,0.003116366878477797,30.229999542236328,0.21999999999999997,4.54
2022-03-11,-0.01279688160825567,0.0033408326279878433,-0.007052696024243029,30.75,0.21999999999999997,4.54
2022-03-14,-0.007335049411309998,-0.02362588954112603,-0.01518847505814139,31.770000457763672,0.21999999999999997,4.54
2022-03-15,0.021752093896187093,-0.0017470240019323532,-0.018882610033681094,29.829999923706055,0.21999999999999997,4.54
2022-03-16,0.021931948841059645,0.009759857058968,0.006241285995487705,26.670000076293945,0.21999999999999997,4.54
2022-03-17,0.012433253238791166,-0.007481427356370563,0.004876733952655098,25.670000076293945,0.21999999999999997,4.54
2022-03-18,0.010893340319515738,0.012138568925296172,-0.008828710707897394,23.8700008392334,0.21999999999999997,4.54
2022-03-21,-0.0002924948887762026,-0.023428779946765767,0.00761175501954624,23.530000686645508,0.21999999999999997,4.54
2022-03-22,0.01163343012098007,-0.012894591039516694,-0.007277189924242526,22.940000534057617,0.21999999999999997,4.54
2022-03-23,-0.012961944089703647,0.021678615582434658,0.013567209576051467,23.56999969482422,0.21999999999999997,4.54
2022-03-24,0.01496171357810544,-0.007863982069184868,0.007234137513108609,21.670000076293945,0.21999999999999997,4.54
2022-03-25,0.004871793062816318,-0.013970012981603322,-0.004103860537691329,20.809999465942383,0.21999999999999997,4.54
2022-03-28,0.007087705603828035,0.008513235549652002,-0.018371517706821095,19.6299991607666,0.21999999999999997,4.54
2022-03-29,0.012295020608350592,0.007524480525046224,0.00044668806848975184,18.899999618530273,0.21999999999999997,4.54
2022-03-30,-0.006193822991228128,0.007771059753976236,0.008006283379257595,19.329999923706055,0.21999999999999997,4.54
2022-03-31,-0.015511074542931743,0.0024257692617554527,0.00038752078804877134,20.559999465942383,0.21999999999999997,4.54
2022-04-01,0.0028301358779471695,0.0037994607082793837,-0.00638621587890147,19.6299991607666,0.20999999999999996,4.54
2022-04-04,0.008530212980649314,-0.006973928240388476,0.004835061682683925,18.56999969482422,0.20999999999999996,4.54
2022-04-05,-0.012711997051684503,-0.02285155113541187,-0.006284549046099261,21.030000686645508,0.20999999999999996,4.54
2022-04-06,-0.010049461921005075,-0.008126952108606542,0.0023404756196963713,22.100000381469727,0.20999999999999996,4.54
2022-04-07,0.005026251991017516,-0.007560463818021058,0.0037777415804506904,21.549999237060547,0.20999999999999996,4.54
2022-04-08,-0.002677557140937297,-0.010890157424426023,0.006246419748615932,21.15999984741211,0.20999999999999996,4.54
2022-04-11,-0.01723995803400547,-0.015951744330853248,0.004947206140849894,24.3700008392334,0.20999999999999996,4.54
2022-04-12,-0.003712304484822848,-0.0013813317071575556,0.007647435301758943,24.260000228881836,0.20999999999999996,4.54
2022-04-13,0.011388607865543405,0.0020308546442381493,0.004777109287769396,21.81999969482422,0.20999999999999996,4.54
2022-04-14,-0.0125299275262159,-0.020249073116731756,-0.0033090194372706765,22.700000762939453,0.20999999999999996,4.54
2022-04-18,0.0004110457725775639,-0.004981400584892842,0.0030924062818564585,22.170000076293945,0.20999999999999996,4.54
2022-04-19,0.016013894913948036,-0.007518901858807944,-0.015228268112133887,21.3700008392334,0.20999999999999996,4.54
2022-04-20,-0.0007420370009149399,0.019926365682950153,0.0048830061930919995,20.31999969482422,0.20999999999999996,4.54
2022-04-21,-0.01506650879986115,-0.007426063239249332,-0.003563943502360224,22.68000030517578,0.20999999999999996,4.54
2022-04-22,-0.0278224910597952,-0.006313798025418906,-0.009769661352400816,28.209999084472656,0.20999999999999996,4.54
2022-04-25,0.005780872293496066,0.009951147845708806,-0.018134432520229594,27.020000457763672,0.20999999999999996,4.54
2022-04-26,-0.029388530299774795,0.010016404089379021,0.0015238553873300224,33.52000045776367,0.20999999999999996,4.54
2022-04-27,0.002807818562485303,-0.01290899910896328,-0.007585723242633687,31.600000381469727,0.20999999999999996,4.54
2022-04-28,0.024945676631658142,0.0014888015703981242,0.0053838047894630165,29.989999771118164,0.20999999999999996,4.54
2022-04-29,-0.03765578198132117,-0.01305809102880393,-0.00011298334784093811,33.400001525878906,0.20999999999999996,4.54
2022-05-02,0.006001482557932194,-0.017485745756395072,-0.01871452290294498,32.34000015258789,0.20999999999999996,4.54
2022-05-03,0.00457364028950774,0.00671928814760546,0.0026457593569150124,29.25,0.20999999999999996,4.54
2022-05-04,0.029998379126977448,0.005494651902078262,0.009774616775434711,25.420000076293945,0.20999999999999996,4.54
2022-05-05,-0.036189964510822126,-0.027780549322025432,-0.0038184194446891804,31.200000762939453,0.20999999999999996,4.54
2022-05-06,-0.005986610931687468,-0.014845017650490873,0.0016545049194706565,30.190000534057617,0.20999999999999996,4.54
2022-05-09,-0.032541251107919,0.00875860583830029,-0.014585347642546313,34.75,0.20999999999999996,4.54
2022-05-10,0.002307994726084814,0.009028907260834974,-0.00848106565352078,32.9900016784668,0.20999999999999996,4.54
2022-05-11,-0.01601387963572806,0.01908907925409614,0.008133958004822058,32.560001373291016,0.20999999999999996,4.54
2022-05-12,-0.001044460394757591,-0.0018668616139955426,-0.015452706170676834,31.770000457763672,0.20999999999999996,4.54
2022-05-13,0.023626655080955097,-0.014891545230896504,-0.008142627698810948,28.8700008392334,0.20999999999999996,4.54
2022-05-16,-0.00406595009858816,-0.0010349968078415782,0.009493279652076629,27.469999313354492,0.20999999999999996,4.54
2022-05-17,0.02036176396628344,-0.012157133994485734,-0.006299094085683991,26.100000381469727,0.20999999999999996,4.54
2022-05-18,-0.04114651518325509,0.021093410950479917,0.000531343704844183,30.959999084472656,0.20999999999999996,4.54
2022-05-19,-0.006143386543357536,0.0023921612663406855,0.014590277160260899,29.350000381469727,0.20999999999999996,4.54
2022-05-20,0.00043638381985901633,0.011286295747549078,0.000697767757192036,29.43000030517578,0.20999999999999996,4.54
2022-05-23,0.018537204937496648,-0.01659118299253236,0.004639589893868967,28.479999542236328,0.20999999999999996,4.54
2022-05-24,-0.007663170875344515,0.019540033808643314,0.007493711725538028,29.450000762939453,0.20999999999999996,4.54
2022-05-25,0.008796227964042535,0.003946775860068688,-0.006048248796558386,28.3700008392334,0.20999999999999996,4.54
2022-05-26,0.019784246937573642,-0.004535776149663283,-0.001850609639927292,27.5,0.20999999999999996,4.54
2022-05-27,0.02425265627329231,0.002438569388710696,0.0005208853826908474,25.719999313354492,0.20999999999999996,4.54
2022-05-31,-0.005626706548952417,-0.021389602907759372,-0.009942270255165302,26.190000534057617,0.20999999999999996,4.54
2022-06-01,-0.00812142438958411,-0.0011438203999585537,0.0063488366174163004,25.690000534057617,0.14000000000000012,4.54
2022-06-02,0.018864417151437222,0.0005161025240300309,0.012234040087981134,24.719999313354492,0.14000000000000012,4.54
2022-06-03,-0.016547719878102798,-0.0021519578547063304,-0.010203900438868029,24.790000915527344,0.14000000000000012,4.54
2022-06-06,0.0030401935756402053,-0.018615979653571785,-0.004413447852864014,25.06999969482422,0.14000000000000012,4.54
2022-06-07,0.009546273314859717,0.01074213453568645,0.006497267812168451,24.020000457763672,0.14000000000000012,4.54
2022-06-08,-0.010931568221084258,-0.008899887511020757,-0.0009256257836888652,23.959999084472656,0.14000000000000012,4.54
2022-06-09,-0.02407008378954659,0.0033246301450881493,-0.0031883338247287547,26.09000015258789,0.14000000000000012,4.54
2022-06-10,-0.02942427024423724,-0.006221026651222092,0.013323135228160962,27.75,0.14000000000000012,4.54
2022-06-13,-0.03870793147180916,-0.03188198806396886,-0.02676735882447253,34.02000045776367,0.14000000000000012,4.54
2022-06-14,-0.003017841979512583,-0.012693647826194109,-0.008035407203286724,32.689998626708984,0.14000000000000012,4.54
2022-06-15,0.014155885487329161,0.018484573078710202,0.012966509676610984,29.6200008392334,0.14000000000000012,4.54
2022-06-16,-0.033656302901716444,0.007907773253922298,0.011180446816136464,32.95000076293945,0.14000000000000012,4.54
2022-06-17,0.0021532976971603067,0.0032172329512185193,-0.008256810144045654,31.1299991607666,0.14000000000000012,4.54
2022-06-21,0.024861960226476427,-0.017097346473591773,-0.0037437854344901486,30.190000534057617,0.14000000000000012,4.54
2022-06-22,-0.0018145393717003367,0.02712897965898371,0.003977268335422712,28.950000762939453,0.14000000000000012,4.54
2022-06-23,0.009754955840187898,0.008181310120638566,-0.006148118298448717,29.049999237060547,0.14000000000000012,4.54
2022-06-24,0.03129900335085039,-0.013939337245811468,-0.0009989609969459391,27.229999542236328,0.14000000000000012,4.54
2022-06-27,-0.003827063447185183,-0.008565316365144897,-0.0011176944418580068,26.950000762939453,0.14000000000000012,4.54
2022-06-28,-0.020644563828262227,0.0046485951610122115,-0.0016493806069405818,28.360000610351562,0.14000000000000012,4.54
2022-06-29,-0.000814825565451997,0.015487784514521858,-0.0007666517068580592,28.15999984741211,0.14000000000000012,4.54
2022-06-30,-0.008157402734400358,0.008743621014115292,-0.006095587698335223,28.709999084472656,0.14000000000000012,4.54
2022-07-01,0.010520886405562237,0.010214445601195606,-0.0008313996785857856,26.700000762939453,-0.14000000000000012,4.54
2022-07-05,0.0018867227553872536,0.007826167553811374,-0.021437799680384485,27.540000915527344,-0.14000000000000012,4.54
2022-07-06,0.0033717563062492816,-0.016933528544223073,-0.01596901758740465,26.729999542236328,-0.14000000000000012,4.54
2022-07-07,0.01486612954172174,-0.0088395580611251,0.0005548992912700342,26.079999923706055,-0.14000000000000012,4.54
2022-07-08,-0.0008229602479179234,-0.011137335870544256,0.00043143823725389326,24.639999389648438,-0.14000000000000012,4.54
2022-07-11,-0.011489239387004767,0.01709741780870411,-0.0053749265251639535,26.170000076293945,-0.14000000000000012,4.54
2022-07-12,-0.008888342253804735,0.005924386138302585,-0.0037236489059839332,27.290000915527344,-0.14000000000000012,4.54
2022-07-13,-0.005265620441747828,0.011400978079523963,0.004776265963686179,26.81999969482422,-0.14000000000000012,4.54
2022-07-14,-0.0024315581239173693,-0.008192166458855328,-0.014146649261641277,26.399999618530273,-0.14000000000000012,4.54
2022-07-15,0.018925103858010855,0.005612549579944027,-0.0020104758163567997,24.229999542236328,-0.14000000000000012,4.54
2022-07-18,-0.008291331436973887,-0.010473282586109536,0.000942949789432323,25.299999237060547,-0.14000000000000012,4.54
2022-07-19,0.026660696001203216,-0.005409243461533969,0.002384623832616704,24.5,-0.14000000000000012,4.54
2022-07-20,0.00635297099175474,0.0026212460194923967,-0.009446509339211243,23.8799991607666,-0.14000000000000012,4.54
2022-07-21,0.010131678228729468,0.017128252096345206,0.01401179660226555,23.110000610351562,-0.14000000000000012,4.54
2022-07-22,-0.009321510531586428,0.0166715342071727,0.0024926409954947677,23.030000686645508,-0.14000000000000012,4.54
2022-07-25,0.0012141845325041138,-0.009833440039440675,-0.0027423043036363935,23.360000610351562,-0.14000000000000012,4.54
2022-07-26,-0.01190149546950817,0.0007665574386264134,-0.001186514317386386,24.690000534057617,-0.14000000000000012,4.54
2022-07-27,0.02563501214315947,-0.00563340106777887,0.010133467249785824,23.239999771118164,-0.14000000000000012,4.54
2022-07-28,0.012464270556393812,0.007929103996853058,0.01211168004371747,22.329999923706055,-0.14000000000000012,4.54
2022-07-29,0.01447357191834203,-0.002721136301557718,0.0028071459585694595,21.329999923706055,-0.14000000000000012,4.54
2022-08-01,-0.0029656646757988004,0.02379788369209779,0.005651232868696488,22.84000015258789,-0.3500000000000001,4.54
2022-08-02,-0.006619201098014897,-0.021386483159302028,-0.005955990148902209,23.93000030517578,-0.3500000000000001,4.54
2022-08-03,0.01553828796154038,0.015621621249795787,0.002435276067987767,21.950000762939453,-0.3500000000000001,4.54
2022-08-04,-0.0006759306597972542,-0.00033480501577606836,0.016404693683584038,21.440000534057617,-0.3500000000000001,4.54
2022-08-05,-0.0016916340566996923,-0.0240914657375122,-0.011309781450742627,21.149999618530273,-0.3500000000000001,4.54
2022-08-08,-0.0011615893257479035,0.016012499702902055,0.008434348290836127,21.290000915527344,-0.3500000000000001,4.54
2022-08-09,-0.003978792942641841,-0.0038944056937608882,0.003054867797077557,21.770000457763672,-0.3500000000000001,4.54
2022-08-10,0.02078623264146348,-0.00655307178606286,-0.0025151110588634198,19.739999771118164,-0.3500000000000001,4.54
2022-08-11,0.0,-0.023585126846787256,-0.002641706914863643,20.200000762939453,-0.3500000000000001,4.54
2022-08-12,0.016787455697985457,0.010089827614768516,0.009155976822720392,19.530000686645508,-0.3500000000000001,4.54
2022-08-15,0.004112352104417308,-0.0008662181990934558,-0.012950528089989187,19.950000762939453,-0.3500000000000001,4.54
2022-08-16,0.001956630055693416,0.004149181030568861,-0.0017516299628300418,19.690000534057617,-0.3500000000000001,4.54
2022-08-17,-0.007123030911839454,-0.01049235743201073,-0.006489345947105167,19.899999618530273,-0.3500000000000001,4.54
2022-08-18,0.002901893571852038,0.0014813090087876443,-0.0026198444873023344,19.559999465942383,-0.3500000000000001,4.54
2022-08-19,-0.01352912011030621,-0.01623368937780176,-0.007347552958114958,20.600000381469727,-0.3500000000000001,4.54
2022-08-22,-0.02104214626868167,-0.0033673497938299162,-0.00665930336783302,23.799999237060547,-0.3500000000000001,4.54
2022-08-23,-0.0024223095689461373,-0.0055184907012688035,0.006966551217581505,24.110000610351562,-0.3500000000000001,4.54
2022-08-24,0.0031960744144230234,-0.007345493391280258,0.002944580504679446,22.81999969482422,-0.3500000000000001,4.54
2022-08-25,0.01401873116668916,0.013839905779678195,0.0030581063588208724,21.780000686645508,-0.3500000000000001,4.54
2022-08-26,-0.034435202173099505,0.007508965849033223,-0.012227153201929956,25.559999465942383,-0.3500000000000001,4.54
2022-08-29,-0.006634016655095224,-0.008307355036353329,0.0006180465249853886,26.209999084472656,-0.3500000000000001,4.54
2022-08-30,-0.011038668847995875,0.0024818391310267164,-0.008375556136480044,26.209999084472656,-0.3500000000000001,4.54
2022-08-31,-0.007638101761592634,-0.009607365765499871,-0.0077553096129762645,25.8700008392334,-0.3500000000000001,4.54
2022-09-01,0.0031329477988358695,-0.018477234199313533,-0.00882902347465035,25.559999465942383,-0.33999999999999986,4.54
2022-09-02,-0.010600421542084884,0.00564078763597494,0.00876617372318804,25.469999313354492,-0.33999999999999986,4.54
2022-09-06,-0.003780309473121216,-0.025080298071294596,-0.005856578259356107,26.90999984741211,-0.33999999999999986,4.54
2022-09-07,0.017805535349557852,0.01569160432669587,0.010117286090114818,24.639999389648438,-0.33999999999999986,4.54
2022-09-08,0.006514947839344258,-0.010310143593427296,-0.006020378897494643,23.610000610351562,-0.33999999999999986,4.54
2022-09-09,0.015415825174332829,0.002217911408521408,0.005269846503477033,22.790000915527344,-0.33999999999999986,4.54
2022-09-12,0.01069038924539222,-0.008250868256266464,0.005055386193321507,23.8700008392334,-0.33999999999999986,4.54
2022-09-13,-0.044456223436060975,0.002324463612292981,-0.013096728906648173,27.270000457763672,-0.33999999999999986,4.54
2022-09-14,0.0038087922925869144,0.0034303076144867957,-0.003855034555311845,26.15999984741211,-0.33999999999999986,4.54
2022-09-15,-0.011418400224874269,-0.0006480972683857274,-0.018855801737618274,26.270000457763672,-0.33999999999999986,4.54
2022-09-16,-0.0076583367322791114,-0.008370700810817562,0.005533767627080334,26.299999237060547,-0.33999999999999986,4.54
2022-09-19,0.007725007218119384,0.002332300174843866,0.0007697907679810017,25.760000228881836,-0.33999999999999986,4.54
2022-09-20,-0.0115449335449735,-0.010019940413330798,-0.005722932055293624,27.15999984741211,-0.33999999999999986,4.54
2022-09-21,-0.01759753552519861,0.016614099733043283,0.004632228320962459,27.989999771118164,-0.33999999999999986,4.54
2022-09-22,-0.008435285138531876,-0.02588054441068004,-0.0005778441890031698,27.350000381469727,-0.33999999999999986,4.54
2022-09-23,-0.016896807138164372,0.004076140133556544,-0.017427816406674814,29.920000076293945,-0.33999999999999986,4.54
2022-09-26,-0.009942038377223366,-0.019295264675224574,-0.01170141432179742,32.2599983215332,-0.33999999999999986,4.54
2022-09-27,-0.0025558143231152754,-0.02668414122807632,0.0020477436877313054,32.599998474121094,-0.33999999999999986,4.54
2022-09-28,0.019485295970978814,0.03293370667369868,0.020573557832177892,30.18000030517578,-0.33999999999999986,4.54
2022-09-29,-0.021110354747030158,-0.005189278188506479,-0.0001939471718055397,31.84000015258789,-0.33999999999999986,4.54
2022-09-30,-0.015584464718630113,-0.012994868065752008,6.462035224685361e-05,31.6200008392334,-0.33999999999999986,4.54
2022-10-03,0.026058837917654936,0.015764808277060793,0.024019005945363412,30.100000381469727,-0.33999999999999986,4.54
2022-10-04,0.030516302797854628,-0.0027970630387296725,0.014226444596111972,29.06999969482422,-0.33999999999999986,4.54
2022-10-05,-0.0023309381269027464,-0.009607866772296084,-0.005553659432976476,28.549999237060547,-0.33999999999999986,4.54
2022-10-06,-0.010369345528725966,-0.005573211281704916,-0.0011269264553861384,30.520000457763672,-0.33999999999999986,4.54
2022-10-07,-0.028290392341250588,-0.009755469619381485,-0.011023386142689101,31.360000610351562,-0.33999999999999986,4.54
2022-10-10,-0.007664734082646122,-0.015668378895859387,-0.015318203217156916,32.45000076293945,-0.33999999999999986,4.54
2022-10-11,-0.006352839118257385,0.0044161288086133595,-0.002060212330939929,33.630001068115234,-0.33999999999999986,4.54
2022-10-12,-0.003304218986516275,0.004894714274044703,0.005335071671709423,33.56999969482422,-0.33999999999999986,4.54
2022-10-13,0.026049037136409037,-0.00961260397184588,-0.006947611087114204,31.940000534057617,-0.33999999999999986,4.54
2022-10-14,-0.023052563197443064,-0.008284539663745141,-0.012537160793022467,32.02000045776367,-0.33999999999999986,4.54
2022-10-17,0.02537264262207473,-0.004881414092950159,0.0028720806307473926,31.3700008392334,-0.33999999999999986,4.54
2022-10-18,0.0116808831238268,0.0023421574139451526,0.002148660090392182,30.5,-0.33999999999999986,4.54
2022-10-19,-0.007111570081555621,-0.018373875579308627,-0.013488925988338462,30.760000228881836,-0.33999999999999986,4.54
2022-10-20,-0.008420758009633402,-0.017240935229477745,-0.0015834633753089122,29.979999542236328,-0.33999999999999986,4.54
2022-10-21,0.024010975238876457,-0.01818701604034537,0.01767059741452654,29.690000534057617,-0.33999999999999986,4.54
2022-10-24,0.012161927276781687,-0.008298632480664599,-0.0032488658845126403,29.850000381469727,-0.33999999999999986,4.54
2022-10-25,0.015842579795594624,0.028696639400093725,0.002275353560635257,28.459999084472656,-0.33999999999999986,4.54
2022-10-26,-0.007562627660753365,0.014304814100084964,0.006343446354353355,27.280000686645508,-0.33999999999999986,4.54
2022-10-27,-0.005354385562173221,0.010416136246097791,-0.0015497241473593686,27.389999389648438,-0.33999999999999986,4.54
2022-10-28,0.023512216296990605,-0.006897902220279432,-0.01026317410117862,25.75,-0.33999999999999986,4.54
2022-10-31,-0.007249334796811077,-0.007153345830935932,-0.008194886192774814,25.8799991607666,-0.33999999999999986,4.54
2022-11-01,-0.004385689859803218,0.009302165226416798,0.010151726172797497,25.809999465942383,-0.6099999999999999,4.54
2022-11-02,-0.02541638956286785,-0.004349694706919916,-0.006996970202892216,25.860000610351562,-0.6099999999999999,4.54
2022-11-03,-0.010350218099053092,-0.005411512703998555,-0.003813297433937162,25.299999237060547,-0.6099999999999999,4.54
2022-11-04,0.01429042423062275,-0.016943273614548986,0.0302345832528433,24.549999237060547,-0.6099999999999999,4.54
2022-11-07,0.009520128124571606,-0.010026903589830855,-0.003970260739379374,24.350000381469727,-0.6099999999999999,4.54
2022-11-08,0.0053810107161709276,0.010875698014246945,0.022836328940686813,25.540000915527344,-0.6099999999999999,4.54
2022-11-09,-0.020817456289526925,0.0032820474028190986,-0.005029894759161607,26.09000015258789,-0.6099999999999999,4.54
2022-11-10,0.05349739217630944,0.03775177795394714,0.029990153003992607,23.530000686645508,-0.6099999999999999,4.54
2022-11-11,0.009632028202071397,-0.0036706091221322124,0.00658459794711783,22.520000457763672,-0.6099999999999999,4.54
2022-11-14,-0.008543144554003701,-0.0024547885761788345,0.0021852662272774694,23.729999542236328,-0.6099999999999999,4.54
2022-11-15,0.00849290717838081,0.016050761384845784,0.0035106980811025834,24.540000915527344,-0.6099999999999999,4.54
2022-11-16,-0.007658057552286006,0.021632566352741123,-0.0022987420952167376,24.110000610351562,-0.6099999999999999,4.54
2022-11-17,-0.003064582819964446,-0.01060817496113354,-0.007293959961673216,23.93000030517578,-0.6099999999999999,4.54
2022-11-18,0.0045301731511976275,-0.006901094997831991,-0.006917507382313755,23.1200008392334,-0.6099999999999999,4.54
2022-11-21,-0.003642643220090022,0.004205936051894404,-0.0056056352070885974,22.360000610351562,-0.6099999999999999,4.54
2022-11-22,0.013367158206414063,0.014091877532440282,0.0011730356909015207,21.290000915527344,-0.6099999999999999,4.54
2022-11-23,0.006281978868668067,0.01729160408265905,0.006212503317279542,20.350000381469727,-0.6099999999999999,4.54
2022-11-25,-0.00022373211244814623,-0.0033954661431286203,0.000858102340972588,20.5,-0.6099999999999999,4.54
2022-11-28,-0.016085708089881214,0.0028141511046504484,-0.007934893665371402,22.209999084472656,-0.6099999999999999,4.54
2022-11-29,-0.0017190250654050146,-0.0117951781283865,0.004928261563008794,21.889999389648438,-0.6099999999999999,4.54
2022-11-30,0.03101478714063722,0.007327621648589422,0.012700921015012894,20.579999923706055,-0.6099999999999999,4.54
2022-12-01,-0.0007363924871379194,0.031445959013559725,0.01821784239630758,19.84000015258789,-0.6699999999999999,4.54
2022-12-02,-0.0011541756372655018,0.012497179093050526,-0.0034616677176241193,19.059999465942383,-0.6699999999999999,4.54
2022-12-05,-0.01815310679883858,-0.014105983115255901,-0.01730780530272015,20.75,-0.6699999999999999,4.54
2022-12-06,-0.014519713974266794,0.012797803953816179,0.0027336344458788004,22.170000076293945,-0.6699999999999999,4.54
2022-12-07,-0.0017027331507448286,0.023289239989071883,0.008998493556537802,22.68000030517578,-0.6699999999999999,4.54
2022-12-08,0.007803382932310288,-0.0027442642562198047,0.0008413425277820795,22.290000915527344,-0.6699999999999999,4.54
2022-12-09,-0.007498236569890407,-0.026359000356770444,0.0035378943750204003,22.829999923706055,-0.6699999999999999,4.54
2022-12-12,0.014314246366646487,0.003192848585787013,-0.008294841833501867,25.0,-0.6699999999999999,4.54
2022-12-13,0.007541405104515755,0.009609227883742306,0.016936889733695327,22.549999237060547,-0.6699999999999999,4.54
2022-12-14,-0.006414016856265916,0.00426214923186166,-0.0024359858905979824,21.139999389648438,-0.6699999999999999,4.54
2022-12-15,-0.02476587583712666,0.0038944741859812714,-0.016494600382901816,22.829999923706055,-0.6699999999999999,4.54
2022-12-16,-0.011876228578391016,-0.011233801572402152,0.008671019495160068,22.6200008392334,-0.6699999999999999,4.54
2022-12-19,-0.008516228365344736,-0.01694799611532004,-0.0028218082489996433,22.420000076293945,-0.6699999999999999,4.54
2022-12-20,0.0013676035182916958,-0.01791640292042014,0.016458298941440037,21.479999542236328,-0.6699999999999999,4.54
2022-12-21,0.01484210592656632,0.002509982841361633,-0.0016573862871153066,20.06999969482422,-0.6699999999999999,4.54
2022-12-22,-0.0143691497876303,-0.00019233496087498882,-0.012158980168932585,21.969999313354492,-0.6699999999999999,4.54
2022-12-23,0.005735747514679922,-0.014769241986753313,0.002993835039254722,20.8700008392334,-0.6699999999999999,4.54
2022-12-27,-0.003951068137199931,-0.01997080304974129,0.008394677302769623,21.649999618530273,-0.6699999999999999,4.54
2022-12-28,-0.012505818531878135,-0.005909106814231083,-0.004515989032750605,22.139999389648438,-0.6699999999999999,4.54
2022-12-29,0.017840078195000664,0.011286810669726572,0.005582639597805041,21.440000534057617,-0.6699999999999999,4.54
2022-12-30,-0.0026373516689171365,-0.011186867686152778,0.004667758029330661,21.670000076293945,-0.6699999999999999,4.54
2023-01-03,-0.004218902719670098,0.018904226745900404,0.008335816871946341,22.899999618530273,-0.6699999999999999,4.54
2023-01-04,0.007690527707405432,0.013607197760993709,0.009367889939565922,22.010000228881836,-0.6699999999999999,4.54
2023-01-05,-0.011479038053611147,0.00417207646094169,-0.01252963086748756,22.459999084472656,-0.6699999999999999,4.54
2023-01-06,0.022673270212074218,0.01822940415422422,0.01853466381119925,21.1299991607666,-0.6699999999999999,4.54
2023-01-09,-0.0005670664523498908,0.005309958792480751,0.0022426010679794787,21.969999313354492,-0.6699999999999999,4.54
2023-01-10,0.006988344564648943,-0.016688610890720094,0.003669304474491391,20.579999923706055,-0.6699999999999999,4.54
2023-01-11,0.012568621609448756,0.01612123078028745,-0.0006870298860052756,21.09000015258789,-0.6699999999999999,4.54
2023-01-12,0.003634032073141165,0.01949055741528094,0.011501603213231942,18.829999923706055,-0.6699999999999999,4.54
2023-01-13,0.003872062300808127,-0.009416746873179239,0.011930333702592914,18.350000381469727,-0.6699999999999999,4.54
2023-01-17,-0.001833672848223936,-0.006484732774479079,-0.006566591290624395,19.360000610351562,-0.6699999999999999,4.54
2023-01-18,-0.015913948837760903,0.023942960299925948,-0.0028758838411488395,20.34000015258789,-0.6699999999999999,4.54
2023-01-19,-0.007306432013873022,-0.006279566508267515,0.015743931377470842,20.520000457763672,-0.6699999999999999,4.54
2023-01-20,0.01845760565755268,-0.016344061718619254,-0.0033409804213138158,19.850000381469727,-0.6699999999999999,4.54
2023-01-23,0.011927131053695741,-0.004719467173811987,0.0018946378029897782,19.809999465942383,-0.6699999999999999,4.54
2023-01-24,-0.0010736815628835902,0.014278366249256264,0.0036119840879409123,19.200000762939453,-0.6699999999999999,4.54
2023-01-25,0.0003745878086760841,0.0024217631321097437,0.004593393795208086,19.079999923706055,-0.6699999999999999,4.54
2023-01-26,0.010930349692583132,-0.004662886614733214,-0.009096515003608066,18.729999542236328,-0.6699999999999999,4.54
2023-01-27,0.0022950754276447926,-0.002527231120612113,-0.0013939615756237058,18.510000228881836,-0.6699999999999999,4.54
2023-01-30,-0.01262621739511111,-0.0036613297114890253,-0.002570014931290955,19.940000534057617,-0.6699999999999999,4.54
2023-01-31,0.014596323247674268,0.007962821601674623,0.0036296165072691286,19.399999618530273,-0.6699999999999999,4.54
2023-02-01,0.010571909201149981,0.011949588085990748,0.012518134528387544,17.8700008392334,-0.7800000000000002,4.54
2023-02-02,0.014451913032496296,0.0012937067815080078,-0.0209702840085377,18.729999542236328,-0.7800000000000002,4.54
2023-02-03,-0.010686048722100425,-0.015069109545592652,-0.025274496401227434,18.329999923706055,-0.7800000000000002,4.54
2023-02-06,-0.006130091634571851,-0.007431381503876106,0.002073259184240806,19.43000030517578,-0.7800000000000002,4.54
2023-02-07,0.012994004942838863,-0.008058268322054885,0.0009200023760844002,18.65999984741211,-0.7800000000000002,4.54
2023-02-08,-0.010995222418456772,0.0047480957559724105,0.002468544755507998,19.6299991607666,-0.7800000000000002,4.54
2023-02-09,-0.008706814538082782,-0.009518427957870695,-0.007943887464013586,20.709999084472656,-0.7800000000000002,4.54
2023-02-10,0.0023308155815952966,-0.01125263257162375,0.0019053779351280687,20.530000686645508,-0.7800000000000002,4.54
2023-02-13,0.011670673980675056,0.008379371963306372,-0.005089097798950408,20.34000015258789,-0.7800000000000002,4.54
2023-02-14,-0.00046030825576702874,-0.0023046676320264345,0.000753454984742333,18.90999984741211,-0.7800000000000002,4.54
2023-02-15,0.003242093874187067,-0.009368709485334355,-0.010014646847400324,18.229999542236328,-0.7800000000000002,4.54
2023-02-16,-0.013864463339433489,-0.014269378830142782,-0.0008195726363130796,20.170000076293945,-0.7800000000000002,4.54
2023-02-17,-0.002501238592463333,0.00774617211009839,0.002982339072148569,20.020000457763672,-0.7800000000000002,4.54
2023-02-21,-0.020264857818730945,-0.019628555136581634,-0.0037440046605545256,22.8700008392334,-0.7800000000000002,4.54
2023-02-22,-0.001379155544635731,0.009122652077391722,-0.0056423768979153,22.290000915527344,-0.7800000000000002,4.54
2023-02-23,0.005305280871006199,0.009724338764914077,-0.0005305918526508475,21.139999389648438,-0.7800000000000002,4.54
2023-02-24,-0.01073980479790897,-0.013086087058585301,-0.0072206822499255125,21.670000076293945,-0.7800000000000002,4.54
2023-02-27,0.003399996885349721,0.0027690112271881347,0.003912670406128105,20.950000762939453,-0.7800000000000002,4.54
2023-02-28,-0.0037029789719641567,0.004532772509714836,0.004545621851780495,20.700000762939453,-0.7800000000000002,4.54
2023-03-01,-0.0038431055085307126,-0.01080096312357918,0.005755555600934512,20.579999923706055,-0.6399999999999997,4.54
2023-03-02,0.007747362875083195,-0.00890685229614222,-0.000585735153896139,19.59000015258789,-0.6399999999999997,4.54
2023-03-03,0.015910428156813615,0.023937109773752116,0.010666001055863707,18.489999771118164,-0.6399999999999997,4.54
2023-03-06,0.0006923756057446102,-0.007783741696454157,-0.0050565936951402655,18.610000610351562,-0.6399999999999997,4.54
2023-03-07,-0.015447217690747398,0.006113907691487137,-0.017635068390636166,19.59000015258789,-0.6399999999999997,4.54
2023-03-08,0.0016306946635189607,0.0009826530512900354,-0.0004745630282821619,19.110000610351562,-0.6399999999999997,4.54
2023-03-09,-0.018622269396630604,0.002452161588666148,0.00980112770009771,22.610000610351562,-0.6399999999999997,4.54
2023-03-10,-0.014534317092210135,0.03390477622041069,0.021333667247723984,24.799999237060547,-0.6399999999999997,4.54
2023-03-13,-0.0014264566328019345,0.0022706807866954997,0.022688861946558777,26.520000457763672,-0.6399999999999997,4.54
2023-03-14,0.016394986442090462,-0.01657818916262393,-0.005807897981361377,23.729999542236328,-0.6399999999999997,4.54
2023-03-15,-0.006274050918692637,0.01912638352348527,0.007773838437142398,26.139999389648438,-0.6399999999999997,4.54
2023-03-16,0.017393275317348317,-0.007853778593167274,0.0020180543660701534,22.989999771118164,-0.6399999999999997,4.54
2023-03-17,-0.01176166924563068,0.014897629095226543,0.028704276731304653,25.510000228881836,-0.6399999999999997,4.54
2023-03-20,0.009569520716760122,-0.008836595722489382,0.0003807952240648717,24.149999618530273,-0.6399999999999997,4.54
2023-03-21,0.013045052252071204,-0.008629262744588445,-0.01905552456933767,21.3799991607666,-0.6399999999999997,4.54
2023-03-22,-0.017193470791303685,0.013245341901000207,0.016877382247649345,22.260000228881836,-0.6399999999999997,4.54
2023-03-23,0.002699771788642507,0.0,0.012460224063675791,22.610000610351562,-0.6399999999999997,4.54
2023-03-24,0.006540712286797156,0.004220516566077649,-0.011316136891165252,21.739999771118164,-0.6399999999999997,4.54
2023-03-27,0.001868176940983886,-0.023771485378061903,-0.009299831745516636,20.600000381469727,-0.6399999999999997,4.54
2023-03-28,-0.0022472016737792424,0.001819364350385661,0.008155744573006158,19.969999313354492,-0.6399999999999997,4.54
2023-03-29,0.01443011736361422,-0.002010640465102399,-0.0049731154716589265,19.1200008392334,-0.6399999999999997,4.54
2023-03-30,0.005838149306268371,0.004590402589420864,0.008998964139577773,19.020000457763672,-0.6399999999999997,4.54
2023-03-31,0.013996306883434324,0.014869899977468227,-0.0052258772770236855,18.700000762939453,-0.6399999999999997,4.54
2023-04-03,0.0038032873949264997,0.004691964395871669,0.00717858251921089,18.549999237060547,-0.6399999999999997,4.54
2023-04-04,-0.005563577273796455,0.0049596189774919796,0.018469345695108493,19.0,-0.6399999999999997,4.54
2023-04-05,-0.002621749797810353,0.010400168994884319,-0.0007982432900847153,19.079999923706055,-0.6399999999999997,4.54
2023-04-06,0.0038932776674674378,0.002583169392741633,-0.007159660374899705,18.399999618530273,-0.6399999999999997,4.54
2023-04-10,0.0010259076645685896,-0.01625594682556924,-0.007427401530065852,18.969999313354492,-0.6399999999999997,4.54
2023-04-11,0.000268464669362929,0.002058322652332544,0.00630066529229045,19.100000381469727,-0.6399999999999997,4.54
2023-04-12,-0.00408414049860393,-0.0010287126359066498,0.0048732452945133,19.09000015258789,-0.6399999999999997,4.54
2023-04-13,0.013195166709868195,-0.007889129451015454,0.013425150587981827,17.799999237060547,-0.6399999999999997,4.54
2023-04-14,-0.0024456391089094144,-0.009188897463195284,-0.017869017219899228,17.06999969482422,-0.6399999999999997,4.54
2023-04-17,0.0035817576989653553,-0.011967269111541107,-0.00446370276447651,16.950000762939453,-0.6399999999999997,4.54
2023-04-18,0.0006520659477812085,0.0035573115848069052,0.0038732698004284223,16.829999923706055,-0.6399999999999997,4.54
2023-04-19,-0.0001690643616276661,-0.000960426327735483,-0.004789973842758077,16.459999084472656,-0.6399999999999997,4.54
2023-04-20,-0.005472019037560175,0.008513629294665226,0.003930524556986942,17.170000076293945,-0.6399999999999997,4.54
2023-04-21,0.0007767383431256348,-0.005635775750390803,-0.009936876904451757,16.770000457763672,-0.6399999999999997,4.54
2023-04-24,0.0010424759688444482,0.00962794467748752,0.0030347260178608367,16.889999389648438,-0.6399999999999997,4.54
2023-04-25,-0.016001114862213138,0.014597414387634622,0.005073426510561733,18.760000228881836,-0.6399999999999997,4.54
2023-04-26,-0.004244811390636339,-0.010715576622874192,-0.005452222698837164,18.84000015258789,-0.6399999999999997,4.54
2023-04-27,0.01971278985344021,-0.009971941211772969,5.4098929279836664e-05,17.030000686645508,-0.6399999999999997,4.54
2023-04-28,0.008498929618596591,0.016001635673887654,0.0002706158931134578,15.779999732971191,-0.6399999999999997,4.54
2023-05-01,-0.0010103111479285228,-0.02925842812623961,-0.004501468248394752,16.079999923706055,-0.56,4.54
2023-05-02,-0.01130288484993034,0.02461478869177979,0.01911282169964576,17.780000686645508,-0.56,4.54
2023-05-03,-0.006887681351490425,0.0055662310338646355,0.00844333039400089,18.34000015258789,-0.56,4.54
2023-05-04,-0.007108196442641487,-0.009927589378083444,0.007008337579460111,20.09000015258789,-0.56,4.54
2023-05-05,0.018343280572803582,-0.0033311372483019117,-0.015771672012865213,17.190000534057617,-0.56,4.54
2023-05-08,0.0002665000672801393,-0.01411411373132883,0.0012261535425393925,16.979999542236328,-0.56,4.54
2023-05-09,-0.00439486004513166,-0.003583604359403893,0.007061173494320752,17.709999084472656,-0.56,4.54
2023-05-10,0.004661519553290223,0.009657073237721645,-0.0014294640409972018,16.940000534057617,-0.56,4.54
2023-05-11,-0.0017453704689054592,0.01051635226537654,-0.008619799546280105,16.93000030517578,-0.56,4.54
2023-05-12,-0.0013112995847320411,-0.008404430779453706,-0.001711544099310757,17.030000686645508,-0.56,4.54
2023-05-15,0.00344420212434672,-0.010411392296092923,0.0021389727993926496,17.1200008392334,-0.56,4.54
2023-05-16,-0.006705256906711637,-0.0030090145320351876,-0.01257816833072297,17.989999771118164,-0.56,4.54
2023-05-17,0.012065735383868834,-0.0029204710165591707,-0.003467895133703326,16.8700008392334,-0.56,4.54
2023-05-18,0.009587312300104373,-0.007435870143192803,-0.013057794413406836,16.049999237060547,-0.56,4.54
2023-05-19,-0.0014561812900801081,-0.007096666725625448,0.009850156652287684,16.809999465942383,-0.56,4.54
2023-05-22,0.00040612108798474705,-0.00356726634796212,-0.002344243508491738,17.209999084472656,-0.56,4.54
2023-05-23,-0.011286384315397831,0.002874620011965713,0.0012000108481294142,18.530000686645508,-0.56,4.6
2023-05-24,-0.00727120974736523,-0.004961524465177152,-0.008101176111367243,20.030000686645508,-0.56,4.68
2023-05-25,0.008622552771967364,-0.002489766108915186,-0.00966457904681634,19.139999389648438,-0.56,4.58
2023-05-26,0.01286766389587426,0.008044712079466837,0.003987606250000357,17.950000762939453,-0.56,4.53
2023-05-30,0.0003807670130868325,0.009941481800550342,0.006171471778321201,17.459999084472656,-0.56,4.58
2023-05-31,-0.005560559598572018,0.008679194451029956,0.001537018842589403,17.940000534057617,-0.56,4.69
2023-06-01,0.009456212737634263,0.0039161749134335585,0.007867103377943253,15.649999618530273,-0.8899999999999997,4.65
2023-06-02,0.014357628029762808,-0.011018729038511433,-0.014857275420164701,14.600000381469727,-0.8899999999999997,4.37
2023-06-05,-0.0019180893624829451,-0.001864752498715594,0.0060023657211361265,14.729999542236328,-0.8899999999999997,4.39
2023-06-06,0.002174994219105083,0.005876666584483499,0.0010974372841257363,13.960000038146973,-0.8899999999999997,4.39
2023-06-07,-0.003463722602534097,-0.014955129672057048,-0.012083252758880945,13.9399995803833,-0.8899999999999997,4.33
2023-06-08,0.006030182286984887,0.011629296390043054,0.013124733073092816,13.649999618530273,-0.8899999999999997,4.39
2023-06-09,0.0017929205392596048,-0.0013727170406074435,-0.002688130119841765,13.829999923706055,-0.8899999999999997,4.29
2023-06-12,0.009030895510601144,0.002939148453706658,-0.0008792504640156504,15.010000228881836,-0.8899999999999997,4.34
2023-06-13,0.0065712674741613426,-0.009929901511104185,-0.00739483312084137,14.609999656677246,-0.8899999999999997,4.18
2023-06-14,0.0011901437884311707,0.007971541792683355,0.0005537743402144653,13.880000114440918,-0.8899999999999997,4.18
2023-06-15,0.01232149017470009,0.00955976055800085,0.007005982383036308,14.5,-0.8899999999999997,4.21
2023-06-16,-0.003411984662975486,-0.003890815521001765,-0.0015404017609150433,13.539999961853027,-0.8899999999999997,4.15
2023-06-20,-0.005201767263177299,0.006896202482849393,-0.010404681043488588,13.880000114440918,-0.8899999999999997,4.22
2023-06-21,-0.005136923527504142,0.0024169120174978896,-0.0014474699268161662,13.199999809265137,-0.8899999999999997,4.32
2023-06-22,0.0036032333103342908,-0.012143569906996951,-0.009966480697039254,12.90999984741211,-0.8899999999999997,4.3
2023-06-23,-0.00758876491294197,0.009920235952455371,0.0027534519339434175,13.4399995803833,-0.8899999999999997,4.4
2023-06-26,-0.004094188213908197,0.001064134788300032,0.0017380933759117798,14.25,-0.8899999999999997,4.45
2023-06-27,0.01090367112600937,-0.0026137261572229988,-0.00460411859047838,13.739999771118164,-0.8899999999999997,4.3
2023-06-28,0.0005043361865270429,0.004255673962190334,-0.002310076023493695,13.430000305175781,-0.8899999999999997,4.27
2023-06-29,0.003933756845746743,-0.01821320764512124,-0.0010723394318449203,13.539999961853027,-0.8899999999999997,4.14
2023-06-30,0.011731577354190939,0.011725702459098373,0.006641221688667137,13.59000015258789,-0.8899999999999997,4.05
2023-07-03,0.0011498183167092193,-0.005685045434785024,0.001121247777740352,13.569999694824219,-0.8899999999999997,3.99
2023-07-05,-0.0014882267700982602,-0.009547860237703735,-0.003536277643963551,14.180000305175781,-0.8899999999999997,4.01
2023-07-06,-0.007861593492996427,-0.014243923475538461,-0.002984649764026069,15.4399995803833,-0.8899999999999997,4.1
2023-07-07,-0.002527836694477978,-0.0060376068807481646,0.007473004815488796,14.829999923706055,-0.8899999999999997,4.08
2023-07-10,0.002527836694477901,0.0013113791368614203,0.0007833887164984092,15.069999694824219,-0.8899999999999997,4.13
2023-07-11,0.006348369407133566,0.005127218040389922,0.003740607755698653,14.84000015258789,-0.8899999999999997,4.05
2023-07-12,0.008013665182727111,0.01106977559757818,0.013450555215707776,13.539999961853027,-0.8899999999999997,3.95
2023-07-13,0.007905539837652078,0.010457895334562576,0.0007144446386035077,13.609999656677246,-0.8899999999999997,3.97
2023-07-14,-0.0006229554971082227,-0.005905925037770823,-0.0031917364290746223,13.34000015258789,-0.8899999999999997,3.9
2023-07-17,0.003466280978184349,0.0004932479119503706,0.0007163001287566721,13.479999542236328,-0.8899999999999997,3.97
2023-07-18,0.007403143790815592,0.004528861424213175,0.011391151915954547,13.300000190734863,-0.8899999999999997,3.9
2023-07-19,0.0022212370312477666,0.01123355774531544,0.00016334311378929522,13.760000228881836,-0.8899999999999997,3.89
2023-07-20,-0.006656766885135419,-0.01221634223409862,-0.005076251540707524,13.989999771118164,-0.8899999999999997,3.9
2023-07-21,0.0,0.00029478497758133037,-0.003069238517008006,13.600000381469727,-0.8899999999999997,3.89
2023-07-24,0.004457512063463794,-0.0036434615699163114,-0.0042906650791519445,13.90999984741211,-0.8899999999999997,3.82
2023-07-25,0.0027262183071229216,-0.001876454417927573,0.0055524167407640206,13.859999656677246,-0.8899999999999997,3.84
2023-07-26,0.0001537898963209208,0.0009879305634745877,0.0048672507195615744,13.1899995803833,-0.8899999999999997,3.91
2023-07-27,-0.0066520122314099395,-0.019644555767881936,-0.015836715414990758,14.40999984741211,-0.8899999999999997,3.78
2023-07-28,0.009742630628296736,0.005122927853950484,0.007949707574281263,13.329999923706055,-0.8899999999999997,3.82
2023-07-31,0.0019021408647575107,0.0024016930787918913,0.002690787072192315,13.630000114440918,-0.8899999999999997,3.79
2023-08-01,-0.002865644280892248,-0.016522697917541213,-0.010418766955581948,13.930000305175781,-0.7300000000000004,3.82
2023-08-02,-0.01400843512978461,-0.01075678825874554,-0.004776993918500052,16.09000015258789,-0.7300000000000004,3.96
2023-08-03,-0.0028699204609922793,-0.023341649411936175,-0.00033420291832367705,15.920000076293945,-0.7300000000000004,3.98
2023-08-04,-0.004533067668117131,0.01755733770153797,0.003613876354074006,17.100000381469727,-0.7300000000000004,4.01
2023-08-07,0.008690606381925176,-0.009890239986135817,-0.002277988932518744,15.770000457763672,-0.7300000000000004,3.97
2023-08-08,-0.0043578998573423205,0.011546178355462984,-0.006361270240024672,15.989999771118164,-0.7300000000000004,4.0
2023-08-09,-0.006707900206591119,0.005157963171777823,-0.00476956334967285,15.960000038146973,-0.7300000000000004,3.94
2023-08-10,0.00035895236612735624,-0.016599597112104313,-0.0010691758408616784,15.850000381469727,-0.7300000000000004,3.83
2023-08-11,-0.0005833187314669574,-0.002304030696642215,0.0,14.84000015258789,-0.7300000000000004,3.83
2023-08-14,0.005504852278700986,-0.0022046044082473007,-0.003045220530389694,14.819999694824219,-0.7300000000000004,3.79
2023-08-15,-0.011717173484846596,-0.0061132617465039585,-0.0026580037072091345,16.459999084472656,-0.7300000000000004,3.85
2023-08-16,-0.007365191617319497,-0.007855049646512997,-0.005792775189194925,16.780000686645508,-0.7300000000000004,3.81
2023-08-17,-0.007649236908213849,-0.004271657866979151,-0.0015390561619561794,17.889999389648438,-0.7300000000000004,3.95
2023-08-18,0.0004812520494237699,0.003525139483076242,0.0001711135895520659,17.299999237060547,-0.7300000000000004,4.02
2023-08-21,0.0064853030373349715,-0.013419951476579194,0.00273392964256731,17.1299991607666,-0.7300000000000004,3.97
2023-08-22,-0.002712321488407705,0.00764489552507456,0.0016481975934526548,16.969999313354492,-0.7300000000000004,3.93
2023-08-23,0.011076108158167921,0.024475152131850027,0.010113328144583607,15.979999542236328,-0.7300000000000004,3.92
2023-08-24,-0.01395583625039362,-0.006615804944173168,-0.0002248455933195227,17.200000762939453,-0.7300000000000004,3.91
2023-08-25,0.007025028603528314,0.003260947289200235,-0.0012941233726573686,15.680000305175781,-0.7300000000000004,3.9
2023-08-28,0.006321217458420001,0.0010497989059290048,0.002867238875764686,15.079999923706055,-0.7300000000000004,3.86
2023-08-29,0.014351391732318478,0.010332288024644835,0.00972069237763269,14.449999809265137,-0.7300000000000004,3.87
2023-08-30,0.004110378703108713,-0.001038824465620321,0.002498750315822613,13.880000114440918,-0.7300000000000004,3.8
2023-08-31,-0.001464595369888096,0.004459538857336003,-0.001665111347163996,13.569999694824219,-0.7300000000000004,3.85
2023-09-01,0.0018635502478924258,-0.01570107881234506,0.0004997991755412262,13.09000015258789,-0.6399999999999997,3.81
2023-09-05,-0.0043314500465293,-0.01412137948646488,-0.008195174622491511,14.010000228881836,-0.6399999999999997,3.83
2023-09-06,-0.006745027201084222,0.002456094614144083,-0.004544556063018457,14.449999809265137,-0.6399999999999997,3.86
2023-09-07,-0.0030749243566110932,0.0027697861166341227,0.0010678794784509471,14.399999618530273,-0.6399999999999997,3.9
2023-09-08,0.0015048874412468115,0.003822321224606654,0.0003369702787594387,13.84000015258789,-0.6399999999999997,3.85
2023-09-11,0.006555164988900833,-0.007232127575785734,0.0018513951035425602,13.800000190734863,-0.6399999999999997,3.82
2023-09-12,-0.005500666789081585,0.0057471182552921215,-0.005169992663578624,14.229999542236328,-0.6399999999999997,3.84
2023-09-13,0.0011652671870899937,-0.00021220791276557475,-0.002312682045193072,13.479999542236328,-0.6399999999999997,3.85
2023-09-14,0.008585298018327822,-0.0072440922946593106,0.0005080950731221542,12.819999694824219,-0.6399999999999997,3.78
2023-09-15,-0.012121325454177273,-0.0061128296733279994,0.00658210689497754,13.789999961853027,-0.6399999999999997,3.79
2023-09-18,0.0005861734165590067,0.005685008911840414,0.00587038313631886,14.0,-0.6399999999999997,3.82
2023-09-19,-0.002075904953805304,-0.0074078998486947455,-0.0009480950413542692,14.109999656677246,-0.6399999999999997,3.82
2023-09-20,-0.009235841940486673,0.0031202367211586157,0.0007251297423292754,15.140000343322754,-0.6399999999999997,3.77
2023-09-21,-0.01666649877213075,-0.026009518378797093,-0.0072748111459232075,17.540000915527344,-0.6399999999999997,3.89
2023-09-22,-0.0022510942659804568,0.008016137873209796,0.0031961900557462815,17.200000762939453,-0.6399999999999997,3.93
2023-09-25,0.004196339796751982,-0.02491665768307992,-0.005163898932470834,16.899999618530273,-0.6399999999999997,3.97
2023-09-26,-0.014800293509369329,-0.0034818370494472525,-0.008023084937964609,18.940000534057617,-0.6399999999999997,4.04
2023-09-27,0.00039913270472544994,-0.0051897763122736385,-0.012443751217319037,18.219999313354492,-0.6399999999999997,4.03
2023-09-28,0.005780834631970647,0.003049478781412662,-0.005009715204337903,17.34000015258789,-0.6399999999999997,4.09
2023-09-29,-0.002430049045702643,0.00011262990503249469,-0.010328505518099336,17.520000457763672,-0.6399999999999997,4.03
2023-10-02,-0.0003977235883838204,-0.016881831270939264,-0.0105542058560987,17.610000610351562,-0.6399999999999997,4.11
2023-10-03,-0.01347628600624807,-0.021746447800792976,-0.002892421000056923,19.780000686645508,-0.6399999999999997,4.26
2023-10-04,0.0072552617574071325,0.014009087904830915,-0.00011826350756014561,18.579999923706055,-0.6399999999999997,4.37
2023-10-05,-0.0003766310666670251,-0.004996979565903427,-0.0018344684108627424,18.489999771118164,-0.6399999999999997,4.38
2023-10-06,0.011802822956607522,-0.012191448945001706,0.005139851922273756,17.450000762939453,-0.6399999999999997,4.33
2023-10-09,0.006381758598504333,0.023198553141607438,0.018218478536943455,17.700000762939453,-0.6399999999999997,4.34
2023-10-10,0.005191440183535861,-0.0013839983104780823,-0.0016795054754092334,17.030000686645508,-0.6399999999999997,4.26
2023-10-11,0.004087942021842337,0.020671365264381833,0.007276507826110017,16.09000015258789,-0.6399999999999997,4.25
2023-10-12,-0.0061152544168928845,-0.02750236938768702,-0.0030543103873241243,16.690000534057617,-0.6399999999999997,4.25
2023-10-13,-0.0049932273463283595,0.017734042791682038,0.03164231938177581,19.31999969482422,-0.6399999999999997,4.3
2023-10-16,0.010466346572425326,-0.016224948280184403,-0.004876800474351656,17.209999084472656,-0.6399999999999997,4.27
2023-10-17,-4.577942578089239e-05,-0.011081975706815274,0.0018525567250013085,17.8799991607666,-0.6399999999999997,4.25
2023-10-18,-0.013414727071155982,-0.008836597440562305,0.014367113783494704,19.219999313354492,-0.6399999999999997,4.32
2023-10-19,-0.008825168820850613,-0.02068576860669855,0.012199301049654077,21.399999618530273,-0.6399999999999997,4.37
2023-10-20,-0.012364199277791426,0.005662282407784713,0.0027271753020748097,21.709999084472656,-0.6399999999999997,4.52
2023-10-23,-0.0017347647887449677,0.011941550389508473,-0.0033827788768209456,20.3700008392334,-0.6399999999999997,4.51
2023-10-24,0.007511208525353357,0.013090616006903016,-0.00010933686369138149,18.969999313354492,-0.6399999999999997,4.41
2023-10-25,-0.01445616382287868,-0.02251252568493566,0.004199991317574014,20.190000534057617,-0.6399999999999997,4.37
2023-10-26,-0.012046957955725426,0.015222123767826836,0.00157720800379265,20.68000030517578,-0.6399999999999997,4.5
2023-10-27,-0.004542995025875697,-0.004257958111877128,0.011562693424814757,21.270000457763672,-0.6399999999999997,4.53
2023-10-30,0.011885062101200931,-0.004514149535707175,-0.0056565149769635704,19.75,-0.6399999999999997,4.5
2023-10-31,0.006260301284590154,-0.004893375304701964,-0.005471503988171267,18.139999389648438,-0.6399999999999997,4.42
2023-11-01,0.010608302128378601,0.02145010424592163,-0.0031556165767174377,16.8700008392334,-0.3799999999999999,4.47
2023-11-02,0.0189832321169842,0.022541014567381428,0.0033185604405963163,15.65999984741211,-0.3799999999999999,4.15
2023-11-03,0.009081886256997978,0.006755499450322619,0.0036323164276059108,14.90999984741211,-0.3799999999999999,4.04
2023-11-06,0.002297803556915171,-0.00974716849089192,-0.00782308105070571,14.890000343322754,-0.3799999999999999,4.0
2023-11-07,0.0028420611716656165,0.014642276111380897,-0.004153745714032089,14.8100004196167,-0.3799999999999999,4.08
2023-11-08,0.0007321351155159147,0.016890354634744562,-0.010017653470627112,14.449999809265137,-0.3799999999999999,4.08
2023-11-09,-0.007829376251478714,-0.02327025228771652,0.003975057413790778,15.289999961853027,-0.3799999999999999,4.04
2023-11-10,0.015484462444078173,0.00558453654339949,-0.010969699953245399,14.170000076293945,-0.3799999999999999,4.03
2023-11-13,-0.0009536871954193214,-0.0022754972347489343,0.005555261386915847,14.760000228881836,-0.3799999999999999,4.03
2023-11-14,0.01921483409103666,0.022414752507815185,0.008879636186604733,14.15999984741211,-0.3799999999999999,3.92
2023-11-15,0.0021147407824033985,-0.014133789439921,-0.0026390807860946154,14.180000305175781,-0.3799999999999999,3.89
2023-11-16,0.0012224924572694308,0.012350106033498762,0.011222864579353571,14.319999694824219,-0.3799999999999999,4.02
2023-11-17,0.0012429307520376342,0.004675529846487789,-0.00010890827769753537,13.800000190734863,-0.3799999999999999,3.99
2023-11-20,0.007668136551766448,0.006089636299160276,-0.0016347162383040547,13.40999984741211,-0.3799999999999999,3.92
2023-11-21,-0.0021816777285643507,-0.0004414267981065683,0.010740019593542038,13.350000381469727,-0.3799999999999999,3.95
2023-11-22,0.00385334249938516,0.0035274624393776257,-0.004271361889171939,12.850000381469727,-0.3799999999999999,3.9
2023-11-24,0.0006153583705453376,-0.011844793285196558,0.005188115339681599,12.460000038146973,-0.3799999999999999,3.85
2023-11-27,-0.0018028053874725926,0.016566053940356575,0.006715220224108336,12.6899995803833,-0.3799999999999999,3.89
2023-11-28,0.0009898100923367444,0.001969154271585563,0.013243765854618068,12.6899995803833,-0.3799999999999999,3.9
2023-11-29,-0.0007038104779309038,0.012492763142527107,0.0014783465644929395,12.979999542236328,-0.3799999999999999,3.8
2023-11-30,0.003929758587469678,-0.011618610625173177,-0.004176660491012712,12.920000076293945,-0.3799999999999999,3.84
2023-12-01,0.005898477158313283,0.01865898048190931,0.0171240372669512,12.630000114440918,-0.4400000000000004,3.87
2023-12-04,-0.005263193386411947,-0.003986626129828581,-0.021850417580745678,13.079999923706055,-0.4400000000000004,3.8
2023-12-05,-0.00019718993377576205,0.021257862656525368,-0.003786606077863042,12.850000381469727,-0.4400000000000004,3.8
2023-12-06,-0.004037831988477064,0.013229834487593168,0.003680115406357525,12.970000267028809,-0.4400000000000004,3.79
2023-12-07,0.007601309748285907,-0.005753594937272542,0.001648967455985853,13.0600004196167,-0.4400000000000004,3.77
2023-12-08,0.004289978691554495,-0.008216323081524946,-0.013430173514668298,12.350000381469727,-0.4400000000000004,3.75
2023-12-11,0.0038819121626054004,-0.002118059108381233,-0.011104320560253362,12.630000114440918,-0.4400000000000004,3.79
2023-12-12,0.00455707204122446,0.002963671117730587,-0.0005447904909059331,12.069999694824219,-0.4400000000000004,3.76
2023-12-13,0.013695822012567492,0.02319123476357655,0.02231176448891427,12.1899995803833,-0.4400000000000004,3.79
2023-12-14,0.0032041434646547743,0.02568055307475318,0.005845435089187853,12.479999542236328,-0.4400000000000004,3.47
2023-12-15,-0.0016477903545550365,0.0011099576686795884,-0.009208782757507668,12.279999732971191,-0.4400000000000004,3.51
2023-12-18,0.005609236937426567,-0.007999675693045724,0.004535187656823467,12.5600004196167,-0.4400000000000004,3.51
2023-12-19,0.0060625198394359,0.005373996368434439,0.006790830606181505,12.529999732971191,-0.4400000000000004,3.46
2023-12-20,-0.013954224363458655,0.006752281770576309,-0.005460866362358439,13.670000076293945,-0.4400000000000004,3.43
2023-12-21,0.009437351908635478,-0.006347921381045067,0.007045755720440373,13.649999618530273,-0.4400000000000004,3.41
2023-12-22,0.002007656805899807,-0.004558979261004806,0.004424614031362936,13.029999732971191,-0.4400000000000004,3.39
2023-12-26,0.00421358597133709,0.0028390188379287308,0.007591842151508473,12.989999771118164,-0.4400000000000004,3.37
2023-12-27,0.0018064371122199492,0.01756464676751644,0.0045275772625212145,12.430000305175781,-0.4400000000000004,3.34
2023-12-28,0.00037778901110949143,-0.007289402237908328,-0.005832413160524644,12.470000267028809,-0.4400000000000004,3.32
2023-12-29,-0.0028991787768789445,-0.009060887878129805,-0.001568069797763166,12.449999809265137,-0.4400000000000004,3.34
2024-01-02,-0.005612235612808914,-0.005781287519255779,-0.0023566846852945507,13.199999809265137,-0.2600000000000007,3.54
2024-01-03,-0.008200190333412122,0.00416195954728484,-0.008371755159892112,14.039999961853027,-0.2600000000000007,3.71
2024-01-04,-0.0032262246375823313,-0.015311022036738358,0.0010041086074332737,14.130000114440918,-0.2600000000000007,3.69
2024-01-05,0.0013686345075346368,-0.009612196458659229,0.00015844285681933427,13.350000381469727,-0.2600000000000007,3.68
2024-01-08,0.014175016953204798,0.009817523665516907,-0.00784697829301582,13.079999923706055,-0.2600000000000007,3.63
2024-01-09,-0.0015182136782603917,-0.006396158636925279,0.0003193058065587502,12.760000228881836,-0.2600000000000007,3.59
2024-01-10,0.005639492476872568,-0.004668318189941636,-0.0022906686849215973,12.6899995803833,-0.2600000000000007,3.5
2024-01-11,-0.00044069056713367063,0.00559938974331096,0.001971362878362661,12.4399995803833,-0.2600000000000007,3.55
2024-01-12,0.0006925393510344002,-0.0019665550896227632,0.009746417465784744,12.699999809265137,-0.2600000000000007,3.56
2024-01-16,-0.0036780354700166754,-0.01776999028135344,-0.009533481464917172,13.84000015258789,-0.2600000000000007,3.58
2024-01-17,-0.005574113203379845,-0.001583144176704718,-0.011077075533253638,14.789999961853027,-0.2600000000000007,3.62
2024-01-18,0.008853424611413878,-0.009338801850432378,0.0081991767942437,14.130000114440918,-0.2600000000000007,3.58
2024-01-19,0.01238910219423396,0.003193333495134353,0.0029842685447011067,13.300000190734863,-0.2600000000000007,3.54
2024-01-22,0.0021121165438551964,0.005934121802115308,-0.003785111631635069,13.1899995803833,-0.2600000000000007,3.49
2024-01-23,0.002912328129119737,-0.00795531323697355,0.0038915513093621982,12.550000190734863,-0.2600000000000007,3.51
2024-01-24,0.001092443430432972,-0.005874678373042518,-0.008281084265806402,13.140000343322754,-0.2600000000000007,3.44
2024-01-25,0.0054242117987263316,0.00651346626475061,0.003962127078988696,13.449999809265137,-0.2600000000000007,3.45
2024-01-26,-0.001271283011846001,-0.001917858485624137,-0.0006949345993064864,13.260000228881836,-0.2600000000000007,3.39
2024-01-29,0.007888159522517842,0.011450676647391307,0.007033690942252051,13.600000381469727,-0.2600000000000007,3.41
2024-01-30,-0.0007736548077272741,0.009025227867038695,0.0013795741766668092,13.3100004196167,-0.2600000000000007,3.42
2024-01-31,-0.01645202237411872,0.009772215287417894,-0.0007426235867567754,14.350000381469727,-0.2600000000000007,3.59
2024-02-01,0.013003340736630115,0.019426145183426,0.010346957700093572,13.880000114440918,-0.33000000000000007,3.56
2024-02-02,0.01047226870199352,-0.022336019026443235,-0.009498266920115546,13.850000381469727,-0.33000000000000007,3.47
2024-02-05,-0.003647745650281179,-0.020400418980418077,-0.005529246178959096,13.670000076293945,-0.33000000000000007,3.5
2024-02-06,0.0028990359876992547,0.009726136443693103,0.0052110917695982265,13.0600004196167,-0.33000000000000007,3.52
2024-02-07,0.008305867332646566,-0.004851642841303674,-0.0002652330017039186,12.829999923706055,-0.33000000000000007,3.43
2024-02-08,0.00044158806002859486,-0.005831151218800969,-0.0009022539588233346,12.789999961853027,-0.33000000000000007,3.38
2024-02-09,0.0057626993428151006,-0.002022481874823576,-0.003883683822386861,12.930000305175781,-0.33000000000000007,3.33
2024-02-12,-0.0004390500819153809,0.0011714795832783395,-0.0026153866387210066,13.930000305175781,-0.33000000000000007,3.35
2024-02-13,-0.013868753726107262,-0.0172835201374205,-0.01388463719494907,15.850000381469727,-0.33000000000000007,3.36
2024-02-14,0.009046689646543062,0.005076185243597007,-0.0005962900909107332,14.380000114440918,-0.33000000000000007,3.38
2024-02-15,0.006875980077607977,0.005158052949548427,0.00670130851432818,14.010000228881836,-0.33000000000000007,3.35
2024-02-16,-0.004992423687029854,-0.005804243199437793,0.0036558786728406838,14.239999771118164,-0.33000000000000007,3.34
2024-02-20,-0.005520506812486622,0.0008619161244406391,0.006045896751115412,15.420000076293945,-0.33000000000000007,3.37
2024-02-21,0.0009053542675560363,-0.0071345360839638276,5.331114505738622e-05,15.34000015258789,-0.33000000000000007,3.34
2024-02-22,0.020484232900890464,0.004869717639846207,0.0004266309391015458,14.539999961853027,-0.33000000000000007,3.22
2024-02-23,0.0006894399534164746,0.013298038141722602,0.005635602023986148,13.75,-0.33000000000000007,3.23
2024-02-26,-0.0036692764676822323,-0.002987403683060594,-0.002229172292928307,13.739999771118164,-0.33000000000000007,3.23
2024-02-27,0.0018559611251662757,-0.007076799174476419,-0.0010632481058260926,13.430000305175781,-0.33000000000000007,3.26
2024-02-28,-0.0013223972372852163,0.0063286863212292455,0.001806857807827473,13.84000015258789,-0.33000000000000007,3.31
2024-02-29,0.0035884509664211813,0.00703239948370708,0.0051370494877010335,13.399999618530273,-0.33000000000000007,3.29
2024-03-01,0.009344480233039763,0.006212006561474933,0.018734204946424127,13.109999656677246,-0.3799999999999999,3.32
2024-03-04,-0.0010730925917584663,-0.004031104486071283,0.016045575240364,13.489999771118164,-0.3799999999999999,3.26
2024-03-05,-0.010044311413818629,0.014141363601947114,0.006002093012312608,14.460000038146973,-0.3799999999999999,3.31
2024-03-06,0.005054421001380554,0.005851420618149435,0.008181839163568716,14.5,-0.3799999999999999,3.27
2024-03-07,0.009877469141656981,-0.0009381381550921511,0.005667751261581818,14.4399995803833,-0.3799999999999999,3.27
2024-03-08,-0.006020159467344098,-0.0017742979341887897,0.008417025116951235,14.739999771118164,-0.3799999999999999,3.26
2024-03-11,-0.0008603517440463741,-0.0005226989269660876,0.0018333385345244608,15.220000267028809,-0.3799999999999999,3.26
2024-03-12,0.010699980289495934,-0.008396145850969839,-0.011000916093968595,13.84000015258789,-0.3799999999999999,3.2
2024-03-13,-0.0015687361746324097,-0.004860071087041227,0.006982966028737541,13.75,-0.3799999999999999,3.15
2024-03-14,-0.001978742929736523,-0.015475901635355633,-0.004183879789555109,14.399999618530273,-0.3799999999999999,3.15
2024-03-15,-0.00689028338893392,-0.0003228614898710614,-0.003199519647615261,14.40999984741211,-0.3799999999999999,3.16
2024-03-18,0.005925560342370959,-0.003016996604601619,0.0016010012977577042,14.329999923706055,-0.3799999999999999,3.13
2024-03-19,0.005541688705201126,0.0028019077855504534,-0.0011504677080451668,13.819999694824219,-0.3799999999999999,3.1
2024-03-20,0.009206823584230514,-0.0003231253198692084,0.011841472011166752,13.039999961853027,-0.3799999999999999,3.14
2024-03-21,0.003299200091204324,0.002150761175585187,-0.0010391759354036452,12.920000076293945,-0.3799999999999999,3.05
2024-03-22,-0.001897590114183336,0.009515384784788474,-0.008053310017860683,13.0600004196167,-0.3799999999999999,3.08
2024-03-25,-0.0027666351154644626,-0.005013733624100339,0.0031893153617754324,13.1899995803833,-0.3799999999999999,3.11
2024-03-26,-0.0018486849536712363,0.00277638557147493,0.0032287432792988957,13.239999771118164,-0.3799999999999999,3.15
2024-03-27,0.00836872567558465,0.009869287823170567,0.007214572450621008,12.779999732971191,-0.3799999999999999,3.15
2024-03-28,-0.00019110412167204504,-0.0008449850730054549,0.01281752820240996,13.010000228881836,-0.3799999999999999,3.12
2024-04-01,-0.0017415181230164762,-0.018817056854938428,0.01015632882706488,13.649999618530273,-0.33000000000000007,3.12
2024-04-02,-0.006378140935506492,-0.0055258543531949466,0.014664311961913869,14.609999656677246,-0.33000000000000007,3.23
2024-04-03,0.0010977607207473706,-0.00021729163014353673,0.008734121015036823,14.329999923706055,-0.33000000000000007,3.23
2024-04-04,-0.012281127913116861,0.007146620485593728,-0.005751211782367559,16.350000381469727,-0.33000000000000007,3.24
2024-04-05,0.010392690886696644,-0.014016682947823662,0.01696939930469014,16.030000686645508,-0.33000000000000007,3.18
2024-04-08,0.0005591677492168231,-0.00010923014341231013,0.006209168519561672,15.1899995803833,-0.33000000000000007,3.15
2024-04-09,0.001156164467467064,0.009258864916058953,0.005482001328254476,14.979999542236328,-0.33000000000000007,3.14
2024-04-10,-0.010063545928770254,-0.02203432796325697,-0.009508923035404604,15.800000190734863,-0.33000000000000007,3.1
2024-04-11,0.007518470781321593,-0.004555127308823016,0.01924683287449554,14.90999984741211,-0.33000000000000007,3.16
2024-04-12,-0.013899253636575067,0.005330697175316375,-0.013327746093360097,17.309999465942383,-0.33000000000000007,3.25
2024-04-15,-0.01260730150407567,-0.0156271309227317,0.01854610800435578,19.229999542236328,-0.33000000000000007,3.28
2024-04-16,-0.0018253519772308193,-0.006659317998680676,0.0012212692273934644,18.399999618530273,-0.33000000000000007,3.36
2024-04-17,-0.005935884781432913,0.011037241152350132,-0.007395532411290297,18.209999084472656,-0.33000000000000007,3.42
2024-04-18,-0.0020599093734715744,-0.005053146966270655,0.0034096367107846366,18.0,-0.33000000000000007,3.39
2024-04-19,-0.008766625930401764,0.0035959989706838376,0.0031266420969041134,18.709999084472656,-0.33000000000000007,3.37
2024-04-22,0.009166999354821815,-0.0016840321204719254,-0.025012716627157542,16.940000534057617,-0.33000000000000007,3.29
2024-04-23,0.01179675357205064,0.0003368835103494629,-0.0024616906480957905,15.6899995803833,-0.33000000000000007,3.2
2024-04-24,-0.00047465817279098024,-0.007101327056400393,-0.0018618228395408355,15.970000267028809,-0.33000000000000007,3.19
2024-04-25,-0.0038062052113857162,-0.007038204245874935,0.005945756955740473,15.369999885559082,-0.33000000000000007,3.24
2024-04-26,0.009429290275657226,0.005226660862805428,0.0032366836371748075,15.029999732971191,-0.33000000000000007,3.16
2024-04-29,0.003535296441817665,0.008351459814981997,-0.002033283758808563,14.670000076293945,-0.33000000000000007,3.12
2024-04-30,-0.01596802854839947,-0.008578299078315067,-0.02013850411793736,15.649999618530273,-0.33000000000000007,3.18
2024-05-01,-0.0032524968628768604,0.007344280892338532,0.009021337418355644,15.390000343322754,-0.3799999999999999,3.21
2024-05-02,0.009309996295354443,0.0042817250416838076,-0.003091862325121168,14.680000305175781,-0.3799999999999999,3.16
2024-05-03,0.012319103938198383,0.010068284454454995,-0.0007979449099420573,13.489999771118164,-0.3799999999999999,3.08
2024-05-06,0.010273898096004055,0.0038883733930488527,0.010463427933373832,13.489999771118164,-0.3799999999999999,3.03
2024-05-07,0.001102763434147798,0.00607936716851572,-0.00461094049941965,13.229999542236328,-0.3799999999999999,3.06
2024-05-08,9.677320017326452e-05,-0.006079367168515856,-0.0029453952906236033,13.0,-0.3799999999999999,3.1
2024-05-09,0.005745210863202857,0.00486637348287003,0.01565541986116323,12.6899995803833,-0.3799999999999999,3.14
2024-05-10,0.0012873349506783353,-0.005643134621707493,0.008079783894319735,12.550000190734863,-0.3799999999999999,3.12
2024-05-13,0.000134253430648467,0.0025487833500904646,-0.011265319955387511,13.600000381469727,-0.3799999999999999,3.14
2024-05-14,0.0045777606504014004,0.005629084541152747,0.008426442720749588,13.420000076293945,-0.3799999999999999,3.14
2024-05-15,0.012306924767577302,0.013555021440228519,0.012757032448187955,12.449999809265137,-0.3799999999999999,3.13
2024-05-16,-0.002059664345543783,-0.0009777448960638542,-0.003900942141432421,12.420000076293945,-0.3799999999999999,3.08
2024-05-17,0.00143660128942231,-0.0067612643374858625,0.016363162829441925,11.989999771118164,-0.3799999999999999,3.09
2024-05-20,0.0011515005622798346,-0.0029585870240393507,0.004015863208074463,12.149999618530273,-0.3799999999999999,3.07
2024-05-21,0.002449178152393905,0.00514460081798273,-0.0014706294501547247,11.859999656677246,-0.3799999999999999,3.07
2024-05-22,-0.002883210263780262,0.0012003780119901164,-0.018544867564565665,12.289999961853027,-0.3799999999999999,3.11
2024-05-23,-0.007331198318434473,-0.006454971008417768,-0.02014614803918644,12.770000457763672,-0.3799999999999999,3.1
2024-05-24,0.006594835950507941,0.002959184801322497,0.0009266841017383871,11.930000305175781,-0.3799999999999999,3.11
2024-05-28,0.0006986012794964109,-0.014439473831612558,0.01045829379441463,12.920000076293945,-0.3799999999999999,3.09
2024-05-29,-0.007027205122289881,-0.012175402938363918,-0.009347362870368763,14.279999732971191,-0.3799999999999999,3.15
2024-05-30,-0.0066558648560571315,0.009618778819004846,0.0018949634848045166,14.470000267028809,-0.3799999999999999,3.19
2024-05-31,0.009067026728528197,0.00676671899123782,-0.005881436093592545,12.920000076293945,-0.3799999999999999,3.2
2024-06-03,0.0008148287906205388,0.016045302048522347,0.008878251926791354,13.109999656677246,-0.3799999999999999,3.17
2024-06-04,0.0011173542670816954,0.011613209226770244,-0.00901759641821021,13.15999984741211,-0.3799999999999999,3.22
2024-06-05,0.01181497596193171,0.00731115590725242,0.011775993219294973,12.630000114440918,-0.3799999999999999,3.2
2024-06-06,-1.870945675388144e-05,-0.001500981743980043,0.0073641743967564136,12.579999923706055,-0.3799999999999999,3.2
2024-06-07,-0.0012165149142074724,-0.01851588900770967,-0.036335512840658196,12.220000267028809,-0.3799999999999999,3.15
2024-06-10,0.0030852631529255303,-0.0066890075894235,0.009126408480625946,12.739999771118164,-0.3799999999999999,3.15
2024-06-11,0.002405207839769021,0.010289115432384413,0.0028525382508942246,12.850000381469727,-0.3799999999999999,3.19
2024-06-12,0.00817976780751847,0.007485655633917631,0.002658183908153708,12.039999961853027,-0.3799999999999999,3.09
2024-06-13,0.0020112774649625373,0.014592695635905388,-0.008183543017197694,11.9399995803833,-0.3799999999999999,3.2
2024-06-14,0.0006083660892198396,0.00837976406374915,0.012876289526632455,12.65999984741211,-0.3799999999999999,3.29
2024-06-17,0.007927031014027641,-0.009978819238762883,-0.005205175700450875,12.75,-0.3799999999999999,3.26
2024-06-18,0.0025377116396154958,0.00913322657078119,0.0039992641040523845,12.300000190734863,-0.3799999999999999,3.24
2024-06-20,-0.0027202276049832995,-0.006682362833990542,0.012407060942233438,13.279999732971191,-0.3799999999999999,3.23
2024-06-21,-0.001341491211993752,0.0,-0.015614512577113812,13.199999809265137,-0.3799999999999999,3.21
2024-06-24,-0.0032560363199116184,0.004035948079747703,0.0039497558204108826,13.329999923706055,-0.3799999999999999,3.19
2024-06-25,0.0038433388966389917,0.0016946838177016744,-0.004974590412272679,12.84000015258789,-0.3799999999999999,3.19
2024-06-26,0.0012474879393902204,-0.014388762854341524,-0.009271011435783051,12.550000190734863,-0.3799999999999999,3.18
2024-06-27,0.0015751679490797151,0.003964179265378272,0.011273144249924162,12.239999771118164,-0.3799999999999999,3.21
2024-06-28,-0.003942753597241965,-0.018780808332712885,9.297215668029186e-05,12.4399995803833,-0.3799999999999999,3.18
2024-07-01,0.0020556595453823817,-0.017409736043391588,0.0026012036358740546,12.220000267028809,-0.25,3.21
2024-07-02,0.006707424584297992,0.007755515224097194,-4.643502198142268e-05,12.029999732971191,-0.25,3.23
2024-07-03,0.004452590651339259,0.013047518155448487,0.01120993363706169,12.09000015258789,-0.25,3.25
2024-07-05,0.005749908524845502,0.00824498723066973,0.013396660734694752,12.479999542236328,-0.25,3.27
2024-07-08,0.001153275086205965,0.002158585153247656,-0.012479622087256387,12.369999885559082,-0.25,3.2
2024-07-09,0.0009720073332111152,-0.004430179189163465,0.00169431118809057,12.510000228881836,-0.25,3.21
2024-07-10,0.009846779377452432,0.003135836835115881,0.003653653384415314,12.850000381469727,-0.25,3.17
2024-07-11,-0.008660002271046232,0.009667859242066708,0.017578001160184497,12.920000076293945,-0.25,3.18
2024-07-12,0.006287623446889073,0.004266996151315649,-0.0006272936376368344,12.460000038146973,-0.25,3.19
2024-07-15,0.0027463458611404206,-0.011563143066095741,0.0032219172131206842,13.119999885559082,-0.25,3.13
2024-07-16,0.00591245751484347,0.01400850568599027,0.01972987782004887,13.1899995803833,-0.25,3.08
2024-07-17,-0.014120290973489042,0.0002123045482522336,-0.0046540195707980275,14.479999542236328,-0.25,3.09
2024-07-18,-0.007714381660446922,-0.007673269804401794,-0.006401633154546632,15.930000305175781,-0.25,3.09
2024-07-19,-0.006662751077510184,-0.005901604078324742,-0.018100662230646155,16.520000457763672,-0.25,3.09
2024-07-22,0.010257251925249079,-0.002909915864098565,0.0003156824791686295,14.90999984741211,-0.25,3.05
2024-07-23,-0.001570090194814707,-0.001404288038887296,0.003510507096461622,14.720000267028809,-0.25,3.02
2024-07-24,-0.022923224338727746,-0.010867287424389966,-0.0035105070964615765,18.040000915527344,-0.25,3.1
2024-07-25,-0.005223782673843836,0.008161673757722861,-0.015768400613655725,18.459999084472656,-0.25,3.08
2024-07-26,0.01113734369022862,0.007772764649548311,0.010479424389843233,16.389999389648438,-0.25,3.1
2024-07-29,0.0005876069125860719,0.005362374690007151,-0.0014060442276131696,16.600000381469727,-0.25,3.13
2024-07-30,-0.005079341629614852,0.003843438797174602,0.009935936183544776,17.690000534057617,-0.25,3.2
2024-07-31,0.016123894118010303,0.010177038656110863,0.017948680176279857,16.360000610351562,-0.25,3.25
2024-08-01,-0.014262021983354306,0.008587982039576052,-0.003448883709883457,18.59000015258789,-0.10000000000000009,3.35
2024-08-02,-0.018794122569683547,0.03068580145383865,-0.0019064443892985788,23.389999389648438,-0.10000000000000009,3.72
2024-08-05,-0.02955597629100743,0.005276788313020437,-0.01277316576262444,38.56999969482422,-0.10000000000000009,3.93
2024-08-06,0.009177283622446535,-0.022622099379825143,-0.008032891286850252,27.709999084472656,-0.10000000000000009,3.67
2024-08-07,-0.0067066135129985206,-0.007065064167637499,-0.0006798590470787476,27.850000381469727,-0.10000000000000009,3.57
2024-08-08,0.022854334861779693,-0.006170541197239789,0.01556622880577821,23.790000915527344,-0.10000000000000009,3.48
2024-08-09,0.004399824364826987,0.00981330162372835,0.002452251987911254,20.3700008392334,-0.10000000000000009,3.49
2024-08-12,0.0005254369766317401,0.0036291981994366973,0.01699935451192235,20.709999084472656,-0.10000000000000009,3.52
2024-08-13,0.01631166029882515,0.006911037904362467,-0.0015335341694870399,18.1200008392334,-0.10000000000000009,3.54
2024-08-14,0.0031498706634310713,0.006251202639951918,-0.008189191333501105,16.190000534057617,-0.10000000000000009,3.46
2024-08-15,0.01699512125184807,-0.008103135055907021,0.0031339290416113642,15.229999542236328,-0.10000000000000009,3.31
2024-08-16,0.0022393569881340933,0.0034953516311512878,0.0221408117352879,14.800000190734863,-0.10000000000000009,3.29
2024-08-19,0.009515950300571948,0.004607783424755908,-0.0016393656726291592,14.649999618530273,-0.10000000000000009,3.21
2024-08-20,-0.0016272145126908608,0.007936521356136452,0.003663270802502215,15.880000114440918,-0.10000000000000009,3.25
2024-08-21,0.0034304384509777014,0.0006078941897801579,-0.0013345079227065216,16.270000457763672,-0.10000000000000009,3.27
2024-08-22,-0.007879316198772308,-0.009975623787386563,-0.012047289256477975,17.549999237060547,-0.10000000000000009,3.21
2024-08-23,0.01056914549840411,0.006525854333342547,0.011487194343258993,15.859999656677246,-0.10000000000000009,3.19
2024-08-26,-0.0023866259113007634,-0.002543910941660164,0.0031842629268953445,16.149999618530273,-0.10000000000000009,3.15
2024-08-27,0.0013721568299351415,-0.0017338925884515573,0.00270301522962425,15.430000305175781,-0.10000000000000009,3.17
2024-08-28,-0.005822166247760253,-0.0012255982795860954,-0.007051666972008083,17.110000610351562,-0.10000000000000009,3.19
2024-08-29,8.962982386478486e-05,-0.0032758215418853638,0.005164620716356872,15.649999618530273,-0.10000000000000009,3.15
2024-08-30,0.009500599996164883,-0.010720525340341258,-0.0071515197828322195,15.0,-0.10000000000000009,3.13
2024-09-03,-0.02079369435930284,0.01622280571002585,-0.00433295027353233,20.719999313354492,-0.10000000000000009,3.31
2024-09-04,-0.0020488615040308513,0.012807781379995367,0.0006077417877377091,21.31999969482422,-0.10000000000000009,3.35
2024-09-05,-0.002435114582399547,0.00564013215811039,0.008297784905920138,19.899999618530273,-0.10000000000000009,3.29
2024-09-06,-0.016973625093464086,-0.0001003293406172524,-0.007430165851405754,22.3799991607666,-0.10000000000000009,3.39
2024-09-09,0.011134103125543788,0.004309527028837299,0.004197056104325384,19.450000762939453,-0.10000000000000009,3.36
2024-09-10,0.004346326994243965,0.006976521191970627,0.004394427867847918,19.079999923706055,-0.10000000000000009,3.46
2024-09-11,0.010206681706174558,-0.0007948786928909033,-0.0015918222264343484,17.690000534057617,-0.10000000000000009,3.44
2024-09-12,0.008388007445118225,-0.004682664451738531,0.01741476344611925,17.06999969482422,-0.10000000000000009,3.39
2024-09-13,0.00520914737236218,0.002692821570099056,0.009894570827460453,16.559999465942383,-0.10000000000000009,3.37
2024-09-16,0.001475812389744031,0.009120621475469272,-8.375168155570817e-05,17.139999389648438,-0.10000000000000009,3.32
2024-09-17,0.0004085962914658302,-0.0048476606817377055,-0.005546263478781612,17.610000610351562,-0.10000000000000009,3.25
2024-09-18,-0.0029702475783927105,-0.012473082556433873,-0.007740344731775493,18.229999542236328,-0.10000000000000009,3.21
2024-09-19,0.01692019877892661,-0.0033192456094779106,0.015421236419487627,16.329999923706055,-0.10000000000000009,3.1
2024-09-20,-0.0017300226862627195,-0.0038356257449735833,0.012630557682531525,16.149999618530273,-0.10000000000000009,3.15
2024-09-23,0.002495817124092393,-0.0021258438508052683,0.00193852671610104,15.890000343322754,-0.10000000000000009,3.15
2024-09-24,0.002857246549837139,-0.00020291495169181303,0.013872405171650835,15.390000343322754,-0.10000000000000009,3.21
2024-09-25,-0.0022079972930059673,-0.008346865024912794,-0.0013827232563758825,15.40999984741211,-0.10000000000000009,3.19
2024-09-26,0.003956800645357593,0.002347920540628903,0.005073989582052931,15.369999885559082,-0.10000000000000009,3.14
2024-09-27,-0.0014514159608966847,0.005187871126677963,-0.00796748708764577,16.959999084472656,-0.10000000000000009,3.14
2024-09-30,0.003999330024164235,-0.004779641267365071,-0.008031540905021974,16.729999542236328,-0.10000000000000009,3.03
2024-10-01,-0.008998800666687687,0.007194041008123062,0.01043659814331518,19.260000228881836,0.12999999999999945,3.07
2024-10-02,0.00042210193623655316,-0.008462925749529079,0.000203566476664949,18.899999618530273,0.12999999999999945,3.06
2024-10-03,-0.001829849480538072,-0.009464952082219888,-0.0006922454344502302,20.489999771118164,0.12999999999999945,3.04
2024-10-04,0.009046227722402978,-0.01237752657328728,-0.00199802503899798,19.209999084472656,0.12999999999999945,2.89
2024-10-07,-0.009081679333255575,-0.007563880312832624,-0.0033935140367649104,22.639999389648438,0.12999999999999945,2.95
2024-10-08,0.00941320719075716,0.0016858995493308614,-0.007399232494344503,21.420000076293945,0.12999999999999945,2.99
2024-10-09,0.006902798919994205,-0.005701176867155118,-0.0054610705017173605,20.860000610351562,0.12999999999999945,2.94
2024-10-10,-0.001751809536473858,-0.0039250142002011795,0.007316064767089658,20.93000030517578,0.12999999999999945,2.99
2024-10-11,0.005970194588003583,-0.004047089829139945,0.01085428686886074,20.459999084472656,0.12999999999999945,2.98
2024-10-14,0.008145189033904774,0.0007463743239995284,-0.0016308312397319176,19.700000762939453,0.12999999999999945,2.97
2024-10-15,-0.0077999686368360405,0.012084441280817003,0.0034623584364339233,20.639999389648438,0.12999999999999945,2.93
2024-10-16,0.004337078571955299,0.004205675730382402,0.0049891427128232555,19.579999923706055,0.12999999999999945,2.9
2024-10-17,8.567303132898711e-05,-0.015970039241424146,0.005970452161761758,19.110000610351562,0.12999999999999945,2.89
2024-10-18,0.003839207141191209,0.0007459274252373703,0.010562207979593495,18.030000686645508,0.12999999999999945,2.88
2024-10-21,-0.0016435547744221436,-0.017625447559816855,-0.0001990210805239133,18.3700008392334,0.12999999999999945,2.88
2024-10-22,-0.000531233286671082,0.0009754151868980668,0.010729555523637746,18.200000762939453,0.12999999999999945,2.92
2024-10-23,-0.00917942688650807,-0.0027116321587243044,-0.012123752431615111,19.239999771118164,0.12999999999999945,2.95
2024-10-24,0.0021603916004062384,0.0063879419731014304,0.007663817134299539,19.079999923706055,0.12999999999999945,2.93
2024-10-25,-0.0003454350047973738,-0.005628003828615222,0.0020548662166116312,20.329999923706055,0.12999999999999945,2.89
2024-10-28,0.0030865506613739747,-0.002716847840970351,3.945329776617785e-05,19.799999237060547,0.12999999999999945,2.82
2024-10-29,0.0016170846286607974,0.0015224506586394245,0.010835937036952448,19.34000015258789,0.12999999999999945,2.85
2024-10-30,-0.003029816921294481,0.002929473520428054,0.005490789207931537,20.350000381469727,0.12999999999999945,2.8
2024-10-31,-0.01979763993932215,0.0016237552501304465,-0.01561647178727062,23.15999984741211,0.12999999999999945,2.88
2024-11-01,0.004211460317860259,-0.014198679643547261,-0.004110813705942248,21.8799991607666,0.10000000000000053,2.83
2024-11-04,-0.002156229908044965,0.015402668469868269,0.0014248987496042703,21.979999542236328,0.10000000000000053,2.87
2024-11-05,0.012019404124795185,0.0052977394451294854,0.0022519104403696992,20.489999771118164,0.10000000000000053,2.86
2024-11-06,0.024561570571792615,-0.027770699674737113,-0.030857976694085517,16.270000457763672,0.10000000000000053,2.74
2024-11-07,0.007702215791744643,0.012450041393823125,0.01594864539186116,15.199999809265137,0.10000000000000053,2.73
2024-11-08,0.004322387177034996,0.012621166796436396,-0.006792442588197375,14.9399995803833,0.10000000000000053,2.63
2024-11-11,0.0009523723239223555,-0.004877277056322572,-0.02375140115119195,14.970000267028809,0.10000000000000053,2.63
2024-11-12,-0.0031111784923821034,-0.015106954274315213,-0.008668821068980244,14.710000038146973,0.10000000000000053,2.61
2024-11-13,0.0004855474799212158,-0.009531429625911287,-0.010132384997697268,14.020000457763672,0.10000000000000053,2.64
2024-11-14,-0.006450779429981379,0.005774081149212827,-0.002612551531378293,14.3100004196167,0.10000000000000053,2.6
2024-11-15,-0.012891449069122629,-0.0026606652433216675,-0.0017736414154014318,16.139999389648438,0.10000000000000053,2.72
2024-11-18,0.004089116364646489,0.0017745330716934112,0.01884162282592499,15.579999923706055,0.10000000000000053,2.72
2024-11-19,0.0036488176777682395,0.005084457543270333,0.00891942849470824,16.350000381469727,0.10000000000000053,2.69
2024-11-20,0.0003386364663645973,-0.00320221793400635,0.005616245032295766,17.15999984741211,0.10000000000000053,2.67
2024-11-21,0.0053539834060511,-0.0007746744859294673,0.008304918886222272,16.8700008392334,0.10000000000000053,2.61
2024-11-22,0.0030947991929118268,0.0005532327515315459,0.012809813332372074,15.239999771118164,0.10000000000000053,2.61
2024-11-25,0.0033862035942784905,0.025558516525839497,-0.029901483187305778,14.600000381469727,0.10000000000000053,2.64
2024-11-26,0.005207999689768441,-0.0038899266431080266,0.001936433160954421,14.100000381469727,0.10000000000000053,2.68
2024-11-27,-0.0030348669108593877,0.006904764787860138,0.0022202481870022992,14.100000381469727,0.10000000000000053,2.69
2024-11-29,0.0061930564261678455,0.010268656521423659,0.008587567442534243,13.510000228881836,0.10000000000000053,2.72
2024-12-02,0.0017906542793228823,0.0023997418746718783,-0.008792948302693988,13.34000015258789,0.10000000000000053,2.68
2024-12-03,0.00046377791930255873,-0.008666191056035092,0.0020107532444556663,13.300000190734863,0.10000000000000053,2.66
2024-12-04,0.006190198461458886,0.010688302762599822,0.00302908748607766,13.449999809265137,0.10000000000000053,2.66
2024-12-05,-0.0016469560139122368,0.002018031021025289,-0.0074252082091734815,13.539999961853027,0.10000000000000053,2.66
2024-12-06,0.001893842296124981,0.00148423281957086,0.0003705001517975754,12.770000457763672,0.10000000000000053,2.67
2024-12-09,-0.005162829096702721,-0.00925988673402341,0.009870874002918592,14.1899995803833,0.10000000000000053,2.67
2024-12-10,-0.003113962224766218,-0.004715811360152137,0.013078415980993926,14.180000305175781,0.10000000000000053,2.67
2024-12-11,0.007700935315359931,-0.00949930864866668,0.009488652360594872,13.579999923706055,0.10000000000000053,2.64
2024-12-12,-0.005165913499901922,-0.012221882676329072,-0.01477229774782158,13.920000076293945,0.10000000000000053,2.66
2024-12-13,-0.0001986415474580235,-0.01026337994919194,-0.01216527622337442,13.8100004196167,0.10000000000000053,2.68
2024-12-16,0.004260893044531318,0.0029906102090625454,0.00241229791280552,14.6899995803833,0.10000000000000053,2.69
2024-12-17,-0.004128563775186064,0.0024302279178365174,-0.003846011153453628,15.869999885559082,0.10000000000000053,2.75
2024-12-18,-0.03025662357994095,-0.01258329850266944,-0.01937149963953244,27.6200008392334,0.10000000000000053,2.73
2024-12-19,-0.00030704645349531975,-0.015257115705725528,0.0014200879312812307,24.09000015258789,0.10000000000000053,2.91
2024-12-20,0.0119393312611692,0.0056779506463705285,0.01037999743966833,18.360000610351562,0.10000000000000053,2.86
2024-12-23,0.005970465013517244,-0.009214537633556247,-0.004719916680210798,16.780000686645508,0.10000000000000053,2.85
2024-12-24,0.011053747061785132,0.004219597878103905,0.001990032656870636,14.270000457763672,0.10000000000000053,2.86
2024-12-26,6.652143851463915e-05,-0.0005691740400015229,0.0067284927019149185,14.729999542236328,0.10000000000000053,2.86
2024-12-27,-0.010582308699819935,-0.008232342575859194,-0.006894214453703814,15.949999809265137,0.10000000000000053,2.84
2024-12-30,-0.011477325916348764,0.008004655913721766,-0.0031947790408758405,17.399999618530273,0.10000000000000053,2.94
