,portfolio
2006-01-04,-0.0059249344505609884
2006-01-05,0.00853965746352348
2006-01-06,0.00616869995142019
2006-01-09,-0.00409622531264953
2006-01-10,0.0038548815231288333
2006-01-11,-0.0011885069649402399
2006-01-12,0.0062047049933023
2006-01-13,-0.0014483364934970286
2006-01-17,-0.008587401374791435
2006-01-18,0.00964525500987728
2006-01-19,-0.010794498251694467
2006-01-20,0.004800195874382107
2006-01-23,-0.0006783222967746683
2006-01-24,0.00044492381620847067
2006-01-25,0.0005033858854763334
2006-01-26,0.0032659416367698977
2006-01-27,0.005021605000816656
2006-01-30,-0.003014872608633006
2006-01-31,0.0027929481796694702
2006-02-01,-0.0039814276059632996
2006-02-02,-0.003612561825794054
2006-02-03,0.002866682930182771
2006-02-06,-0.016817839818171185
2006-02-07,0.00531900733180779
2006-02-08,0.0073721085797495475
2006-02-09,-0.007711409345486943
2006-02-10,-0.006803464142725413
2006-02-13,0.008831994421792205
2006-02-14,-0.0017998196498344174
2006-02-15,0.007986102768250812
2006-02-16,0.002643983835687924
2006-02-17,-0.0007016789982693146
2006-02-21,0.005582393154028424
2006-02-22,-0.005058318126326508
2006-02-23,0.006410078521205221
2006-02-24,-0.0024094980887674772
2006-02-27,0.0007969033838358319
2006-02-28,0.0033739135998663025
2006-03-01,0.001967033802289517
2006-03-02,-0.005927328063142216
2006-03-03,-0.009700285194925592
2006-03-06,-0.002170129993029704
2006-03-07,-0.004412303467172351
2006-03-08,-0.0017999088804975234
2006-03-09,0.0017047087687107202
2006-03-10,0.0034368624213440167
2006-03-13,0.009622905006870264
2006-03-14,0.002502861083611435
2006-03-15,0.004029727543916858
2006-03-16,-0.0013846234561492145
2006-03-17,-0.0002175777654968863
2006-03-20,-0.006044574635803997
2006-03-21,0.0030293458061728686
2006-03-22,-0.0019427489311741103
2006-03-23,0.007337401859704384
2006-03-24,0.002167307939198302
2006-03-27,-0.006725909128874692
2006-03-28,0.007523747058284641
2006-03-29,0.005652565913138337
2006-03-30,-0.002524017452457038
2006-03-31,0.0015837075378407344
2006-04-03,0.0022616348927953995
2006-04-04,0.003690127287350222
2006-04-05,0.0010894607717221116
2006-04-06,-0.010584153945077108
2006-04-07,0.00627469344833895
2006-04-10,-0.006539749501096497
2006-04-11,0.0018404857554081362
2006-04-12,-0.001722694452893511
2006-04-13,0.008449750254066114
2006-04-17,0.011928857437142509
2006-04-18,0.008803883160752276
2006-04-19,-0.012904650626374714
2006-04-20,0.012061080776027475
2006-04-21,-0.0075649377763202024
2006-04-24,0.0009955776804910377
2006-04-25,0.0039107689773598625
2006-04-26,-0.0005982026166151404
2006-04-27,0.01180027334780364
2006-04-28,-0.005272483898197829
2006-05-01,0.010604299507532552
2006-05-02,-0.0027063966478654044
2006-05-03,0.006024817956541905
2006-05-04,0.007854630417732822
2006-05-05,-0.002387769273237695
2006-05-08,0.010130816053797453
2006-05-09,0.003093052931956647
2006-05-10,-0.004295536827169721
2006-05-11,-0.007855016024385071
2006-05-12,-0.014270850884980302
2006-05-15,0.006048089755471378
2006-05-16,-0.012869923203777278
2006-05-17,-0.0028799412127801963
2006-05-18,-0.004443760730156465
2006-05-19,-0.004688168877003079
2006-05-22,0.0009824457496551394
2006-05-23,-0.006599209874550428
2006-05-24,0.008344698022635651
2006-05-25,0.0042446477412028056
2006-05-26,-0.009008641317332212
2006-05-30,0.00028595538854779296
2006-05-31,-0.002251414301525774
2006-06-01,0.008085585377855838
2006-06-02,-0.008593866704108107
2006-06-05,-0.003806652450193058
2006-06-06,-0.005010369189721956
2006-06-07,-0.006711018382411698
2006-06-08,-0.0028146763737275926
2006-06-09,-0.007382804651629932
2006-06-12,-0.013138906623630844
2006-06-13,-0.0049175082663054474
2006-06-14,0.006295107091700718
2006-06-15,-0.002239851441762594
2006-06-16,-0.011176923051439976
2006-06-19,0.006324410900710141
2006-06-20,0.009085994742074395
2006-06-21,-0.006451819211534414
2006-06-22,0.0008607813010641169
2006-06-23,0.003317533743754224
2006-06-26,-0.006461196984115937
2006-06-27,0.0015942530804044035
2006-06-28,0.02082088525237786
2006-06-29,0.010467584907015775
2006-06-30,0.0064594136104392606
2006-07-03,-0.0029274522993435487
2006-07-05,0.005161012531464412
2006-07-06,-0.00384391385333143
2006-07-07,-0.0017997388924908223
2006-07-10,0.011377543266467519
2006-07-11,-0.00014518816299805698
2006-07-12,-0.0045229306083272355
2006-07-13,-0.0004519958523949441
2006-07-14,-0.009207053428539827
2006-07-17,-0.004140505723862381
2006-07-18,0.014117106360194837
2006-07-19,-0.009910729808892245
2006-07-20,-0.00792035755679871
2006-07-21,0.006133519217885172
2006-07-24,0.0031973336838377374
2006-07-25,0.0035839172464967877
2006-07-26,0.003545335695125241
2006-07-27,0.007133422118295899
2006-07-28,-1.4247922274203298e-05
2006-07-31,0.0029711128902290985
2006-08-01,0.006115247318495574
2006-08-02,-0.0015611125367563105
2006-08-03,0.0010986032934253258
2006-08-04,-3.0526949144654486e-05
2006-08-07,-0.004834687377457709
2006-08-08,0.0007379822211303374
2006-08-09,-0.005244648937883513
2006-08-10,-0.004852228053776436
2006-08-11,-0.0021666835251963347
2006-08-14,0.006466724412781447
2006-08-15,0.007800112227981677
2006-08-16,-0.005891265786108261
2006-08-17,0.0031577210129809024
2006-08-18,0.005369199012195498
2006-08-21,-0.0018490648821537093
2006-08-22,-0.002359088825924719
2006-08-23,-0.0004456403187637959
2006-08-24,0.001011413131537651
2006-08-25,-0.001197721248045599
2006-08-28,0.0005534347929893344
2006-08-29,0.0031840484206201365
2006-08-30,0.0046203847039499105
2006-08-31,0.0023215880636851425
2006-09-01,0.005525963134716743
2006-09-05,-0.007076952362673045
2006-09-06,-0.009697530359970506
2006-09-07,-0.0014204121205426176
2006-09-08,-0.01046307810148907
2006-09-11,0.0049654358440153305
2006-09-12,0.0036383799866727823
2006-09-13,-0.007827634997753758
2006-09-14,0.002111989774335278
2006-09-15,0.00466796451302868
2006-09-18,-0.0058443832763756375
2006-09-19,0.004729251775196099
2006-09-20,0.0029964053413725706
2006-09-21,0.0022984333327432755
2006-09-22,0.005226555348735254
2006-09-25,0.004519641495627048
2006-09-26,0.0054349295187460685
2006-09-27,-0.0006221075048523038
2006-09-28,-0.0022673124472291925
2006-09-29,-0.0029465704496834146
2006-10-02,-0.009747194638375607
2006-10-03,0.003354530173294611
2006-10-04,0.002467909567062911
2006-10-05,-0.002356560262235695
2006-10-06,0.0019426076690565086
2006-10-09,-0.001973017521102901
2006-10-10,-0.001817030162205844
2006-10-11,0.007625267745079646
2006-10-12,0.005859213107262423
2006-10-13,0.004718225741928229
2006-10-16,-0.004061882578950115
2006-10-17,0.0007628221891976949
2006-10-18,0.00460938890683996
2006-10-19,-0.0032942241729627723
2006-10-20,-0.003755877750430506
2006-10-23,0.0036110059514249484
2006-10-24,0.006305102335663025
2006-10-25,0.005538608961713971
2006-10-26,-0.0016632236671518972
2006-10-27,0.0027132683296938825
2006-10-30,0.0031680651336639574
2006-10-31,0.0032440874078974737
2006-11-01,0.0016086818411764512
2006-11-02,-0.0014229268286222077
2006-11-03,0.0042132280953641275
2006-11-06,0.0035632561834302284
2006-11-07,-0.002733896727209417
2006-11-08,0.006153182718127532
2006-11-09,-0.0011127941701684152
2006-11-10,-0.0002602722006083472
2006-11-13,0.001802295930909659
2006-11-14,0.0016955314895744495
2006-11-15,-0.0022131128057341263
2006-11-16,0.0035706295859202672
2006-11-17,0.0005472592320396151
2006-11-20,0.003404677358046523
2006-11-21,0.0024320705321376423
2006-11-22,0.0030889323525294995
2006-11-24,-0.005252885007413954
2006-11-27,0.001967196452721089
2006-11-28,0.002785592089246171
2006-11-29,0.0073147998931452855
2006-11-30,-0.0018565370015424972
2006-12-01,0.0041506792590856
2006-12-04,-0.000241287579181224
2006-12-05,-0.006130736967184491
2006-12-06,-0.002153830297256141
2006-12-07,-0.003806937315145753
2006-12-08,0.00481353366620214
2006-12-11,-0.00020889452653517413
2006-12-12,-0.0014545396249161296
2006-12-13,0.0019176631691215367
2006-12-14,-0.005301134128165271
2006-12-15,-0.0011081866840815177
2006-12-18,0.004394431240900648
2006-12-19,-0.0011786046729416054
2006-12-20,-0.002001567404257185
2006-12-21,-0.003302303556942554
2006-12-22,0.005144789806485578
2006-12-26,0.0029570881017355975
2006-12-27,0.001755534493837819
2006-12-28,-0.0007618719277428284
2006-12-29,-0.003910549478104362
2007-01-03,-0.0007810260000260002
2007-01-04,-0.012166188510938467
2007-01-05,0.004206990984968865
2007-01-08,0.0014045588978220832
2007-01-09,-0.0005184668535048451
2007-01-10,0.0012107783110611545
2007-01-11,0.010379997431785618
2007-01-12,-0.0015140621232136572
2007-01-16,0.0028231909461483183
2007-01-17,-0.002893430894518773
2007-01-18,0.003981132345356361
2007-01-19,-0.0024026772503574073
2007-01-22,0.007290453512646712
2007-01-23,0.00445470992505288
2007-01-24,-0.008610436981709324
2007-01-25,-0.00010335582745100264
2007-01-26,-0.0025950633965728196
2007-01-29,0.004938252418348702
2007-01-30,0.007860834575846052
2007-01-31,0.004541165420203786
2007-02-01,-0.003412113824336666
2007-02-02,0.000552848863049332
2007-02-05,0.0034654738136101686
2007-02-06,0.0009523898667374912
2007-02-07,0.0036076006012520055
2007-02-08,-0.0021408566267130833
2007-02-09,-0.004210588374719999
2007-02-12,0.004540291188145235
2007-02-13,0.007571914439969034
2007-02-14,0.0014220451858075955
2007-02-15,0.00023463316307360715
2007-02-16,-0.003271668341117382
2007-02-20,0.008684224563408796
2007-02-21,-0.002354644466304759
2007-02-22,0.0020014595148981746
2007-02-23,0.0025552061204588824
2007-02-26,-0.029499983017632438
2007-02-27,0.0022609138329308144
2007-02-28,-0.00461257638896407
2007-03-01,-0.015365144519787174
2007-03-02,-0.008145607337886829
2007-03-05,0.013644407796401184
2007-03-06,0.0009747863868023481
2007-03-07,0.0048712725422558455
2007-03-08,-0.0030437614828601493
2007-03-09,0.0020865632023199703
2007-03-12,-0.011657854379944186
2007-03-13,0.003835091375221105
2007-03-14,0.0008470292668912664
2007-03-15,0.0015394138763918262
2007-03-16,0.006124767415847578
2007-03-19,0.005129568839138589
2007-03-20,0.010768090081715039
2007-03-21,-0.0022461770061935303
2007-03-22,-0.002625413837932524
2007-03-23,0.0027452560095221363
2007-03-26,-0.0021647448718285648
2007-03-27,-0.0024657010441805224
2007-03-28,-0.0015647193986053638
2007-03-29,0.00013170358846145962
2007-03-30,0.001396414438000607
2007-04-02,0.005011482731227415
2007-04-03,0.005194164880072794
2007-04-04,0.0008272145053352608
2007-04-05,-0.0021175670677243867
2007-04-09,0.00401124308180944
2007-04-10,-0.0025389675890027
2007-04-11,0.001859952773004928
2007-04-12,0.005439503435848427
2007-04-13,0.008243600633952438
2007-04-16,0.0006837571272669391
2007-04-17,0.0032795319046164764
2007-04-18,-0.003979865737892926
2007-04-19,0.006474760914872979
2007-04-20,-0.0010802675794356375
2007-04-23,0.000912216572453806
2007-04-24,0.003518388095596902
2007-04-25,-0.003848865399137681
2007-04-26,0.0005340100806833775
2007-04-27,-0.0006933467712998028
2007-04-30,0.0009710280905106335
2007-05-01,0.00264637009619508
2007-05-02,0.003032878199194315
2007-05-03,0.004552338754793323
2007-05-04,0.0012690506262206438
2007-05-07,-0.0021077510477885046
2007-05-08,-0.000859761256321681
2007-05-09,-0.006476918914515399
2007-05-10,0.003536151134156086
2007-05-11,-0.0023954284774432644
2007-05-14,0.0003878510316837664
2007-05-15,0.0017129132138039539
2007-05-16,-0.003459113284982814
2007-05-17,0.0023878956770933477
2007-05-18,0.0011610830236448697
2007-05-21,-0.0031816223746789036
2007-05-22,-0.0005689420503309199
2007-05-23,-0.005389484773335476
2007-05-24,0.001448297567844369
2007-05-25,0.001963535875518238
2007-05-29,0.004349874952693361
2007-05-30,-3.011440019586118e-06
2007-05-31,0.001729330397390623
2007-06-01,0.0020340621045848092
2007-06-04,-0.0047590493094960325
2007-06-05,-0.0055314744453729345
2007-06-06,-0.018082949052712356
2007-06-07,0.004523132992672232
2007-06-08,0.0004572677636365219
2007-06-11,-0.01224880516755044
2007-06-12,0.012105531513488938
2007-06-13,0.0030038748622366524
2007-06-14,0.0053620727066546695
2007-06-15,-0.0005327119797193496
2007-06-18,0.005538298873584135
2007-06-19,-0.01216561351371101
2007-06-20,0.0011158796564045505
2007-06-21,-0.002412717269197389
2007-06-22,-0.0029266855721519786
2007-06-25,-0.00891393388507836
2007-06-26,0.007490104161164475
2007-06-27,0.002653169051305804
2007-06-28,0.0023766807690399063
2007-06-29,0.0090293347141869
2007-07-02,-0.0007092572849985753
2007-07-03,-0.004928724854017709
2007-07-05,0.0018300289831388716
2007-07-06,0.002471426826017719
2007-07-09,-9.676033943338308e-05
2007-07-10,-0.0008793843415818624
2007-07-11,0.007337622784988512
2007-07-12,0.0025957608043811605
2007-07-13,0.0034436673171152057
2007-07-16,-0.0012117509621551508
2007-07-17,0.0019138614413262071
2007-07-18,0.002427985503436819
2007-07-19,-0.000641490136053689
2007-07-20,0.0007138169492315897
2007-07-23,-0.007257752676297483
2007-07-24,-0.0008013914464939074
2007-07-25,-0.015979044767534534
2007-07-26,-0.0037920305772899216
2007-07-27,0.0029827463136763064
2007-07-30,0.0015412802510950006
2007-07-31,0.00023434872479138744
2007-08-01,0.0034114268488541605
2007-08-02,-0.0007394645944694943
2007-08-03,-0.0006101295819199157
2007-08-06,0.002081350184040341
2007-08-07,-0.003222589157960482
2007-08-08,-0.009657996771697047
2007-08-09,-4.218613182170724e-05
2007-08-10,0.0019370455951416804
2007-08-13,-0.002186971684483672
2007-08-14,-0.005983145152787442
2007-08-15,0.004706118396754387
2007-08-16,0.0028983221261090044
2007-08-17,0.00047826098181944545
2007-08-20,0.0032803767469928627
2007-08-21,0.002745424357029263
2007-08-22,0.0016342534771756343
2007-08-23,0.007839709384451419
2007-08-24,0.0005015252865207288
2007-08-27,-0.00542765991515498
2007-08-28,0.004321625184942446
2007-08-29,0.0027190878405218954
2007-08-30,0.004555766751959475
2007-08-31,0.004856383632779102
2007-09-04,0.0028852594968949807
2007-09-05,0.0018852268706445884
2007-09-06,0.006080073287133365
2007-09-07,0.004650063974724487
2007-09-10,0.004363169336394683
2007-09-11,-0.0017321250515618918
2007-09-12,-0.004448006843582675
2007-09-13,0.0006590972713077775
2007-09-14,0.003601133976964473
2007-09-17,0.004255760086614752
2007-09-18,-0.004674446601567426
2007-09-19,-0.010538650736661891
2007-09-20,0.004961159505910795
2007-09-21,-0.0006029320750155709
2007-09-24,-0.0014869933000423545
2007-09-25,0.0014455165260236112
2007-09-26,0.007233626073523989
2007-09-27,0.0021066464526991575
2007-09-28,0.008332096826117486
2007-10-01,-0.006411025757051448
2007-10-02,-0.0034627532667799096
2007-10-03,0.0055630562287839426
2007-10-04,0.005917191792546227
2007-10-05,-0.006406242197641541
2007-10-08,0.006745210481937134
2007-10-09,0.00038830556863696404
2007-10-10,-0.0003701176024071217
2007-10-11,0.004526883113514863
2007-10-12,-0.001990041426123996
2007-10-15,-0.001826521013666699
2007-10-16,0.006042596217222855
2007-10-17,0.005396444517297894
2007-10-18,0.0016576498078427874
2007-10-19,-0.0006883981396824386
2007-10-22,0.0024876129784595653
2007-10-23,0.004546989637531386
2007-10-24,-0.00043856603385254646
2007-10-25,0.004776075095467675
2007-10-26,0.003973479417281777
2007-10-29,-0.00356312954974134
2007-10-30,-0.0004021955834544312
2007-10-31,0.0004897306148062127
2007-11-01,0.005820180295698859
2007-11-02,-0.002323395292071679
2007-11-05,0.003576222472685792
2007-11-06,-0.0043862630840457335
2007-11-07,-0.0023479887046488034
2007-11-08,0.0015332515793978808
2007-11-09,-0.007583265818463624
2007-11-12,0.006839568261381334
2007-11-13,0.0021463036605607285
2007-11-14,-0.002432156614410802
2007-11-15,0.0008880574570823369
2007-11-16,-0.0006096806262228345
2007-11-19,0.00515000182399964
2007-11-20,-0.0019000786693757878
2007-11-21,0.0096116613528533
2007-11-23,0.006241902080320784
2007-11-26,-0.005113552772166628
2007-11-27,0.0028053017362430367
2007-11-28,0.002779523612451956
2007-11-29,-0.0022667962563989496
2007-11-30,0.004940437539453487
2007-12-03,-0.0001773035444292046
2007-12-04,-0.004510922036207592
2007-12-05,-0.0003209864379174075
2007-12-06,-0.00827434989811446
2007-12-07,0.0009717061401067523
2007-12-10,0.0025196008257261857
2007-12-11,-0.0006639054888307968
2007-12-12,-0.010829570983331106
2007-12-13,-0.005926546747928847
2007-12-14,0.000999966202710538
2007-12-17,0.007386618123434663
2007-12-18,0.007884625873948708
2007-12-19,-0.0007995384426142101
2007-12-20,-0.0025560368806594714
2007-12-21,-0.0008966917724860778
2007-12-24,-0.0021872421805647626
2007-12-26,0.00341630044831779
2007-12-27,0.011282084135574192
2007-12-28,0.0007865954875325716
2007-12-31,0.010685177022969283
2008-01-02,0.0003016052965830909
2008-01-03,-0.006848824828852833
2008-01-04,0.0017557409363817065
2008-01-07,-0.0012524863457558186
2008-01-08,0.0033567574442181928
2008-01-09,-0.0036099024165525857
2008-01-10,0.003202394942552134
2008-01-11,0.005849837175997788
2008-01-14,-0.0014943703871013862
2008-01-15,-0.0087242667033129
2008-01-16,0.0008138354415405526
2008-01-17,-0.005125602289644831
2008-01-18,0.005106770216761511
2008-01-22,0.0040880192706611775
2008-01-23,-0.00635529175955262
2008-01-24,0.006754037165888287
2008-01-25,0.004234618407611664
2008-01-28,-0.0038425907132809247
2008-01-29,-0.004287484104356939
2008-01-30,0.007685871210712928
2008-01-31,0.0041823502719854294
2008-02-01,-0.009798781234271305
2008-02-04,-0.004628606761717567
2008-02-05,-0.0016991020907250283
2008-02-06,-0.009910212766881222
2008-02-07,0.00712301367274577
2008-02-08,0.004309473758386611
2008-02-11,-0.004595798460599424
2008-02-12,-0.0036577407718760718
2008-02-13,-0.008261964337977526
2008-02-14,0.0014161017574279005
2008-02-15,0.0036361718467514204
2008-02-19,0.008284253056006725
2008-02-20,0.001318967906110704
2008-02-21,0.00022628855314964826
2008-02-22,-0.0014674154090702142
2008-02-25,0.005348011533029494
2008-02-26,0.0028353652481721866
2008-02-27,0.006779560208939401
2008-02-28,-0.0013194553228645127
2008-02-29,-5.051962470200991e-05
2008-03-03,-0.010417231041646288
2008-03-04,-0.00041853328940675075
2008-03-05,-0.004510755206747071
2008-03-06,-0.002631921553748939
2008-03-07,0.004555933547946677
2008-03-10,0.004191824857729654
2008-03-11,0.010415930883256673
2008-03-12,-0.0014016726995447243
2008-03-13,0.0037453657715379035
2008-03-14,0.002650222273980501
2008-03-17,0.0029763911423008084
2008-03-18,-0.0036565816571914184
2008-03-19,-0.000287001510301913
2008-03-20,-0.0057333935248477744
2008-03-24,0.007891224017374271
2008-03-25,-0.003346779919114254
2008-03-26,-0.005453445742402803
2008-03-27,-4.788521763251629e-05
2008-03-28,-7.220503477932665e-05
2008-03-31,-0.008005021137713932
2008-04-01,0.006388857983141082
2008-04-02,0.002180206627704256
2008-04-03,0.005556789797905647
2008-04-04,0.0006084125361631673
2008-04-07,-0.004012926870713517
2008-04-08,0.006901630947680459
2008-04-09,-0.0022680634754654594
2008-04-10,-0.005458948856363919
2008-04-11,-0.004051666147568076
2008-04-14,-0.0026736512564381944
2008-04-15,0.009772431246684286
2008-04-16,-0.002087603253374931
2008-04-17,-0.0020078250349859898
2008-04-18,0.0007465212486106045
2008-04-21,-0.00011724582178643784
2008-04-22,-0.004812610220130204
2008-04-23,-0.0075532797242705875
2008-04-24,0.0010221687632162235
2008-04-25,0.0024930302350299307
2008-04-28,-0.005282131685430702
2008-04-29,0.0032110021426580287
2008-04-30,-0.0006026769121826037
2008-05-01,-0.0023602399874035106
2008-05-02,0.0032601906714303814
2008-05-05,0.0011673923405370967
2008-05-06,-0.006926547355388777
2008-05-07,0.006773395557841869
2008-05-08,0.0013338582898531196
2008-05-09,0.0020703083241009326
2008-05-12,-0.008989351015064699
2008-05-13,0.00033993542287484005
2008-05-14,0.013191459836321624
2008-05-15,0.004630367736245445
2008-05-16,0.0022902267876146855
2008-05-19,0.0034203945810429843
2008-05-20,-0.0029857092301899435
2008-05-21,-0.0073718728000888075
2008-05-22,-0.002289755479722666
2008-05-23,-0.005304982947615112
2008-05-27,-0.002574963329643998
2008-05-28,-0.008621070505658534
2008-05-29,0.006198555810721561
2008-05-30,-0.0006410602440734799
2008-06-02,-0.002266905500611327
2008-06-03,-0.004418366508889702
2008-06-04,0.00394883709790355
2008-06-05,0.0012366807442642297
2008-06-06,-0.002175286778523615
2008-06-09,-0.011385774512217325
2008-06-10,-0.0018609341134925876
2008-06-11,-0.006805224974288994
2008-06-12,0.004214322906797017
2008-06-13,0.0037095982645708914
2008-06-16,-0.00020248429429652135
2008-06-17,0.002863464213263742
2008-06-18,-0.0015276647895862722
2008-06-19,-0.0019110772250596974
2008-06-20,-0.004784120443884455
2008-06-23,0.003053395156274114
2008-06-24,0.0016840169061672064
2008-06-25,0.002005042405906398
2008-06-26,0.006987832139880376
2008-06-27,0.0008717476417659535
2008-06-30,0.001801859873717985
2008-07-01,-0.00036125524992524055
2008-07-02,-0.003076610117186446
2008-07-03,-0.0015170855406579668
2008-07-07,0.0074275910114738625
2008-07-08,-0.0011120801735600935
2008-07-09,0.00474563125235048
2008-07-10,-0.008225112196206205
2008-07-11,0.004137878705160419
2008-07-14,-0.003273515996706241
2008-07-15,-0.007603590157196743
2008-07-16,-0.0008996258679266707
2008-07-17,-0.0007103400897024234
2008-07-18,0.004248461316274198
2008-07-21,-0.0035129317766012485
2008-07-22,-0.005688431694796525
2008-07-23,-0.001366455095096971
2008-07-24,-0.003118052019795178
2008-07-25,-0.0010434425049666734
2008-07-28,0.0026395059191811248
2008-07-29,0.0036075270788541907
2008-07-30,0.0008453688405902228
2008-07-31,-0.00238952116087956
2008-08-01,-0.008203221187551193
2008-08-04,0.00040985740947592324
2008-08-05,0.0015362535382161704
2008-08-06,-0.0003828755483523674
2008-08-07,0.0026643991229607852
2008-08-08,-0.010205232861383893
2008-08-11,-0.0018334021101154888
2008-08-12,-0.00030254169562060574
2008-08-13,-0.001670420209705965
2008-08-14,-0.0003265815829768398
2008-08-15,0.0005084966721965005
2008-08-18,-0.00026323309679583337
2008-08-19,0.0015854436529145687
2008-08-20,0.006772052196908175
2008-08-21,0.0010392317766711196
2008-08-22,-0.003659221108286911
2008-08-25,0.0022833849937744437
2008-08-26,0.004469521441539876
2008-08-27,0.006768787315423127
2008-08-28,-0.0070043405093714525
2008-08-29,-0.00627588486253423
2008-09-02,0.00041031515231224557
2008-09-03,-0.009093684847592945
2008-09-04,0.0018096500816407002
2008-09-05,0.0072441602562632185
2008-09-08,-0.007236769255073095
2008-09-09,-0.007852034470227988
2008-09-10,0.0006196543838972589
2008-09-11,-0.0006693505443348558
2008-09-12,0.010787196624891787
2008-09-15,0.002324971188044609
2008-09-16,0.009678747481487157
2008-09-17,-0.006625025571627351
2008-09-18,-0.0028443498781043743
2008-09-19,0.00023424310179675362
2008-09-22,-0.009590071856017427
2008-09-23,0.00036052551477383293
2008-09-24,0.0022024221175844915
2008-09-25,0.00472317165101371
2008-09-26,0.0018564858491793316
2008-09-29,-0.012732989603400897
2008-09-30,0.009205511697982015
2008-10-01,-0.011528921647579397
2008-10-02,0.0022672898534428234
2008-10-03,0.0007918196487234543
2008-10-06,-0.0077683785729479185
2008-10-07,-0.011125515984933908
2008-10-08,-0.022266318626358632
2008-10-09,-0.02246731489842501
2008-10-10,0.023905454149233615
2008-10-13,-0.007168186176143391
2008-10-14,-0.018164098774636612
2008-10-15,-0.0005757320101422393
2008-10-16,-0.009739153937539182
2008-10-17,0.0218961893015631
2008-10-20,-0.00942758875455586
2008-10-21,-0.011177941869356302
2008-10-22,0.004952384684313338
2008-10-23,-0.016146476769350396
2008-10-24,-0.00866462355398781
2008-10-27,0.022118298932605526
2008-10-28,-0.00440659400829562
2008-10-29,-7.371990392708019e-05
2008-10-30,-0.009547294571340258
2008-10-31,0.0017768404911056418
2008-11-03,0.028730584856292
2008-11-04,-0.009018644449316184
2008-11-05,-0.019329730085251857
2008-11-06,0.0044937377984554435
2008-11-07,0.0021140802077983752
2008-11-10,-0.009115935319011309
2008-11-11,-0.011573151505781473
2008-11-12,0.004763515094089005
2008-11-13,0.0021304776663206046
2008-11-14,-0.0019800180167472963
2008-11-17,0.011792706204008513
2008-11-18,-0.0011212116320451016
2008-11-19,0.014596830538121972
2008-11-20,0.015286789110098968
2008-11-21,0.010598975450577334
2008-11-24,0.019058582696474563
2008-11-25,0.008775769212057668
2008-11-26,0.01018219482538419
2008-11-28,-0.00915920935273815
2008-12-01,0.014015304631480818
2008-12-02,0.005640323419789614
2008-12-03,0.004737079462287015
2008-12-04,-0.004882673498380853
2008-12-05,0.010418195433683266
2008-12-08,0.008155151599216152
2008-12-09,0.007451957843765965
2008-12-10,-0.0026359242858263517
2008-12-11,0.0030984077754837107
2008-12-12,0.0071783071884845015
2008-12-15,0.029090062116250457
2008-12-16,0.015701905393364878
2008-12-17,0.004987966144356722
2008-12-18,-0.0028692759900855506
2008-12-19,-0.00593262622812446
2008-12-22,-0.004881079881872301
2008-12-23,0.001734739294684845
2008-12-24,0.007579753945803298
2008-12-26,8.508032457488668e-05
2008-12-29,0.01022950126715581
2008-12-30,-0.008191375924726097
2008-12-31,-0.008992409624286136
2009-01-02,-0.019438991507325053
2009-01-05,-0.0032304335487657477
2009-01-06,-0.009466307332889034
2009-01-07,0.003940249990025166
2009-01-08,-0.005159391031216775
2009-01-09,-0.0059273565711702786
2009-01-12,0.0013075040021712204
2009-01-13,0.0001617662859981191
2009-01-14,0.0023403015269274465
2009-01-15,-0.002687692642516064
2009-01-16,-0.008868826413052103
2009-01-20,-0.010296987721941922
2009-01-21,-0.014371517882529395
2009-01-22,0.0040564929131785
2009-01-23,-0.002884304470699245
2009-01-26,0.015169340509656893
2009-01-27,-0.009402450681599976
2009-01-28,-0.017539435663059665
2009-01-29,-0.0032138857983428056
2009-01-30,0.005682951410718549
2009-02-02,-0.011979780705885196
2009-02-03,-0.0018619063855875387
2009-02-04,0.00570262973512719
2009-02-05,0.003555654362457579
2009-02-06,-0.000191584731353799
2009-02-09,0.005774459734372775
2009-02-10,0.012974624092198175
2009-02-11,-0.0038900953395967514
2009-02-12,-0.019803092809200177
2009-02-13,0.013661837023839194
2009-02-17,-0.0030919766560025615
2009-02-18,-0.01478833723280157
2009-02-19,0.00714813945508809
2009-02-20,-0.002952701038311757
2009-02-23,0.0025739485845707646
2009-02-24,-0.011654326692072451
2009-02-25,-0.010271608335551198
2009-02-26,-0.009436594498722367
2009-02-27,-0.003875580713675622
2009-03-02,-0.007428978366457263
2009-03-03,0.0006086345508343424
2009-03-04,0.012561486144220323
2009-03-05,-0.003059331794134321
2009-03-06,-0.009444100745033483
2009-03-09,-0.0030031136905222253
2009-03-10,0.010025500850338626
2009-03-11,0.015269048224698633
2009-03-12,-0.0008674843544826448
2009-03-13,-0.011167489948902504
2009-03-16,0.002217891471076999
2009-03-17,0.033070148246126946
2009-03-18,0.0001719876092707985
2009-03-19,-0.009662118706074594
2009-03-20,0.007950905605692933
2009-03-23,-0.000994173867477792
2009-03-24,-0.0038043413826618485
2009-03-25,0.011462427820472012
2009-03-26,-0.0020613842722829985
2009-03-27,-0.007127184429867569
2009-03-30,0.006957555845469683
2009-03-31,0.01126462910740446
2009-04-01,-0.005102995494807564
2009-04-02,-0.012541700303132047
2009-04-03,-0.009008121460242317
2009-04-06,-0.0008617310757373545
2009-04-07,0.007459175900745957
2009-04-08,0.0006548501007257229
2009-04-09,0.008665052805283575
2009-04-13,-0.0018212863145342323
2009-04-14,0.0016210817241246584
2009-04-15,-0.00485052873672297
2009-04-16,-0.006312782394677896
2009-04-17,0.002802426568020723
2009-04-20,-0.0016932572645631293
2009-04-21,-0.00406437205160723
2009-04-22,0.004950151751041789
2009-04-23,-0.0008687289226395024
2009-04-24,-0.0009724567359642748
2009-04-27,-0.013068887508934323
2009-04-28,0.0005719310160359247
2009-04-29,-0.0043973244404223195
2009-04-30,-0.003565967422576432
2009-05-01,0.012891659066908097
2009-05-04,-0.002278246348988857
2009-05-05,0.004990613934225547
2009-05-06,-0.018192521133789337
2009-05-07,0.007724439049441053
2009-05-08,0.0036321471172548244
2009-05-11,0.003451672754961569
2009-05-12,0.0014608385214351864
2009-05-13,0.00414561126052383
2009-05-14,-0.0010458021616133433
2009-05-15,-0.0053218192485729576
2009-05-18,-0.0022982262119251914
2009-05-19,0.007216283049041525
2009-05-20,-0.015551575057722943
2009-05-21,-0.0066244371523194
2009-05-22,-0.004145283818995139
2009-05-26,-0.015341196495894566
2009-05-27,0.013209948228582534
2009-05-28,0.02284874139984671
2009-05-29,-0.013520353482999712
2009-06-01,0.004568944987458711
2009-06-02,-0.0008510085065832384
2009-06-03,-0.007059908814613113
2009-06-04,-0.009245042523849962
2009-06-05,-0.0027426585869523286
2009-06-08,0.0015763018209279103
2009-06-09,-0.010025842158325218
2009-06-10,0.007317381709571794
2009-06-11,0.003022746531644121
2009-06-12,-0.0018911111374859861
2009-06-15,0.008910198885684015
2009-06-16,-0.002775013958353654
2009-06-17,-0.008938468225605888
2009-06-18,0.00951888677825955
2009-06-19,-0.0037058946763399293
2009-06-22,0.007912451981207026
2009-06-23,-0.003049389067813167
2009-06-24,0.017310661496280293
2009-06-25,0.000388779797401766
2009-06-26,0.0031754235706645266
2009-06-29,-0.005866186560080963
2009-06-30,0.003944690466461305
2009-07-01,-0.01185522571192146
2009-07-02,-0.0021869925383652027
2009-07-06,-0.0005159237348099605
2009-07-07,0.007466635044889725
2009-07-08,-0.006075908637562572
2009-07-09,0.00500665629172968
2009-07-10,0.0033186430438105824
2009-07-13,-0.007243097282024632
2009-07-14,-0.005877145267560321
2009-07-15,0.005389393019491431
2009-07-16,-0.0025435396865696206
2009-07-17,0.009442243832068233
2009-07-20,0.009115354244530664
2009-07-21,-0.0028505501520463103
2009-07-22,-0.00024013883432276938
2009-07-23,0.00376156668176814
2009-07-24,-0.0027837702813564495
2009-07-27,-0.0024221286105087676
2009-07-28,-0.001154122455012653
2009-07-29,0.010416492407281886
2009-07-30,0.012882810168456826
2009-07-31,0.00100699707622659
2009-08-03,-0.0001405614915414989
2009-08-04,-0.006769764280043993
2009-08-05,-0.0009311399236973223
2009-08-06,-0.0010417486426914121
2009-08-07,0.0020403402741791133
2009-08-10,-0.00016955834213552672
2009-08-11,-0.00013013742140306354
2009-08-12,0.010357527047618728
2009-08-13,-0.0030806878446033963
2009-08-14,-0.00661454236942109
2009-08-17,0.0016619158308404831
2009-08-18,0.007631266819515165
2009-08-19,0.006156980461607296
2009-08-20,0.002190890801043317
2009-08-21,0.0036306319380954174
2009-08-24,0.004070354630616002
2009-08-25,0.0019435927975383718
2009-08-26,0.00027553144713669884
2009-08-27,0.0035775699109319194
2009-08-28,-0.004010378744143231
2009-08-31,-0.007440821738473932
2009-09-01,0.010481308241122797
2009-09-02,0.003707157822777254
2009-09-03,-0.0018236334942860733
2009-09-04,-7.636177269655507e-05
2009-09-08,0.0013101825956036736
2009-09-09,0.01245343771744037
2009-09-10,0.004879867113458905
2009-09-11,-0.0043752748522085
2009-09-14,0.0017950728098097026
2009-09-15,0.008510652872962501
2009-09-16,0.0030460146659951424
2009-09-17,-0.0050445876255111296
2009-09-18,-0.0007555636751971407
2009-09-21,0.006172673153046386
2009-09-22,-0.0038326667273402117
2009-09-23,-0.005978215603227003
2009-09-24,0.0017683853215851137
2009-09-25,0.009835261999691161
2009-09-28,-0.0004424483057493087
2009-09-29,0.0018964631283544576
2009-09-30,-0.00579311912110653
2009-10-01,-0.0031900821404440144
2009-10-02,0.008884278114678023
2009-10-05,0.007086011277957481
2009-10-06,0.005820998955426459
2009-10-07,0.0015600170581212803
2009-10-08,-0.009086105182241504
2009-10-09,0.003935381675915647
2009-10-12,0.0008739923171292762
2009-10-13,0.009410606745983487
2009-10-14,-0.003763841292991784
2009-10-15,-0.0003713140519911517
2009-10-16,0.008664404458643213
2009-10-19,-0.00485424574475227
2009-10-20,-0.00566404691281718
2009-10-21,0.004141298165861394
2009-10-22,-0.00914509760399151
2009-10-23,-0.012347650052459268
2009-10-26,-0.0016540378436027726
2009-10-27,-0.014685882959129735
2009-10-28,0.0038820460656015564
2009-10-29,0.00015585621525847696
2009-10-30,0.0026836907264526752
2009-11-02,0.001137503634473542
2009-11-03,-0.002777934808414435
2009-11-04,0.007873599642267687
2009-11-05,0.002512486436560538
2009-11-06,0.01651849144442033
2009-11-09,0.00039823361127703155
2009-11-10,0.006505900948151832
2009-11-11,-0.010016064364625774
2009-11-12,0.007477060135034472
2009-11-13,0.01479372014435363
2009-11-16,0.0020551402303319146
2009-11-17,-0.000372509838369895
2009-11-18,-0.008235638434031942
2009-11-19,-0.0009128454729389849
2009-11-20,0.011048705587502374
2009-11-23,0.002586435707868045
2009-11-24,0.006824252588952553
2009-11-25,-0.013642565620200544
2009-11-27,0.0036864497871125505
2009-11-30,0.010605135191138468
2009-12-01,0.003596400688708883
2009-12-02,-0.007155976816645663
2009-12-03,-0.008015169974422889
2009-12-04,-0.0022782487607525123
2009-12-07,-0.011924189758201139
2009-12-08,0.0017184124384181825
2009-12-09,0.0024526393678850123
2009-12-10,-0.0006626942604696226
2009-12-11,0.006645593500638983
2009-12-14,-0.0035422353205874914
2009-12-15,0.003982748905186243
2009-12-16,-0.0159314952135282
2009-12-17,0.006958744801574001
2009-12-18,0.00014610454534272083
2009-12-21,-6.0207139716963965e-05
2009-12-22,0.002193996883786571
2009-12-23,0.006238994233240329
2009-12-24,0.0015442289886176195
2009-12-28,-0.0027655650571938297
2009-12-29,-0.0006010818486234258
2009-12-30,-0.006518948888395464
2009-12-31,0.01627106525226099
2010-01-04,0.0021343942811867436
2010-01-05,0.0032009451643101473
2010-01-06,0.001354295360789382
2010-01-07,0.0033523912955529273
2010-01-08,0.0036573608254542953
2010-01-11,-0.009676824581251374
2010-01-12,0.006662176939872385
2010-01-13,0.0042418517730224295
2010-01-14,-0.009344941877051342
2010-01-15,0.009269854433349708
2010-01-19,-0.011487088719691795
2010-01-20,-0.015793014434862
2010-01-21,-0.016327445128233094
2010-01-22,0.003700369839830517
2010-01-25,-0.0027580181964745073
2010-01-26,0.0013428972054646685
2010-01-27,-0.008225205426152925
2010-01-28,-0.007758703065058286
2010-01-29,0.014350944825514024
2010-02-01,0.010140859285620016
2010-02-02,-0.005452505081312999
2010-02-03,-0.028506053290048773
2010-02-04,0.0022560737904263614
2010-02-05,-0.006167853782660353
2010-02-08,0.010349713695497096
2010-02-09,-0.0028819408707890337
2010-02-10,0.010532232967653262
2010-02-11,-0.0003399884649888051
2010-02-12,0.015880711317080375
2010-02-16,0.0014866027977309911
2010-02-17,0.005042546421331256
2010-02-18,0.001058590735713699
2010-02-19,-0.0010207442351989893
2010-02-22,-0.009180563901733765
2010-02-23,0.005667069140110495
2010-02-24,0.0013747671064868311
2010-02-25,0.0030137463382856416
2010-02-26,0.00718830731155132
2010-03-01,0.004690251815936814
2010-03-02,0.0014669463518006739
2010-03-03,0.0012038679486781573
2010-03-04,0.008577951944689891
2010-03-05,-0.0020853731653285314
2010-03-08,0.0008940665981547718
2010-03-09,0.000563709477708849
2010-03-10,0.0035238936830159053
2010-03-11,-0.0005193650204063947
2010-03-12,0.0008076348864676392
2010-03-15,0.01007759082859363
2010-03-16,0.0030915488271757033
2010-03-17,0.0006770924290274074
2010-03-18,-0.0072228566407711355
2010-03-19,0.002860277091617033
2010-03-22,0.005489745100386743
2010-03-23,-0.00901412435919356
2010-03-24,-0.0008788705074386278
2010-03-25,0.003223276880501227
2010-03-26,0.004340502348356712
2010-03-29,-0.0006469705847342707
2010-03-30,0.00010170348612240283
2010-03-31,0.006915816369296013
2010-04-01,0.005143378999429108
2010-04-05,0.0020606245545897696
2010-04-06,-0.00012719330904239828
2010-04-07,0.0027500681427501832
2010-04-08,0.006568504710897972
2010-04-09,0.0005267144012998267
2010-04-12,0.0002823689467692813
2010-04-13,0.007797748332085137
2010-04-14,0.0017838586099779242
2010-04-15,-0.014789377964886444
2010-04-16,0.0022273514559224077
2010-04-19,0.00713722032751209
2010-04-20,0.0010634044094938431
2010-04-21,0.0009485184072201968
2010-04-22,0.006599782867596552
2010-04-23,-0.003316361139138524
2010-04-26,-0.01204905687431559
2010-04-27,0.0038818731028544195
2010-04-28,0.008990438652121322
2010-04-29,-0.008947615050816522
2010-04-30,0.009524758916643325
2010-05-03,-0.016365382540814804
2010-05-04,-0.0032116169712469358
2010-05-05,-0.014779589563410536
2010-05-06,-0.01038539237229581
2010-05-07,-0.00101401595329643
2010-05-10,0.004799677626046423
2010-05-11,0.0013325751957466816
2010-05-12,-0.0017281081161890936
2010-05-13,0.003445450269287959
2010-05-14,-0.003874347811581789
2010-05-17,0.004307046806139491
2010-05-18,-0.006118735396774809
2010-05-19,-0.0011905905647682572
2010-05-20,0.002721116120149406
2010-05-21,-0.0012799891685244067
2010-05-24,0.0038022058590580746
2010-05-25,-0.00046570959718618757
2010-05-26,-0.002553653609100884
2010-05-27,-0.0004900906215931451
2010-05-28,0.001426831421157858
2010-06-01,0.001417469628544261
2010-06-02,-0.006630132234882557
2010-06-03,0.006918656387371344
2010-06-04,0.0054636160145080355
2010-06-07,-0.0008394184202098697
2010-06-08,-0.002812031642585051
2010-06-09,-0.00513123556896459
2010-06-10,0.009689378669677107
2010-06-11,-0.0038171538098203082
2010-06-14,0.006437121165620581
2010-06-15,0.0013884503230008143
2010-06-16,0.005095613484698475
2010-06-17,0.002440640264672272
2010-06-18,-0.007167550513097679
2010-06-21,-0.007449416340972698
2010-06-22,-0.0023741047367913694
2010-06-23,-0.010735053598938612
2010-06-24,0.006032279437928247
2010-06-25,0.0005400231436603806
2010-06-28,-0.001988818133578513
2010-06-29,0.0018309185973754529
2010-06-30,-0.0097772963834274
2010-07-01,-0.00242606971690827
2010-07-02,0.0018112981222607868
2010-07-06,0.004210162807610287
2010-07-07,-0.0018647691022134723
2010-07-08,0.006702662032356067
2010-07-09,-0.0017827152225880125
2010-07-12,0.011037179987888647
2010-07-13,0.0008156442525300308
2010-07-14,0.0010218227105629873
2010-07-15,-0.020982036864342843
2010-07-16,0.0011886838553087638
2010-07-19,0.009298830283398202
2010-07-20,-0.004451429248235479
2010-07-21,0.011241297382748788
2010-07-22,-0.0023085332579500855
2010-07-23,0.005268991180316354
2010-07-26,-0.007560694718335686
2010-07-27,-0.002290201429063247
2010-07-28,-0.001509667345695678
2010-07-29,0.005846054608352311
2010-07-30,0.010502401526464316
2010-08-02,0.00036977565980938
2010-08-03,0.005129911899548724
2010-08-04,0.0005455532230572271
2010-08-05,0.0006850879033453894
2010-08-06,0.0002367678864159229
2010-08-09,-0.00042798861145750553
2010-08-10,-0.005228513248873051
2010-08-11,-0.0001127324032702895
2010-08-12,0.003862124749181527
2010-08-13,0.011801802865146552
2010-08-16,0.0020202505024813416
2010-08-17,0.002690042901102454
2010-08-18,0.0004002277697207466
2010-08-19,-0.0024635929986166366
2010-08-20,-0.0016577737964509672
2010-08-23,0.002334099795830983
2010-08-24,0.002124581867488766
2010-08-25,0.0005646118461124215
2010-08-26,-0.0060065993800096
2010-08-27,0.0022767394132232424
2010-08-30,0.0068161267258184475
2010-08-31,0.001158456961790227
2010-09-01,0.00022483357482492683
2010-09-02,-0.001359218409321013
2010-09-03,0.005854283310478154
2010-09-07,-0.00015598180768256178
2010-09-08,-0.008716312595294328
2010-09-09,0.0002787094987144576
2010-09-10,0.0055953481912533656
2010-09-13,0.00850084786046369
2010-09-14,-0.004806009469520947
2010-09-15,-0.002674917114935599
2010-09-16,0.0015665186547205753
2010-09-17,0.008287043993077503
2010-09-20,0.007082657196702875
2010-09-21,0.0022249501243222195
2010-09-22,-0.001507203633464691
2010-09-23,0.0025028125046186347
2010-09-24,0.00527511413133018
2010-09-27,0.006168491931483999
2010-09-28,-0.002079248113085067
2010-09-29,-0.0013846301258665602
2010-09-30,0.001478253133667057
2010-10-01,-0.0024794977266132607
2010-10-04,0.017229150172940598
2010-10-05,0.0030660674858427432
2010-10-06,-0.004368159445755378
2010-10-07,0.0026577943621169014
2010-10-08,0.001700646350203762
2010-10-11,-0.0025587332675058613
2010-10-12,0.006056887168425286
2010-10-13,-0.006126277175830102
2010-10-14,-0.005895053717624672
2010-10-15,0.006058527521853219
2010-10-18,-0.01009690424562313
2010-10-19,0.006580137029892045
2010-10-20,-0.007553415734377804
2010-10-21,0.0038446829980377578
2010-10-22,0.004342388218526238
2010-10-25,-0.006108715221850032
2010-10-26,-0.007147144937188684
2010-10-27,0.004052404711652471
2010-10-28,0.004039385442772613
2010-10-29,-0.001535297684138429
2010-11-01,0.007759971081762901
2010-11-02,-0.0011968605912299358
2010-11-03,0.02150830409682586
2010-11-04,0.001352983040761062
2010-11-05,0.0017819850859381058
2010-11-08,-0.010921863037560538
2010-11-09,0.005772966269426333
2010-11-10,-0.0017416116326826013
2010-11-11,-0.0155979513607739
2010-11-12,-0.005415820311847765
2010-11-15,-0.010505470916317415
2010-11-16,-0.0013513584570350357
2010-11-17,0.013161734675624209
2010-11-18,0.002606442685531572
2010-11-19,0.002291935979388547
2010-11-22,-0.007249652253299988
2010-11-23,0.007303729408536865
2010-11-24,-0.006560780046153616
2010-11-26,0.0035682526108972547
2010-11-29,0.00040562123550222243
2010-11-30,0.011357056313980943
2010-12-01,0.007679087568734036
2010-12-02,0.0062121850718173275
2010-12-03,0.0025903001166291684
2010-12-06,-0.006528419986999494
2010-12-07,-0.00174562098192973
2010-12-08,0.004091234601314481
2010-12-09,0.00323429745590136
2010-12-10,0.001971540175104901
2010-12-13,-0.0006526376672117676
2010-12-14,-0.007021309930539704
2010-12-15,0.0027932189713107455
2010-12-16,0.003230839446693494
2010-12-17,0.0031490558243315305
2010-12-20,0.005191846456013987
2010-12-21,0.0008020827245788883
2010-12-22,-0.0018579444722232187
2010-12-23,0.0018154747299742563
2010-12-27,0.002993286212800221
2010-12-28,0.0030335314079675394
2010-12-29,-0.002346037205979405
2010-12-30,0.004319998140014457
2010-12-31,0.004627147384546219
2011-01-03,-0.006198735303158261
2011-01-04,0.0004364692538513759
2011-01-05,-0.0018446595902736234
2011-01-06,-0.0012125502982616926
2011-01-07,0.0007301859965068765
2011-01-10,0.003206076383474534
2011-01-11,0.006073840936344784
2011-01-12,-0.0027872859684818308
2011-01-13,0.0015023217735179112
2011-01-14,0.0020262890437460334
2011-01-18,-0.005142938750254898
2011-01-19,-0.007007275724636139
2011-01-20,0.0019356888444411729
2011-01-21,0.0024478748278775777
2011-01-24,0.0007989326365716348
2011-01-25,0.003013482014389439
2011-01-26,-0.004181969401872489
2011-01-27,-0.0063770414046229115
2011-01-28,0.0038470323274821423
2011-01-31,0.01161093877294052
2011-02-01,-0.0018920022856758287
2011-02-02,0.003941827447969568
2011-02-03,-0.00020634132029064564
2011-02-04,0.004606159302889796
2011-02-07,0.004782331128067214
2011-02-08,-0.0007372605057955713
2011-02-09,-0.0013288488930199734
2011-02-10,0.004299511039954513
2011-02-11,0.0028149699578874
2011-02-14,-0.00023240582685101472
2011-02-15,0.0042777414055866015
2011-02-16,0.0038419540847957137
2011-02-17,0.0017260075125105213
2011-02-18,-0.010072466008592634
2011-02-22,-0.001415350673234862
2011-02-23,-0.001692447359402588
2011-02-24,0.009144021496117804
2011-02-25,0.004654023240958481
2011-02-28,-0.006372071950057118
2011-03-01,-0.0003567371004401694
2011-03-02,0.006825440734667102
2011-03-03,-0.0017879625204751583
2011-03-04,-0.005101258943038825
2011-03-07,0.0044067648969619904
2011-03-08,0.00012273305037285132
2011-03-09,-0.013435350392518128
2011-03-10,0.004735297521198241
2011-03-11,-0.0028251872555566724
2011-03-14,-0.01071114584835973
2011-03-15,-0.011076964842096259
2011-03-16,0.009112910530672605
2011-03-17,0.005169993365809266
2011-03-18,0.01079349670712832
2011-03-21,-0.0020870502371923135
2011-03-22,0.004037469327799577
2011-03-23,0.0034286011968088044
2011-03-24,0.001805901455137124
2011-03-25,-0.002741124815756104
2011-03-28,0.0029840749632843977
2011-03-29,0.006094738257029444
2011-03-30,0.0010485249350241554
2011-03-31,0.0020419176622149286
2011-04-01,0.001792039121338853
2011-04-04,0.003420812871711155
2011-04-05,0.0011131804335497099
2011-04-06,-0.0016266447448436269
2011-04-07,-0.0007697211331349507
2011-04-08,-0.003652388393623532
2011-04-11,-0.005615725816546478
2011-04-12,0.0010870903328529225
2011-04-13,0.003760298171834945
2011-04-14,0.00586094284868924
2011-04-15,-0.005588432901250176
2011-04-18,0.004152988615598462
2011-04-19,0.009129941852578129
2011-04-20,0.00363517676288318
2011-04-21,-8.193866753858275e-05
2011-04-25,0.00569761388671253
2011-04-26,0.007972118436991756
2011-04-27,0.003902769206000041
2011-04-28,0.006055096699313182
2011-04-29,-0.004077575891169185
2011-05-02,-0.002660422455123065
2011-05-03,-0.007491474013539421
2011-05-04,-0.012276427697347127
2011-05-05,0.005591800243033573
2011-05-06,0.005961915585313128
2011-05-09,0.005686821742215992
2011-05-10,-0.008615807386635923
2011-05-11,0.002537620204499188
2011-05-12,-0.005768457821798942
2011-05-13,-0.004025738271233698
2011-05-16,-0.00016372616967512735
2011-05-17,0.005929624946207902
2011-05-18,0.0015900251591139626
2011-05-19,-0.001993632361779608
2011-05-20,-0.007226490982062547
2011-05-23,0.0011157384403062045
2011-05-24,0.0016779176209455273
2011-05-25,0.003234767493161529
2011-05-26,0.0049301313247629985
2011-05-27,0.006859785677404753
2011-05-31,-0.012972991175738531
2011-06-01,-0.0032145722641333664
2011-06-02,-0.004722494983432419
2011-06-03,-0.00724291982015004
2011-06-06,-4.3473824702320075e-05
2011-06-07,-0.0029655865511253173
2011-06-08,0.005785852092056775
2011-06-09,-0.010541570981702778
2011-06-10,-0.0024713215090899315
2011-06-13,0.008190081327360212
2011-06-14,-0.009108002013184865
2011-06-15,0.0016325880944194988
2011-06-16,0.0030857575191485585
2011-06-17,0.003590717453004559
2011-06-20,0.009616349206737604
2011-06-21,-0.003485038008255888
2011-06-22,-0.005536037113118573
2011-06-23,-0.011544895207345623
2011-06-24,0.0034780636013363444
2011-06-27,0.0084947168217078
2011-06-28,0.006574081774500173
2011-06-29,0.00489258937149681
2011-06-30,0.008636788187048773
2011-07-01,0.0033403080207893157
2011-07-05,0.003073043593718912
2011-07-06,0.007250497975849059
2011-07-07,-0.002108514916538232
2011-07-08,-0.009508023864319076
2011-07-11,-0.0005343260816659482
2011-07-12,0.00468201531217889
2011-07-13,-0.00529152516296324
2011-07-14,0.004994231600615174
2011-07-15,-0.00412735147181011
2011-07-18,0.009454871246189529
2011-07-19,0.0006071622237882157
2011-07-20,0.0062667520909120795
2011-07-21,0.0032615386793917347
2011-07-22,-0.002785927126560095
2011-07-25,-0.0010685842376229478
2011-07-26,-0.014357592329627177
2011-07-27,-0.0013116557878452197
2011-07-28,-0.0009616634876321256
2011-07-29,-0.002667728137425971
2011-08-01,-0.007911320450369453
2011-08-02,0.003663069281392555
2011-08-03,-0.02900628410311651
2011-08-04,-0.009669483925037118
2011-08-05,0.007028044758748672
2011-08-08,0.015681222411148187
2011-08-09,0.012611195711144324
2011-08-10,-0.017489283384020587
2011-08-11,0.007915049894325552
2011-08-12,0.004913955920811487
2011-08-15,0.008705188628995567
2011-08-16,0.00807654310209798
2011-08-17,0.0036691421370831567
2011-08-18,0.0034738777274962987
2011-08-19,0.008176707576813927
2011-08-22,-0.010899251272123631
2011-08-23,-0.020120300294974535
2011-08-24,0.0018920405496283645
2011-08-25,0.017811959497219337
2011-08-26,-0.005635998302015252
2011-08-29,0.017406382409545604
2011-08-30,-0.0078090796043026565
2011-08-31,0.006001712821374488
2011-09-01,0.01672177743809161
2011-09-02,0.0016260909411002422
2011-09-06,-0.012106873864529126
2011-09-07,0.010229702805324741
2011-09-08,-0.004538778304026471
2011-09-09,-0.005742530172718838
2011-09-12,6.35132283297278e-05
2011-09-13,0.0043566045458601176
2011-09-14,-0.007472991275744959
2011-09-15,0.007606947702541295
2011-09-16,-4.037941583769338e-05
2011-09-19,0.006233440884010895
2011-09-20,0.0016506726165577803
2011-09-21,-0.0019294643841601417
2011-09-22,-0.025228100022755145
2011-09-23,-0.00552796032587525
2011-09-26,0.00227236715482339
2011-09-27,-0.014168440701230293
2011-09-28,0.007945776477250362
2011-09-29,0.005267395271505627
2011-09-30,0.010355056211672153
2011-10-03,-0.00666232090163639
2011-10-04,0.0049838476614453685
2011-10-05,-0.0016949984854130076
2011-10-06,-0.007483856319366461
2011-10-07,0.00986824756025807
2011-10-10,-0.0034569758570992385
2011-10-11,-0.0020350095483367635
2011-10-12,0.00203031514251652
2011-10-13,-0.00010359365735425731
2011-10-14,0.001234603714672906
2011-10-17,0.0006078143420166296
2011-10-18,-0.006926405016434656
2011-10-19,-0.006152768739282247
2011-10-20,0.003444278703146761
2011-10-21,0.006687797914794001
2011-10-24,0.014809934874654172
2011-10-25,-0.001852767233924183
2011-10-26,-0.002649778701922299
2011-10-27,0.004671041037328074
2011-10-28,0.006808357300454341
2011-10-31,0.007485291392891055
2011-11-01,0.0016213411736431971
2011-11-02,0.0032749894417347736
2011-11-03,-0.002575419152910424
2011-11-04,0.011742883910310472
2011-11-07,-0.005058446328641466
2011-11-08,-0.0029933965046353506
2011-11-09,-0.005940179670174432
2011-11-10,0.007038604396846273
2011-11-11,0.0032799712575607696
2011-11-14,0.000919367206549212
2011-11-15,-0.00333231603391645
2011-11-16,-0.008565598872737857
2011-11-17,0.0005866198486728712
2011-11-18,-0.009910038602577982
2011-11-21,0.00731295401685638
2011-11-22,-0.0021892436690534103
2011-11-23,-0.009608450044147078
2011-11-25,0.012990973779379699
2011-11-28,-0.0024475277328990554
2011-11-29,0.009064292471490532
2011-11-30,-0.0031697304561945656
2011-12-01,0.006333410066015103
2011-12-02,-0.0026980099109057123
2011-12-05,-0.002645917788684873
2011-12-06,0.004718993339319997
2011-12-07,-0.006192923597022001
2011-12-08,-0.004308855655116735
2011-12-09,-0.006814906495730373
2011-12-12,-0.004852574539171169
2011-12-13,-0.004952894186647148
2011-12-14,-0.0018708561553046651
2011-12-15,0.011190315335881208
2011-12-16,0.00239978829332371
2011-12-19,-0.0002555130456830604
2011-12-20,-0.005632420595954257
2011-12-21,0.0029746546941369903
2011-12-22,-0.0009253848005958303
2011-12-23,-7.695050782064242e-05
2011-12-27,-0.0036371108164387237
2011-12-28,0.0031822336677236555
2011-12-29,0.0022928329344996104
2011-12-30,0.005865862111377817
2012-01-03,-0.0029721489703115806
2012-01-04,0.0019194737407489844
2012-01-05,0.0013214537476668503
2012-01-06,-0.0009753500198360434
2012-01-09,0.005741570018097594
2012-01-10,0.006980347964856029
2012-01-11,0.0013799159900756235
2012-01-12,0.0003900288381572352
2012-01-13,0.005143435740815629
2012-01-17,0.0006847806152806759
2012-01-18,-0.004286368418195141
2012-01-19,-0.0019393384929483524
2012-01-20,-0.0017654419795472339
2012-01-23,-0.001445734728456384
2012-01-24,0.008668025509192935
2012-01-25,0.004741244990192015
2012-01-26,0.0036240478140458386
2012-01-27,0.0020894863023961452
2012-01-30,0.006358133404001579
2012-01-31,-0.0011879475627885935
2012-02-01,0.0025737987540259835
2012-02-02,-0.008851325192089608
2012-02-03,0.0030397137061466445
2012-02-06,-0.00036727632397831524
2012-02-07,-0.0004273672350446659
2012-02-08,-0.003275122446692964
2012-02-09,0.0012533272680420688
2012-02-10,0.003660938890154171
2012-02-13,0.0010887679333672611
2012-02-14,-0.0008721612631959986
2012-02-15,0.0004792726855247183
2012-02-16,-0.0001473927927449646
2012-02-17,0.0011268223828358398
2012-02-21,0.006659723040786377
2012-02-22,0.001656063195750019
2012-02-23,0.0022193542045619574
2012-02-24,0.0033419126585691947
2012-02-27,0.0022937253321637344
2012-02-28,-0.01744362112305284
2012-02-29,0.0015312010470361534
2012-03-01,0.0022649553405702416
2012-03-02,-0.0056575273768167175
2012-03-05,-0.00482552071268479
2012-03-06,0.0014019973199453205
2012-03-07,0.0019501588036832745
2012-03-08,0.003803534252956502
2012-03-09,-0.0020199610615690136
2012-03-12,-0.005077954271401956
2012-03-13,-0.014823180941528177
2012-03-14,0.004986989349399223
2012-03-15,0.0016158667673291075
2012-03-16,-0.0029842629730460067
2012-03-19,-0.0016943066867829081
2012-03-20,0.0040488891139580955
2012-03-21,-0.002244571525907023
2012-03-22,0.007944408601116225
2012-03-23,0.007226385876906587
2012-03-26,7.2776872023212844e-06
2012-03-27,-0.00496830869544366
2012-03-28,0.002035354236383681
2012-03-29,-0.004078449939510995
2012-03-30,0.0060219403559357634
2012-04-02,-0.013150389707393097
2012-04-03,-0.002250931152384993
2012-04-04,0.004447964953169576
2012-04-05,0.006959816582340246
2012-04-09,0.001284105589144196
2012-04-10,-0.002045984880533085
2012-04-11,0.005394351728159635
2012-04-12,-0.0006261032356256043
2012-04-13,-0.0014190573054511497
2012-04-16,0.004578720432051243
2012-04-17,-0.0014907681601769153
2012-04-18,-0.0016903378485779701
2012-04-19,0.0008248722054546918
2012-04-20,-0.0007995315032391206
2012-04-23,-0.001136142013591618
2012-04-24,0.0032062882373123194
2012-04-25,0.007025583858519712
2012-04-26,0.0014580594151894616
2012-04-27,-0.00042323683475636127
2012-04-30,-0.0007759975978751395
2012-05-01,0.0006274603878284864
2012-05-02,-0.0053162681237276235
2012-05-03,-0.0017890357731455
2012-05-04,-0.00028934519188801523
2012-05-07,-0.004167641092406726
2012-05-08,-0.00427699422820326
2012-05-09,2.674585810081236e-05
2012-05-10,0.00027482736454913226
2012-05-11,-0.001998651451650051
2012-05-14,-0.0030415370482196912
2012-05-15,-0.0006601074801774619
2012-05-16,0.007314800319955826
2012-05-17,-6.48468053405897e-05
2012-05-18,0.005288356248269696
2012-05-21,-0.008058871558997285
2012-05-22,0.002192752631936354
2012-05-23,-0.001185512874667596
2012-05-24,0.001419124723623836
2012-05-25,0.002278528924213562
2012-05-29,0.006371282599134082
2012-05-30,0.0032976166765350434
2012-05-31,0.009972428946995744
2012-06-01,-0.004231081711086169
2012-06-04,-0.004883259348796701
2012-06-05,-0.0040074164033834046
2012-06-06,-0.0038209171892450364
2012-06-07,0.0034406831199573634
2012-06-08,-0.005008207346380179
2012-06-11,0.0029627976059835043
2012-06-12,0.0007160801359034569
2012-06-13,0.005023096337021835
2012-06-14,0.005925117159169733
2012-06-15,0.0032397694541948198
2012-06-18,-0.00020949306704580272
2012-06-19,0.0006998408040003037
2012-06-20,-0.011643770799302053
2012-06-21,-0.0009476197940198956
2012-06-22,-0.0027439607049871803
2012-06-25,0.0008054157028119053
2012-06-26,0.0052604685149947854
2012-06-27,-0.0016242154453096442
2012-06-28,0.009821767534995583
2012-06-29,0.005610999662163884
2012-07-02,0.002972574465230969
2012-07-03,-0.0023862698722840496
2012-07-05,-0.0028254123102472786
2012-07-06,0.0034760280437463897
2012-07-09,-0.005290584051315131
2012-07-10,0.001430873996666646
2012-07-11,1.8312501721669104e-05
2012-07-12,0.008604967820172572
2012-07-13,0.0005784235123757667
2012-07-16,0.00036691468911408874
2012-07-17,0.004139062686564638
2012-07-18,0.0005212331960099752
2012-07-19,-0.00010201787552672987
2012-07-20,-0.003560046696773763
2012-07-23,-0.0014457011470557267
2012-07-24,0.001849009929756795
2012-07-25,0.005672556729874861
2012-07-26,0.0026736432645521444
2012-07-27,0.0029427457096135355
2012-07-30,-0.003356848190190765
2012-07-31,-0.0029174772024719527
2012-08-01,-0.0018761115626836108
2012-08-02,0.004752196913127226
2012-08-03,0.0014617184926619489
2012-08-06,-0.002435167504705911
2012-08-07,-0.0014057713591985937
2012-08-08,0.0005805153773527943
2012-08-09,0.002969177689852514
2012-08-10,-0.0011458108611395303
2012-08-13,-0.005654498364053054
2012-08-14,-0.004876695464581913
2012-08-15,0.0009184793091379772
2012-08-16,0.0026284497635156666
2012-08-17,0.0007348391580247352
2012-08-20,-0.0005177993564295698
2012-08-21,0.004924246191853823
2012-08-22,-0.004287500681295163
2012-08-23,0.004001262852338906
2012-08-24,0.002260805112609925
2012-08-27,-9.272872191420597e-06
2012-08-28,-0.0008766077830782472
2012-08-29,-0.0019305804609292046
2012-08-30,0.009369982029969113
2012-08-31,-0.0008296035205776207
2012-09-04,-0.0024097998131713465
2012-09-05,0.010044094603875686
2012-09-06,0.0026199477813011376
2012-09-07,-0.003726952006761478
2012-09-10,0.000557137299108164
2012-09-11,-0.0007987655305434696
2012-09-12,0.010598762399558526
2012-09-13,-0.003494286118258311
2012-09-14,0.0001926052972780064
2012-09-17,0.0010629880455218924
2012-09-18,0.002023627462502828
2012-09-19,0.000588093867788353
2012-09-20,0.00013783161528544167
2012-09-21,0.0006241900030563949
2012-09-24,-0.005113450707660676
2012-09-25,-0.0038385930297775554
2012-09-26,0.005517910864123775
2012-09-27,-0.0032398362270292217
2012-09-28,0.0028876286809807945
2012-10-01,0.0003294611075472703
2012-10-02,0.0032446022000921448
2012-10-03,0.005132265381061988
2012-10-04,-0.002399729220335371
2012-10-05,-0.0022225326128867944
2012-10-08,-0.008371704553963112
2012-10-09,-0.0033353779523059134
2012-10-10,0.002255125908586949
2012-10-11,-0.002041685780249011
2012-10-12,0.004734968583989476
2012-10-15,0.0038938283924727177
2012-10-16,0.0008761989529780603
2012-10-17,-0.003579013320701706
2012-10-18,-0.008935538524096964
2012-10-19,-0.0013272038598835412
2012-10-22,-0.006876307430406188
2012-10-23,-0.004633321277923758
2012-10-24,0.0011033695453665517
2012-10-25,0.0032320741829603315
2012-10-26,0.0017338516793099102
2012-10-31,0.002212017236950667
2012-11-01,-0.006262459537873693
2012-11-02,0.00303288479829754
2012-11-05,0.004017854402601932
2012-11-06,-0.011493939219196956
2012-11-07,-0.00433674917877288
2012-11-08,0.0008354193349687993
2012-11-09,0.0008874095965036605
2012-11-12,-0.000688436095040001
2012-11-13,-0.009264517195992706
2012-11-14,-0.001996306079051199
2012-11-15,0.0022975943045111663
2012-11-16,0.009362848589369054
2012-11-19,-0.003937012631795749
2012-11-20,0.001216240950382008
2012-11-21,0.009839798440168343
2012-11-23,-0.0003556094014700439
2012-11-26,-0.0028156395400775304
2012-11-27,0.004610375599930214
2012-11-28,0.0034872168362053623
2012-11-29,-0.0008717561962409367
2012-11-30,-0.003200765185344388
2012-12-03,-6.778227659989062e-05
2012-12-04,0.0010264576855991666
2012-12-05,0.0030245320574373586
2012-12-06,-2.9232704602854057e-06
2012-12-07,0.0015908426692550631
2012-12-10,0.002796998152293333
2012-12-11,-0.002541823862913349
2012-12-12,-0.004546198934157761
2012-12-13,-0.0008111936606255811
2012-12-14,0.004502929883947928
2012-12-17,0.0044648816677297365
2012-12-18,-0.005370585509320821
2012-12-19,0.0015928213571635994
2012-12-20,-0.004547978978380662
2012-12-21,-0.0019790495556282566
2012-12-24,-0.002009199955111724
2012-12-26,1.661203289343946e-05
2012-12-27,-0.006376214645393374
2012-12-28,0.007900173511085533
2012-12-31,0.014704144282021745
2013-01-02,-0.005377261526374346
2013-01-03,0.002511530149065753
2013-01-04,-0.0031361598382198307
2013-01-07,5.191843068008163e-05
2013-01-08,0.0015242869772284506
2013-01-09,0.005311517870972839
2013-01-10,0.0018884719692292954
2013-01-11,-0.0010165945981529092
2013-01-14,0.0019388046731791345
2013-01-15,0.00045234131859811044
2013-01-16,0.0022164348375016125
2013-01-17,0.0034030404021503963
2013-01-18,0.004601806491129878
2013-01-22,0.0006104935386477397
2013-01-23,-0.001239796809439263
2013-01-24,0.00023590937361567493
2013-01-25,-0.0018637783925293029
2013-01-28,0.0015787715557161017
2013-01-29,-0.0028032357196624133
2013-01-30,-0.0008167288424053038
2013-01-31,0.0039742710578141325
2013-02-01,-0.0045604150773519425
2013-02-04,0.00478856184928715
2013-02-05,0.002681586346660094
2013-02-06,-0.001652880248204754
2013-02-07,0.004763269316038776
2013-02-08,-0.00091287549129353
2013-02-11,0.0005913930236585025
2013-02-12,-0.0017076594986408064
2013-02-13,0.0026799949837057694
2013-02-14,-0.002381079524291559
2013-02-15,0.00384091121401892
2013-02-19,-0.009293867971060733
2013-02-20,-0.002422406758807766
2013-02-21,0.0070933810549075335
2013-02-22,-0.008135806160199217
2013-02-25,0.003931378807098361
2013-02-26,0.007494099253475586
2013-02-27,-0.0014296796398465532
2013-02-28,0.003479030596520204
2013-03-01,0.002343897270630078
2013-03-04,0.005549550271766212
2013-03-05,-0.0010484069194353143
2013-03-06,-0.000841538405519598
2013-03-07,0.0003623304521301044
2013-03-08,0.0029829724323744483
2013-03-11,0.00061901849789936
2013-03-12,0.0005568292005989012
2013-03-13,0.0029645608792857373
2013-03-14,0.0003484716680194764
2013-03-15,-0.0015345312104298576
2013-03-18,0.0002844111708765106
2013-03-19,0.001840365922210239
2013-03-20,-0.0033233284377157473
2013-03-21,0.005568113500978262
2013-03-22,-0.003264460602920422
2013-03-25,0.005709565485961442
2013-03-26,0.0023277647339673387
2013-03-27,0.0005838483452251758
2013-03-28,-0.0008285761061426363
2013-04-01,0.0017003287658722784
2013-04-02,-0.005456802631450056
2013-04-03,0.005655425959550514
2013-04-04,0.0026764431445118237
2013-04-05,0.0025868873305816414
2013-04-08,0.0012983842885988094
2013-04-09,0.000312044834001206
2013-04-10,0.0028686689770385456
2013-04-11,-0.0004267791699821004
2013-04-12,-0.027566827012901127
2013-04-15,0.002955523181100485
2013-04-16,-0.008622495742908635
2013-04-17,-0.003246153735387491
2013-04-18,0.005964256067140276
2013-04-19,0.004171719790266931
2013-04-22,0.005932059568219246
2013-04-23,0.0016167868017744106
2013-04-24,0.0029149748646114916
2013-04-25,0.0007870307174647935
2013-04-26,0.004250938799846217
2013-04-29,0.001975161980466204
2013-04-30,-0.004194402049824361
2013-05-01,0.00643464546088818
2013-05-02,0.0011582504558996696
2013-05-03,0.0011760608631092937
2013-05-06,0.0019368754690230932
2013-05-07,0.00430891529661927
2013-05-08,-0.003201669011078975
2013-05-09,-0.0008584133253700091
2013-05-10,-0.0017876591080116088
2013-05-13,0.004242086695087429
2013-05-14,0.004260588243004327
2013-05-15,-0.0009097232089772713
2013-05-16,0.002419455259067535
2013-05-17,0.0011801737590759359
2013-05-20,0.0021294715083347827
2013-05-21,-0.009307297475978924
2013-05-22,0.00015543416033719434
2013-05-23,-0.0005661410655009779
2013-05-24,-0.0023388603595880316
2013-05-28,-0.0012660597706853716
2013-05-29,0.002659302268235956
2013-05-30,-0.011996920000139891
2013-05-31,0.006122938454960842
2013-06-03,-0.006163311172462214
2013-06-04,-0.006335085738850525
2013-06-05,0.006528226448913307
2013-06-06,0.0031329783334436766
2013-06-07,-0.0009490489736878946
2013-06-10,-0.004559178788505537
2013-06-11,-0.00904590230684247
2013-06-12,0.014262311891882257
2013-06-13,-0.004739929402062847
2013-06-14,0.0038172678782703957
2013-06-17,0.005027816502265983
2013-06-18,-0.012920886217196831
2013-06-19,-0.024451081185031684
2013-06-20,-0.005806918850142501
2013-06-21,-0.008315790024478877
2013-06-24,0.004274067808209783
2013-06-25,0.006366614193921163
2013-06-26,0.005640455438884195
2013-06-27,0.0001783186590556059
2013-06-28,0.0054334901024442874
2013-07-01,-0.0012574370812956643
2013-07-02,-0.00015815815915468697
2013-07-03,-0.0022684811915029703
2013-07-05,0.006991293677519552
2013-07-08,0.005738143214754265
2013-07-09,-0.0015717452708976754
2013-07-10,0.01372777816615152
2013-07-11,3.9243571575335914e-05
2013-07-12,0.004008615657505495
2013-07-15,-0.001489372144838363
2013-07-16,0.0016216780789447055
2013-07-17,0.0009598157825594189
2013-07-18,0.005606307640066208
2013-07-19,0.003199552133360598
2013-07-22,-0.0022055555069214
2013-07-23,-0.00662630589591455
2013-07-24,0.002073007764175028
2013-07-25,0.0023184451567671194
2013-07-26,-0.004109444948472646
2013-07-29,-0.00022965810175823976
2013-07-30,0.0013426757325236559
2013-07-31,0.0026500998197481794
2013-08-01,0.003826791779426998
2013-08-02,-0.0032181492507257223
2013-08-05,-0.003949831540009906
2013-08-06,-0.00034336266262519825
2013-08-07,0.004318292882979613
2013-08-08,-0.0016263476240067675
2013-08-09,-0.0016479011813971994
2013-08-12,-0.0021153977098799545
2013-08-13,-0.0027277812327942143
2013-08-14,-0.012226468058584907
2013-08-15,-0.0028505109844151107
2013-08-16,-0.006890315795667097
2013-08-19,0.0055191621619633605
2013-08-20,-0.007220430178362348
2013-08-21,0.009164497006512394
2013-08-22,0.005836373459407552
2013-08-23,-0.0011625284120750428
2013-08-26,-0.007744079058851329
2013-08-27,0.00043227849394914317
2013-08-28,0.0027886096038288255
2013-08-29,-0.00296509534187573
2013-08-30,0.00027050375537947334
2013-09-03,0.004565922046499174
2013-09-04,-0.0035460843738736357
2013-09-05,0.002309828493411867
2013-09-06,0.006702496314147406
2013-09-09,0.0025902125033945705
2013-09-10,0.004390763988534341
2013-09-11,-0.0037546801946027808
2013-09-12,0.0025990217338372834
2013-09-13,0.0018290346801938862
2013-09-16,0.005194354878988333
2013-09-17,0.013253674364710718
2013-09-18,-0.0027534129272125353
2013-09-19,-0.005056641643778423
2013-09-20,-0.0015791328961908052
2013-09-23,0.0010753566252793907
2013-09-24,-0.0010714230075231867
2013-09-25,0.000539222345061299
2013-09-26,-0.002154501714363277
2013-09-27,-0.004422653945302861
2013-09-30,0.003339272795455133
2013-10-01,0.0006973783587753386
2013-10-02,-0.006838367690677936
2013-10-03,0.0048382889725095725
2013-10-04,-0.0046259851299227175
2013-10-07,-0.008224286605032976
2013-10-08,-0.0020110809574693587
2013-10-09,0.014598604364041565
2013-10-10,0.003748352066700316
2013-10-11,0.0008608670273289855
2013-10-14,-0.004898688825727153
2013-10-15,0.012745027932709466
2013-10-16,0.008465628242916592
2013-10-17,0.005026216804217707
2013-10-18,-0.0007042985532890706
2013-10-21,0.007736025228567084
2013-10-22,-0.002640986314802379
2013-10-23,0.0018184223727189387
2013-10-24,0.004330319356006148
2013-10-25,0.0002957965050861788
2013-10-28,0.0037443883659031684
2013-10-29,-0.005059528949316633
2013-10-30,-0.0021761047459568756
2013-10-31,-0.0013602849183136636
2013-11-01,0.002638405718433575
2013-11-04,-0.005324026512588941
2013-11-05,0.003936336613797081
2013-11-06,-0.007208502719920218
2013-11-07,0.002539947253803386
2013-11-08,-0.000991442805699056
2013-11-11,-0.0008368628205016127
2013-11-12,0.006673711690021761
2013-11-13,0.005593848273220981
2013-11-14,0.0035613929362312874
2013-11-15,-0.0015288009404217004
2013-11-18,-0.0034082350331896085
2013-11-19,-0.007649960989468695
2013-11-20,0.005963364075831767
2013-11-21,0.005805172755650294
2013-11-22,0.0002481840844200286
2013-11-25,0.0008613864696552457
2013-11-26,0.0011215834265503148
2013-11-27,0.00012404768989724026
2013-11-29,-0.005081566460863468
2013-12-02,-0.0019516745352961603
2013-12-03,-0.0016352877715278638
2013-12-04,-0.004487333717303338
2013-12-05,0.009079320040195545
2013-12-06,0.0028504137916849645
2013-12-09,0.00014342810670952882
2013-12-10,-0.010234356163341313
2013-12-11,-0.004336309736608887
2013-12-12,0.0015937434837507772
2013-12-13,0.003556602766719804
2013-12-16,-0.001550189645878994
2013-12-17,0.010147909813569446
2013-12-18,-0.0022533860764414357
2013-12-19,0.008363261309193954
2013-12-20,0.0021514428632172624
2013-12-23,-0.000248984339448996
2013-12-24,0.0028593951608561806
2013-12-26,-0.0005867702801543098
2013-12-27,0.0008546791272531426
2013-12-30,0.0020305896816731114
2013-12-31,-0.005178415292733697
2014-01-02,0.00042897340128759964
2014-01-03,-0.0008937201163122766
2014-01-06,0.0046334435491461245
2014-01-07,-0.0008240841996255968
2014-01-08,0.0020591388026356596
2014-01-09,0.005619787977054683
2014-01-10,-0.007819044082284154
2014-01-13,0.005971396074107673
2014-01-14,0.003403838192160828
2014-01-15,0.0008156232997528544
2014-01-16,-0.0014482528387535464
2014-01-17,0.0017335029332699113
2014-01-21,-0.0003740517313769765
2014-01-22,-0.0011670431700248906
2014-01-23,-0.013281916306755992
2014-01-24,-0.0057493443729162335
2014-01-27,0.004760211129096744
2014-01-28,-0.004083650087227852
2014-01-29,0.005546984831035488
2014-01-30,-0.0023118047729059473
2014-01-31,-0.012396169278846651
2014-02-03,0.0020830038395308836
2014-02-04,-0.0030768502136467066
2014-02-05,0.008074433591090823
2014-02-06,0.009216484610615028
2014-02-07,0.0022919514768406355
2014-02-10,0.0067499042402766165
2014-02-11,-0.0009207301695169344
2014-02-12,0.005440852971549851
2014-02-13,0.004650734957653101
2014-02-14,0.0014970446999662862
2014-02-18,-0.006151801591600607
2014-02-19,0.004030620004979376
2014-02-20,0.0005092288310097042
2014-02-21,0.003787984674989178
2014-02-24,0.0020422055290000574
2014-02-25,0.0009346058433045319
2014-02-26,0.005061918034429914
2014-02-27,0.0016795342568930727
2014-02-28,-0.0022412406046442373
2014-03-03,0.005359664231660953
2014-03-04,0.0012500570342348022
2014-03-05,-0.0003788410809777578
2014-03-06,-0.0016957361920769977
2014-03-07,-2.4443528223880377e-06
2014-03-10,-0.0025273438390598217
2014-03-11,0.002647270950938855
2014-03-12,-0.004382863182460911
2014-03-13,-0.0015870657876747892
2014-03-14,0.0038778353105453035
2014-03-17,0.005493286504306067
2014-03-18,-0.0066683167086026614
2014-03-19,0.003542221856962055
2014-03-20,0.00021201122791054958
2014-03-21,-0.00202760095249248
2014-03-24,0.0024630156827481044
2014-03-25,-0.0035007495076276904
2014-03-26,-0.0005521649797683918
2014-03-27,0.0020174016625375338
2014-03-28,0.004711860758687156
2014-03-31,0.002391451853908868
2014-04-01,0.0012736823706601013
2014-04-02,4.50024758862617e-06
2014-04-03,-0.005998527284419925
2014-04-04,-0.006548739081292922
2014-04-07,0.003945425154821527
2014-04-08,0.00633900921440013
2014-04-09,-0.012278918368961429
2014-04-10,-0.004348639709356752
2014-04-11,0.005198598567062981
2014-04-14,0.005430426058686705
2014-04-15,0.0075019299275743195
2014-04-16,-0.0013933145189064982
2014-04-17,0.0015356973076145856
2014-04-21,0.0027680112383785833
2014-04-22,-0.00022598440425638193
2014-04-23,0.00221276864348876
2014-04-24,-0.005055723432786258
2014-04-25,0.0007783678778787899
2014-04-28,0.0029044765214285657
2014-04-29,0.00286511907183331
2014-04-30,0.0025729062283070636
2014-05-01,0.0010370567930664235
2014-05-02,0.00028752840023440584
2014-05-05,-0.005212580418286514
2014-05-06,0.002496286620874629
2014-05-07,-0.0018185263042538808
2014-05-08,0.0002078107971934072
2014-05-09,0.006106197636655629
2014-05-12,0.0026472338012369294
2014-05-13,-0.00014898376492259184
2014-05-14,-0.0046042660109178925
2014-05-15,0.0016119012015948647
2014-05-16,0.0007394241751497613
2014-05-19,-0.0038293578131224524
2014-05-20,0.004219929233691337
2014-05-21,0.0014563710024012046
2014-05-22,0.004070865874640692
2014-05-23,0.004669591590242364
2014-05-27,0.0022892570875673334
2014-05-28,0.0021717067869349562
2014-05-29,0.000806455786619995
2014-05-30,-0.0013706965926966173
2014-06-02,-0.003328921365399055
2014-06-03,0.0012432733850133366
2014-06-04,0.005036862494959653
2014-06-05,0.003319328150770642
2014-06-06,0.0003738322319391846
2014-06-09,-0.0005439844114171705
2014-06-10,-0.0019797872746065413
2014-06-11,-0.00225401210338335
2014-06-12,0.0021270721978413174
2014-06-13,0.0009801463075103359
2014-06-16,-0.00010150282192068923
2014-06-17,0.007198734624637273
2014-06-18,-0.0007283846378437142
2014-06-19,0.0031312576951354433
2014-06-20,-0.0008599733308635511
2014-06-23,-0.001656444603082963
2014-06-24,0.003803932577634932
2014-06-25,0.0005891061864194642
2014-06-26,0.0009573476094489772
2014-06-27,0.0008017069762605027
2014-06-30,0.0032968215369672494
2014-07-01,-0.00036402810113476383
2014-07-02,0.0022257122228655337
2014-07-03,-0.0019322917641818762
2014-07-07,-0.0033216216312907517
2014-07-08,0.0036331300198009175
2014-07-09,-0.0024357216790578417
2014-07-10,0.0026449680770606714
2014-07-11,0.0012328418122300637
2014-07-14,-0.0022964779304978163
2014-07-15,0.004087848082952582
2014-07-16,-0.004029255723405481
2014-07-17,0.005931235721517073
2014-07-18,1.3378429287083874e-05
2014-07-21,0.0033265826275119593
2014-07-22,0.0011793551140476975
2014-07-23,-0.0023463730875699284
2014-07-24,0.00022565791706849329
2014-07-25,-0.00014617224237406916
2014-07-28,-0.002258884248306773
2014-07-29,-0.003537624600686349
2014-07-30,-0.015286719716733465
2014-07-31,0.00018515183848695043
2014-08-01,0.004223673548314734
2014-08-04,-0.006060679999907044
2014-08-05,0.0010928161767552046
2014-08-06,-0.0012765822662751506
2014-08-07,0.0075153167387277025
2014-08-08,0.0019124991948330215
2014-08-11,-0.002592567654083375
2014-08-12,0.006434286547938954
2014-08-13,0.005345805202330035
2014-08-14,0.0022393341393548817
2014-08-15,0.0031358254324339776
2014-08-18,0.002758416157442452
2014-08-19,0.0012733392334298114
2014-08-20,0.0028930338825205603
2014-08-21,0.00042673868561043644
2014-08-22,0.004293338967494037
2014-08-25,-0.00010599887922461585
2014-08-26,0.0018298302674793156
2014-08-27,0.0011966571900836973
2014-08-28,0.0021018155994310048
2014-08-29,-0.0055992136791382366
2014-09-02,0.0012094805827073786
2014-09-03,-0.004352525901559874
2014-09-04,0.002903204867696358
2014-09-05,-0.002252243933095134
2014-09-08,-0.004582539489050488
2014-09-09,0.000793412088445627
2014-09-10,-0.00035281707641532953
2014-09-11,-0.007191209133561489
2014-09-12,-4.326591197238124e-05
2014-09-15,0.004322153033452312
2014-09-16,-0.0002454893835883567
2014-09-17,0.004619887212037328
2014-09-18,0.002236324309917528
2014-09-19,-0.005224218100779789
2014-09-22,-0.0021568873630555627
2014-09-23,0.003834363252930322
2014-09-24,-0.008297905767180308
2014-09-25,0.005032584526345498
2014-09-26,0.0007095341314596259
2014-09-29,-0.0036119135052628554
2014-09-30,-0.004509788356447597
2014-10-01,-0.0020920305248540065
2014-10-02,0.007808071608294443
2014-10-03,-5.5405155060235284e-05
2014-10-06,-0.007395170437587363
2014-10-07,0.012674173552030446
2014-10-08,-0.015041687969729326
2014-10-09,-0.005587734274348238
2014-10-10,-0.009684802690731489
2014-10-13,0.0034875211338962465
2014-10-14,-0.00041914060185912875
2014-10-15,-0.0029302196596813117
2014-10-16,0.0041211387372897135
2014-10-17,0.007104657603607438
2014-10-20,0.007675301782588468
2014-10-21,-0.00377805696340256
2014-10-22,0.002449936148473251
2014-10-23,0.004545192873937309
2014-10-24,-0.00014486566890129006
2014-10-27,0.0037806205008351934
2014-10-28,-0.0006478285209598406
2014-10-29,0.0038857316893060674
2014-10-30,0.004105355719170206
2014-10-31,7.274416625956934e-05
2014-11-03,-0.0016249871353058228
2014-11-04,0.002956389737974614
2014-11-05,-0.0003544652589810633
2014-11-06,0.006469440113916469
2014-11-07,-0.002476252644108344
2014-11-10,0.0015646982640375433
2014-11-11,-0.0011713650830500572
2014-11-12,0.001639146937262671
2014-11-13,0.003318851338637142
2014-11-14,-0.0008393059854979801
2014-11-17,0.004708949251373564
2014-11-18,-0.004033985112825845
2014-11-19,0.0035628105689423087
2014-11-20,0.00557052124795703
2014-11-21,0.0017525573628661849
2014-11-24,0.003033140385458521
2014-11-25,0.002397642004540324
2014-11-26,0.0006387070678658909
2014-11-28,-0.004221434050306132
2014-12-01,-0.0009814292559721907
2014-12-02,0.004194233016628346
2014-12-03,0.002527735125127025
2014-12-04,-0.0020681348234353135
2014-12-05,0.0017579300742064797
2014-12-08,0.0027079242816072146
2014-12-09,-0.00607467638526513
2014-12-10,0.004307168928850685
2014-12-11,-0.0036918370244106327
2014-12-12,-0.00591866336111449
2014-12-15,0.000736359291115757
2014-12-16,0.006760115745598837
2014-12-17,0.0066374155140795235
2014-12-18,0.007512702696748503
2014-12-19,0.002087313543247357
2014-12-22,-0.007187469827607637
2014-12-23,0.0022373886395523988
2014-12-24,0.004157736938860904
2014-12-26,0.003209553042371247
2014-12-29,-0.0012072842370498857
2014-12-30,-0.00542972778516195
2014-12-31,0.004347872463731059
2015-01-02,-0.003040857546218616
2015-01-05,0.0025045337821576366
2015-01-06,0.005725116920599325
2015-01-07,0.004130756286283033
2015-01-08,0.0004978758064961233
2015-01-09,-0.0014917849073458477
2015-01-12,-0.0017181738947912376
2015-01-13,-0.00038801266621644754
2015-01-14,0.0024271597930060618
2015-01-15,0.002682400393349814
2015-01-16,0.0071334432750174825
2015-01-20,-0.0018691418561526732
2015-01-21,0.0070777412851503055
2015-01-22,0.0021040746469720467
2015-01-23,-0.00043395095035717024
2015-01-26,-0.006108354990094299
2015-01-27,-0.0010078360385019347
2015-01-28,0.0013303616610396544
2015-01-29,0.001174193851968545
2015-01-30,0.0048373774390248385
2015-02-02,-0.0012236295486539187
2015-02-03,-0.0011966715364221023
2015-02-04,0.0011948221215056752
2015-02-05,-0.009977553331262691
2015-02-06,-0.002886079193455646
2015-02-09,0.0023393240979733346
2015-02-10,0.0004641732846498184
2015-02-11,0.0040535199844907565
2015-02-12,-0.0015973673863622592
2015-02-13,-0.006045789675189308
2015-02-17,0.0025634635880376665
2015-02-18,-0.003219142571255159
2015-02-19,0.0041763775714661585
2015-02-20,0.004544382187013425
2015-02-23,0.006702586143431433
2015-02-24,0.0014469986465742552
2015-02-25,-0.005995700013462138
2015-02-26,0.001510991391014668
2015-02-27,-0.004266179142284519
2015-03-02,-0.003805559039802242
2015-03-03,-0.002353162661901574
2015-03-04,4.72502573422648e-05
2015-03-05,-0.01811032355305599
2015-03-06,0.005999117712277479
2015-03-09,-0.004012261498287679
2015-03-10,0.001312215393168766
2015-03-11,0.00665219017596035
2015-03-12,-0.004540300960221502
2015-03-13,0.011100630570175317
2015-03-16,0.0013918292832341458
2015-03-17,0.0151900609355865
2015-03-18,-0.004593635092551456
2015-03-19,0.007504828191552904
2015-03-20,-0.0012439814056071823
2015-03-23,0.0008720903671688712
2015-03-24,-0.01144177989393472
2015-03-25,-0.007270583820958698
2015-03-26,0.006019854466320942
2015-03-27,0.004108286517049453
2015-03-30,-0.004009384478789526
2015-03-31,0.004117278329893077
2015-04-01,-0.0024243060566421604
2015-04-02,0.0020585845179384847
2015-04-06,0.0016333901570038654
2015-04-07,0.0017001016980999553
2015-04-08,-0.003139892505875067
2015-04-09,0.004143861642139623
2015-04-10,-0.0022973403129265295
2015-04-13,0.0035712001579861225
2015-04-14,0.0025565009575312194
2015-04-15,-0.0023261290229770327
2015-04-16,-0.0015565189162349787
2015-04-17,0.001075110442281918
2015-04-20,-0.002184471705320261
2015-04-21,-0.004133652985275855
2015-04-22,0.0034641130319705894
2015-04-23,0.003054969202595796
2015-04-24,-0.0012932181255585898
2015-04-27,-0.0033774459897229075
2015-04-28,-0.00755407818711581
2015-04-29,-0.005730288801303725
2015-04-30,0.00033712367935461693
2015-05-01,-0.0017788616676542599
2015-05-04,-0.006749581011403379
2015-05-05,-0.007230889040055821
2015-05-06,0.006066445544769316
2015-05-07,0.010072300687109804
2015-05-08,-0.009698389261900938
2015-05-11,-0.0010240982724954875
2015-05-12,-0.0009904145348379294
2015-05-13,0.008203222691183997
2015-05-14,0.005870415554513757
2015-05-15,-0.0020625809942723945
2015-05-18,-0.003155178784049088
2015-05-19,1.0638367596450961e-05
2015-05-20,0.005339636241484065
2015-05-21,-0.0016094357408687969
2015-05-22,-0.004062093130489945
2015-05-26,0.007175620967717447
2015-05-27,-0.001345016760431101
2015-05-28,-0.0037768007394501217
2015-05-29,-0.0013211093781201602
2015-06-01,-0.004006534701840002
2015-06-02,-0.0025586975979516396
2015-06-03,-0.003057282485468743
2015-06-04,-0.004530459294913862
2015-06-05,-0.004447555365564744
2015-06-08,-0.001976957368306209
2015-06-09,0.006571170021332547
2015-06-10,0.007228102957606798
2015-06-11,-0.005392340642714898
2015-06-12,-0.002383601522540804
2015-06-15,0.00558580254201448
2015-06-16,-0.0005749120805302345
2015-06-17,0.006653096863847836
2015-06-18,-1.0783466070775203e-05
2015-06-19,-0.0022241979654878566
2015-06-22,-0.0023496280822293937
2015-06-23,-0.003088722164108965
2015-06-24,-0.0030760329605535675
2015-06-25,-0.002906222140741052
2015-06-26,-0.008078188656529971
2015-06-29,-0.0005858199437836742
2015-06-30,-0.0012190666012442722
2015-07-01,9.264582233636607e-05
2015-07-02,0.00273019274542698
2015-07-06,0.006574357331122098
2015-07-07,-0.005717191131175993
2015-07-08,-0.006844412978124714
2015-07-09,0.0005465223169648021
2015-07-10,0.004569726169321187
2015-07-13,0.0037370555863490552
2015-07-14,0.0021405022985176163
2015-07-15,0.007132848922512616
2015-07-16,0.001372801713011361
2015-07-17,-0.0020691567113600247
2015-07-20,-0.001577879480221726
2015-07-21,2.308847036926637e-05
2015-07-22,-0.0010815563905372768
2015-07-23,-0.006193393548324499
2015-07-24,-0.00143534030435985
2015-07-27,0.003862542360269281
2015-07-28,0.0023536748957835724
2015-07-29,0.00277079382747249
2015-07-30,0.0010951605657574146
2015-07-31,0.0019329640261967818
2015-08-03,-0.003536356499603385
2015-08-04,-0.00027993458160730574
2015-08-05,-0.0012010567829186549
2015-08-06,0.00203725579259047
2015-08-07,0.006157438693909386
2015-08-10,-0.002151343193150383
2015-08-11,0.0001679397836943867
2015-08-12,-0.002391348154398937
2015-08-13,0.0029316276977644318
2015-08-14,0.004998044991340827
2015-08-17,-0.004765410129464451
2015-08-18,-0.0024312006405127207
2015-08-19,-0.006723593257772796
2015-08-20,-0.015295092169903544
2015-08-21,-0.01268736067244245
2015-08-24,-0.013867794673942333
2015-08-25,-0.003288570244874795
2015-08-26,0.006533572445355322
2015-08-27,0.004223618931058769
2015-08-28,-0.004879709023385693
2015-08-31,-0.003419606895288884
2015-09-01,-0.0006772052988506074
2015-09-02,-0.0001871055512503773
2015-09-03,-0.0011011868599202434
2015-09-04,9.385673501493741e-05
2015-09-08,-0.0056952001115483965
2015-09-09,-0.000688362438406318
2015-09-10,0.004902283769899322
2015-09-11,-0.001390448738834205
2015-09-14,-0.0010589331751049084
2015-09-15,0.0038948351933770276
2015-09-16,0.004124824899904348
2015-09-17,-0.0025875463123398385
2015-09-18,-0.004050377101114835
2015-09-21,-0.002004231244626916
2015-09-22,-0.0007140540783212749
2015-09-23,0.0017630684247208707
2015-09-24,-0.0039247160390891685
2015-09-25,-0.007828687977409637
2015-09-28,0.0012491089914661926
2015-09-29,0.008256674137536033
2015-09-30,0.0030749842802480234
2015-10-01,0.011618732583471065
2015-10-02,0.004135574537522192
2015-10-05,0.000332684246646234
2015-10-06,0.003082360304245345
2015-10-07,0.001322341405498524
2015-10-08,0.0021623586338663644
2015-10-09,0.0037477666306332006
2015-10-12,-0.0030610145698255734
2015-10-13,-0.00032169729063421593
2015-10-14,0.009209509175253178
2015-10-15,0.0029019277458447387
2015-10-16,-0.0005519404837393382
2015-10-19,-0.0021218390381537245
2015-10-20,-0.0023305109333780255
2015-10-21,0.012131716696561856
2015-10-22,0.0033324555253035197
2015-10-23,-9.549076279880499e-05
2015-10-26,-0.000617641012919943
2015-10-27,0.0064352228227662015
2015-10-28,-0.005260028482870459
2015-10-29,-0.0006169741387614482
2015-10-30,0.006755354763084934
2015-11-02,-0.0011134015929276308
2015-11-03,-0.002185651740516018
2015-11-04,-0.0015164371135406836
2015-11-05,-0.004791895583529031
2015-11-06,-0.007830262888210756
2015-11-09,0.002245630629207733
2015-11-10,-0.003453029438153336
2015-11-11,-0.008630817404348786
2015-11-12,-0.006619537997857782
2015-11-13,0.008005431625079013
2015-11-16,-0.00039757866508144775
2015-11-17,0.009535616427618712
2015-11-18,0.002731438600278777
2015-11-19,0.0005713981406031863
2015-11-20,0.0001916157745708362
2015-11-23,0.001034407834111366
2015-11-24,0.0006134722627694586
2015-11-25,-0.00036047548682196416
2015-11-27,-0.0004429368379771737
2015-11-30,0.010589049566291205
2015-12-01,-0.0070695380532637955
2015-12-02,-0.01726605060413734
2015-12-03,0.015220381383603513
2015-12-04,-0.00013305100476688808
2015-12-07,-0.0043998103148161745
2015-12-08,-0.004819946051073411
2015-12-09,0.0018997949492113963
2015-12-10,-0.004238048555081828
2015-12-11,-0.00036949414440593615
2015-12-14,0.0032465531711785615
2015-12-15,0.010234579814292943
2015-12-16,-0.009045419640964692
2015-12-17,-0.010439370129511355
2015-12-18,0.006230851598192472
2015-12-21,0.0018059296416331186
2015-12-22,0.003602367813519131
2015-12-23,0.0017067587138869071
2015-12-24,-0.0004792796893860807
2015-12-28,-0.0008969655206961306
2015-12-29,-0.004695083755646865
2015-12-30,-0.00589546934040695
2015-12-31,-0.0073577766967211
2016-01-04,0.0003134852132961171
2016-01-05,-0.004823434652817519
2016-01-06,-0.015848216506233227
2016-01-07,-0.002650342377375277
2016-01-08,-0.007252141830359316
2016-01-11,0.005690052561221012
2016-01-12,-0.0007511989758342045
2016-01-13,-0.005517276966897366
2016-01-14,0.004271242047280126
2016-01-15,-0.0012163865702618669
2016-01-19,0.005652672409886328
2016-01-20,-0.0008183205321132512
2016-01-21,0.0019068503258202623
2016-01-22,0.002005582657916522
2016-01-25,0.007700528780471607
2016-01-26,-0.0014731006776218713
2016-01-27,-0.002058603757398057
2016-01-28,0.010677234503577722
2016-01-29,0.0024512751934273203
2016-02-01,0.0026828238345613263
2016-02-02,0.0021660540617464367
2016-02-03,0.006629749275257621
2016-02-04,0.0013580933305664634
2016-02-05,0.009690856447804541
2016-02-08,-0.000376043793090987
2016-02-09,0.005979943846122121
2016-02-10,0.013764427549580856
2016-02-11,-0.0035064457201933797
2016-02-12,-0.011129624676235
2016-02-16,0.00391533199036459
2016-02-17,0.012443052925095332
2016-02-18,-0.001984673869747227
2016-02-19,0.000333800979046347
2016-02-22,0.000884469573545581
2016-02-23,0.0016363997409861073
2016-02-24,0.006301993195867372
2016-02-25,-0.0064062059703723995
2016-02-26,0.002233934887308531
2016-02-29,-0.00081384185784824
2016-03-01,0.0051402970447438565
2016-03-02,0.007105760786293074
2016-03-03,-0.0018300482691350271
2016-03-04,0.001396044049656009
2016-03-07,-0.0006067876197906835
2016-03-08,-0.0027957835239676055
2016-03-09,0.0026184385308846486
2016-03-10,-0.002797036853912407
2016-03-11,-0.0024400420886133024
2016-03-14,-4.3342625083891745e-06
2016-03-15,0.008719065019604568
2016-03-16,0.002907320228712676
2016-03-17,0.0015228367820413497
2016-03-18,-0.004342962883134838
2016-03-21,0.00045240768031640005
2016-03-22,-0.003535458571279989
2016-03-23,-0.0006017467519399554
2016-03-24,0.0013109779543966815
2016-03-28,0.011983513137037483
2016-03-29,-0.005826948826934481
2016-03-30,0.0031270858029988236
2016-03-31,0.0019047966521557299
2016-04-01,-0.0025635456732108815
2016-04-04,-0.0018479852791894098
2016-04-05,0.002751245416637716
2016-04-06,0.004239617981630329
2016-04-07,-0.0012655618256201002
2016-04-08,0.002016880585969708
2016-04-11,0.0005154965643732597
2016-04-12,0.002240586068175639
2016-04-13,-0.00542449600816432
2016-04-14,0.00474770753000236
2016-04-15,0.0003360638702688475
2016-04-18,0.0037282155452122772
2016-04-19,-0.004452683433288741
2016-04-20,-0.0033298806159622624
2016-04-21,-0.004234645206206273
2016-04-22,-0.0015383806181747742
2016-04-25,-0.00030770921974902364
2016-04-26,0.005407084936538291
2016-04-27,0.002856514829153171
2016-04-28,0.003944352756872892
2016-04-29,-0.002107225770359288
2016-05-02,0.001379178482567891
2016-05-03,-0.0012993895218602577
2016-05-04,0.0023105260725592306
2016-05-05,0.0018276640302724602
2016-05-06,-0.0036437533973683635
2016-05-09,0.005038405530842473
2016-05-10,0.0013105511580412416
2016-05-11,-0.003699066048373563
2016-05-12,0.0019277221491068091
2016-05-13,0.00015845206873997788
2016-05-16,-0.0017509443398224201
2016-05-17,-0.010007348417686307
2016-05-18,3.221567767662097e-05
2016-05-19,0.002177725236582593
2016-05-20,-0.0002981474359927022
2016-05-23,-0.0016479280507431032
2016-05-24,0.00017087273351553398
2016-05-25,0.0013101337717341642
2016-05-26,-0.0011506076771947177
2016-05-27,0.001237012981321413
2016-05-31,0.0022760726515329323
2016-06-01,0.003353172849305515
2016-06-02,0.009744748502885509
2016-06-03,-0.0009786777679846518
2016-06-06,0.0013025505721335456
2016-06-07,0.006951667097011667
2016-06-08,0.003480181563837107
2016-06-09,-0.00039126758223737923
2016-06-10,0.000908693880172846
2016-06-13,-0.0007199432909064552
2016-06-14,0.0028925910734372657
2016-06-15,0.0003406066940858346
2016-06-16,-0.0006181384458958956
2016-06-17,-0.003550253560843716
2016-06-20,-0.005716645089494492
2016-06-21,0.0002112181235088898
2016-06-22,-0.0017121741844652492
2016-06-23,0.009766236377025526
2016-06-24,0.00891167847976071
2016-06-27,0.0026468475528128956
2016-06-28,0.0015565572721432822
2016-06-29,0.006492791004462377
2016-06-30,0.011880995352519593
2016-07-01,0.0072436965042840746
2016-07-05,0.003759007035188829
2016-07-06,-0.0012897574886668569
2016-07-07,0.008423894315597952
2016-07-08,-0.006543066612678842
2016-07-11,-0.011847867184664046
2016-07-12,0.008578233434601238
2016-07-13,-0.008535025705198946
2016-07-14,-0.005741613381005618
2016-07-15,0.0005393652789341134
2016-07-18,0.003010477796554163
2016-07-19,-0.006232590377643931
2016-07-20,0.004789711206176391
2016-07-21,-0.00048683088594688785
2016-07-22,-0.0030008659921419226
2016-07-25,0.0021491290655219434
2016-07-26,0.010770594085265107
2016-07-27,-0.001562364273904068
2016-07-28,0.00755825554403691
2016-07-29,-0.005058425901049467
2016-08-01,-0.004036218606862081
2016-08-02,-0.000558234764071134
2016-08-03,0.004464070895666675
2016-08-04,-0.009004442878891374
2016-08-05,0.0005628291449339348
2016-08-08,0.00623525898823842
2016-08-09,0.002837780665134632
2016-08-10,-0.005637214662252187
2016-08-11,0.003384696692423794
2016-08-12,-0.003123566855103352
2016-08-15,-0.0008945140395417942
2016-08-16,0.0034354558718026292
2016-08-17,0.0026585162503727946
2016-08-18,-0.005577434208062594
2016-08-19,0.0037445545684495667
2016-08-22,0.0008948567287895456
2016-08-23,-0.005938195105108382
2016-08-24,-0.0013661911343806257
2016-08-25,-0.002969140484655501
2016-08-26,0.0081572982012065
2016-08-29,-0.005291049087692897
2016-08-30,-0.00045480423236042686
2016-08-31,0.0014449352176942687
2016-09-01,-0.0012794614989582594
2016-09-02,0.0074865930839578595
2016-09-06,-0.001274581705756087
2016-09-07,-0.006635217559303362
2016-09-08,-0.015132045388563366
2016-09-09,0.004221546884457601
2016-09-12,-0.010614353724701361
2016-09-13,0.001547187619342895
2016-09-14,-0.0007920046234175784
2016-09-15,0.002505950742547996
2016-09-16,-0.000974519248742988
2016-09-19,0.002042911763982577
2016-09-20,0.010998755291786413
2016-09-21,0.005921460120549329
2016-09-22,-0.0020875354884684755
2016-09-23,-0.0009295707624817527
2016-09-26,0.0024833135371418145
2016-09-27,-0.0005161319133518066
2016-09-28,-0.004395836525326499
2016-09-29,0.0009385882154174334
2016-09-30,-0.002739858908660961
2016-10-03,-0.015642598374176378
2016-10-04,0.0003396827034759617
2016-10-05,-0.0038391685954905883
2016-10-06,-0.0010200011433144644
2016-10-07,-0.0005304500502192162
2016-10-10,-0.00655543820097814
2016-10-11,0.0011721544491566944
2016-10-12,0.0008063265906645464
2016-10-13,-0.007408708047840402
2016-10-14,0.002058062838946438
2016-10-17,0.004734450313722035
2016-10-18,0.0020505172966988677
2016-10-19,-0.0005300731767718985
2016-10-20,0.0010123367795183429
2016-10-21,-0.000706841069352227
2016-10-24,0.0016344316081577312
2016-10-25,-0.005188485294999996
2016-10-26,-0.005591890580449255
2016-10-27,-0.0007241183185748982
2016-10-28,0.0039534836121191096
2016-10-31,-0.0008999144452726923
2016-11-01,0.0014703327790862586
2016-11-02,-0.0033568817420377896
2016-11-03,0.003363233802076182
2016-11-04,-0.00032182980355218316
2016-11-07,-0.0010995909381284498
2016-11-08,-0.013816874037178557
2016-11-09,-0.008830431778101288
2016-11-10,-0.00865731753028377
2016-11-11,-0.003177995427439167
2016-11-14,0.007710918773911425
2016-11-15,-0.0010722163206310538
2016-11-16,0.0005628925493898599
2016-11-17,-0.003949921206609773
2016-11-18,0.0060697627667409765
2016-11-21,0.0011487531870952427
2016-11-22,-0.00504023607726426
2016-11-23,0.0011428496761227132
2016-11-25,0.00030316091988906576
2016-11-28,0.0005175721539948473
2016-11-29,-0.006572061216064956
2016-11-30,-0.003925124467556834
2016-12-01,0.002396809784801157
2016-12-02,0.002443893073999721
2016-12-05,0.0017335927549932406
2016-12-06,0.010194061879519037
2016-12-07,-0.00017871503292137653
2016-12-08,0.00085561189873896
2016-12-09,0.00014243949814358417
2016-12-12,0.0043435896281153194
2016-12-13,-0.009880927579157994
2016-12-14,0.0006231450272720573
2016-12-15,-0.00028237268742328184
2016-12-16,0.0035894720104448505
2016-12-19,0.0007166447666063331
2016-12-20,-0.0013986458557280563
2016-12-21,-0.0018720695073415772
2016-12-22,0.0018588670859512346
2016-12-23,0.0025761467767502523
2016-12-27,-0.0045290654539804085
2016-12-28,0.002807712490122025
2016-12-29,-0.0036488406088791307
2016-12-30,0.007325012781399091
2017-01-03,0.005240712284216932
2017-01-04,0.0040759268555644965
2017-01-05,9.761795612439855e-05
2017-01-06,0.00012464123761318844
2017-01-09,0.0007845700693500799
2017-01-10,0.002929431710241761
2017-01-11,-0.0012592669677603608
2017-01-12,0.0016540622014116488
2017-01-13,0.0014221193493263078
2017-01-17,-0.0014427075669614503
2017-01-18,-0.0034604490095612853
2017-01-19,0.0028544251071567573
2017-01-20,0.0004539693091274986
2017-01-23,0.002886160641749055
2017-01-24,0.003114603634650945
2017-01-25,-0.0022591288041021464
2017-01-26,-0.00033407268644026366
2017-01-27,-0.0038118607822706855
2017-01-30,0.003385625910634399
2017-01-31,-0.0009500646477661718
2017-02-01,0.0015271368102856052
2017-02-02,0.005266450660486201
2017-02-03,0.002036481221350376
2017-02-06,0.00035477690159372584
2017-02-07,0.003506472765175314
2017-02-08,0.001451677270251329
2017-02-09,0.003226622108506852
2017-02-10,0.0021192738179906965
2017-02-13,0.0022884187814594605
2017-02-14,0.004070808566307881
2017-02-15,0.0010187024729638285
2017-02-16,0.001015669429104713
2017-02-17,0.004100565456355569
2017-02-21,-0.00018381517810134068
2017-02-22,0.0025119770020754577
2017-02-23,0.0032658862485668086
2017-02-24,-0.00046990323087993174
2017-02-27,-0.0013372811326615654
2017-02-28,0.007755140895252663
2017-03-01,-0.007284278963506629
2017-03-02,0.0005813716554553351
2017-03-03,-0.003915458127345098
2017-03-06,-0.004014683850422022
2017-03-07,-0.003090230416219435
2017-03-08,-0.0009425319329560495
2017-03-09,0.0032352336234567486
2017-03-10,-0.0002449088467018659
2017-03-13,-0.0032879185540023318
2017-03-14,0.010944162641851708
2017-03-15,-0.0010617054235056867
2017-03-16,-0.00015989593838513345
2017-03-17,0.0005477956159234301
2017-03-20,-0.00647309517566984
2017-03-21,0.002532730640682231
2017-03-22,-0.001157926748938766
2017-03-23,0.00016778899338200083
2017-03-24,0.0008593254095625858
2017-03-27,0.0035844706472120493
2017-03-28,0.0017357591550279665
2017-03-29,-3.208278814180411e-05
2017-03-30,-0.0009192211446552748
2017-03-31,0.0008437587495707325
2017-04-03,0.00035383715812790294
2017-04-04,-0.0017785812978845308
2017-04-05,0.0010797246494936975
2017-04-06,-0.0006497732362932514
2017-04-07,0.000879259068025726
2017-04-10,0.002986319470068455
2017-04-11,-0.0011633498524945029
2017-04-12,-0.0033045865043723824
2017-04-13,0.005278309737339783
2017-04-17,0.00015385564778384365
2017-04-18,-0.003617824703463935
2017-04-19,0.005664138746946514
2017-04-20,-0.0016612693684484724
2017-04-21,0.005799717568654442
2017-04-24,0.0008147271581870775
2017-04-25,0.0010887227843638658
2017-04-26,-0.0007655170019197181
2017-04-27,0.0002964166473067374
2017-04-28,-0.003156014314918892
2017-05-01,0.0011598884367587069
2017-05-02,-0.004693019089089123
2017-05-03,-0.002648755591517192
2017-05-04,0.002561408943638279
2017-05-05,-0.0021071453852426324
2017-05-08,-0.002279976381741353
2017-05-09,0.0005903442978879313
2017-05-10,0.00016453572215455832
2017-05-11,0.0015173331533345946
2017-05-12,0.003004696610585035
2017-05-15,0.0015873706859414404
2017-05-16,-0.0006515154590673944
2017-05-17,-0.00022720787629995675
2017-05-18,0.005197048559868927
2017-05-19,0.003235502666587729
2017-05-22,-0.0021524021221758245
2017-05-23,0.0034690406161826705
2017-05-24,0.002122769873809234
2017-05-25,0.0028868057098605376
2017-05-26,-0.0004463193548759106
2017-05-30,0.0015711453542923662
2017-05-31,0.00422973702094632
2017-06-01,0.006219496657603848
2017-06-02,-0.0013186212037339358
2017-06-05,0.0028428687140154927
2017-06-06,-0.0016223443844227109
2017-06-07,-0.00224927466514735
2017-06-08,-0.0038146224765384503
2017-06-09,-0.0006153118514490281
2017-06-12,0.002770096923346367
2017-06-13,0.0007815549957723785
2017-06-14,-0.0025345013822862575
2017-06-15,0.0005556291237759604
2017-06-16,0.001563822716550508
2017-06-19,-0.0022341553631758525
2017-06-20,0.001146352217286224
2017-06-21,0.000987574080042868
2017-06-22,0.0015293676939591252
2017-06-23,-0.0016071629620553645
2017-06-26,-0.005069584370906026
2017-06-27,0.003204627334692983
2017-06-28,-0.0075768656321642935
2017-06-29,-0.00029329626116809205
2017-06-30,-0.004744476277526324
2017-07-03,0.002312132507026767
2017-07-05,-0.00730362559316782
2017-07-06,-0.0010370997202445251
2017-07-07,0.0013238225474563859
2017-07-10,0.00035927400239164155
2017-07-11,0.00618147139686392
2017-07-12,-0.0009663991125065552
2017-07-13,0.005020693426146174
2017-07-14,0.0018224574513992476
2017-07-17,0.004093707410883173
2017-07-18,0.002703668170190448
2017-07-19,0.0012048832089989077
2017-07-20,0.002976760661027736
2017-07-21,-0.0007771504894076512
2017-07-24,-0.002389098358097452
2017-07-25,0.0027557211371785247
2017-07-26,-0.0016784843915840036
2017-07-27,0.0028405236081105595
2017-07-28,0.00010757310287239606
2017-07-31,0.0022639486828197235
2017-08-01,-0.0002674648987211136
2017-08-02,0.001560402845350202
2017-08-03,-0.003160049702062189
2017-08-04,0.0010520039861990024
2017-08-07,-0.0012090360597581378
2017-08-08,0.0046753377123971394
2017-08-09,-0.0031896755098059057
2017-08-10,0.0022532788286545626
2017-08-11,0.0017679541697468086
2017-08-14,-0.003227306211886393
2017-08-15,0.003803531423916037
2017-08-16,-0.004844495631615914
2017-08-17,-0.001295196675405299
2017-08-18,0.002006546357392666
2017-08-21,0.0030805791882677356
2017-08-22,0.0006870126211904713
2017-08-23,-0.002837371935757964
2017-08-24,0.003039952260916204
2017-08-25,0.004623335319407473
2017-08-28,0.0005652206613264786
2017-08-29,0.002155767511096313
2017-08-30,0.007095275549452832
2017-08-31,-0.0002574669181941708
2017-09-01,0.002856054586529877
2017-09-05,-0.001060710351418593
2017-09-06,0.0050829971232064335
2017-09-07,-0.0013963435764174895
2017-09-08,-0.0012993434483076112
2017-09-11,0.0015068466007639668
2017-09-12,-0.0028108075616834283
2017-09-13,0.0019727312425198537
2017-09-14,-0.0007504742509294555
2017-09-15,-0.00290102052983715
2017-09-18,0.0006345824617619176
2017-09-19,-0.0020940223752036785
2017-09-20,-0.003742620033511121
2017-09-21,0.0020379710767102644
2017-09-22,0.003348571103167175
2017-09-25,-0.003428883955570579
2017-09-26,-0.003932606490670133
2017-09-27,0.0005713015560339908
2017-09-28,0.0006532374879656161
2017-09-29,-0.00020739862119545024
2017-10-02,0.0014109216491659297
2017-10-03,0.0014518828617392286
2017-10-04,0.0005832419721239043
2017-10-05,0.00028017203061260314
2017-10-06,0.0022466954612157474
2017-10-09,0.002425056642422133
2017-10-10,0.002125456221131939
2017-10-11,0.0003487676240278094
2017-10-12,0.004305518753507372
2017-10-13,-0.0015431891550198903
2017-10-16,-0.0014496285256061215
2017-10-17,-0.0019656371071479243
2017-10-18,0.0022582364123184587
2017-10-19,-0.0014785520374177975
2017-10-20,-0.0011256087932307178
2017-10-23,-0.0015258855902848321
2017-10-24,-0.003389925754969427
2017-10-25,-0.002554966127953525
2017-10-26,0.006807869096144139
2017-10-27,0.0006100501577695162
2017-10-30,-0.00029885891657602996
2017-10-31,0.0026412236578879254
2017-11-01,0.0012721608592205069
2017-11-02,0.0007939670542866238
2017-11-03,0.004071043030420933
2017-11-06,0.0009673353920446819
2017-11-07,0.0003100959197028233
2017-11-08,-0.002509929946675777
2017-11-09,-0.005808529958073237
2017-11-10,0.001450566541628978
2017-11-13,0.001735976660141718
2017-11-14,0.001689057914558609
2017-11-15,0.0007325496909638132
2017-11-16,0.00267823486508464
2017-11-17,-0.000575527173848425
2017-11-20,0.004689994509839786
2017-11-21,0.001766686405460731
2017-11-22,-0.000202024257633818
2017-11-24,-0.0004018794348385863
2017-11-27,0.005385547172191206
2017-11-28,-0.004172765746986898
2017-11-29,0.0013685053121164467
2017-11-30,0.0028535392961264996
2017-12-01,-0.0015239326284115264
2017-12-04,-0.0011638377206578856
2017-12-05,0.0012679370047257886
2017-12-06,-0.0028958581788746567
2017-12-07,0.00274246437777435
2017-12-08,0.00028498583661989264
2017-12-11,0.0008417829778367231
2017-12-12,0.0037990047656981125
2017-12-13,-0.0005559957136579952
2017-12-14,0.00585520829930123
2017-12-15,-4.184542798061128e-05
2017-12-18,-0.00707236639489827
2017-12-19,-0.004449399194535259
2017-12-20,0.002615261494266007
2017-12-21,0.0017087464686771864
2017-12-22,0.0020457022491930732
2017-12-26,0.003962525500291176
2017-12-27,0.002371888692381025
2017-12-28,0.00037420520268925564
2017-12-29,0.005011424559025434
2018-01-02,0.0033146807471049347
2018-01-03,0.0036054407120758494
2018-01-04,0.0024381022074968896
2018-01-05,0.0007383298332644809
2018-01-08,-0.0029539000629146012
2018-01-09,-0.000286928143392886
2018-01-10,0.005439109834603194
2018-01-11,0.007199559839142829
2018-01-12,-0.00038260765008729864
2018-01-16,0.0020313806567122004
2018-01-17,-0.0033743559894146603
2018-01-18,0.002547910475203749
2018-01-19,0.0047893320115734335
2018-01-22,0.003407358114342853
2018-01-23,0.0023509703754766654
2018-01-24,-0.00016248738772520416
2018-01-25,0.005246807063093105
2018-01-26,-0.006413777291592061
2018-01-29,-0.007630226595110366
2018-01-30,0.003429305128673393
2018-01-31,-0.00250197762867233
2018-02-01,-0.016831125989259642
2018-02-02,-0.006065709998370053
2018-02-05,-0.001328677471340297
2018-02-06,-0.006807654715698549
2018-02-07,-0.009450582984858007
2018-02-08,0.0006251892714202682
2018-02-09,0.007084831586183792
2018-02-12,0.004388986890172293
2018-02-13,0.004939622668668919
2018-02-14,0.0049258035811756
2018-02-15,0.0010481368234427013
2018-02-16,-0.008105984555569028
2018-02-20,-0.0077596470594120505
2018-02-21,0.0033090932520456516
2018-02-22,0.006999480173354811
2018-02-23,0.003890673511018208
2018-02-26,-0.007432662676817962
2018-02-27,-0.0004095970506932425
2018-02-28,-0.0017681384574974438
2018-03-01,-4.083030854753469e-05
2018-03-02,0.0012081803657654868
2018-03-05,0.004806064460116507
2018-03-06,-0.0023302833407182117
2018-03-07,0.0028461443805731295
2018-03-08,0.007594674453501546
2018-03-09,0.0005220547195692575
2018-03-12,-0.0016595253521322693
2018-03-13,-0.0010092524786930851
2018-03-14,-0.0024604058082528866
2018-03-15,-0.0008959605791935848
2018-03-16,-0.00679731403908278
2018-03-19,-0.0013043808240211937
2018-03-20,0.004449763474865441
2018-03-21,-0.011873743717549083
2018-03-22,-0.0014427242580346234
2018-03-23,0.006875553445181579
2018-03-26,-0.0018803710950560004
2018-03-27,-0.00423661871921637
2018-03-28,0.005364483234322212
2018-03-29,-0.0007824993679337333
2018-04-02,-0.0025663844890791345
2018-04-03,0.002186807851881785
2018-04-04,-0.002876530238887141
2018-04-05,0.000470511716068246
2018-04-06,0.0030448855140776665
2018-04-09,0.0039660701654292
2018-04-10,0.002739582361618839
2018-04-11,-0.004904572843937664
2018-04-12,0.002400185964827175
2018-04-13,0.004583691446654466
2018-04-16,0.006147631137593795
2018-04-17,-0.0010012868905565175
2018-04-18,-0.005004668322834621
2018-04-19,-0.007993929844721602
2018-04-20,-0.0024266327296555974
2018-04-23,-0.006239621956808397
2018-04-24,-0.0020649799399027205
2018-04-25,0.005397692341014237
2018-04-26,0.003275615116375951
2018-04-27,-0.005690630659059306
2018-04-30,-0.0019603569315587003
2018-05-01,-0.0037351984710907895
2018-05-02,0.0013156488395883476
2018-05-03,0.007361485803120519
2018-05-04,0.0014413175257550158
2018-05-07,-0.00013709138625924114
2018-05-08,0.0029829961321880347
2018-05-09,0.00830168884149927
2018-05-10,0.0015954431097449505
2018-05-11,-0.0020478635904813236
2018-05-14,-0.010628383928297276
2018-05-15,0.0008632765923756852
2018-05-16,-0.0012637093420509219
2018-05-17,0.0005846875369669369
2018-05-18,0.004019037081495174
2018-05-21,-0.0018706893483789004
2018-05-22,0.0031387762347750573
2018-05-23,0.0031219944942301402
2018-05-24,-0.0008754824815110266
2018-05-25,-0.0014992976702782905
2018-05-29,0.0057201338785307036
2018-05-30,-0.004059530425151918
2018-05-31,0.0023352204625912637
2018-06-01,0.0006243486452409431
2018-06-04,0.0020065025970161052
2018-06-05,0.0027065582783956854
2018-06-06,0.0017271592110137937
2018-06-07,0.0012406808369922109
2018-06-08,0.0008321522674165334
2018-06-11,-0.00030368796197131095
2018-06-12,-0.0007961376399445701
2018-06-13,0.0033727369675887096
2018-06-14,-0.0054574198836604
2018-06-15,-0.001781330493923677
2018-06-18,-0.0015282447588017495
2018-06-19,-0.0022520435655619896
2018-06-20,-0.0026207567347843585
2018-06-21,0.0016180194082721893
2018-06-22,-0.007529409235106972
2018-06-25,-0.0001936094870619784
2018-06-26,-0.003998802771307493
2018-06-27,0.0019874721225700263
2018-06-28,0.001119654189773173
2018-06-29,-0.0021006715817911354
2018-07-02,0.0023236396277208004
2018-07-03,0.005573508935159208
2018-07-05,0.004384862454746369
2018-07-06,0.003921790327005939
2018-07-09,0.0013748093874262218
2018-07-10,-0.006173281834016839
2018-07-11,0.005743126416086185
2018-07-12,0.0007501946338463134
2018-07-13,-0.0016458314415143576
2018-07-16,0.0001786076701892625
2018-07-17,-0.0005335356830938431
2018-07-18,0.00020702015218819665
2018-07-19,-0.004864159857205318
2018-07-20,-0.004518827840686899
2018-07-23,0.003916798874244614
2018-07-24,0.004216722390450727
2018-07-25,-0.002735027877323138
2018-07-26,-0.0026772939625848502
2018-07-27,-0.004149579290493203
2018-07-30,0.004930275456315497
2018-07-31,-0.0048435186382860046
2018-08-01,0.002749976122162862
2018-08-02,0.004471020404615017
2018-08-03,0.0015500377654584176
2018-08-06,-0.00020841574267604188
2018-08-07,0.00047297492001386194
2018-08-08,0.0025214291127268135
2018-08-09,-0.0005103992183217522
2018-08-10,-0.004224791943025625
2018-08-13,0.002379466954807747
2018-08-14,-0.0031004749566819765
2018-08-15,0.003915624159783523
2018-08-16,0.0031761655727937333
2018-08-17,0.004236361704283361
2018-08-20,0.00011450456407128228
2018-08-21,0.0015028729432842592
2018-08-22,-0.000990473859406725
2018-08-23,0.005517846327979769
2018-08-24,0.0020117774062507867
2018-08-27,-0.002964336650038968
2018-08-28,0.003668794063139368
2018-08-29,-0.001661340099307895
2018-08-30,-0.0010218732073935409
2018-08-31,-0.003693296603167428
2018-09-04,-0.0020709746719322734
2018-09-05,0.00015455666411121318
2018-09-06,-0.004656634392290547
2018-09-07,0.0022727438354343816
2018-09-10,-0.0013483454044532388
2018-09-11,0.0018994615783547446
2018-09-12,0.003193566752360218
2018-09-13,-0.0024850235412319506
2018-09-14,-0.00213369101777142
2018-09-17,-0.0016499045592194206
2018-09-18,-0.001474264244740452
2018-09-19,0.006225473406878851
2018-09-20,-0.0013126168472370886
2018-09-21,-0.002707569466535502
2018-09-24,-0.0007166524792154613
2018-09-25,0.0007734937162850989
2018-09-26,0.0007791949503573762
2018-09-27,-0.00037313439713071027
2018-09-28,-0.001381723882221147
2018-10-01,0.0032943196907964903
2018-10-02,-0.007131253145110354
2018-10-03,-0.0067018751156107765
2018-10-04,-0.005977407250669334
2018-10-05,-0.002460397867542879
2018-10-08,0.0014432460661406318
2018-10-09,-0.016930312642971013
2018-10-10,0.007909232858393003
2018-10-11,0.0004089412454680386
2018-10-12,0.000622470321947929
2018-10-15,0.005782157109243002
2018-10-16,-0.0024683531748745245
2018-10-17,-0.0034104349172733727
2018-10-18,-0.0007952931972900518
2018-10-19,-0.0025362385131248015
2018-10-22,0.0019932509432111726
2018-10-23,-0.0037803118360261313
2018-10-24,0.0019534073910093567
2018-10-25,-0.0008673413965894379
2018-10-26,-0.003646072023590705
2018-10-29,0.00013680489824199958
2018-10-30,-0.001342104028404097
2018-10-31,0.007276961956510091
2018-11-01,-0.006654127508665274
2018-11-02,0.0022146949762009154
2018-11-05,0.00037330317009902044
2018-11-06,0.0058243553910867244
2018-11-07,-0.0012080399557863751
2018-11-08,-0.00309900917564452
2018-11-09,-0.004386266560185912
2018-11-12,-0.0006074210215840111
2018-11-13,0.001276937436811197
2018-11-14,0.002789408118968508
2018-11-15,0.005511606114225713
2018-11-16,-0.002957159173576609
2018-11-19,-0.004524689526609659
2018-11-20,0.00125063120796044
2018-11-21,-0.001497909467549146
2018-11-23,0.0026858933619571335
2018-11-26,-0.0006765953064032082
2018-11-27,0.004892258251539516
2018-11-28,0.002127669964513452
2018-11-29,0.0025045203131894354
2018-11-30,0.008735146019658316
2018-12-03,0.0007599473442202378
2018-12-04,0.0010084310392722898
2018-12-06,-0.002299340461920699
2018-12-07,0.0010534080427176777
2018-12-10,-0.00041085353148676246
2018-12-11,3.9946559522099456e-05
2018-12-12,-0.0018206080677797666
2018-12-13,-0.0044068754854857
2018-12-14,-7.676006291895167e-05
2018-12-17,0.0030720367199356855
2018-12-18,-6.204970962099283e-05
2018-12-19,-0.0004221580463386271
2018-12-20,-0.006507862728752658
2018-12-21,-0.0006992336118430953
2018-12-24,0.006024633805027337
2018-12-26,0.004395776137109409
2018-12-27,0.004726313738658324
2018-12-28,0.004178131487517356
2018-12-31,0.0027689652198849145
2019-01-02,0.0025051029498600174
2019-01-03,-0.00035924413762323734
2019-01-04,0.0016264220420325853
2019-01-07,5.921905667623955e-05
2019-01-08,0.0024927439859910167
2019-01-09,-0.004009261335524176
2019-01-10,0.0025417071528793835
2019-01-11,-0.0023742197420519927
2019-01-14,-6.664601390782429e-05
2019-01-15,0.0019411620316891328
2019-01-16,0.0012435701427589614
2019-01-17,-0.0026731612332345387
2019-01-18,0.0017195363760193244
2019-01-22,9.999140383986488e-05
2019-01-23,0.002907889900856708
2019-01-24,0.0036384352660036295
2019-01-25,-0.0009757285897612471
2019-01-28,0.003795778247093112
2019-01-29,0.004482123401709407
2019-01-30,0.00617518114876782
2019-01-31,-0.00353453699137681
2019-02-01,-0.0021391485394517008
2019-02-04,0.003894896620755533
2019-02-05,-0.0013405188442825256
2019-02-06,-0.00029463515706384084
2019-02-07,0.0029333536417263744
2019-02-08,-0.0022360327008386434
2019-02-11,0.004047429351150617
2019-02-12,-0.0009951534849791553
2019-02-13,0.002510097592677815
2019-02-14,0.005709685316847293
2019-02-15,0.003471610422072282
2019-02-19,-0.0008017502982690162
2019-02-20,-0.0070513516307403835
2019-02-21,0.005801796180858359
2019-02-22,-0.0010422610415208979
2019-02-25,0.002350074392752921
2019-02-26,-0.0065801132923649815
2019-02-27,-0.003013959501542436
2019-02-28,-0.003869530346901874
2019-03-01,0.002182885592190478
2019-03-04,0.00046486554301148535
2019-03-05,-0.001662114542947852
2019-03-06,-0.0005183482160434042
2019-03-07,0.0023897546790258638
2019-03-08,0.003786422998089979
2019-03-11,0.005603016970155936
2019-03-12,0.0023929195493485114
2019-03-13,-0.005042155344293906
2019-03-14,0.005724005460470211
2019-03-15,0.0012169739492253549
2019-03-18,-0.0007353868856349362
2019-03-19,0.004643332387836574
2019-03-20,0.005188332881309628
2019-03-21,0.00016833661777086885
2019-03-22,0.0012628899487539089
2019-03-25,0.0021129990571826605
2019-03-26,0.0019584378531705762
2019-03-27,0.00185938688099519
2019-03-28,0.002130226197075044
2019-03-29,-0.0011355016710204596
2019-04-01,0.0013536549298322747
2019-04-02,-0.0028435734636321716
2019-04-03,0.00271087398875566
2019-04-04,0.0028240568736968346
2019-04-05,-0.0006067388125176429
2019-04-08,-0.0007879143889856731
2019-04-09,0.002977578456708114
2019-04-10,-0.003782525128683178
2019-04-11,0.0004135782530839681
2019-04-12,0.0004932761603201538
2019-04-15,-0.0030853167278743227
2019-04-16,-0.0012523500961719612
2019-04-17,0.0031470056272112617
2019-04-18,-0.0014942380568837034
2019-04-22,0.005117254106121882
2019-04-23,0.0024303151125014562
2019-04-24,-0.0008084615880233071
2019-04-25,0.00434361109782126
2019-04-26,-0.0022229718943964447
2019-04-29,0.0026039993946934503
2019-04-30,-0.0027880835929709113
2019-05-01,-0.0033729058962956616
2019-05-02,0.006594204875427605
2019-05-03,-0.0008308668084418033
2019-05-06,-0.005037034946112745
2019-05-07,-0.0026752901029202035
2019-05-08,0.00036064023373225264
2019-05-09,0.0021501967926262516
2019-05-10,-0.006315251089886328
2019-05-13,0.0019562510524162233
2019-05-14,0.005340741824509769
2019-05-15,0.0012981116449797712
2019-05-16,-0.0021922176343929568
2019-05-17,-0.003694833429588603
2019-05-20,0.0025615308450426225
2019-05-21,0.0015295910285180938
2019-05-22,0.0014454293739139422
2019-05-23,0.0014439847120913687
2019-05-24,-0.000538649859316319
2019-05-28,-0.0011475449039969267
2019-05-29,0.0060481604139036756
2019-05-30,0.002132748515616539
2019-05-31,0.003747645829069836
2019-06-03,0.002888231625875591
2019-06-04,0.0008713543375387833
2019-06-05,0.004529471545776254
2019-06-06,0.008852568243750173
2019-06-07,-0.0038973751217702773
2019-06-10,8.957970515110461e-05
2019-06-11,0.00019389901769756638
2019-06-12,0.003976249648798198
2019-06-13,0.0007827520646043669
2019-06-14,0.0009628101323027213
2019-06-17,0.007171194200944702
2019-06-18,0.0022230020278154734
2019-06-19,0.00760870164964253
2019-06-20,-0.005444135064620507
2019-06-21,0.006034533076538235
2019-06-24,0.00015642767267661883
2019-06-25,-0.0061720293501401485
2019-06-26,0.003925445086784858
2019-06-27,0.0014999778018611866
2019-06-28,-0.005231075429294852
2019-07-01,0.010702312391581613
2019-07-02,0.0064060054986995706
2019-07-03,-0.010209433961550787
2019-07-05,-0.002359007700019406
2019-07-08,0.0008937573252954188
2019-07-09,0.0016084467114599287
2019-07-10,-0.008562560750287215
2019-07-11,0.003340453165376235
2019-07-12,0.0026758502932211093
2019-07-15,-0.004728552033415894
2019-07-16,0.007594485558281957
2019-07-17,0.0052411797322290165
2019-07-18,-0.006740722623537581
2019-07-19,0.0013942660027839546
2019-07-22,-0.0030115605230955234
2019-07-23,0.004626756813340431
2019-07-24,-0.005481874041028879
2019-07-25,0.0030102049403310273
2019-07-26,0.0017789015845418813
2019-07-29,0.001725155279211518
2019-07-30,-0.0021556724810064425
2019-07-31,0.015205094594677865
2019-08-01,0.0019422005774252173
2019-08-02,0.006628613963418457
2019-08-05,0.009486050070753559
2019-08-06,0.004094672672510921
2019-08-07,0.007183279349662662
2019-08-08,-0.00353756322260689
2019-08-09,0.00966864317837311
2019-08-12,0.000646764333497927
2019-08-13,0.005341147227190518
2019-08-14,0.007846826385180031
2019-08-15,-0.001965158107874479
2019-08-16,-0.007150327892348555
2019-08-19,0.005936901990199309
2019-08-20,-0.0026739208870281118
2019-08-21,-0.004156119957763189
2019-08-22,0.008765864803657621
2019-08-23,0.0007988186671062565
2019-08-26,0.00898974126262067
2019-08-27,0.001652747825336364
2019-08-28,-0.0015165908603811834
2019-08-29,-0.0007241552865219602
2019-08-30,0.003618105952318647
2019-09-03,0.004871305933609758
2019-09-04,-0.013872043703725027
2019-09-05,0.0011316846958440278
2019-09-06,-0.00998434352071673
2019-09-09,-0.011466861919453977
2019-09-10,0.0023416217498474882
2019-09-11,-0.001978591818169565
2019-09-12,-0.013422010323500613
2019-09-13,0.00820690909200791
2019-09-16,0.0038040689276463255
2019-09-17,0.0003453201650489026
2019-09-18,0.0027015517134636137
2019-09-19,0.009140257026080699
2019-09-20,0.0015212257202234362
2019-09-23,0.00599731271472848
2019-09-24,-0.011803722472527933
2019-09-25,0.002704337206433272
2019-09-26,-0.0014015391413548747
2019-09-27,-0.0025444617004717054
2019-09-30,0.0007476541949241169
2019-10-01,0.001137530607416571
2019-10-02,0.007528303724593494
2019-10-03,0.006366471450606192
2019-10-04,-0.007595505862627528
2019-10-07,0.0008272467522015151
2019-10-08,-0.0006673778246926668
2019-10-09,-0.008785529729632525
2019-10-10,-0.005830503233282603
2019-10-11,0.004592666276927196
2019-10-14,-0.006209226678147056
2019-10-15,0.002000573380688929
2019-10-16,-0.00020035608158642425
2019-10-17,-0.0011975740978486197
2019-10-18,-0.003858807700043057
2019-10-21,0.003139361437356685
2019-10-22,0.0017880266898008318
2019-10-23,0.0014492920923431876
2019-10-24,-0.0009323198914225616
2019-10-25,-0.0060360671636778135
2019-10-28,-0.0005646671613865869
2019-10-29,0.009519303525142592
2019-10-30,0.00915134782145062
2019-10-31,0.0005762383267964694
2019-11-01,-0.006686574804802306
2019-11-04,-0.010770005469553399
2019-11-05,0.004346461922728343
2019-11-06,-0.013133221137250205
2019-11-07,-0.003530755573089668
2019-11-08,-0.0007703332850391238
2019-11-11,0.0035209574484334114
2019-11-12,0.004496560463799186
2019-11-13,0.0066880154462513
2019-11-14,0.00013913553939448673
2019-11-15,0.0019426990656087302
2019-11-18,0.004242831834671698
2019-11-19,0.0045535886306696475
2019-11-20,-0.005109002536704358
2019-11-21,0.0005769941910017532
2019-11-22,0.0038812254544403303
2019-11-25,0.004299265521126276
2019-11-26,-0.00020711640326093216
2019-11-27,-0.0019349713350724847
2019-11-29,-0.010174415982706972
2019-12-02,0.011834232206068981
2019-12-03,-0.00419734441207884
2019-12-04,-0.0019062270352396705
2019-12-05,-0.003949423937675729
2019-12-06,7.657548472756538e-05
2019-12-09,-0.00012716643434321283
2019-12-10,0.005267012100060121
2019-12-11,-0.002700448747721648
2019-12-12,0.005513923196373745
2019-12-13,-0.00019628945012495713
2019-12-16,-0.00046382259631312504
2019-12-17,-0.003260118879442127
2019-12-18,0.0029433959978000888
2019-12-19,0.0027521340243707995
2019-12-20,0.001393502229125532
2019-12-23,0.0034029537800558027
2019-12-24,0.005484081952362552
2019-12-26,-1.0510004108397344e-05
2019-12-27,-0.0028624724234155253
2019-12-30,-0.0001876621074630504
2019-12-31,0.009096302885619089
2020-01-02,0.00321047686796941
2020-01-03,0.003895508432580105
2020-01-06,-0.0012152242671662169
2020-01-07,-0.0009278530026506182
2020-01-08,0.0023795461935004567
2020-01-09,0.0021315992897306753
2020-01-10,0.0005851779774384285
2020-01-13,-4.259656999188398e-06
2020-01-14,0.004195895836957616
2020-01-15,0.0030395844168270934
2020-01-16,0.0003898040422729683
2020-01-17,0.0014376398402149821
2020-01-21,0.000863904172284848
2020-01-22,0.002642252036379127
2020-01-23,-0.0011066009605168016
2020-01-24,-0.0029521078525890933
2020-01-27,0.0009497675267770636
2020-01-28,0.004019855592782178
2020-01-29,0.001682198092109034
2020-01-30,-0.004949159604923859
2020-01-31,0.0027244367937384337
2020-02-03,-0.0011261486181593267
2020-02-04,-6.707029249346718e-05
2020-02-05,0.004015710480409799
2020-02-06,0.002552524808892343
2020-02-07,0.005081939351211339
2020-02-10,-0.0015002893731307903
2020-02-11,0.001098171612726159
2020-02-12,0.001565395918149614
2020-02-13,0.0029647111069195
2020-02-14,0.002713632410538333
2020-02-18,0.0029388648504863283
2020-02-19,0.0014706116201453519
2020-02-20,3.457830930508497e-05
2020-02-21,-0.010042342625449554
2020-02-24,-0.011881256875362147
2020-02-25,-0.0015188603838332192
2020-02-26,-0.007103401857588094
2020-02-27,-0.005131468628098114
2020-02-28,0.009573903046681601
2020-03-02,0.009732721324866547
2020-03-03,0.006636593378361602
2020-03-04,0.008862897514881587
2020-03-05,0.016260325188734544
2020-03-06,-0.009053304648645736
2020-03-09,-0.015900382942436436
2020-03-10,-0.028739820141261006
2020-03-11,-0.03691682274895522
2020-03-12,0.00033810082056774486
2020-03-13,-0.009247888609473572
2020-03-16,-0.00825047124173212
2020-03-17,-0.043265991112413686
2020-03-18,0.00460265285337437
2020-03-19,0.022112976612836507
2020-03-20,0.024870617529369924
2020-03-23,0.03371430956998936
2020-03-24,-0.0025341135536420117
2020-03-25,0.020873398313244165
2020-03-26,-0.0003743005301019898
2020-03-27,0.0066055348819388186
2020-03-30,-0.019075955907077516
2020-03-31,-0.002786111558969825
2020-04-01,0.014133458503397287
2020-04-02,-0.0009125237639951457
2020-04-03,0.02531221468912262
2020-04-06,-0.005743147766020097
2020-04-07,0.002191427242039729
2020-04-08,0.01367155381034021
2020-04-09,0.00014263818220674757
2020-04-13,0.00992569423345805
2020-04-14,0.003245213929043691
2020-04-15,0.005400835644175757
2020-04-16,-0.005605487442663582
2020-04-17,0.0012455460744918156
2020-04-20,-0.00512660820453722
2020-04-21,0.008238616719527976
2020-04-22,0.005571806783253575
2020-04-23,0.0029097467418741506
2020-04-24,-0.00630242893818911
2020-04-27,0.0019086915989294459
2020-04-28,0.006279764581646717
2020-04-29,-0.013416734530814175
2020-04-30,-0.001136705804127097
2020-05-01,2.4527639063188535e-06
2020-05-04,0.00117877844829839
2020-05-05,-0.012746584548221102
2020-05-06,0.014962323687079447
2020-05-07,-0.0032644506497307908
2020-05-08,-0.005276738748375873
2020-05-11,0.0004303402877850614
2020-05-12,0.001671147516994861
2020-05-13,0.009956861621782056
2020-05-14,0.002059482451533927
2020-05-15,-0.004083551738140556
2020-05-18,0.002254813594356837
2020-05-19,0.0062390921007335004
2020-05-20,-0.005816621492400871
2020-05-21,0.00493832646266071
2020-05-22,-0.007346837682916472
2020-05-26,0.003574984891864733
2020-05-27,-0.0007890005179125939
2020-05-28,0.006523282285345822
2020-05-29,-0.0001238158502241697
2020-06-01,-0.0016603388629766627
2020-06-02,-0.008549597185652123
2020-06-03,-0.0029108151850323794
2020-06-04,-0.003657202689083913
2020-06-05,0.00828222298869751
2020-06-08,0.006010808366705916
2020-06-09,0.009468301006536471
2020-06-10,-0.009801000434960586
2020-06-11,-0.0004411643198810179
2020-06-12,0.0019331256858701271
2020-06-15,-0.0016713792170970005
2020-06-16,0.001287617601307189
2020-06-17,0.003690525461991072
2020-06-18,0.0026702108480224232
2020-06-19,0.003866552881803948
2020-06-22,0.0012529786621197812
2020-06-23,-0.0033336672116137003
2020-06-24,0.003625958005107975
2020-06-25,-0.0001571632533488305
2020-06-26,0.002555004098577524
2020-06-29,0.0027330583052945457
2020-06-30,-0.000589820214801826
2020-07-01,0.002537852356646033
2020-07-02,0.004220906580667159
2020-07-06,0.005236511216063619
2020-07-07,0.002413103625586677
2020-07-08,0.004048777257477608
2020-07-09,-0.000398444139064585
2020-07-10,-0.00040755544748329194
2020-07-13,0.00540377671607584
2020-07-14,0.0006918279906207357
2020-07-15,-0.0021724599184265803
2020-07-16,0.0026982508165805
2020-07-17,0.004663931819332029
2020-07-20,0.004898300437412574
2020-07-21,0.0078248571593762
2020-07-22,0.00473603483168912
2020-07-23,0.0013019130737958358
2020-07-24,0.007043262073451272
2020-07-27,0.004066555258933995
2020-07-28,0.0049406428379630595
2020-07-29,-0.0007870853522052436
2020-07-30,0.004822018061245723
2020-07-31,7.401221255911087e-05
2020-08-03,0.012061916630389542
2020-08-04,0.0011671165590630703
2020-08-05,0.008466027610165093
2020-08-06,-0.008047518159332166
2020-08-07,-0.0022658653767878203
2020-08-10,-0.025925479722399825
2020-08-11,-0.0018563577756519868
2020-08-12,0.0027944616230153336
2020-08-13,-0.003062316795080586
2020-08-14,0.008931536783628022
2020-08-17,0.0064913685119513485
2020-08-18,-0.014196658051897213
2020-08-19,0.006836357057797183
2020-08-20,0.0008568629759730544
2020-08-21,-8.884594180466783e-07
2020-08-24,-0.0020296462552356924
2020-08-25,0.0046229289426644804
2020-08-26,-0.010544808113769866
2020-08-27,0.006813156273341611
2020-08-28,0.0026996053391572894
2020-08-31,0.007615262948312042
2020-09-01,0.0034381439674699803
2020-09-02,-0.01013731283479835
2020-09-03,-0.00941461204199193
2020-09-04,-0.004907335947261131
2020-09-08,0.0068211645690131805
2020-09-09,-0.0032306033397912536
2020-09-10,0.001026018678830355
2020-09-11,0.005759201357346004
2020-09-14,-0.0005539972780485179
2020-09-15,-0.0013900532198754213
2020-09-16,-0.002631072876994016
2020-09-17,-0.0038283509251406055
2020-09-18,-0.007026461646828406
2020-09-21,0.0006530247138256018
2020-09-22,-0.012144456333808581
2020-09-23,0.0034975591919919062
2020-09-24,0.0031247042711548445
2020-09-25,0.005966504035054207
2020-09-28,0.0017449457746962355
2020-09-29,-0.004217751777205147
2020-09-30,0.005076165711929865
2020-10-01,-0.004309470129615692
2020-10-02,-0.0027883389427436605
2020-10-05,-0.00487577442889433
2020-10-06,0.0009511763459796095
2020-10-07,0.005676945513919479
2020-10-08,0.007704023553215112
2020-10-09,0.004503347475645913
2020-10-12,-0.003347312923310576
2020-10-13,0.0003848839346578685
2020-10-14,3.5193771367749175e-05
2020-10-15,-0.0024488205110070617
2020-10-16,-0.005360686665802018
2020-10-19,-0.0017884557572272642
2020-10-20,0.00027538130974158167
2020-10-21,-0.006286994344851429
2020-10-22,0.003234904923747776
2020-10-23,-0.0006960763140461188
2020-10-26,0.002914134185820243
2020-10-27,-0.013242449606325082
2020-10-28,-0.0030796889122796356
2020-10-29,-0.005668332960253328
2020-10-30,0.009047559861523767
2020-11-02,0.0034846919613610713
2020-11-03,0.01495969561931944
2020-11-04,0.012467930470266866
2020-11-05,-0.005075979385137512
2020-11-06,-0.020066423701583673
2020-11-09,-0.001959712764466765
2020-11-10,0.0021847265629156036
2020-11-11,0.006989527110387897
2020-11-12,0.0048640274156665966
2020-11-13,0.001997370118909818
2020-11-16,0.0004968742795430194
2020-11-17,-0.0034300449989703675
2020-11-18,0.00281042727485129
2020-11-19,0.0031757906333323253
2020-11-20,-0.006500232596480903
2020-11-23,-0.005124623651077257
2020-11-24,-0.001924053817266793
2020-11-25,0.002063842200679452
2020-11-27,-0.0036569128983680193
2020-11-30,0.002133249196096785
2020-12-01,-0.0008796674760750476
2020-12-02,0.005899861180064176
2020-12-03,-0.005440284071621979
2020-12-04,0.00792405344096274
2020-12-07,0.003905633016652109
2020-12-08,-0.008808621331722298
2020-12-09,0.003396606918754874
2020-12-10,0.001868261959247125
2020-12-11,-0.00400350763763004
2020-12-14,0.005853802702061841
2020-12-15,0.0007611719733276247
2020-12-16,0.003190803738393657
2020-12-17,-0.0028759352385641177
2020-12-18,1.978540214048728e-05
2020-12-21,-0.00032264803447847
2020-12-22,-0.001077935485981868
2020-12-23,0.003940911050846303
2020-12-24,0.0012997528708952929
2020-12-28,-2.1176143024799173e-05
2020-12-29,0.0035471119621631117
2020-12-30,0.0030075421902933494
2020-12-31,0.002337345313079017
2021-01-04,-0.0008883318953712494
2021-01-05,-0.012816207863591653
2021-01-06,-0.001088383946390433
2021-01-07,-0.010039945857439194
2021-01-08,-0.003019855133373426
2021-01-11,0.0015092407349537452
2021-01-12,0.004682427898611801
2021-01-13,-0.005421316750778951
2021-01-14,-0.0035102716893549296
2021-01-15,0.005846605650499908
2021-01-19,0.008462917289735741
2021-01-20,-0.0032413861965309735
2021-01-21,-0.0015911901916449516
2021-01-22,0.006722560502780971
2021-01-25,-0.001971045554539407
2021-01-26,-0.006777316647330283
2021-01-27,-0.00020152198755828284
2021-01-28,-0.008004747945498231
2021-01-29,0.007286028589574983
2021-02-01,-0.002956630210826123
2021-02-02,-0.00441838366640056
2021-02-03,-0.004517032528886696
2021-02-04,-0.00022871225170131588
2021-02-05,0.007620446037688241
2021-02-08,0.00045597181276383047
2021-02-09,0.0012934611042457872
2021-02-10,-0.0016806284894347848
2021-02-11,0.00119267600068517
2021-02-12,-0.005711792995379414
2021-02-16,-0.002072517095343892
2021-02-17,-0.003192499112656967
2021-02-18,-0.001747581799791868
2021-02-19,-0.0031971631168598797
2021-02-22,0.00010027805587510302
2021-02-23,0.0068711232372434036
2021-02-24,-0.022519173986053152
2021-02-25,0.0074964291831572105
2021-02-26,-0.0008181578838020529
2021-03-01,-0.00043749683096135127
2021-03-02,-0.011560761743370679
2021-03-03,-0.008901141726099454
2021-03-04,0.005656268393236718
2021-03-05,-0.007818152180650571
2021-03-08,0.015860526412065964
2021-03-09,0.0038969314319611927
2021-03-10,0.006164526150968568
2021-03-11,-0.0012401018391634488
2021-03-12,0.0056255681455737415
2021-03-15,-0.001101174086756934
2021-03-16,0.0030556548235526476
2021-03-17,-0.012442775236266834
2021-03-18,0.00015634333621388765
2021-03-19,0.006387315254737188
2021-03-22,-0.0060981842621333935
2021-03-23,-0.0023397657326014684
2021-03-24,0.0024072638211311195
2021-03-25,0.0114077996137707
2021-03-26,-0.0035996070678401024
2021-03-29,-0.004784985635363717
2021-03-30,0.005282866300961656
2021-03-31,0.011674955189175312
2021-04-01,0.00946439689378044
2021-04-05,0.0018627104115557652
2021-04-06,-0.0004537658800837865
2021-04-07,0.006275881239544567
2021-04-08,0.003194436399273212
2021-04-09,-0.001004731906338061
2021-04-12,0.0042303325212690495
2021-04-13,-0.0035835667811686617
2021-04-14,0.012345798372705979
2021-04-15,0.002762096395365317
2021-04-16,-0.004289084940308921
2021-04-19,-0.003974130272091865
2021-04-20,0.008765434489072882
2021-04-21,-0.007287941903254099
2021-04-22,0.006545640367537384
2021-04-23,0.001845175397449837
2021-04-26,-0.0015311859495366394
2021-04-27,0.0004517257522455981
2021-04-28,0.0033221498066166168
2021-04-29,-0.005058306706011638
2021-04-30,0.004147088060614306
2021-05-03,-0.005126961069532399
2021-05-04,0.0012104951754172187
2021-05-05,0.009040624830288446
2021-05-06,0.006373025008652796
2021-05-07,-0.00737885651963828
2021-05-10,-0.006808092484116098
2021-05-11,-0.01808498523863692
2021-05-12,0.009333343267026832
2021-05-13,0.013412587008456118
2021-05-14,0.0003192405638133382
2021-05-17,-0.0059245160405656545
2021-05-18,-0.0019426786151774977
2021-05-19,0.009221289695111608
2021-05-20,-0.00016238476744438035
2021-05-21,0.007821550054048233
2021-05-24,0.0011735496969745194
2021-05-25,0.0008669095542570437
2021-05-26,4.316822412411829e-05
2021-05-27,0.0018447891825794046
2021-05-28,-0.0011781812123037398
2021-06-01,0.002306838411589695
2021-06-02,-0.006933225565037042
2021-06-03,0.009878399613757503
2021-06-04,-0.00018760217500013356
2021-06-07,0.00023022368954297013
2021-06-08,-0.0005501496403854892
2021-06-09,0.004701500431649
2021-06-10,-0.0012689748683081808
2021-06-11,-0.00037888736594879227
2021-06-14,-0.0021626093618123256
2021-06-15,-0.007411608462874393
2021-06-16,-0.004990627719991714
2021-06-17,-0.008756986567860727
2021-06-18,0.010696180950769985
2021-06-21,0.0031359720338500216
2021-06-22,-0.0012343086250863515
2021-06-23,0.004168619874495063
2021-06-24,0.002099852331810456
2021-06-25,0.002420474112560452
2021-06-28,-0.0015685516391286335
2021-06-29,0.002001625559255351
2021-06-30,0.004557657284741652
2021-07-01,0.007239142279935684
2021-07-02,0.0008787585824578028
2021-07-06,0.004111488412366603
2021-07-07,-0.005466239800042147
2021-07-08,0.00667953835314771
2021-07-09,0.002124642748302537
2021-07-12,-0.002898545516278557
2021-07-13,0.0043132794916506375
2021-07-14,-0.0012628203404942155
2021-07-15,-0.007651165705669546
2021-07-16,-0.00800959180317125
2021-07-19,0.008731784014471488
2021-07-20,0.0036248247174096764
2021-07-21,0.002795667555835534
2021-07-22,0.005865925808961939
2021-07-23,0.0009443710644305311
2021-07-26,-0.0018033355354824926
2021-07-27,0.0007264077612315555
2021-07-28,0.004549679443068494
2021-07-29,-0.004522080917700081
2021-07-30,-0.000829655652976812
2021-08-02,0.005583270554213279
2021-08-03,-0.003199222696970629
2021-08-04,0.0031161519352733364
2021-08-05,-0.004320405608651943
2021-08-06,-0.002362570679733943
2021-08-09,-0.0002715304342444883
2021-08-10,0.0022682754112654207
2021-08-11,0.0016970224260645485
2021-08-12,0.005684759817591744
2021-08-13,0.0028835684056007825
2021-08-16,-0.0047795233474191645
2021-08-17,-0.006826265258182741
2021-08-18,0.00277068590172161
2021-08-19,0.005740845619686775
2021-08-20,0.006570013780478059
2021-08-23,-0.000865326723335335
2021-08-24,-0.0007591104896649367
2021-08-25,-0.003640988892421459
2021-08-26,0.009892360377707117
2021-08-27,0.003475725809768526
2021-08-30,-0.00264508023356425
2021-08-31,0.0007931744823704701
2021-09-01,0.0031064461473597274
2021-09-02,-0.0019220770620966897
2021-09-03,-0.00731009897900366
2021-09-07,-0.0006763346458143882
2021-09-08,-0.0009171513431830426
2021-09-09,-0.007440975739686348
2021-09-10,0.0034679858759394185
2021-09-13,-0.00045428656184666076
2021-09-14,0.0046501879943736035
2021-09-15,-0.003403964175268659
2021-09-16,-0.008135223895316623
2021-09-17,-0.008332946053381581
2021-09-20,-0.0005444353482230364
2021-09-21,0.008094774679007074
2021-09-22,0.0021590087700681126
2021-09-23,-0.001367323452883689
2021-09-24,-0.0019578565051948807
2021-09-27,-0.01777315072989086
2021-09-28,0.0004476554479106807
2021-09-29,-0.005058956683883149
2021-09-30,0.009558160178625966
2021-10-01,-0.008407414776058447
2021-10-04,0.005342092770376066
2021-10-05,0.003999621747234068
2021-10-06,0.003917575498577259
2021-10-07,-0.0018949944957144238
2021-10-08,-0.0057180920055231385
2021-10-11,0.0008712389080662676
2021-10-12,0.007009185041153956
2021-10-13,0.012591108698677826
2021-10-14,0.0015223267290856738
2021-10-15,0.0020403967866073802
2021-10-18,0.004632383420281176
2021-10-19,0.0038118102500167427
2021-10-20,0.0015245128538170173
2021-10-21,0.0015890762717855516
2021-10-22,0.004969383102053869
2021-10-25,-3.217198727450293e-05
2021-10-26,-0.0007808473815043727
2021-10-27,0.006335292091750936
2021-10-28,1.5034500578497414e-05
2021-10-29,0.001522044165934858
2021-11-01,0.0028370344104263296
2021-11-02,0.0015518814427396839
2021-11-03,0.006468700450380833
2021-11-04,0.006784748157523266
2021-11-05,0.001126746928101427
2021-11-08,0.0011617393015094439
2021-11-09,-0.009727283078602003
2021-11-10,0.00013441747747143073
2021-11-11,0.00520144134865452
2021-11-12,-0.0013337869941159406
2021-11-15,0.001058401770079067
2021-11-16,0.000906015578786652
2021-11-17,0.00210596937525972
2021-11-18,-0.001737896655571922
2021-11-19,-0.007688272917795118
2021-11-22,-0.0022668548358839176
2021-11-23,0.0032677433104524854
2021-11-24,-0.013616644405636782
2021-11-26,-0.0008693353238486514
2021-11-29,-0.0005651156161822924
2021-11-30,0.001127453982499815
2021-12-01,0.0025647176368757503
2021-12-02,0.005599164253653531
2021-12-03,-0.003801123487316446
2021-12-06,0.0027544224263239122
2021-12-07,-0.006678096923690879
2021-12-08,-0.0012476478615506847
2021-12-09,0.0026459850453777823
2021-12-10,0.0048995783141647705
2021-12-13,-0.005749449984562013
2021-12-14,0.0010778083859071838
2021-12-15,0.0017914386152344396
2021-12-16,0.0014952819345064204
2021-12-17,-0.00726583158202251
2021-12-20,0.002623567646242555
2021-12-21,0.007462323029871814
2021-12-22,0.0022759080476432523
2021-12-23,0.01056009322562516
2021-12-27,-0.001782062720403695
2021-12-28,-0.0018295661095670667
2021-12-29,0.00046392176712491335
2021-12-30,-0.00020888542501781631
2021-12-31,-0.0022051741500191454
2022-01-03,0.00031309375866334836
2022-01-04,-0.015083603583445036
2022-01-05,-0.0006273794349796554
2022-01-06,-0.004349547665440942
2022-01-07,-0.00010548553656941609
2022-01-10,0.009409319435882909
2022-01-11,0.002033994035675087
2022-01-12,-0.009508492730018078
2022-01-13,-0.0018131250282820853
2022-01-14,-0.014255686584318266
2022-01-18,0.005715053429078441
2022-01-19,-0.0012477536161287148
2022-01-20,-0.0014513101595166544
2022-01-21,-0.00024502524617726895
2022-01-24,-0.0025726112537805892
2022-01-25,-0.011222988540197185
2022-01-26,0.001320739344166975
2022-01-27,0.005208195063061022
2022-01-28,0.004519570912630626
2022-01-31,0.0006683910106670695
2022-02-01,0.0050374910156070676
2022-02-02,-0.009542551494979202
2022-02-03,-0.004135944723130572
2022-02-04,0.002074536374116225
2022-02-07,0.0004887816402367367
2022-02-08,0.00558073544977866
2022-02-09,-0.012202525031021321
2022-02-10,0.0075386291406631485
2022-02-11,-0.003857802507803802
2022-02-14,-0.0038976067424447876
2022-02-15,0.006249326716256467
2022-02-16,0.0023526313786065727
2022-02-17,0.0022445660947534776
2022-02-18,-0.0009297495048737138
2022-02-22,-0.008347310204558206
2022-02-23,0.0016923230562545907
2022-02-24,0.00455754449084147
2022-02-25,0.011575959725014915
2022-02-28,0.007098980671717091
2022-03-01,-0.012874646100170065
2022-03-02,0.004858924542509538
2022-03-03,0.010319662722851362
2022-03-04,-0.00501886094951206
2022-03-07,0.004116243876293028
2022-03-08,-0.008309828227991953
2022-03-09,-0.005457398250148682
2022-03-10,-0.0045510332186444015
2022-03-11,-0.016421727252572273
2022-03-14,-0.002231930972790304
2022-03-15,0.01149699158350657
2022-03-16,0.0020838844032029973
2022-03-17,0.004045361969395995
2022-03-18,-0.006124147488411347
2022-03-21,-0.00467769536227184
2022-03-22,0.010007918315939876
2022-03-23,0.003447076157823764
2022-03-24,-0.005581971539422536
2022-03-25,-0.0018646665567882918
2022-03-28,0.006074738032555158
2022-03-29,0.004367670447554729
2022-03-30,-0.0028274731772331466
2022-03-31,-0.0003116017258252904
2022-04-01,0.0013875096761725217
2022-04-04,-0.014023882662416345
2022-04-05,-0.00463159825745634
2022-04-06,-6.231774568468446e-05
2022-04-07,-0.0022299026526973326
2022-04-08,-0.008204609863736235
2022-04-11,0.001534747659112995
2022-04-12,0.005446662887045747
2022-04-13,-0.011676363035255242
2022-04-14,-0.0004670644681421814
2022-04-18,-0.004690982155293232
2022-04-19,0.008793738307372814
2022-04-20,-0.007804624614450995
2022-04-21,-0.013073290799759472
2022-04-22,-0.002325652253976895
2022-04-25,-0.0032318488561716243
2022-04-26,-0.006850484564914881
2022-04-27,0.008911021293293717
2022-04-28,-0.014029470979157266
2022-04-29,-0.012105449618722026
2022-05-02,0.0045534647683211455
2022-05-03,0.013332569513817612
2022-05-04,-0.02029805130548829
2022-05-05,-0.006030607105847093
2022-05-06,-0.010903939736286682
2022-05-09,0.00034468996315754246
2022-05-10,0.005931291049296496
2022-05-11,-0.00709559911422229
2022-05-12,-0.0025624281633386567
2022-05-13,0.002418575441871266
2022-05-16,-0.0016841935708521113
2022-05-17,-0.0026913974186084434
2022-05-18,0.005137520663043938
2022-05-19,0.004338406594117252
2022-05-20,0.0006832230573901056
2022-05-23,0.007920703855742409
2022-05-24,0.0011611290434071337
2022-05-25,0.0026182962004322134
2022-05-26,0.00712501749314499
2022-05-27,-0.012869945787659983
2022-05-31,0.00010884140100829312
2022-06-01,0.00979035618530652
2022-06-02,-0.008971675379381986
2022-06-03,-0.007520923648837369
2022-06-06,0.008745222546471839
2022-06-07,-0.006218103007303445
2022-06-08,-0.0061292339127352715
2022-06-09,-0.0042041728177397335
2022-06-10,-0.03154262222685334
2022-06-13,-0.008411400120801035
2022-06-14,0.015195175825757959
2022-06-15,-0.001174176372411597
2022-06-16,-0.0016383680998783277
2022-06-17,-0.0012660953831952883
2022-06-21,0.010632415372147676
2022-06-22,0.002842950182990154
2022-06-23,0.00254639840245786
2022-06-24,-0.004401704366416542
2022-06-27,-0.004193884893254677
2022-06-28,0.004910357506184985
2022-06-29,-0.0014173184078025139
2022-06-30,0.005872717690411828
2022-07-01,-0.005364280539310968
2022-07-05,-0.011471402949085333
2022-07-06,0.0008446467803373301
2022-07-07,-0.0039312323218954745
2022-07-08,0.000961815776513295
2022-07-11,-0.0016380099772982984
2022-07-12,0.004584443603009658
2022-07-13,-0.00913380749623688
2022-07-14,0.005891477990899593
2022-07-15,-0.005361301848689696
2022-07-18,0.005725788321602944
2022-07-19,-0.0012729248808927944
2022-07-20,0.014132526431855696
2022-07-21,0.004501715737991768
2022-07-22,-0.004235079602216982
2022-07-25,-0.0031816844907412056
2022-07-26,0.008490449561742067
2022-07-27,0.010735926055440947
2022-07-28,0.003788853657395979
2022-07-29,0.009848336270915258
2022-08-01,-0.011522465439933731
2022-08-02,0.010326249855051664
2022-08-03,0.006275713052931143
2022-08-04,-0.01337883410283138
2022-08-05,0.00868771688106883
2022-08-08,-0.0011357931096485274
2022-08-09,0.0018969386113279576
2022-08-10,-0.009311477162559288
2022-08-11,0.011390694318639446
2022-08-12,-0.004455299579798492
2022-08-15,0.0012407188894641228
2022-08-16,-0.008048821208024033
2022-08-17,0.00019599375104853824
2022-08-18,-0.012003092493004167
2022-08-19,-0.009102830341861063
2022-08-22,0.0002495713494458079
2022-08-23,-0.0005940718815399062
2022-08-24,0.009571892357947373
2022-08-25,-0.01087152377637323
2022-08-26,-0.004318859816406501
2022-08-29,-0.005241245970619982
2022-08-30,-0.00837422730352412
2022-08-31,-0.009215404410176318
2022-09-01,0.0028306397766748753
2022-09-02,-0.012065812997103416
2022-09-06,0.013990359787671647
2022-09-07,-0.004387964857084093
2022-09-08,0.006738163887837226
2022-09-09,0.00180694789895915
2022-09-12,-0.01553918515697878
2022-09-13,0.0006107919159680684
2022-09-14,-0.01062375479530488
2022-09-15,-0.002630822415799327
2022-09-16,0.0030554731727941657
2022-09-19,-0.008682385352922834
2022-09-20,0.003268442354038348
2022-09-21,-0.011398149503815094
2022-09-22,-0.009768679300480771
2022-09-23,-0.013919417959369022
2022-09-26,-0.009159305535389841
2022-09-27,0.02462754446141332
2022-09-28,-0.007171414921161181
2022-09-29,-0.008418471861561047
2022-09-30,0.02163999475460631
2022-10-03,0.012340681474603135
2022-10-04,-0.006166951675215676
2022-10-05,-0.004993730912801312
2022-10-06,-0.014896366908950333
2022-10-07,-0.013527397421174168
2022-10-10,-0.0008666496288826709
2022-10-11,0.0030211239180891417
2022-10-12,0.0003688034586650608
2022-10-13,-0.013677593998741272
2022-10-14,0.005783497975008295
2022-10-17,0.004599439911873886
2022-10-18,-0.013604319368578657
2022-10-19,-0.00877290218281155
2022-10-20,0.00670552716128877
2022-10-21,-0.0011635859030139134
2022-10-24,0.0149146101631725
2022-10-25,0.005653406601081359
2022-10-26,0.0016871616443847942
2022-10-27,-0.0006414813743880034
2022-10-28,-0.00759395921785524
2022-10-31,0.006220025848864753
2022-11-01,-0.010675278598492323
2022-11-02,-0.006006902944480376
2022-11-03,0.009736293587272165
2022-11-04,-0.0027174885492011343
2022-11-07,0.014286278605920103
2022-11-08,-0.006067605110864417
2022-11-09,0.038583531501152
2022-11-10,0.003757132800489076
2022-11-11,-0.0021208548738077607
2022-11-14,0.009145274286108278
2022-11-15,0.004737395530797289
2022-11-16,-0.007396592158673668
2022-11-17,-0.004049844718764015
2022-11-18,-0.0016808359377617215
2022-11-21,0.008743161122006647
2022-11-22,0.010107559286615261
2022-11-23,-0.0009011058897569759
2022-11-25,-0.006210427567552576
2022-11-28,-0.0025867668318227456
2022-11-29,0.015398720001502775
2022-11-30,0.018109147537215396
2022-12-01,0.002700822508049236
2022-12-02,-0.016398492869399726
2022-12-05,0.001942758928414695
2022-12-06,0.011324953665546058
2022-12-07,0.0013268870660222412
2022-12-08,-0.00968505341117119
2022-12-09,0.0013781208912475285
2022-12-12,0.012023337009466652
2022-12-13,-0.0010861458657677944
2022-12-14,-0.011426241767762359
2022-12-15,-0.0034324799391098433
2022-12-16,-0.009189579856078331
2022-12-19,0.0006544768036028737
2022-12-20,0.0039260644294585225
2022-12-21,-0.008523194818921569
2022-12-22,-0.002537766481885262
2022-12-23,-0.004619679763522294
2022-12-27,-0.007001036679179977
2022-12-28,0.010643458453650775
2022-12-29,-0.002707639397853844
2022-12-30,0.008896083541997753
2023-01-03,0.010432308137470328
2023-01-04,-0.006421384202257431
2023-01-05,0.019462473717414233
2023-01-06,0.002613761425735859
2023-01-09,-0.0026262163568990336
2023-01-10,0.008509775255560022
2023-01-11,0.012330849431548987
2023-01-12,0.002444282901549612
2023-01-13,-0.005354711852798865
2023-01-17,0.0032512009515555714
2023-01-18,0.002273116134118673
2023-01-19,-0.002442415764318112
2023-01-20,0.002087823039049799
2023-01-23,0.006173802722209596
2023-01-24,0.0020496646747233368
2023-01-25,0.0018036430183224492
2023-01-26,0.0002239030165296286
2023-01-27,-0.007816379118359138
2023-01-30,0.009979610895533581
2023-01-31,0.011431312576442969
2023-02-01,0.0011936126678852533
2023-02-02,-0.01593919519127627
2023-02-03,-0.003929344362663225
2023-02-06,0.005161349342015353
2023-02-07,-0.003807428626126551
2023-02-08,-0.008640259099850348
2023-02-09,-0.0005135053439809882
2023-02-10,0.005984481990585442
2023-02-13,-0.000465051170899731
2023-02-14,-0.0032570890187696533
2023-02-15,-0.010031979226226624
2023-02-16,0.001193316847988667
2023-02-17,-0.015181341334407988
2023-02-21,0.0005911886133037245
2023-02-22,0.004517602159969262
2023-02-23,-0.010153354655356167
2023-02-24,0.0033842212922576935
2023-02-27,0.0024789745528858943
2023-02-28,-0.002438891418887611
2023-03-01,-0.0014148518604337607
2023-03-02,0.016621996141377524
2023-03-03,-0.00457385367798074
2023-03-06,-0.008775957927896465
2023-03-07,0.0005617767605057967
2023-03-08,0.0001231902392106513
2023-03-09,0.016766668731451127
2023-03-10,0.009513676173862642
2023-03-13,-0.004026779269066374
2023-03-14,0.00823526037676598
2023-03-15,0.0024067146038166663
2023-03-16,0.013755467082838972
2023-03-17,-0.0005481140170870041
2023-03-20,-0.007381189552416007
2023-03-21,0.007088455530389272
2023-03-22,0.005659032512115014
2023-03-23,-0.0014140958879651816
2023-03-24,-0.011572908607656243
2023-03-27,0.003337275045662003
2023-03-28,0.00532099593210872
2023-03-29,0.006536844408162535
2023-03-30,0.008404370273242423
2023-03-31,0.004993611357763108
2023-04-03,0.0037509389355008683
2023-04-04,0.00052968598830852
2023-04-05,0.00031537458865364644
2023-04-06,-0.004966456981896572
2023-04-10,0.0024360964658802975
2023-04-11,-0.0007858391593050951
2023-04-12,0.009047300610119689
2023-04-13,-0.008421304631903612
2023-04-14,-0.0019416859639840493
2023-04-17,0.002199476249753602
2023-04-18,-0.0017136096051815059
2023-04-19,0.00014587378500518816
2023-04-20,-0.0037198490852651694
2023-04-21,0.0035710939376997486
2023-04-24,-0.0035590465074659327
2023-04-25,-0.005901188048438907
2023-04-26,0.007878231192688073
2023-04-27,0.007530976895232148
2023-04-28,-0.007707281688515061
2023-05-01,0.005005361828008185
2023-05-02,0.000202404650879515
2023-05-03,-0.0034371148100180624
2023-05-04,0.0037739111314496043
2023-05-05,-0.0023217267008431037
2023-05-08,-0.0007957988390971051
2023-05-09,0.0038333352151120313
2023-05-10,-0.0013553545813981475
2023-05-11,-0.002849999179051091
2023-05-12,0.00028151444201797806
2023-05-15,-0.007727881876100146
2023-05-16,0.004408404920635015
2023-05-17,-0.0006108562054340698
2023-05-18,0.0008076230385229768
2023-05-19,-0.0012136657839373567
2023-05-22,-0.004708264904293494
2023-05-23,-0.007058262606304858
2023-05-24,0.0009139494499652095
2023-05-25,0.009239056238657603
2023-05-26,0.004030121382840122
2023-05-30,-0.0005833352832168308
2023-05-31,0.007871472365106026
2023-06-01,0.000517885579639334
2023-06-02,0.0004687145555395903
2023-06-05,0.0025920616025488724
2023-06-06,-0.008347863063645707
2023-06-07,0.009278370350968582
2023-06-08,-0.0001845221800712574
2023-06-09,0.004839502290262743
2023-06-12,-0.000918796499924926
2023-06-13,0.0023555125490107966
2023-06-14,0.010174491929728503
2023-06-15,-0.0029462759643298616
2023-06-16,-0.0043430474471132146
2023-06-20,-0.0025193203384091803
2023-06-21,-0.0036170415349234385
2023-06-22,-0.0009842996859125383
2023-06-23,-0.00131283913683588
2023-06-26,0.0035478547552981092
2023-06-27,0.00041028007882435704
2023-06-28,-0.0019974649355085747
2023-06-29,0.010203295675848038
2023-06-30,-0.00022572559541393487
2023-07-03,-0.003714568725787151
2023-07-05,-0.007674976371153529
2023-07-06,-0.00022953827906988748
2023-07-07,0.0017612107913076579
2023-07-10,0.005321810639994711
2023-07-11,0.010255954272039323
2023-07-12,0.0062586823730196115
2023-07-13,-0.002450183675273677
2023-07-14,0.0020466801161147636
2023-07-17,0.0080246897567173
2023-07-18,0.003406332985229137
2023-07-19,-0.00729452733794467
2023-07-20,-0.0008618145593319791
2023-07-21,0.00021286420704744223
2023-07-24,0.0026535432926432477
2023-07-25,0.0017346562791076144
2023-07-26,-0.012005931871623987
2023-07-27,0.008280813166858473
2023-07-28,0.0022386451691152405
2023-07-31,-0.007862991788782667
2023-08-01,-0.010588673392358795
2023-08-02,-0.006203550941693049
2023-08-03,0.002329096611328961
2023-08-04,0.0016838585144100865
2023-08-07,-0.001778095330159955
2023-08-08,-0.003753226474153897
2023-08-09,-0.0034611959490476376
2023-08-10,-0.0007524655003328533
2023-08-11,0.0013979391142221974
2023-08-14,-0.007878640203979544
2023-08-15,-0.006991438294688993
2023-08-16,-0.00514066687605552
2023-08-17,0.0009969879980989281
2023-08-18,0.0013788401164340507
2023-08-21,0.000667277638745872
2023-08-22,0.013467082948436009
2023-08-23,-0.008368532791721547
2023-08-24,0.003776466747708146
2023-08-25,0.004230740173186167
2023-08-28,0.012158361184380339
2023-08-29,0.002597049553289774
2023-08-30,-0.0003399233304016182
2023-08-31,-0.002058500857453873
2023-09-01,-0.007448553291476522
2023-09-05,-0.0042446615136289105
2023-09-06,-0.0006631411198283043
2023-09-07,0.0016179990448482345
2023-09-08,0.0023865755368482544
2023-09-11,-0.0031519075628195893
2023-09-12,-0.00015361260323485662
2023-09-13,0.002996259088906734
2023-09-14,-0.005308596583242196
2023-09-15,0.0031912034237762893
2023-09-18,-0.0028039609468986514
2023-09-19,-0.003776334720923695
2023-09-20,-0.015717596370395652
2023-09-21,0.001436537440522937
2023-09-22,-0.00443433126102226
2023-09-25,-0.01050343966445624
2023-09-26,-0.0045715142709619756
2023-09-27,0.0019973985078761683
2023-09-28,-0.004291050207136434
2023-09-29,-0.006741489773600445
2023-10-02,-0.011955158853828455
2023-10-03,0.006393969404076148
2023-10-04,-0.0017380519630030432
2023-10-05,0.005005077304133427
2023-10-06,0.013296133462533942
2023-10-09,0.0018150687979834731
2023-10-10,0.00836119638997839
2023-10-11,-0.009474394201863615
2023-10-12,0.01761553589361745
2023-10-13,-0.005012865444830129
2023-10-16,-0.003149113663625966
2023-10-17,-0.000699645358040425
2023-10-18,-0.00456659079690453
2023-10-19,-1.8380856124697743e-05
2023-10-20,0.002392739887911273
2023-10-23,0.006415782987921168
2023-10-24,-0.009813428417752665
2023-10-25,0.002946887030626776
2023-10-26,0.0019990432747421707
2023-10-27,-0.0008712928028166735
2023-10-30,-0.002336207630674046
2023-10-31,0.008647486938997074
2023-11-01,0.01499538710317709
2023-11-02,0.0069817379465663965
2023-11-03,-0.003147456235114184
2023-11-06,0.0031033620933177235
2023-11-07,0.0007388424427346657
2023-11-08,-0.007376221358623907
2023-11-09,0.005568228544730434
2023-11-10,0.0007346353801477975
2023-11-13,0.016754258403346278
2023-11-14,-0.002561111709005639
2023-11-15,0.006448126793070203
2023-11-16,0.00152389885832096
2023-11-17,0.004561580666307592
2023-11-20,0.0020428816511705687
2023-11-21,0.0013507551735394046
2023-11-22,-0.0005048448397241834
2023-11-24,0.004426374124612232
2023-11-27,0.0048618656662890725
2023-11-28,0.0025901513287182485
2023-11-29,-0.0016118409778797373
2023-11-30,0.011818245855419275
2023-12-01,-0.00998404721180681
2023-12-04,0.003016995739130132
2023-12-05,0.0017310854986706918
2023-12-06,0.0031446261448853565
2023-12-07,-0.003527327307866665
2023-12-08,-0.0018139518970085927
2023-12-11,0.002707833100563587
2023-12-12,0.018179687288818042
2023-12-13,0.00849181287344623
2023-12-14,-0.003364538467338271
2023-12-15,0.002565239627651649
2023-12-18,0.006143308375244164
2023-12-19,-0.007264915736739394
2023-12-20,0.005562818394262177
2023-12-21,0.0014194167598829625
2023-12-22,0.004952149398370296
2023-12-26,0.005774421088484796
2023-12-27,-0.003018709889895086
2023-12-28,-0.0037321879036941365
2023-12-29,-0.004669380716135827
2024-01-02,-0.005779229804590721
2024-01-03,-0.004374084144727746
2024-01-04,-0.0011905891814341016
2024-01-05,0.00669691972365434
2024-01-08,-0.0019425468248676695
2024-01-09,0.0011988819952621368
2024-01-10,0.0014909415285959712
2024-01-11,0.002876883896414386
2024-01-12,-0.00825306023083354
2024-01-16,-0.00642680809652209
2024-01-17,0.005018704973746975
2024-01-18,0.007728498360153488
2024-01-19,0.0011073491434382006
2024-01-22,0.001032566809666486
2024-01-23,-0.0031130392384892307
2024-01-24,0.005203437276203749
2024-01-25,-0.0012276935829319295
2024-01-26,0.008344322373658893
2024-01-29,0.00183209042275651
2024-01-30,-0.006494355206158031
2024-01-31,0.01349098671556345
2024-02-01,-0.0020805495297871496
2024-02-02,-0.007562730475505706
2024-02-05,0.004958072813537308
2024-02-06,0.0031030351980515496
2024-02-07,-0.0012161124013275347
2024-02-08,0.0013117481502767693
2024-02-09,-0.0007698451157732327
2024-02-12,-0.014556472049086316
2024-02-13,0.005359694845404683
2024-02-14,0.006479993182980889
2024-02-15,-0.002560296882236356
2024-02-16,-0.000774101156801674
2024-02-20,-0.000958236739508865
2024-02-21,0.011344049261286755
2024-02-22,0.004695008212076771
2024-02-23,-0.003100870658434427
2024-02-26,-0.000806353704128891
2024-02-27,0.0011465959879128004
2024-02-28,0.004741820226242879
2024-02-29,0.011534902911847899
2024-03-01,0.0034709053774309756
2024-03-04,-0.0003932550832707021
2024-03-05,0.00615204637316788
2024-03-06,0.0064514323183884935
2024-03-07,-0.0008398317863004203
2024-03-08,1.5285902792147002e-05
2024-03-11,0.0003704861473463575
2024-03-12,0.00033850750336869486
2024-03-13,-0.005339715728950861
2024-03-14,-0.004469569886824792
2024-03-15,0.0028396812397110138
2024-03-18,0.0029860855977119085
2024-03-19,0.008091228331148509
2024-03-20,0.0017679995004213896
2024-03-21,-0.0014617111046393819
2024-03-22,-0.0014292696745093262
2024-03-25,0.000599557620992119
2024-03-26,0.008322592137774434
2024-03-27,0.003580709384207575
2024-03-28,-0.0015872717859750024
2024-04-01,0.00010505224849653109
2024-04-02,0.0031256583383587697
2024-04-03,-0.006436603394448239
2024-04-04,0.007483828645321841
2024-04-05,0.0021204884016590283
2024-04-08,0.004074455615195801
2024-04-09,-0.012291315467497468
2024-04-10,0.008622259791219151
2024-04-11,-0.00988181124228231
2024-04-12,-0.003865244560902685
2024-04-15,-0.0018781588165529385
2024-04-16,-0.0029791539117773225
2024-04-17,-0.001017693059895983
2024-04-18,-0.002726120571101256
2024-04-19,-0.0032571217128221737
2024-04-22,0.005227246294201036
2024-04-23,-0.0022161413387008907
2024-04-24,-0.001527016368501465
2024-04-25,0.006730982411147316
2024-04-26,0.002827955051886113
2024-04-29,-0.015741225333029102
2024-04-30,0.0025490089471992845
2024-05-01,0.004583784470152689
2024-05-02,0.007933825395026356
2024-05-03,0.009053652106835331
2024-05-06,0.0003839730010601844
2024-05-07,-0.002051105420643742
2024-05-08,0.008542506086244614
2024-05-09,0.001938975719116045
2024-05-10,-0.002802712600847626
2024-05-13,0.0059426300495474555
2024-05-14,0.01269157640626244
2024-05-15,-0.0023956637943789876
2024-05-16,0.004274996625629079
2024-05-17,0.0011887918387048263
2024-05-20,0.0018123204055090051
2024-05-21,-0.006764989798768761
2024-05-22,-0.011000437772291208
2024-05-23,0.004167260166221629
2024-05-24,0.0005988940115364766
2024-05-28,-0.00875289200981835
2024-05-29,-0.0008356876192113709
2024-05-30,0.004122426354093179
2024-05-31,0.006279950348770404
2024-06-03,0.0001760400571538109
2024-06-04,0.010902517135004923
2024-06-05,0.0018997012416630138
2024-06-06,-0.015212089109801395
2024-06-07,0.0029427526028661514
2024-06-10,0.0041161884815339765
2024-06-11,0.006384470215681892
2024-06-12,0.0014691149546990573
2024-06-13,0.0058430227149532145
2024-06-14,0.0004061989497268065
2024-06-17,0.0042952803650406594
2024-06-18,0.001025531913149142
2024-06-20,-0.0053550993787980046
2024-06-21,0.00036409818107578694
2024-06-24,0.0007682290886357774
2024-06-25,-0.005035312031463607
2024-06-26,0.004962363102366569
2024-06-27,-0.005699646818052697
2024-06-28,-0.0016737563448578066
2024-07-01,0.004890884832207762
2024-07-02,0.008198779026814786
2024-07-03,0.008542949920547343
2024-07-05,-0.002735532048699363
2024-07-08,0.00010826118550045437
2024-07-09,0.006646653071295587
2024-07-10,0.0028769710601040115
2024-07-11,0.003809022862611272
2024-07-12,2.711948158027244e-05
2024-07-15,0.011676893240293282
2024-07-16,-0.008413890484160228
2024-07-17,-0.007312334737478606
2024-07-18,-0.009941895023689768
2024-07-19,0.004641347533873506
2024-07-22,-1.2750576237782708e-05
2024-07-23,-0.014688221815348493
2024-07-24,-0.005710076770284476
2024-07-25,0.010267052092077867
2024-07-26,0.0009444651258530961
2024-07-29,0.0012097977995163798
2024-07-30,0.015481958843274812
2024-07-31,-0.0064480796971104395
2024-08-01,-0.0038318343116633957
2024-08-02,-0.010651384469483757
2024-08-05,-0.008836570391605103
2024-08-06,-0.004421369456067553
2024-08-07,0.00978038581843902
2024-08-08,0.005515512454894806
2024-08-09,0.008201320418061986
2024-08-12,0.005883364674057581
2024-08-13,-0.0003002879429877892
2024-08-14,0.0078171123266219
2024-08-15,0.008460992341227809
2024-08-16,0.005187722133321448
2024-08-19,0.0018726782561202687
2024-08-20,0.0014364456865487059
2024-08-21,-0.009548969633892415
2024-08-22,0.01003590191857374
2024-08-23,-0.0007468162659882227
2024-08-26,0.001150204466069794
2024-08-27,-0.00527170287126584
2024-08-28,0.0009390368183550525
2024-08-29,0.0004607389946037748
2024-08-30,-0.008452171118648847
2024-09-03,0.0017194480604035525
2024-09-04,0.0023998046125771216
2024-09-05,-0.010735928169035843
2024-09-06,0.007688073799174994
2024-09-09,0.004886796096139671
2024-09-10,0.004466818445550094
2024-09-11,0.008481899864819916
2024-09-12,0.00611150924815995
2024-09-13,0.0025369049860975283
2024-09-16,-0.0024291130347022915
2024-09-17,-0.006301843720927726
2024-09-18,0.012422621191605608
2024-09-19,0.002157030812356903
2024-09-20,0.0014042978064084718
2024-09-23,0.005549761835852891
2024-09-24,-0.003188188628830975
2024-09-25,0.003970181305311097
2024-09-26,-0.0020783798808328736
2024-09-27,-0.0013657255133331333
2024-09-30,7.038731221836302e-05
2024-10-01,-0.0014204642394330634
2024-10-02,-0.0030155887876336562
2024-10-03,-0.0028697874105325146
2024-10-04,-0.006275183567333772
2024-10-07,-1.632633292906289e-05
2024-10-08,-0.0024541403756447233
2024-10-09,0.0011147185166835755
2024-10-10,0.004417779407362455
2024-10-11,0.0016451961013399896
2024-10-14,0.0036645068289245086
2024-10-15,0.0045519131082014585
2024-10-16,-0.0013600356847108012
2024-10-17,0.005237451449171522
2024-10-18,-0.004406573224509298
2024-10-21,0.003148333050915002
2024-10-22,-0.00876916560388603
2024-10-23,0.004656929335137325
2024-10-24,-0.0006818584035526243
2024-10-25,0.0010117417516194887
2024-10-28,0.004363813556697883
2024-10-29,0.0007182230056545432
2024-10-30,-0.014259010454950503
2024-10-31,-0.005679128108545107
2024-11-01,0.00558551691722129
2024-11-04,0.00579549351527555
2024-11-05,-0.01588638657831556
2024-11-06,0.012621551657496722
2024-11-07,0.0026476941714717772
2024-11-08,-0.007624689594029303
2024-11-11,-0.0071776264218141594
2024-11-12,-0.0047032276842996395
2024-11-13,-0.0028543389444319455
2024-11-14,-0.007509950008176124
2024-11-15,0.008051951643806102
2024-11-18,0.0055171288957964046
2024-11-19,0.001213748155909391
2024-11-20,0.0050135324716127794
2024-11-21,0.005500990146406361
2024-11-22,-0.002165639853464881
2024-11-25,0.002406944464501199
2024-11-26,0.0005295939583226461
2024-11-27,0.007726529750097305
2024-11-29,-0.0012626089756351195
2024-12-02,-0.0008981232785028972
2024-12-03,0.006141486029417639
2024-12-04,-0.0026474342651125384
2024-12-05,0.0013549177575810194
2024-12-06,-0.0014721296949486164
2024-12-09,0.001423381409193921
2024-12-10,0.004797201636107834
2024-12-11,-0.009459022609485666
2024-12-12,-0.005801579630621668
2024-12-13,0.003452257937923339
2024-12-16,-0.0027320396502052728
2024-12-17,-0.02345642138279776
2024-12-18,-0.0060241280746838695
2024-12-19,0.008792713740022584
2024-12-20,-0.00027365002243738687
2024-12-23,0.006967802903708327
2024-12-24,0.001937973721886154
2024-12-26,-0.00900588720125561
2024-12-27,-0.005096165488205565
