Date,prob_state_0,prob_state_1,prob_state_2
2005-01-04,1.0,9.614825099377178e-139,8.927103944948867e-123
2005-01-05,0.9999964520274447,9.070264397404757e-08,3.4572693863052724e-06
2005-01-06,0.9999957940942522,1.0261530843026312e-07,4.103289379583691e-06
2005-01-07,0.9999980517078136,7.694471440980439e-08,1.8713459729987682e-06
2005-01-10,0.9999981528652604,6.525113435390339e-08,1.7818852898526504e-06
2005-01-11,0.9999969127031727,6.832281909293234e-08,3.018975079873809e-06
2005-01-12,0.9999982177375808,5.600799618005539e-08,1.726254902091096e-06
2005-01-13,0.9999951085129886,1.0323710551181112e-07,4.788251562165713e-06
2005-01-14,0.999998083885674,6.58097430264783e-08,1.8503046684469114e-06
2005-01-18,0.9999961415125515,6.257406377933579e-08,3.7959142739309857e-06
2005-01-19,0.9999952856671538,7.901612250079959e-08,4.635316099569448e-06
2005-01-20,0.9999975161621403,7.91020542843865e-08,2.4047363206297966e-06
2005-01-21,0.9999943369672389,1.0048732004325583e-07,5.562546844725947e-06
2005-01-24,0.9999970575561381,1.2584047810867362e-07,2.8166031480772996e-06
2005-01-25,0.9999941225387293,1.5120218059434743e-07,5.726260115200808e-06
2005-01-26,0.9999973856136035,8.167693137106703e-08,2.532711063120914e-06
2005-01-27,0.999998507262012,6.443763060828961e-08,1.428299313941215e-06
2005-01-28,0.9999975465064466,6.688974150827766e-08,2.3866029854534822e-06
2005-01-31,0.9999963346084642,7.175101638522972e-08,3.5936396362451364e-06
2005-02-01,0.9999982716050384,5.4753742506486645e-08,1.6736398434820574e-06
2005-02-02,0.9999988973146796,3.7924118436421054e-08,1.0647606495714955e-06
2005-02-03,0.9999979614060837,4.9838530748699274e-08,1.988754142225668e-06
2005-02-04,0.9999866757803845,3.536293915767136e-08,1.3288857152364215e-05
2005-02-07,0.9999979866099498,5.0804007533087235e-08,1.9625866856058203e-06
2005-02-08,0.9999987578092698,3.95516037437629e-08,1.2026398372691328e-06
2005-02-09,0.9999976415993458,5.356765229829264e-08,2.304832515033592e-06
2005-02-10,0.9999889492566,1.0420594619533326e-07,1.0946536268416916e-05
2005-02-11,0.9999972574843331,5.6758640227954655e-08,2.6857568904207783e-06
2005-02-14,0.9999983818610776,3.5319710179010337e-08,1.5828183266941578e-06
2005-02-15,0.9999985895347834,4.259175847788817e-08,1.3678745166832612e-06
2005-02-16,0.9999988488022868,3.553665006016379e-08,1.1156606783674504e-06
2005-02-17,0.9999963246913703,3.010323201761835e-08,3.6452068958520546e-06
2005-02-18,0.9999963848633205,5.3473227687784766e-08,3.561663228201177e-06
2005-02-22,0.9998671832679135,5.5837839730543965e-08,0.00013276089342035776
2005-02-23,0.9999958733072728,6.096807617318046e-08,4.0657251771083855e-06
2005-02-24,0.9999982825844395,5.0974783472491044e-08,1.6664425222057002e-06
2005-02-25,0.9999971649380484,3.671278737298245e-08,2.7983482944021323e-06
2005-02-28,0.999996078055534,3.0220751024393106e-08,3.891724225601538e-06
2005-03-01,0.999998349501309,4.256155246056725e-08,1.6079372502398131e-06
2005-03-02,0.9999989140639157,3.6274637340457084e-08,1.049663103336488e-06
2005-03-03,0.9999985756486379,4.360098263251781e-08,1.380751377756269e-06
2005-03-04,0.999991309368417,2.706780435968275e-08,8.663562254281904e-06
2005-03-07,0.9999987940107526,3.37820382939397e-08,1.1722089570273212e-06
2005-03-08,0.9999919121837241,3.928843526997472e-08,8.048527078511496e-06
2005-03-09,0.99997422500495,2.1655005103989596e-08,2.5753340112087e-05
2005-03-10,0.9999984092259103,3.399696729726343e-08,1.556775825658197e-06
2005-03-11,0.9999964183580708,3.1139351794076925e-08,3.550501643651642e-06
2005-03-14,0.9999966758969773,4.5388920476177886e-08,3.278714326536756e-06
2005-03-15,0.9999966252310162,3.636124290746637e-08,3.3384080029559128e-06
2005-03-16,0.9999957069941338,7.066212342309444e-08,4.222344397565099e-06
2005-03-17,0.9999973112862556,6.681809381548182e-08,2.6218954423921166e-06
2005-03-18,0.9999980753364403,4.7017321650289054e-08,1.877647702034943e-06
2005-03-21,0.999994564390584,7.923241641572731e-08,5.3563771950220725e-06
2005-03-22,0.9999917506988019,5.4898379051287764e-08,8.194401885204213e-06
2005-03-23,0.9999975181484717,7.215565256846498e-08,2.40969451468152e-06
2005-03-24,0.9999985661717167,5.71629515505482e-08,1.3766662291496179e-06
2005-03-28,0.9999974245944453,8.102987708193114e-08,2.4943743792778905e-06
2005-03-29,0.9999956298292996,1.1200563747333082e-07,4.258164497081664e-06
2005-03-30,0.9999821052552269,1.0255995973149416e-07,1.779218334991506e-05
2005-03-31,0.9999972754631753,7.445521730953664e-08,2.650080575018756e-06
2005-04-01,0.9999980102640407,4.472017060402012e-08,1.945014307724018e-06
2005-04-04,0.9999983302746229,3.971678633622808e-08,1.6300073721695882e-06
2005-04-05,0.9999981863782598,3.87518276583443e-08,1.7748702936319135e-06
2005-04-06,0.9999987166128499,2.5981388513508054e-08,1.2574073527844597e-06
2005-04-07,0.9999979418992813,3.7998772035801325e-08,2.020101144978486e-06
2005-04-08,0.9999961582289998,3.266275266036658e-08,3.8091095231627133e-06
2005-04-11,0.9999989916837503,1.957077459947813e-08,9.887447027479141e-07
2005-04-12,0.9999982748974036,1.8353395564473687e-08,1.7067483341566298e-06
2005-04-13,0.9999927523939528,5.2546993104837514e-08,7.19505956716488e-06
2005-04-14,0.9999417739744723,4.0365803939298886e-07,5.7822367662649196e-05
2005-04-15,0.9995736912538244,2.0915375358206285e-06,0.00042421720921617076
2005-04-18,0.9999403526017029,1.3065887963807146e-06,5.8340810263351396e-05
2005-04-19,0.9999485416699656,6.252995065753584e-07,5.083302877806718e-05
2005-04-20,0.9996937927764562,9.253614590121708e-07,0.0003052818619719358
2005-04-21,0.9991665490878684,1.854339443927384e-06,0.0008315965743245278
2005-04-22,0.9999672184738266,5.383178118349488e-07,3.224320923388049e-05
2005-04-25,0.999995552780886,1.3129266528219547e-07,4.315924676421417e-06
2005-04-26,0.9999936796684423,7.03072106105536e-08,6.2500258240741535e-06
2005-04-27,0.9999928271466024,1.6565831761676423e-07,7.007193335599651e-06
2005-04-28,0.9999286728716908,5.887062727522728e-07,7.073842247839667e-05
2005-04-29,0.9999275840483253,5.457704636271083e-07,7.187018251104426e-05
2005-05-02,0.9999903054846694,2.0048191843206518e-07,9.49403166915698e-06
2005-05-03,0.9999977984140648,7.382475091773543e-08,2.127759628940667e-06
2005-05-04,0.9999934349286329,1.0204471885306543e-07,6.4630280617261375e-06
2005-05-05,0.9999985678924782,3.9024175531791185e-08,1.3930849221107536e-06
2005-05-06,0.9999976203281341,3.4666768160312646e-08,2.3450038812964416e-06
2005-05-09,0.9999978310575772,4.3756696630187465e-08,2.125185555876539e-06
2005-05-10,0.9999913661167568,9.247052127888906e-08,8.541411822762239e-06
2005-05-11,0.9999966945597467,8.002008076492802e-08,3.225418549429492e-06
2005-05-12,0.9999740890608333,2.2548344374988573e-07,2.56854567814859e-05
2005-05-13,0.9999915485743872,2.1248208484723123e-07,8.23894401977323e-06
2005-05-16,0.9999848462632552,2.1043587246845547e-07,1.4943300212044222e-05
2005-05-17,0.9999960964017893,7.592437197223996e-08,3.827672429883038e-06
2005-05-18,0.9999948960779158,3.630738483821593e-08,5.067615594406106e-06
2005-05-19,0.9999985106526033,3.338346140581151e-08,1.455963061625796e-06
2005-05-20,0.999998646185311,2.8998363264673397e-08,1.32481452931622e-06
2005-05-23,0.9999980663106323,2.3137200332456016e-08,1.9105506940704584e-06
2005-05-24,0.9999989503017839,2.1392773498003607e-08,1.0283062285894571e-06
2005-05-25,0.9999985198894177,2.2347325776798612e-08,1.4577615373784507e-06
2005-05-26,0.999998727304856,2.443905033018874e-08,1.2482546089252205e-06
2005-05-27,0.9999990374130988,2.192867986672733e-08,9.406581091651817e-07
2005-05-31,0.9999933153490617,6.979843148367286e-08,6.614851741285708e-06
2005-06-01,0.999996525903621,3.3468648379859275e-09,3.4707497378115723e-06
2005-06-02,0.9999988180577638,2.805750236577719e-09,1.1791379881593953e-06
2005-06-03,0.999998522177703,2.7877832875204844e-09,1.4750343341134995e-06
2005-06-06,0.9999991746120709,2.976023111558671e-09,8.224127443570277e-07
2005-06-07,0.9999990078218081,3.6657643929855164e-09,9.8851372251705e-07
2005-06-08,0.9999992580417735,3.0492578725684017e-09,7.389078743890816e-07
2005-06-09,0.9999992634259781,3.329899077276651e-09,7.33243551650452e-07
2005-06-10,0.9999971225629922,3.5277385828390017e-09,2.873910121087323e-06
2005-06-13,0.999999030009819,3.727097973115584e-09,9.66262426003926e-07
2005-06-14,0.9999991123117372,3.915191591155484e-09,8.837721972320076e-07
2005-06-15,0.99999933392632,2.9200282700625926e-09,6.631543498505157e-07
2005-06-16,0.999998243250681,2.7903739441026884e-09,1.7539573224149511e-06
2005-06-17,0.9999992904597791,2.988132029341615e-09,7.065526390810602e-07
2005-06-20,0.9999993317944659,3.133086804174021e-09,6.650732946241343e-07
2005-06-21,0.9999990082911069,3.4272853096019326e-09,9.88280952201913e-07
2005-06-22,0.9999976007231132,5.1629559213695184e-09,2.394114433351859e-06
2005-06-23,0.9999884870711588,4.8852841816254375e-09,1.1508041949732232e-05
2005-06-24,0.9999980594093998,5.941463006234716e-09,1.9346488669774096e-06
2005-06-27,0.9999993685416659,3.07682989494063e-09,6.283823473586834e-07
2005-06-28,0.9999974827182847,7.004340631280147e-09,2.510278409168359e-06
2005-06-29,0.9999991771040844,3.0439725201753216e-09,8.198521613266818e-07
2005-06-30,0.9999976670505859,7.516145677913485e-09,2.3254337473192606e-06
2005-07-01,0.9999955633709954,6.7568291640606144e-09,4.4298713484867386e-06
2005-07-05,0.9999970711948807,6.5096394383433345e-09,2.9222966594718768e-06
2005-07-06,0.999997749945381,4.97763792922689e-09,2.245076238148416e-06
2005-07-07,0.9999993334206413,2.2472358086894447e-09,6.64330756742762e-07
2005-07-08,0.9999974985107111,4.613479598267618e-09,2.496873996477073e-06
2005-07-11,0.9999991271110219,2.4160545566552776e-09,8.704717104499293e-07
2005-07-12,0.9999990296896772,3.0196682900041034e-09,9.672914116801945e-07
2005-07-13,0.9999990168185208,3.5036417385998678e-09,9.796774953473942e-07
2005-07-14,0.9999985452824726,4.240622884109343e-09,1.4504777881038429e-06
2005-07-15,0.9999989527246752,3.1131411465654785e-09,1.0441611826115924e-06
2005-07-18,0.9999984046566162,2.923779642948777e-09,1.5924182440565703e-06
2005-07-19,0.9999988058923772,3.0116601632042477e-09,1.191096369579886e-06
2005-07-20,0.9999987711606356,2.555222042755936e-09,1.226284621549708e-06
2005-07-21,0.9999930556646281,2.6787416050461325e-09,6.941655988294964e-06
2005-07-22,0.9999983545253495,2.5203925010991073e-09,1.6429542827829601e-06
2005-07-25,0.9999990200999744,2.6494679093231516e-09,9.772507028697926e-07
2005-07-26,0.999999045791356,3.3502207633880744e-09,9.508596440124837e-07
2005-07-27,0.9999990096626236,2.9131705037649795e-09,9.874242421356616e-07
2005-07-28,0.9999984138934297,2.0563720199951493e-09,1.584049240664798e-06
2005-07-29,0.9999973860065042,2.259281352698655e-09,2.611733197091871e-06
2005-08-01,0.99999909642106,1.4997539297859917e-09,9.020803323301302e-07
2005-08-02,0.9999991272237992,1.887779762335898e-09,8.70890168525855e-07
2005-08-03,0.9999991620865203,1.32879735294723e-09,8.365831863255179e-07
2005-08-04,0.9999983530919881,1.6628988080312733e-09,1.645243941365102e-06
2005-08-05,0.9999983662796397,1.4583317956567737e-09,1.6322636687524022e-06
2005-08-08,0.9999992840605789,1.707854060101998e-09,7.14231910782745e-07
2005-08-09,0.9999991838197877,1.411754605563421e-09,8.147683022763681e-07
2005-08-10,0.9999992543965215,1.4173344393422878e-09,7.441877225721592e-07
2005-08-11,0.9999979447914685,1.3176334236736922e-09,2.0538917773066e-06
2005-08-12,0.9999977054711912,3.512093275502682e-09,2.291014908747e-06
2005-08-15,0.9999987831914168,2.242415659604299e-09,1.2145655794796747e-06
2005-08-16,0.9999891297784057,4.5948340503447325e-09,1.0865628183954651e-05
2005-08-17,0.9999983967185592,2.4145084494195935e-09,1.6008655844583764e-06
2005-08-18,0.9999990790097093,1.8533708790126691e-09,9.191376302043729e-07
2005-08-19,0.9999993000603984,1.7140494609088407e-09,6.982238512480833e-07
2005-08-22,0.999999385436429,1.4803596465058738e-09,6.130836540636246e-07
2005-08-23,0.999999268791993,1.6819982291486934e-09,7.295270503319028e-07
2005-08-24,0.9999981317577465,2.389778547956996e-09,1.8658534985158302e-06
2005-08-25,0.9999992589658194,1.4808125182991176e-09,7.395549689530268e-07
2005-08-26,0.99999885294594,1.8772876647793654e-09,1.1451784478180442e-06
2005-08-29,0.9999988788374058,1.7362634041375287e-09,1.1194246929359183e-06
2005-08-30,0.9999968706737341,4.306877040815559e-09,3.125018590114477e-06
2005-08-31,0.9999961510949508,1.1084500286501216e-09,3.8477979380178256e-06
2005-09-01,0.9999951577855337,2.495231825092073e-09,4.839720231328305e-06
2005-09-02,0.9999993179010341,1.8664864337601603e-09,6.802320184380084e-07
2005-09-06,0.9999962897559889,4.933252699697733e-09,3.70531040122392e-06
2005-09-07,0.9999988164716069,2.3355465341817792e-09,1.1811926373274412e-06
2005-09-08,0.9999991859589175,1.7329950028524963e-09,8.1230774381497e-07
2005-09-09,0.999998800504537,1.597032168923143e-09,1.1978979020585044e-06
2005-09-12,0.9999989760622852,1.904214738228025e-09,1.022034283288699e-06
2005-09-13,0.9999982552414381,3.7318500852127545e-09,1.7410257332262505e-06
2005-09-14,0.999998752130392,1.677020595391053e-09,1.2461942071870084e-06
2005-09-15,0.9999981320960779,2.070601898633262e-09,1.8658337854371292e-06
2005-09-16,0.9999979408297177,3.1049908548437963e-09,2.056066540622924e-06
2005-09-19,0.9999989426911403,1.811520464367983e-09,1.0554983109308074e-06
2005-09-20,0.9999981361051231,2.8824406838269643e-09,1.8610116006246508e-06
2005-09-21,0.9999895434267371,4.393076268348448e-09,1.045218042580981e-05
2005-09-22,0.9999981120363005,3.060507590816896e-09,1.8849017810867975e-06
2005-09-23,0.9999991393709999,2.0592150536688805e-09,8.585708481574399e-07
2005-09-26,0.9999991432236162,1.863558400758291e-09,8.549113543804278e-07
2005-09-27,0.9999992407504732,2.1572796323380616e-09,7.570920827122636e-07
2005-09-28,0.9999989532885614,1.5940094430860607e-09,1.0451174222102974e-06
2005-09-29,0.9999984929247591,2.6636996600146084e-09,1.5044132576494802e-06
2005-09-30,0.999999068092145,2.450308383339609e-09,9.294573444215572e-07
2005-10-03,0.9999988713067981,1.931223812937093e-09,1.1267627094305762e-06
2005-10-04,0.9999963490002557,3.626111000334769e-09,3.647374689144159e-06
2005-10-05,0.9999925927860781,5.445340174915636e-09,7.401768722023423e-06
2005-10-06,0.9999932242292198,3.1222977919090184e-09,6.772649110897229e-06
2005-10-07,0.9999989583162429,2.104738946691247e-09,1.0395773510821434e-06
2005-10-10,0.9999976213831455,2.8821094187007495e-09,2.3757333604604097e-06
2005-10-11,0.9999986546290485,2.8478265903285946e-09,1.3425241802227414e-06
2005-10-12,0.9999942370761875,2.971806381087163e-09,5.75995228364605e-06
2005-10-13,0.9999972425213675,4.362902088247284e-09,2.7531154866480454e-06
2005-10-14,0.9999959927598211,4.231380432950835e-09,4.003009750592274e-06
2005-10-17,0.9999984571562059,2.5797451936071103e-09,1.5402632100896477e-06
2005-10-18,0.9999947047357775,4.292741988318089e-09,5.2909702407071856e-06
2005-10-19,0.9999499516644337,5.959393245273374e-09,5.0042376942069876e-05
2005-10-20,0.9999314393210461,1.1856987159902364e-08,6.854882343229472e-05
2005-10-21,0.9999917657999274,4.561351010618416e-09,8.229637456371827e-06
2005-10-24,0.9999709255468867,1.4686230049256331e-08,2.905976516898507e-05
2005-10-25,0.9999938560001762,3.204094372814183e-09,6.140795656060404e-06
2005-10-26,0.9999987132440858,2.1516970831914094e-09,1.2846036131253882e-06
2005-10-27,0.9999936947586832,4.8311488212656495e-09,6.300410600214928e-06
2005-10-28,0.9999919992180288,4.12829616848432e-09,7.996653647452688e-06
2005-10-31,0.9999950613795668,4.661973226423307e-09,4.933957257738955e-06
2005-11-01,0.999997835208502,1.7040495190531243e-09,2.16308914256601e-06
2005-11-02,0.999996793534276,1.9232721468925843e-09,3.2045410059230812e-06
2005-11-03,0.9999990333603943,1.2943242613065894e-09,9.653454059381307e-07
2005-11-04,0.9999990915825525,1.2307776538249566e-09,9.071868713845411e-07
2005-11-07,0.9999993414678451,8.410423755705766e-10,6.576928320504957e-07
2005-11-08,0.9999989126960371,1.0710544250059283e-09,1.0862311728936279e-06
2005-11-09,0.9999957060155217,1.5445894459151189e-09,4.292439905502692e-06
2005-11-10,0.9999971421825558,8.534644396032814e-10,2.856965383705645e-06
2005-11-11,0.9999992018059404,9.332507319671393e-10,7.972623771347512e-07
2005-11-14,0.9999990644905493,1.1306871186660506e-09,9.343801824694139e-07
2005-11-15,0.999998822186865,1.4407628726318476e-09,1.1763717358006413e-06
2005-11-16,0.9999944562013262,9.425764823926428e-10,5.5428573849833336e-06
2005-11-17,0.9999974760571623,9.871191839324682e-10,2.522957138271392e-06
2005-11-18,0.999999015337865,1.3554551097867025e-09,9.833050529843513e-07
2005-11-21,0.9999987082782511,9.8049878022786e-10,1.2907427428042354e-06
2005-11-22,0.9999989134018042,1.1308506689423896e-09,1.0854665450605183e-06
2005-11-23,0.9999988204442751,1.5402632361175186e-09,1.1780154469561277e-06
2005-11-25,0.9999990070069017,1.1620519505818677e-09,9.91832407240454e-07
2005-11-28,0.999997836725536,1.6480604693736146e-09,2.1616248338779704e-06
2005-11-29,0.9999986506018114,1.1442827054001063e-09,1.3482534365065265e-06
2005-11-30,0.9999973322991649,2.226823746857999e-09,2.665475469018522e-06
2005-12-01,0.999990381401278,1.4042870286550884e-09,9.617195670875549e-06
2005-12-02,0.9999990614200981,9.624965277695023e-10,9.376180494047593e-07
2005-12-05,0.9999985274018328,8.38663986413147e-10,1.471758271176344e-06
2005-12-06,0.9999985493788307,9.498806974713474e-10,1.449672171401695e-06
2005-12-07,0.9999981279633418,7.833296598817887e-10,1.8712527987080646e-06
2005-12-08,0.9999988216557206,7.583774048829723e-10,1.1775848142026365e-06
2005-12-09,0.9999981299824162,1.0766466475341425e-09,1.8689419411644851e-06
2005-12-12,0.9999991344597328,8.850035532829844e-10,8.646564680795884e-07
2005-12-13,0.9999869511026279,2.6153253261249918e-09,1.3046280370877934e-05
2005-12-14,0.9998680879753216,8.842758327645527e-09,0.00013190318324699668
2005-12-15,0.9999972972618851,1.6791357658538945e-09,2.7010580041422973e-06
2005-12-16,0.999998196833792,1.767780235437131e-09,1.8013973710928646e-06
2005-12-19,0.9999984607286957,1.1885938736804398e-09,1.5380832978393142e-06
2005-12-20,0.9999888316420518,3.7748445017988655e-09,1.1164582535765033e-05
2005-12-21,0.9999987924755275,1.0009167895741278e-09,1.2065229329162662e-06
2005-12-22,0.9999971216425863,8.111096060446338e-10,2.8775451016483703e-06
2005-12-23,0.9999981387899465,1.574997313663643e-09,1.8596332558041432e-06
2005-12-27,0.9999907848275008,2.5871616364428953e-09,9.212585330323657e-06
2005-12-28,0.9999974593443299,9.673188698210782e-10,2.5396896866878162e-06
2005-12-29,0.9999987535601159,1.1846177983348086e-09,1.245256666041166e-06
2005-12-30,0.9999964429652717,1.3094079722349543e-09,3.5557268723024274e-06
2006-01-03,0.9997178431800907,3.723452293214524e-09,0.00028215309567358016
2006-01-04,0.9999974299422604,1.1970619731533234e-09,2.5688599421979413e-06
2006-01-05,0.9999957567505575,2.406903692320305e-09,4.24084189988894e-06
2006-01-06,0.9999813535097454,1.6278460669792088e-09,1.8644863651097114e-05
2006-01-09,0.9999977054457253,8.913606109830035e-10,2.293661283526792e-06
2006-01-10,0.9999980193225899,1.6614522950869494e-09,1.97901659545087e-06
2006-01-11,0.9999988071220125,9.334401121520987e-10,1.1919453173267636e-06
2006-01-12,0.9999980093581857,1.8013387783123618e-09,1.9888420418160983e-06
2006-01-13,0.9999969844402579,9.250854400038186e-10,3.0146334090161625e-06
2006-01-17,0.9999988176866904,1.2423496499542932e-09,1.181072209832176e-06
2006-01-18,0.9999917523758962,3.042930292590165e-09,8.244579744850977e-06
2006-01-19,0.999973649044243,1.6337853041546509e-09,2.634932288875267e-05
2006-01-20,0.9999420724860375,4.254869301969569e-09,5.7923259061761044e-05
2006-01-23,0.9999985302649179,8.377814069672598e-10,1.468898028443287e-06
2006-01-24,0.9999992943524137,7.758294151540392e-10,7.048715001317124e-07
2006-01-25,0.9999978621986088,1.0241689913389546e-09,2.136776088175634e-06
2006-01-26,0.999999039748679,1.0055182038750164e-09,9.5924491417195e-07
2006-01-27,0.9999984774233548,9.677158687553443e-10,1.5216097003670857e-06
2006-01-30,0.9999972186126369,8.192934406658608e-10,2.7805669005005587e-06
2006-01-31,0.9999985102924439,1.1262557865646117e-09,1.4885821100641688e-06
2006-02-01,0.9999988297211102,4.458868125436105e-10,1.169831214115362e-06
2006-02-02,0.9999944624477012,6.700603866803024e-10,5.53688391872119e-06
2006-02-03,0.999997099643792,9.586824296167192e-10,2.8993989555185238e-06
2006-02-06,0.9999965558877385,5.956963102435565e-10,3.443515807162193e-06
2006-02-07,0.9994542843268803,5.016272244159605e-09,0.0005457106558315631
2006-02-08,0.9999925530778344,8.321988074234774e-10,7.446089462071207e-06
2006-02-09,0.9999922361395311,4.249221080415336e-10,7.763434936586186e-06
2006-02-10,0.9999895604632137,1.216886398270659e-09,1.0438318834608333e-05
2006-02-13,0.999995500456071,9.186496092420827e-10,4.498626281701871e-06
2006-02-14,0.9999953046427619,5.981190181149609e-10,4.6947604195055466e-06
2006-02-15,0.9999976610915905,6.537884759706256e-10,2.338254862386234e-06
2006-02-16,0.9999976299178235,4.1091858810921757e-10,2.369671486063986e-06
2006-02-17,0.9999982085953564,5.20980503705475e-10,1.7908826613254876e-06
2006-02-21,0.9999990535802612,3.800199672120215e-10,9.460395520477518e-07
2006-02-22,0.9999987338750373,3.10424066901533e-10,1.2658129905927163e-06
2006-02-23,0.9999979648912602,7.63660963400627e-10,2.0343446838188836e-06
2006-02-24,0.9999965894552539,4.617598419815666e-10,3.410082569369453e-06
2006-02-27,0.9999986180710493,6.294269459755721e-10,1.3812982114968678e-06
2006-02-28,0.9999907173836355,7.515009398579091e-10,9.281865684386153e-06
2006-03-01,0.999997969140411,1.0073548944356126e-09,2.02985310312934e-06
2006-03-02,0.9999977791328197,6.706932632888043e-10,2.220198051071929e-06
2006-03-03,0.9999982898349189,8.077226661867835e-10,1.7093577750891622e-06
2006-03-06,0.9999957189157392,1.035724530353792e-09,4.280046924597354e-06
2006-03-07,0.9999991486187341,6.618828019602066e-10,8.507192937704151e-07
2006-03-08,0.9999969064749722,1.23020485343161e-09,3.092295743616232e-06
2006-03-09,0.9999984451909122,6.387514910282015e-10,1.5541690524838333e-06
2006-03-10,0.9999977770773663,9.665304243124259e-10,2.2219574179541166e-06
2006-03-13,0.9999988738570184,5.974066201778115e-10,1.1255450176233775e-06
2006-03-14,0.9999970260622487,4.695204941616722e-10,2.973468686251627e-06
2006-03-15,0.9999987235686565,7.6047480720629e-10,1.2756690537862867e-06
2006-03-16,0.9999988231109105,5.586955938601425e-10,1.176332087594916e-06
2006-03-17,0.9999992064043419,6.425537381423268e-10,7.929522764753644e-07
2006-03-20,0.9999991085136907,6.685331689210522e-10,8.908185902672123e-07
2006-03-21,0.9999978288747947,8.803621843075341e-10,2.170244882572569e-06
2006-03-22,0.9999988394126744,6.627115506519951e-10,1.159924579133523e-06
2006-03-23,0.9999987804156424,7.990563908338418e-10,1.2187863779614657e-06
2006-03-24,0.9999968604874254,6.18148867978491e-10,3.138893004223946e-06
2006-03-27,0.9999979495353831,6.396035918071079e-10,2.0498249128584967e-06
2006-03-28,0.9999969944373935,7.875806454720264e-10,3.0047741208193173e-06
2006-03-29,0.9999932920807051,1.0699481692860308e-09,6.706850805657362e-06
2006-03-30,0.9999629995624237,1.0719287993157925e-09,3.699936520707404e-05
2006-03-31,0.9999983549582682,1.0349685452788356e-09,1.6440079879115137e-06
2006-04-03,0.9999990150759307,6.026588248327414e-10,9.84319976111195e-07
2006-04-04,0.9999987866038368,7.665579724444348e-10,1.2126301808782864e-06
2006-04-05,0.9999989963767382,6.098698155735525e-10,1.0030135767947808e-06
2006-04-06,0.9999973793744862,7.073963641017307e-10,2.619917888484137e-06
2006-04-07,0.9999928198779728,8.207394984089049e-10,7.179302041878657e-06
2006-04-10,0.9999979943442772,5.233801537685507e-10,2.005131182791709e-06
2006-04-11,0.9999964191147678,1.5136082846901018e-09,3.579372111830984e-06
2006-04-12,0.9999988696478816,5.777844639371136e-10,1.1297735998320479e-06
2006-04-13,0.999998755248136,5.971183623686835e-10,1.2441533693472511e-06
2006-04-17,0.9999690507744134,1.0657727965570979e-09,3.094816105405734e-05
2006-04-18,0.9996335731020914,7.1978252907629435e-09,0.00036641970006902097
2006-04-19,0.9946419301815096,2.9249712315062512e-08,0.0053580405674759374
2006-04-20,0.9843095877084073,3.579093379944616e-08,0.01569037649955201
2006-04-21,0.9927391045309693,1.878405666844773e-08,0.007260876685886346
2006-04-24,0.998824679504015,5.06141425640286e-08,0.001175269882382521
2006-04-25,0.999832197505001,2.532109760153468e-09,0.0001677999629049008
2006-04-26,0.9999963488001676,7.539448590762947e-10,3.6504469541462145e-06
2006-04-27,0.9999976692479199,9.488255495283285e-10,2.329804201047103e-06
2006-04-28,0.9999437874077685,1.0888146448438945e-09,5.6211502687956413e-05
2006-05-01,0.9999968106254457,1.0902608563078469e-09,3.188285965730351e-06
2006-05-02,0.9999958419043697,1.1443774131882128e-09,4.156950785163906e-06
2006-05-03,0.9999990981636503,1.2182864691108999e-09,9.00616247068701e-07
2006-05-04,0.9999982920795479,1.158551658987501e-09,1.7067632893581783e-06
2006-05-05,0.9999985595360529,8.213859397764154e-10,1.4396418443888319e-06
2006-05-08,0.9999989682770185,1.4995218188774465e-09,1.030221920822684e-06
2006-05-09,0.9999691970639383,1.993306571393935e-09,3.080094103903032e-05
2006-05-10,0.9999923459074195,2.7342789778859164e-09,7.651356643479989e-06
2006-05-11,0.9991792329733058,3.009179243550834e-08,0.0008207369358816739
2006-05-12,0.9859611668712266,3.97982419840392e-07,0.014038435146182702
2006-05-15,0.7454092136838496,1.0039635894126606e-07,0.25459068591996475
2006-05-16,0.9930635225519515,6.068798076692542e-07,0.006935870568012114
2006-05-17,0.9968800201667531,2.280680773981281e-08,0.003119957027899357
2006-05-18,0.9989876779873059,6.149777574717281e-08,0.0010122605165698822
2006-05-19,0.9990649218766156,1.7564192463351413e-08,0.0009350605589075572
2006-05-22,0.9997565860599108,2.173547475625879e-08,0.0002433922047175164
2006-05-23,0.9991217342930736,3.097348597996463e-08,0.0008782347325262312
2006-05-24,0.997231093156457,2.1189150653292832e-08,0.0027688856548868067
2006-05-25,0.9997422877773996,2.6551208502178995e-08,0.00025768567104540664
2006-05-26,0.9999927086621275,2.623886842416527e-09,7.288713281128173e-06
2006-05-30,0.9997749869315133,8.640640734921723e-09,0.00022500442949180085
2006-05-31,0.99991901387503,9.980780453435536e-09,8.097614245713024e-05
2006-06-01,0.999904491519483,1.985914069260899e-09,9.550649614070474e-05
2006-06-02,0.999994693894658,5.891337725595821e-10,5.305516171570967e-06
2006-06-05,0.9999828549240234,1.2321374999550019e-09,1.7143842441235236e-05
2006-06-06,0.9999773961725555,2.8333487748138004e-09,2.260099554051025e-05
2006-06-07,0.999612302671022,2.5497148034706607e-08,0.0003876718326071626
2006-06-08,0.9903963695281311,2.205863584281131e-07,0.009603409886248734
2006-06-09,0.9590973011267641,2.3106897171762032e-06,0.040900388185224866
2006-06-12,0.372576050950203,7.281944561001533e-06,0.6274166671034532
2006-06-13,8.837285675105726e-11,2.027257717642027e-12,0.9999999999090505
2006-06-14,0.00040861501129234513,2.155480836471071e-06,0.9995892295073889
2006-06-15,0.007114672704066176,5.304087549088428e-07,0.9928847968858703
2006-06-16,0.9556973105736886,1.810816312984955e-06,0.04430087861059157
2006-06-19,0.990739155377471,1.9446678537136024e-07,0.009260650157391238
2006-06-20,0.9994635476632012,2.4490284573272657e-08,0.0005364278452447928
2006-06-21,0.9999687995434043,2.0029338709019866e-09,3.119845486713337e-05
2006-06-22,0.9999975990169052,7.396905740433369e-10,2.4002428901160764e-06
2006-06-23,0.9999986568627645,6.541132424072517e-10,1.3424838442047854e-06
2006-06-26,0.999998396867716,7.268450850412746e-10,1.6024046096415876e-06
2006-06-27,0.9999926919930303,1.8214380801954216e-09,7.306185410091709e-06
2006-06-28,0.9999656776668776,4.315008769585113e-09,3.4318018635409844e-05
2006-06-29,0.9982134917514945,2.412517284306557e-09,0.0017865058377764852
2006-06-30,0.9998259156513831,2.6112799699518314e-09,0.00017408173674015318
2006-07-03,0.999996147969939,7.104872673200101e-10,3.8513212903103095e-06
2006-07-05,0.9999979826991304,4.594555495181782e-10,2.016841422799485e-06
2006-07-06,0.999999080101102,4.183245878776745e-10,9.194809708591115e-07
2006-07-07,0.9999978327783375,1.1447218198731361e-09,2.1660754078753964e-06
2006-07-10,0.9999988367424011,6.614135707928246e-10,1.1625951226409416e-06
2006-07-11,0.9999842913818243,7.312859655802697e-10,1.570788512861534e-05
2006-07-12,0.9999770144736061,9.228261101092599e-10,2.2984601886215454e-05
2006-07-13,0.9998823639000477,3.2433662174336186e-09,0.00011763285721801138
2006-07-14,0.9999726954246146,2.620940043896056e-09,2.7301954217864255e-05
2006-07-17,0.9997267291560733,6.621312079736488e-09,0.0002732642210781967
2006-07-18,0.9999333747513742,4.357018386965753e-09,6.662089090779419e-05
2006-07-19,0.9999554982175809,7.293129590836952e-10,4.450105345012716e-05
2006-07-20,0.9999706293694974,2.9229185638667876e-09,2.936770713973424e-05
2006-07-21,0.999989243409445,1.57126864149963e-09,1.0755020115425606e-05
2006-07-24,0.9999412607729892,1.7102086939970842e-09,5.873751587190601e-05
2006-07-25,0.9999983224929992,6.721701563737312e-10,1.6768334882636393e-06
2006-07-26,0.9999990854489259,4.777953245117656e-10,9.140745306027795e-07
2006-07-27,0.9999978292895234,5.939524450488361e-10,2.1701181163384255e-06
2006-07-28,0.9999978551336691,4.3604219415592064e-10,2.1444298737521365e-06
2006-07-31,0.9999991695552846,5.379314509720564e-10,8.299060951188476e-07
2006-08-01,0.9999950347133142,6.337939418374212e-10,4.9646512534331356e-06
2006-08-02,0.9999987528034172,4.3100504937558893e-10,1.2467661310966724e-06
2006-08-03,0.9999988629176285,6.141758981714933e-10,1.1364689110294435e-06
2006-08-04,0.9999990798500816,5.383526265449098e-10,9.196116205886421e-07
2006-08-07,0.9999990342371464,5.209466929105066e-10,9.652428792994068e-07
2006-08-08,0.9999987456620738,6.197174760015506e-10,1.253717778096108e-06
2006-08-09,0.9999980522971651,5.388932786465638e-10,1.9471643368460813e-06
2006-08-10,0.999994589194189,1.1391845746176825e-09,5.409668103876953e-06
2006-08-11,0.9999989396097755,5.664493296988995e-10,1.059824978300235e-06
2006-08-14,0.9999991428561806,5.598357970390741e-10,8.565845240836357e-07
2006-08-15,0.9999956269589468,3.9475423362021156e-10,4.372647536746146e-06
2006-08-16,0.999998460015653,3.6420855089234417e-10,1.5396190154511017e-06
2006-08-17,0.9999907340999932,1.8425302224338069e-09,9.264056219010543e-06
2006-08-18,0.999998974625285,5.587936986312923e-10,1.0248153942738653e-06
2006-08-21,0.9999925098953485,6.859289790791856e-10,7.489418735747492e-06
2006-08-22,0.9999990603287056,6.91322906648075e-10,9.389795208704685e-07
2006-08-23,0.9999991020453701,6.532471866851481e-10,8.972998269348704e-07
2006-08-24,0.9999992488777117,5.769291807936666e-10,7.505445252707302e-07
2006-08-25,0.9999993101375927,5.201532871251879e-10,6.893404422840149e-07
2006-08-28,0.9999981797935301,8.340575207197204e-10,1.81937198688641e-06
2006-08-29,0.9999992922787673,5.427119236067186e-10,7.07177614501999e-07
2006-08-30,0.9999991580410913,4.753085092403545e-10,8.414841638592008e-07
2006-08-31,0.9999986111225193,4.810917148003145e-10,1.3883967148560033e-06
2006-09-01,0.999998989668312,5.120940406841879e-10,1.0098182001926507e-06
2006-09-05,0.9999944514610661,6.490684853939547e-10,5.547889345139195e-06
2006-09-06,0.999997315248004,7.158658807816019e-10,2.6840347345771543e-06
2006-09-07,0.9999809609064704,2.243907095291102e-09,1.9036851360569166e-05
2006-09-08,0.9999971965192533,7.721666290491344e-10,2.802708980219369e-06
2006-09-11,0.9998195473271556,4.6093514717925e-09,0.00018044806362815043
2006-09-12,0.9999953886433017,5.882657030741421e-10,4.61076874423901e-06
2006-09-13,0.9999988419228769,5.446662497157009e-10,1.1575328994695128e-06
2006-09-14,0.9999865347887664,2.3471890863530367e-09,1.346286408082427e-05
2006-09-15,0.999999094783971,4.979299376852102e-10,9.047192378841635e-07
2006-09-18,0.9999974907472837,5.462544031950709e-10,2.5087079432488574e-06
2006-09-19,0.9999415927882286,5.521045306915266e-09,5.840168918936036e-05
2006-09-20,0.9999985063525186,5.30394334960446e-10,1.493118002263242e-06
2006-09-21,0.9999970598080403,7.423535094144617e-10,2.9394482721535674e-06
2006-09-22,0.9999987018826927,4.942146648351542e-10,1.2976225683109193e-06
2006-09-25,0.9999985347359873,3.80029542952065e-10,1.464885615940964e-06
2006-09-26,0.9999983168213998,6.823416536511023e-10,1.682496863636142e-06
2006-09-27,0.9999965316734353,5.73379180767662e-10,3.467752079593815e-06
2006-09-28,0.9999991072222094,5.576141404104297e-10,8.922205141403574e-07
2006-09-29,0.9999990349501895,6.20542100947765e-10,9.644280447832771e-07
2006-10-02,0.9999972835358283,9.363017533453818e-10,2.715527467906977e-06
2006-10-03,0.9998205022556653,5.108197096093583e-09,0.00017949263696288075
2006-10-04,0.999976280346627,8.725833623538901e-10,2.371878052992969e-05
2006-10-05,0.9999979336010687,5.957943039252819e-10,2.0658032017970278e-06
2006-10-06,0.9999979444895168,6.393313259081524e-10,2.0548729033256677e-06
2006-10-09,0.9999991073422626,5.084767752839536e-10,8.921494475536637e-07
2006-10-10,0.9999986630509581,7.033580142381654e-10,1.3362448968599235e-06
2006-10-11,0.9999989835747037,6.090184497490574e-10,1.0158174707031237e-06
2006-10-12,0.999997863686539,5.353173388515557e-10,2.1357769029021212e-06
2006-10-13,0.9999938148548896,8.160477055073492e-10,6.1843285706132556e-06
2006-10-16,0.999998532178492,5.287078484774606e-10,1.4672929926422334e-06
2006-10-17,0.9999983029207064,9.332157953459337e-10,1.6961452210464273e-06
2006-10-18,0.9999989998873843,6.197220885009012e-10,9.994924647039523e-07
2006-10-19,0.9999976885764564,6.123854056597013e-10,2.3108118855543646e-06
2006-10-20,0.9999974829256489,1.294250584554688e-09,2.5157787844189965e-06
2006-10-23,0.999995177186781,1.5029172045763233e-09,4.821310893170404e-06
2006-10-24,0.9999986670672814,6.045275466048119e-10,1.3323270534114743e-06
2006-10-25,0.9999979989936049,5.440451428166904e-10,2.0004627847533374e-06
2006-10-26,0.9999981654017123,5.876521013024669e-10,1.8340116576387143e-06
2006-10-27,0.9999964851729526,1.3579274430491692e-09,3.5134684796714646e-06
2006-10-30,0.9999986389202772,5.790228261441471e-10,1.360501729144048e-06
2006-10-31,0.9999982692185284,6.890433861915748e-10,1.7300932627898869e-06
2006-11-01,0.9999898491338601,6.467333366323411e-10,1.0150218458493831e-05
2006-11-02,0.9999979970727558,4.065475513071349e-10,2.0025213393468455e-06
2006-11-03,0.9999950118960247,5.42109247500925e-10,4.987560921564668e-06
2006-11-06,0.9999955633164259,4.76297305340888e-10,4.4362062307020285e-06
2006-11-07,0.9999985151746041,4.0669784043930724e-10,1.4844197868906762e-06
2006-11-08,0.9999898043144172,1.472863017281955e-09,1.019421391439967e-05
2006-11-09,0.9999071703220861,7.6376861628503e-10,9.282891402532628e-05
2006-11-10,0.9999956087000111,1.0034336402595656e-09,4.390295607269161e-06
2006-11-13,0.9999983320208499,6.127190179648587e-10,1.6673660140020736e-06
2006-11-14,0.9999955974950857,7.255923748416489e-10,4.401778740627298e-06
2006-11-15,0.9999978976397232,6.392764818232518e-10,2.1017214606262827e-06
2006-11-16,0.9999967359852754,1.0495060252468628e-09,3.2629658831741643e-06
2006-11-17,0.9999969007306214,7.003436678945879e-10,3.0985688054396835e-06
2006-11-20,0.9999974406269767,8.532394830610188e-10,2.5585213425385794e-06
2006-11-21,0.9999971310794762,6.813863452072112e-10,2.8682400601243287e-06
2006-11-22,0.9999978660366683,6.406887171828048e-10,2.1333210519010434e-06
2006-11-24,0.999993461907707,6.072608125775126e-10,6.537485588731926e-06
2006-11-27,0.9999820860688703,1.2484981262357539e-09,1.791268264649894e-05
2006-11-28,0.9999987227282844,3.9654362242132335e-10,1.2768750786109227e-06
2006-11-29,0.9999961000470299,7.088608084429103e-10,3.899242383979736e-06
2006-11-30,0.9999949422072527,4.3594912915377415e-10,5.05735512085146e-06
2006-12-01,0.9999985488294967,6.344096819253814e-10,1.4505342973166613e-06
2006-12-04,0.9999985127007822,4.320535753145037e-10,1.4868683424494624e-06
2006-12-05,0.9999985277183365,6.200616910270281e-10,1.4716611726159497e-06
2006-12-06,0.9999951216242001,1.2620669770713891e-09,4.8771136514874115e-06
2006-12-07,0.9999988911846921,4.001293333830503e-10,1.1084161086141584e-06
2006-12-08,0.9999983013418262,6.134997862372614e-10,1.6980459544727868e-06
2006-12-11,0.9999983433058414,4.6424591385815427e-10,1.6562286318153907e-06
2006-12-12,0.999998240082007,7.42167253675468e-10,1.7591764366628443e-06
2006-12-13,0.9999967660567104,9.421192054512185e-10,3.233000283869182e-06
2006-12-14,0.9999954423796403,1.1688659836359958e-09,4.556450582253541e-06
2006-12-15,0.9999871493735434,2.7084312535947246e-09,1.284791775151588e-05
2006-12-18,0.9999977660943328,7.959492740310809e-10,2.2331080306259344e-06
2006-12-19,0.999997130060845,6.047623267480854e-10,2.869335787495103e-06
2006-12-20,0.999997768284391,9.247745203536841e-10,2.2307892496527708e-06
2006-12-21,0.9999962341023971,1.335173790824565e-09,3.764563504480526e-06
2006-12-22,0.9999961975481244,4.980738695808301e-10,3.801954923254542e-06
2006-12-26,0.9999987016280345,3.7445678328630073e-10,1.297999038568087e-06
2006-12-27,0.9999972776350426,8.143795425825284e-10,2.7215496507311533e-06
2006-12-28,0.9999975130298483,5.123079962949394e-10,2.4864592237943753e-06
2006-12-29,0.9999982985624151,4.951440837701892e-10,1.700940873304303e-06
2007-01-03,0.9999940731934761,1.2960637783521214e-09,5.925509887210424e-06
2007-01-04,0.9999966696032949,7.919958290358251e-10,3.3296041030726513e-06
2007-01-05,0.9999744247976163,1.8888255230195425e-09,2.5573312688031078e-05
2007-01-08,0.9999989066897407,3.282968203405576e-10,1.0929837756792443e-06
2007-01-09,0.9999989524591031,3.661811937478545e-10,1.0471752177100778e-06
2007-01-10,0.999998741820373,5.333220453436047e-10,1.2576446804884141e-06
2007-01-11,0.999997913817781,6.633347673322393e-10,2.085519831472202e-06
2007-01-12,0.999965671507991,1.1194381598538106e-09,3.432737170568399e-05
2007-01-16,0.9999974353628349,8.821865673248361e-10,2.5637538824327476e-06
2007-01-17,0.9999973920637232,5.578120876075414e-10,2.607379558001105e-06
2007-01-18,0.9999970434226322,1.0731300799336766e-09,2.955505553025956e-06
2007-01-19,0.9999971014518622,5.893318391130653e-10,2.8979571311437606e-06
2007-01-22,0.9999969964382759,1.0053378631393497e-09,3.002557219973161e-06
2007-01-23,0.9999725615979514,9.762221410599256e-10,2.7437427330060882e-05
2007-01-24,0.9999963306467198,7.813855112810629e-10,3.668571302327429e-06
2007-01-25,0.9999857796675965,8.078644304550894e-10,1.4219523816785776e-05
2007-01-26,0.9999985845543974,5.270831329836046e-10,1.4149183362671119e-06
2007-01-29,0.9999986342636706,5.850770755814551e-10,1.365151020930815e-06
2007-01-30,0.9999985554215047,4.1375361441573387e-10,1.4441661350302674e-06
2007-01-31,0.9999970762116387,3.829875878806433e-10,2.923404357450693e-06
2007-02-01,0.9999977995964052,5.751885064440852e-10,2.19982878672874e-06
2007-02-02,0.9999927582074009,1.768131818628683e-09,7.240023944489037e-06
2007-02-05,0.9999982280876121,6.547964750709145e-10,1.7712563923468734e-06
2007-02-06,0.9999979538900349,5.423458014490309e-10,2.045567322716204e-06
2007-02-07,0.9999978614018932,7.456929419050056e-10,2.1378525655026756e-06
2007-02-08,0.9999962172186012,5.817453737181024e-10,3.7822008404503395e-06
2007-02-09,0.9999930896394769,5.345263452825199e-10,6.909827442162818e-06
2007-02-12,0.9999981819253818,6.141902136635438e-10,1.8174595978586829e-06
2007-02-13,0.999997421051063,6.438702959521291e-10,2.578304116936422e-06
2007-02-14,0.9999964753031508,4.137773647371796e-10,3.52428308314574e-06
2007-02-15,0.9999978811924557,7.299352580737817e-10,2.1180781214448827e-06
2007-02-16,0.9999968976274352,1.0050249085743003e-09,3.10136651285589e-06
2007-02-20,0.9999857881985356,2.0658136355841157e-09,1.4209736433602787e-05
2007-02-21,0.999900400051067,9.872098779222125e-10,9.959896168394812e-05
2007-02-22,0.9999841391639178,1.7474898800893887e-09,1.5859088865101193e-05
2007-02-23,0.9996265712852546,2.2608924482052442e-08,0.0003734061062061702
2007-02-26,0.9872470317768121,9.19015115595401e-07,0.012752049207994632
2007-02-27,1.531447127678255e-06,1.8616114271885152e-10,0.9999984683684394
2007-02-28,0.8824677470413775,1.5963814712876366e-06,0.11753065657584136
2007-03-01,0.9634992917463842,1.2878009429320596e-06,0.036499420453994846
2007-03-02,0.9591569102764984,9.365328049229605e-08,0.04084299607118101
2007-03-05,0.9790333253126582,2.695103890512227e-07,0.02096640517856847
2007-03-06,0.9870093976288085,8.769290845395321e-08,0.012990514676985967
2007-03-07,0.999911710246709,1.4181675715588148e-08,8.827557186342394e-05
2007-03-08,0.999997673398844,7.326605138304145e-10,2.3258688696267752e-06
2007-03-09,0.9999986074627177,6.401140292524034e-10,1.3918965002593968e-06
2007-03-12,0.9999971335714846,8.464211572278423e-10,2.8655836413350985e-06
2007-03-13,0.9995586201592632,1.0715685188845066e-08,0.00044136912385742594
2007-03-14,0.9999671503658225,3.7092847382182706e-09,3.2845924865666604e-05
2007-03-15,0.9999980750308506,8.29428799389572e-10,1.924138317703588e-06
2007-03-16,0.9999967032763152,9.090352354260338e-10,3.2958163355268256e-06
2007-03-19,0.9999961708782036,9.156542453072053e-10,3.82820639840848e-06
2007-03-20,0.9999989924440871,4.757752400056912e-10,1.0070794711137064e-06
2007-03-21,0.9999908364062904,7.985230195888643e-10,9.162794838951048e-06
2007-03-22,0.9999989660542158,5.650954221646581e-10,1.0333815534275346e-06
2007-03-23,0.9999990690853123,6.709401896111857e-10,9.302421346173197e-07
2007-03-26,0.9999990081237601,4.721577478649377e-10,9.914033938217336e-07
2007-03-27,0.9999992806408814,5.231337839067759e-10,7.188356041586659e-07
2007-03-28,0.999998173667185,5.436276259839092e-10,1.825790996082737e-06
2007-03-29,0.9999990301153203,6.152272537325623e-10,9.692702929683704e-07
2007-03-30,0.9999992490305067,5.073143897139579e-10,7.504613995298625e-07
2007-04-02,0.9999992791747769,4.901594914697238e-10,7.203337251104794e-07
2007-04-03,0.9999980764096419,6.620129996097639e-10,1.922930078009676e-06
2007-04-04,0.9999986104422183,4.777783515317712e-10,1.3890801985805906e-06
2007-04-05,0.9999992881496642,5.286044944726734e-10,7.113205425410594e-07
2007-04-09,0.9999991329754387,6.086871917807743e-10,8.664161552641787e-07
2007-04-10,0.9999991550179335,4.55200442635521e-10,8.445285467452543e-07
2007-04-11,0.9999991762928158,5.459578187533852e-10,8.231600241149495e-07
2007-04-12,0.9999992781161259,5.202520995878417e-10,7.213635566560207e-07
2007-04-13,0.9999984335166564,6.033274772971643e-10,1.565878683567884e-06
2007-04-16,0.9999983209905166,4.045074915088239e-10,1.6786062635352103e-06
2007-04-17,0.9999988152819893,6.939124504997239e-10,1.1840225373076067e-06
2007-04-18,0.9999992082669856,4.894064963319643e-10,7.912427582053133e-07
2007-04-19,0.9999986270131889,8.615962079199158e-10,1.3721263482977927e-06
2007-04-20,0.999995408266469,8.299746637854315e-10,4.590904116773839e-06
2007-04-23,0.9999987695053573,8.368893207296117e-10,1.2296565670598022e-06
2007-04-24,0.9999989859612154,6.871905890774112e-10,1.0133532622034084e-06
2007-04-25,0.9999984736216728,7.037653043607408e-10,1.5256746113123891e-06
2007-04-26,0.9999980919401437,9.214393690422902e-10,1.907139857221237e-06
2007-04-27,0.9999989269750885,5.060850322649047e-10,1.0725193353920005e-06
2007-04-30,0.9999940627816425,2.2023737040449927e-09,5.935017649569633e-06
2007-05-01,0.9999991946536798,5.39723003573715e-10,8.04807406640581e-07
2007-05-02,0.9999991920525271,4.959261041141787e-10,8.074504439435401e-07
2007-05-03,0.9999985063707085,5.41805688212801e-10,1.493087226711449e-06
2007-05-04,0.9999990571272872,3.9801889161789637e-10,9.424737917724915e-07
2007-05-07,0.9999993462517841,4.77121070248938e-10,6.532708883360222e-07
2007-05-08,0.9999992451451483,5.481772632310512e-10,7.543065350070234e-07
2007-05-09,0.9999990329274753,6.31444650587291e-10,9.66442293513289e-07
2007-05-10,0.9999763585031128,3.2845313172131935e-09,2.363821235062786e-05
2007-05-11,0.9999981800554641,6.809985228331621e-10,1.8192644404216662e-06
2007-05-14,0.9999992597443463,4.879864875044317e-10,7.397678340697403e-07
2007-05-15,0.9999993081294298,4.457604591402694e-10,6.914254011843357e-07
2007-05-16,0.999997559148392,7.891933556154746e-10,2.440062285683284e-06
2007-05-17,0.999999057018148,5.793478386176991e-10,9.424042106914721e-07
2007-05-18,0.9999977389805376,8.787619628178862e-10,2.260138884434548e-06
2007-05-21,0.9999993186468193,4.745359634354196e-10,6.808771682820097e-07
2007-05-22,0.9999991174194549,5.804840990571746e-10,8.820012128902102e-07
2007-05-23,0.9999992289597929,4.594016197547479e-10,7.705794167463776e-07
2007-05-24,0.9999964560001035,1.1313979634885923e-09,3.5428696197950247e-06
2007-05-25,0.9999992354972358,4.910926805024912e-10,7.640118955419441e-07
2007-05-29,0.9999993221611044,4.513715174043504e-10,6.773883107279792e-07
2007-05-30,0.9999986351185945,5.337567687163847e-10,1.3643488536929285e-06
2007-05-31,0.9999986394150416,4.724461815871806e-10,1.3601130392801867e-06
2007-06-01,0.9999978696382595,1.3455181354654452e-09,2.129017877680119e-06
2007-06-04,0.9999993299754777,9.340887709989057e-10,6.690919044695955e-07
2007-06-05,0.9999989726498645,9.39007818569437e-10,1.0264120343965407e-06
2007-06-06,0.9999871397948683,2.4895179951383817e-09,1.2857714926089435e-05
2007-06-07,0.9995222646787764,9.702271046032187e-10,0.00047773434973092017
2007-06-08,0.999925097851216,5.011872565901457e-09,7.489713854053615e-05
2007-06-11,0.9999980506455259,1.360286596937051e-09,1.9479938362835654e-06
2007-06-12,0.9999794428297978,1.1670940338036895e-09,2.0556003827190204e-05
2007-06-13,0.9999805936122766,7.947598746801034e-10,1.940559195505231e-05
2007-06-14,0.9999989256690556,1.1683918961387843e-09,1.073160861086304e-06
2007-06-15,0.999998930540304,8.080686324343606e-10,1.0686528134239132e-06
2007-06-18,0.9999993599742313,8.947613725918672e-10,6.391293803598878e-07
2007-06-19,0.9999988723036032,8.249179290934058e-10,1.1268721212626325e-06
2007-06-20,0.9999886395007275,1.207669952813859e-09,1.1359293296117042e-05
2007-06-21,0.9999987717972811,1.3974401444561509e-09,1.2268041149427396e-06
2007-06-22,0.9999957603412274,2.480958398642162e-09,4.237176984720337e-06
2007-06-25,0.9999958441198896,2.843593160980577e-09,4.153037227141039e-06
2007-06-26,0.999958188656004,7.763983515791084e-09,4.180358064955352e-05
2007-06-27,0.9999848878956547,2.6734826156994986e-09,1.5109429824378052e-05
2007-06-28,0.9999982678360989,1.359018169655688e-09,1.7308062487680952e-06
2007-06-29,0.9999969991158202,1.9119655576961316e-09,2.998971942948937e-06
2007-07-02,0.9999957271848297,1.3637207106556525e-09,4.271452266915281e-06
2007-07-03,0.9999986645025096,1.5087757885987834e-09,1.3339880490391113e-06
2007-07-05,0.9999976790668019,1.507834152411288e-09,2.3194246250253644e-06
2007-07-06,0.9999981779599921,1.5336635803491962e-09,1.8205065306130153e-06
2007-07-09,0.9999971666297037,1.684974886041548e-09,2.8316837908224417e-06
2007-07-10,0.9997670480825132,3.280257308193781e-08,0.00023291911342802654
2007-07-11,0.9999692828302884,8.736014819474336e-09,3.0708435408382185e-05
2007-07-12,0.9999576509817248,6.236865494864683e-09,4.234278213198205e-05
2007-07-13,0.9999986874472117,1.2508035925294756e-09,1.3113021303443337e-06
2007-07-16,0.999997824345521,1.6950680349609788e-09,2.173958032966877e-06
2007-07-17,0.999998875792421,1.3096420711087243e-09,1.1228988331026504e-06
2007-07-18,0.9999971314141692,1.628824641174292e-09,2.8669574585601284e-06
2007-07-19,0.999997547546906,1.6427365851357937e-09,2.450811935892687e-06
2007-07-20,0.9998716816742942,1.833373494830671e-08,0.00012829999153988702
2007-07-23,0.9987191394196979,2.751917145508187e-07,0.0012805853891302039
2007-07-24,0.9361668051312154,1.3488753780007646e-06,0.06383184599383265
2007-07-25,0.8805139593739393,9.076361869482226e-06,0.11947696426423902
2007-07-26,0.0012176063959335821,9.365887361915756e-07,0.9987814570149702
2007-07-27,4.4995211242323813e-07,1.9702801198807616e-07,0.9999993530184202
2007-07-30,1.3975572774895714e-06,1.443055400491898e-06,0.9999971593865085
2007-07-31,8.157204315821686e-07,1.9364365031350973e-06,0.9999972478437158
2007-08-01,1.1191308337075631e-07,7.637859777836293e-06,0.9999922502256758
2007-08-02,6.777237823992128e-06,1.7039228172097845e-05,0.999976183535036
2007-08-03,4.742325189076834e-11,3.069162796078683e-08,0.9999999692627175
2007-08-06,4.012365692340682e-09,1.2864315636914992e-06,0.9999987095551801
2007-08-07,1.5123888616608145e-06,1.0366836440895537e-05,0.999988120774633
2007-08-08,8.547108550244736e-08,5.926336873489769e-06,0.9999939881926087
2007-08-09,1.226906100732282e-12,2.0573358916933805e-09,0.999999997940904
2007-08-10,5.299616972095098e-13,9.101943387348736e-08,0.9999999089814123
2007-08-13,1.8572152919592187e-10,6.871887958007129e-07,0.9999993126259685
2007-08-14,1.741780817564788e-11,1.5239258926056938e-07,0.9999998475905275
2007-08-15,3.982970222146127e-15,7.849164789036789e-09,0.9999999921492417
2007-08-16,1.4295340127800397e-17,3.2086335273989035e-10,0.9999999996798579
2007-08-17,3.1955475360433775e-18,1.325152526673407e-09,0.9999999986757757
2007-08-20,6.682782015428801e-10,1.407331926363915e-06,0.9999985920013295
2007-08-21,6.6840215655057354e-09,2.4809724771634084e-06,0.999997512342272
2007-08-22,5.4164971772731094e-08,4.112915370525321e-06,0.9999958329185995
2007-08-23,2.8581137142975324e-06,1.9237141677129185e-05,0.9999779047433502
2007-08-24,2.0549169810232414e-06,7.076888504214304e-06,0.9999908681946584
2007-08-27,2.034800910856031e-06,1.332767856579894e-05,0.9999846375192164
2007-08-28,1.056807202436751e-10,8.10406730084517e-08,0.999999918854886
2007-08-29,1.2215682079966287e-10,2.327969032992042e-07,0.9999997670820719
2007-08-30,1.7485808679683113e-08,3.30217171399095e-06,0.9999966803425726
2007-08-31,2.641605823254804e-08,3.0100570425825702e-06,0.999996963525581
2007-09-04,5.970799916829092e-08,3.6418765235289525e-06,0.9999962984143463
2007-09-05,4.215513356072194e-08,4.296227392835095e-06,0.9999956616178199
2007-09-06,9.503157399955362e-09,2.2925741225647476e-06,0.9999976979224025
2007-09-07,1.6408780287821146e-10,5.474086859342885e-07,0.9999994524261318
2007-09-10,3.851161447813329e-11,5.079657195486134e-07,0.9999994919964064
2007-09-11,1.0294053287727985e-10,5.009646455559582e-07,0.9999994989340285
2007-09-12,1.0107992345708366e-08,3.3035784300363956e-06,0.9999966863124761
2007-09-13,3.094372389535761e-09,2.0877867206507655e-06,0.9999979091175223
2007-09-14,2.2184469319292516e-08,4.059485033418205e-06,0.9999959183307137
2007-09-17,1.9981249117338003e-10,7.356009616152959e-07,0.999999264200867
2007-09-18,4.4042174880338394e-10,8.104418637282921e-08,0.999999918516554
2007-09-19,0.0004207441333456455,4.02707461235513e-05,0.999538985119326
2007-09-20,0.0019141661258679462,2.3696771426010256e-06,0.9980834641983737
2007-09-21,0.6190900810373148,7.871201603984388e-05,0.3808312069458018
2007-09-24,0.901080151052489,5.004617614520653e-05,0.09886980277002519
2007-09-25,0.9868347311712518,1.0827100460165231e-05,0.01315444172749747
2007-09-26,0.9987832348777976,1.387714779587028e-06,0.0012153774092119082
2007-09-27,0.9998397540098862,1.9266712787676743e-07,0.00016005332473209273
2007-09-28,0.9998556548521733,3.566575714329288e-07,0.00014398849074854334
2007-10-01,0.9993635437019851,2.651919205735661e-06,0.0006338043803826024
2007-10-02,0.999195156640849,6.633552604266632e-06,0.0007982098072451417
2007-10-03,0.9994247263110938,1.2069908737042754e-05,0.0005632037793060753
2007-10-04,0.999267005410555,1.799116460369127e-05,0.0007150034240816497
2007-10-05,0.999055277140552,2.5056456476359962e-05,0.0009196664041005438
2007-10-08,0.999680189870743,2.8417056415535318e-05,0.0002913930714966652
2007-10-09,0.9994311514294707,4.059010254973555e-05,0.0005282584669906528
2007-10-10,0.9970216132170487,8.666619373055589e-05,0.0028917205899796636
2007-10-11,0.9331499882086809,0.00037888184133215696,0.06647112995106821
2007-10-12,0.8156128258511225,0.0007303297202982024,0.18365684442726096
2007-10-15,0.5652543677638777,0.0009013952491416839,0.4338442369867967
2007-10-16,0.3383852350434133,0.0009522546985088078,0.6606625102591922
2007-10-17,0.21348570771293895,0.000704341872094835,0.785809950416732
2007-10-18,0.08502297170205592,0.0003762666472769547,0.9146007616497379
2007-10-19,3.7415205717799603e-07,4.441556277186733e-06,0.9999951842917194
2007-10-22,1.207292808734688e-06,6.016291415789614e-05,0.999938629791933
2007-10-23,6.2829748811374434e-06,0.00019765236542507793,0.9997960646608097
2007-10-24,2.054131457869899e-05,0.00031245572828569786,0.9996670029561998
2007-10-25,5.807391392732353e-06,0.00025540775905405423,0.9997387848509032
2007-10-26,1.3702191116847133e-06,0.00013190230259562028,0.9998667274789034
2007-10-29,5.977538833721737e-05,0.0003260499405373138,0.9996141746727125
2007-10-30,2.3636760236023577e-05,0.0002460632389063542,0.9997303000012642
2007-10-31,6.852368324823782e-06,0.00012821750060497321,0.999864930129276
2007-11-01,5.588580172306615e-10,1.0407829167904368e-05,0.9999895916112637
2007-11-02,3.152221188429548e-09,3.242816663375534e-05,0.9999675686797131
2007-11-05,7.674554902872682e-09,5.570490990107599e-05,0.9999442874163342
2007-11-06,2.7426893889174896e-09,2.8284631849657528e-05,0.9999717126264926
2007-11-07,1.1325203335851506e-13,4.196947296194408e-08,0.9999999580286394
2007-11-08,6.745959032820401e-11,1.281454991431994e-05,0.9999871853817954
2007-11-09,5.5496750372976126e-14,1.1929869659967705e-06,0.9999988070128734
2007-11-12,2.0354455741129344e-20,1.5068893999909587e-10,0.9999999998508429
2007-11-13,6.090919805424959e-16,2.014925260878763e-08,0.9999999798492356
2007-11-14,2.1892452443388704e-11,9.301443622085841e-06,0.9999906985354424
2007-11-15,1.2404393972773646e-14,1.544454705912723e-07,0.9999998455532596
2007-11-16,1.8267897150057744e-10,2.0815125065277497e-05,0.9999791846914377
2007-11-19,6.271502750948076e-11,7.97129982828005e-06,0.9999920286381285
2007-11-20,2.3202106057095982e-12,2.725118036968976e-06,0.9999972748811002
2007-11-21,1.7400003697008397e-12,9.317025315398544e-07,0.9999990682958716
2007-11-23,1.6656553443882626e-14,2.7051657525882e-07,0.9999997294835705
2007-11-26,2.8829283165427128e-16,1.2681322957088273e-07,0.9999998731873427
2007-11-27,2.568765415410583e-13,1.3486278803450586e-06,0.9999986513730618
2007-11-28,2.2872326364525885e-16,8.50657184354575e-09,0.9999999914944055
2007-11-29,2.810838180987432e-09,2.1746157138264662e-05,0.9999782510313234
2007-11-30,5.407951439554972e-09,4.41214091158444e-05,0.9999558731819914
2007-12-03,1.058266397089686e-08,6.876392496065876e-05,0.999931225491698
2007-12-04,4.754870375725661e-09,3.6696552988729476e-05,0.9999632986914835
2007-12-05,2.3069067402075186e-10,2.768719155998741e-05,0.99997231257789
2007-12-06,1.561709051365444e-08,0.000182485366286563,0.9998174990148349
2007-12-07,2.299396538209904e-06,0.0004135474888273835,0.999584153115288
2007-12-10,1.1693752619471384e-07,0.000250704440149685,0.9997491786231621
2007-12-11,3.7827200515798595e-12,2.2104221112862195e-06,0.9999977895737958
2007-12-12,3.25745408733207e-10,1.899003926020613e-05,0.9999810096362699
2007-12-13,3.817749519825843e-08,3.26875647545968e-05,0.9999672742567666
2007-12-14,3.668020444113911e-08,7.450844058903852e-05,0.9999254548776038
2007-12-17,1.5016509131848987e-09,0.0002831136442723585,0.9997168848545228
2007-12-18,2.0024184581124434e-08,0.0018092335092628744,0.9981907464673954
2007-12-19,5.017484958434939e-07,0.005908299746327752,0.9940911985041118
2007-12-20,2.5675530610532145e-06,0.010416499332366045,0.9895809331157959
2007-12-21,8.896555155277284e-08,0.01239888051284748,0.987601030520637
2007-12-24,3.9097774071948706e-05,0.017983974711974323,0.9819769275142474
2007-12-26,1.0154232693108854e-05,0.017535740714970417,0.982454105053774
2007-12-27,4.113154176806476e-06,0.015504380669210957,0.9844915061780855
2007-12-28,7.42050440650244e-07,0.011619205677603855,0.9883800522714205
2007-12-31,2.835054259280181e-07,0.009096590059167397,0.9909031264368409
2008-01-02,2.2305603040573238e-11,0.0065548461178715645,0.993445153860466
2008-01-03,4.273609399541271e-09,0.006515467254932423,0.9934845284702292
2008-01-04,1.8615359097704957e-11,0.0008986006800372231,0.9991013993028058
2008-01-07,4.6201362818584917e-10,0.0011112516347305979,0.9988887479034847
2008-01-08,1.0047949348689396e-13,0.00010210582455904787,0.9998978941766145
2008-01-09,8.356372440162724e-12,0.0005110043369697521,0.9994889956543858
2008-01-10,1.154047630855076e-12,0.0009700845890998431,0.9990299154108426
2008-01-11,5.899042330651708e-10,0.0020718315997733947,0.9979281678107174
2008-01-14,2.141950259843516e-10,0.0017531769441397067,0.998246822840516
2008-01-15,2.487635200694301e-11,0.00037143459857649194,0.9996285653770621
2008-01-16,1.2181572886099768e-10,0.00021831303409729195,0.9997816868431301
2008-01-17,2.2223067063397465e-17,1.199593280126115e-06,0.9999988004063117
2008-01-18,1.1500191253874958e-14,7.175454950284466e-06,0.9999928245454662
2008-01-22,6.534860765617978e-20,8.724892502199807e-07,0.9999991275111992
2008-01-23,2.8149065748124004e-22,1.955360014331416e-08,0.9999999804458641
2008-01-24,2.4089271114569976e-20,3.7352326235596517e-07,0.9999996264778717
2008-01-25,2.713230175132613e-17,2.952661461416958e-06,0.9999970473370857
2008-01-28,4.582153702911189e-19,1.205876388557104e-06,0.9999987941235299
2008-01-29,3.313287860812077e-15,1.921251462267831e-05,0.9999807874836997
2008-01-30,3.3341342340199303e-15,1.0201090454087725e-05,0.9999897989084359
2008-01-31,3.114137465682685e-16,6.772371892242897e-07,0.9999993227613706
2008-02-01,5.017308104208778e-16,8.599440672683121e-06,0.9999914005608433
2008-02-04,4.452852709884968e-15,5.838273728820324e-05,0.9999416172631207
2008-02-05,2.3173247789397615e-19,2.9870690302189193e-06,0.9999970129291844
2008-02-06,5.876248400647813e-20,0.00017011138513974735,0.9998298886153625
2008-02-07,3.702930599979294e-21,0.0014708158209240168,0.9985291841783123
2008-02-08,2.921232010229052e-18,0.019722538922664266,0.9802774610757685
2008-02-11,3.8947419523993835e-18,0.05590414546592945,0.9440958545357179
2008-02-12,3.0725046825662334e-17,0.1126619506104295,0.8873380493911881
2008-02-13,7.757093094000362e-16,0.39936318243594754,0.6006368175630257
2008-02-14,4.496810254767139e-15,0.5128601004650635,0.48713989953638864
2008-02-15,2.544043556824384e-14,0.7492197005256457,0.2507802994757113
2008-02-19,5.627545967673941e-18,0.7969660887107952,0.203033911287513
2008-02-20,4.7229716630732995e-15,0.9527694945473096,0.04723050545286416
2008-02-21,2.3609223697286418e-15,0.9914328724766827,0.008567127522698635
2008-02-22,4.3437840503504087e-16,0.99871265562301,0.0012873443785001827
2008-02-25,1.421396070859441e-16,0.9995081919877229,0.0004918080137817201
2008-02-26,1.8725244742549252e-14,0.9995432569574466,0.0004567430430441721
2008-02-27,2.369715089076736e-13,0.9960800471903785,0.003919952810031399
2008-02-28,2.2821904564382493e-13,0.9195899011281853,0.08041009886995346
2008-02-29,1.0836371482294945e-16,0.5001431113992719,0.4998568886022987
2008-03-03,4.706291111162278e-16,0.4188450684941493,0.5811549315040976
2008-03-04,1.3103452795753354e-14,0.24719927398671485,0.7528007260149523
2008-03-05,6.150099852662176e-17,0.09167795875084435,0.9083220412494994
2008-03-06,2.691521066674762e-17,0.01298379855465796,0.987016201444083
2008-03-07,1.2332996707063566e-16,0.006217950418847466,0.9937820495798413
2008-03-10,5.019260457038927e-20,0.0006667370310328356,0.9993332629675762
2008-03-11,4.3355730913907366e-26,1.0042608450503915e-07,0.9999998995736
2008-03-12,1.6763126382601227e-17,0.00010817186923571804,0.9998918281319137
2008-03-13,1.9018429955161007e-18,0.00011594637086746143,0.9998840536275087
2008-03-14,6.151797326017041e-23,4.861059521975178e-06,0.999995138940895
2008-03-17,1.305470181479881e-24,1.6968442557466052e-06,0.9999983031571745
2008-03-18,2.2824039399728908e-28,3.5197530079860164e-12,0.999999999996362
2008-03-19,9.369685229818753e-24,2.429218426560559e-08,0.9999999757092158
2008-03-20,3.726036854552105e-21,7.629417619094714e-08,0.9999999237043113
2008-03-24,1.4491207512292066e-20,7.282860798148725e-05,0.9999271713932555
2008-03-25,6.048376994929816e-17,0.0006287296047593316,0.9993712703963946
2008-03-26,1.3205757498202297e-15,0.0014394407795655006,0.9985605592216374
2008-03-27,6.276293786195308e-15,0.0027976225513951804,0.9972023774492191
2008-03-28,8.343305551279168e-15,0.0024955938558398017,0.9975044061430498
2008-03-31,3.32867408688052e-15,0.0015761977503526018,0.9984238022497071
2008-04-01,5.988170423292139e-22,3.712429672923328e-05,0.99996287570475
2008-04-02,4.4622938257435933e-13,0.6260090998723651,0.3739909001278095
2008-04-03,2.6713588519657133e-12,0.9725658453245969,0.027434154671812483
2008-04-04,1.009083771579148e-12,0.998261368789595,0.0017386312086566241
2008-04-07,4.1670516694114535e-14,0.9998687723018639,0.00013122769735342016
2008-04-08,5.959356803926974e-14,0.9999828227793942,1.717722190907587e-05
2008-04-09,6.6086523201079984e-15,0.9999644346529742,3.556534594479328e-05
2008-04-10,7.087712601461528e-14,0.999987793662432,1.2206336871724007e-05
2008-04-11,1.2157748351995383e-14,0.9998835458465062,0.00011645415470395727
2008-04-14,4.281310156463209e-15,0.9999439901373134,5.6009862239288925e-05
2008-04-15,6.803538890972417e-15,0.999842606241525,0.00015739376004360878
2008-04-16,4.68335284133978e-17,0.999003868220302,0.000996131778385024
2008-04-17,2.8742357438064093e-12,0.9999723553848023,2.7644613679219707e-05
2008-04-18,3.8333533134549447e-13,0.9999665726666567,3.342733352209169e-05
2008-04-21,9.419103365480585e-13,0.9999966341476721,3.365850579265563e-06
2008-04-22,6.928724719767741e-13,0.9999970676260339,2.9323721706889636e-06
2008-04-23,1.8456989445118585e-12,0.9999964815495384,3.518447023298822e-06
2008-04-24,7.934283860842478e-13,0.9999880154200238,1.1984579802304429e-05
2008-04-25,4.542743807174673e-13,0.9999964015361172,3.5984630089883947e-06
2008-04-28,2.7676514881250257e-12,0.9999979237930982,2.0762037085041727e-06
2008-04-29,2.2861736041524776e-12,0.9999816685783506,1.8331418167847718e-05
2008-04-30,5.551281657460623e-12,0.9998436308884677,0.00015636910600614305
2008-05-01,2.9048492734746572e-12,0.9951539705726191,0.0048460294235994055
2008-05-02,4.581785079768041e-10,0.9997987600315692,0.00020123951053043073
2008-05-05,6.55423418241877e-11,0.999973464814592,2.6535118226421785e-05
2008-05-06,3.036941451210973e-11,0.9999946488712722,5.351099593527712e-06
2008-05-07,4.511937316584335e-11,0.9999685710491109,3.14289046411922e-05
2008-05-08,2.7019629046661614e-11,0.999991611834668,8.388139272724128e-06
2008-05-09,4.7711425250477325e-11,0.9999969136126645,3.0863378865575997e-06
2008-05-12,7.714213910009787e-11,0.999994329134715,5.67078911145776e-06
2008-05-13,2.2564222504681865e-10,0.999993229529719,6.770245894178788e-06
2008-05-14,3.554206358558876e-10,0.999997842480806,2.157162559415819e-06
2008-05-15,3.764935176472722e-10,0.9999743745293121,2.562509480293025e-05
2008-05-16,3.405806883658268e-10,0.9999885896537094,1.141000440914421e-05
2008-05-19,6.296173123596837e-10,0.9999981847266204,1.814643964969721e-06
2008-05-20,3.9009828997920484e-10,0.9999908615881492,9.138021741915539e-06
2008-05-21,2.1851703127793631e-10,0.9999471515470755,5.2848236089504906e-05
2008-05-22,2.1524751081255875e-10,0.9999936235202339,6.376263672077772e-06
2008-05-23,5.960247915663764e-11,0.9999882997574421,1.1700182958472057e-05
2008-05-27,9.163054423267433e-12,0.9999803840214931,1.9615968346345645e-05
2008-05-28,2.363934634610878e-11,0.9999948046159617,5.195362210936288e-06
2008-05-29,7.493002145006226e-11,0.9999683238526129,3.1676070811814826e-05
2008-05-30,2.3234236991577384e-10,0.999995407313323,4.592454338403197e-06
2008-06-02,7.203747346865006e-11,0.9999646600432363,3.533988348489041e-05
2008-06-03,3.317681869976957e-10,0.9994695594232135,0.0005304402459329488
2008-06-04,1.4583132378149944e-09,0.9902577072204957,0.00974229132045714
2008-06-05,1.664550936484763e-09,0.8242411604142978,0.175758837922523
2008-06-06,1.636004535236003e-15,0.3500999458800884,0.6499000541189025
2008-06-09,1.2895980027400208e-10,0.5562342728639165,0.4437657270079605
2008-06-10,5.2795629359854694e-11,0.598745443671859,0.4012545562758694
2008-06-11,3.23940229272438e-12,0.6549717311238886,0.3450282688746636
2008-06-12,1.5136851010788025e-11,0.880871788537508,0.11912821144814012
2008-06-13,4.2638329603444205e-11,0.9809300017849844,0.019069998173441263
2008-06-16,6.353019512152466e-11,0.9987557117855393,0.0012442881505330115
2008-06-17,1.577575977474169e-11,0.9999252427810837,7.475720414494207e-05
2008-06-18,6.151356542533893e-13,0.9999532105863091,4.678941453161645e-05
2008-06-19,2.442286856329786e-12,0.9999223239912296,7.767600498140089e-05
2008-06-20,1.213158968484998e-12,0.9990676706383,0.000932329361657756
2008-06-23,3.724497623159517e-12,0.9976581152456765,0.0023418847512606555
2008-06-24,4.015684174863095e-11,0.9935226496139252,0.006477350344727151
2008-06-25,2.92376122663932e-09,0.9445267734696239,0.05547322360597177
2008-06-26,2.0837787776425613e-15,0.05124052991915187,0.9487594700797742
2008-06-27,9.76870795934145e-11,0.07385912747058439,0.9261408724313965
2008-06-30,2.255892064847279e-11,0.0770362055795262,0.922963794396713
2008-07-01,9.610592136269101e-12,0.06989568458812316,0.9301043154039904
2008-07-02,1.284700964434825e-13,0.0412826120376998,0.958717387960846
2008-07-03,3.799434032521288e-12,0.03382203096726637,0.966177969030071
2008-07-07,7.52462237395082e-13,0.01813551062466469,0.9818644893748384
2008-07-08,5.178399466744416e-13,0.0028620495162422037,0.997137950482902
2008-07-09,4.078593203955769e-13,0.0007016825068028543,0.9992983174920911
2008-07-10,7.87537276911138e-15,0.00027420706892521254,0.9997257929311962
2008-07-11,2.8074531884310916e-17,3.4123907656733404e-06,0.999996587610805
2008-07-14,7.459014794332105e-17,3.4717968958891435e-05,0.9999652820321503
2008-07-15,1.0096138087246518e-16,0.00012113206527059307,0.999878867936064
2008-07-16,1.1218762313843814e-18,0.0018395577195747007,0.9981604422821448
2008-07-17,1.489004532020147e-13,0.3697701222190514,0.6302298777816933
2008-07-18,3.3520083637858517e-12,0.7597656919105282,0.24023430808786528
2008-07-21,3.2948376110828424e-11,0.8785876684015572,0.12141233156582776
2008-07-22,4.1760859778471576e-11,0.8944182511678005,0.10558174879211644
2008-07-23,1.0111748751299175e-10,0.9042309132669964,0.09576908663353775
2008-07-24,1.5808246807692108e-12,0.9093872460214075,0.09061275397574851
2008-07-25,1.3780436280851891e-11,0.9236631515441706,0.07633684844315018
2008-07-28,1.3277557509075152e-12,0.9233086179076508,0.07669138208970948
2008-07-29,7.5089218447201e-14,0.9197422586379256,0.08025774136148775
2008-07-30,6.0219816631206604e-12,0.9315068448455938,0.06849315514887802
2008-07-31,1.787389027612879e-11,0.9559106937024875,0.04408930627830059
2008-08-01,8.448995745143654e-11,0.9618712142241502,0.03812878569034231
2008-08-04,1.2224251679320358e-11,0.9542412239412665,0.04575877604606351
2008-08-05,4.982136507135684e-15,0.9340531034320291,0.06594689656909576
2008-08-06,7.619388731242493e-10,0.9822084933323699,0.01779150590486935
2008-08-07,5.09180933962914e-11,0.9826999114741228,0.01730008847528116
2008-08-08,1.5992872019313197e-12,0.976398216907985,0.023601783091510307
2008-08-11,4.614719252921771e-12,0.9779762433929954,0.02202375660256928
2008-08-12,1.0929503972712491e-10,0.9979353355986851,0.002064664291889747
2008-08-13,5.243319575818668e-12,0.999419864794326,0.0005801352021840226
2008-08-14,4.409347090793266e-12,0.9994142652456217,0.0005857347488440775
2008-08-15,2.5459087053542517e-11,0.999778771236569,0.00022122873656734292
2008-08-18,4.676156296552299e-12,0.9998681828158352,0.000131817178404978
2008-08-19,1.6255084103077301e-12,0.9998455027450237,0.0001544972518190919
2008-08-20,5.570484140321702e-12,0.9999848191789138,1.5180814319480557e-05
2008-08-21,1.6545313213348396e-12,0.9999577804810184,4.22195179417453e-05
2008-08-22,9.971887813060624e-12,0.9999433906830947,5.6609307466588823e-05
2008-08-25,2.2992645361414886e-12,0.9999256086326033,7.439136537826292e-05
2008-08-26,3.729321291395166e-12,0.9999927087567143,7.291241299438966e-06
2008-08-27,5.737289041314207e-12,0.9999819061813329,1.8093812339584916e-05
2008-08-28,1.2900414564145616e-11,0.9998102879658973,0.00018971202130634683
2008-08-29,6.800799589919915e-10,0.9977434459133495,0.00225655340500631
2008-09-02,3.0812918143399303e-12,0.9769856354822288,0.023014364516379567
2008-09-03,4.810056633304957e-10,0.955863561323679,0.04413643819558012
2008-09-04,7.797311958232958e-14,0.25506438254709723,0.7449356174537995
2008-09-05,1.851487496590089e-11,0.24011769759817828,0.7598823023828097
2008-09-08,9.804149669653584e-14,0.038153227725551915,0.9618467722730347
2008-09-09,6.851333787276467e-17,0.00011598696522139144,0.9998840130360109
2008-09-10,5.813373803796078e-14,8.288610504646131e-05,0.9999171138961989
2008-09-11,8.806409458568557e-15,5.429717158405715e-05,0.9999457028287355
2008-09-12,1.372490466099749e-18,7.1592408704291275e-06,0.9999928407598215
2008-09-15,4.773872912728327e-34,2.777163836678534e-13,1.0
2008-09-16,4.1027200750872895e-24,1.4972202373743467e-07,0.9999998502789934
2008-09-17,1.8666467483602206e-62,1.449850441783887e-31,1.0
2008-09-18,7.789779643572344e-36,1.8721135142434396e-12,0.999999999996362
2008-09-19,2.527369352982194e-46,7.030008493196249e-14,1.0
2008-09-22,7.77365477714845e-31,7.647645942133265e-11,0.9999999999236024
2008-09-23,4.823704872506149e-30,5.301278893482983e-10,0.9999999994688551
2008-09-24,1.7918080940098965e-30,4.067500591143765e-09,0.9999999959327397
2008-09-25,1.4472776964184428e-28,2.4248588913220928e-08,0.9999999757528716
2008-09-26,3.73368647818949e-29,4.346444210452936e-08,0.9999999565370682
2008-09-29,3.538195379505839e-82,7.338974652243702e-35,1.0
2008-09-30,1.4896643692118738e-59,4.858889489574877e-22,1.0
2008-10-01,7.169388078896647e-46,1.5703640061422953e-10,0.9999999998435669
2008-10-02,3.230521638872531e-60,5.950064628329082e-19,1.0
2008-10-03,4.4112296570249815e-58,5.474526777765508e-14,1.0
2008-10-06,8.472876142594182e-86,3.548771889537705e-26,1.0
2008-10-07,2.991203231161727e-92,2.9284642097358143e-29,1.0
2008-10-08,1.0571124307379404e-103,5.434369256189192e-29,1.0
2008-10-09,3.400910230434928e-134,4.511939671172292e-49,1.0
2008-10-10,6.80552996593948e-156,1.942847918164879e-50,1.0
2008-10-13,3.153176658454237e-225,1.668694325145051e-99,1.0
2008-10-14,2.3128183510775254e-91,1.289227677006834e-23,1.0
2008-10-15,3.2737115015132123e-175,1.0549427373051211e-69,1.0
2008-10-16,7.182814291856966e-171,5.144005095269382e-54,1.0
2008-10-17,1.00534922913982e-157,9.253494981574524e-44,1.0
2008-10-20,8.7192707205068e-119,2.148994343343187e-38,1.0
2008-10-21,1.5496025209087677e-82,9.055740367557684e-24,1.0
2008-10-22,2.5151916004784095e-155,3.0000399721207463e-50,1.0
2008-10-23,6.896723064036764e-152,9.152806160936142e-42,1.0
2008-10-24,7.611736601895819e-205,4.112858419933103e-63,1.0
2008-10-27,8.956344783678891e-205,1.3447915759542375e-58,1.0
2008-10-28,1.2036238737882465e-248,7.701235377583473e-89,1.0
2008-10-29,4.068455166813792e-157,1.0947602726630767e-41,1.0
2008-10-30,2.434627052745863e-142,2.8114753390201203e-40,1.0
2008-10-31,1.3763415093164547e-114,2.2621041435037383e-30,1.0
2008-11-03,7.807232929491905e-89,2.605627881137044e-22,1.0
2008-11-04,4.23890122509764e-89,3.868691963132925e-26,1.0
2008-11-05,1.7693232784998736e-89,2.4382129301191416e-27,1.0
2008-11-06,1.30440595670137e-126,8.126992260748773e-42,1.0
2008-11-07,1.0689035268982383e-112,2.9155744760924706e-30,1.0
2008-11-10,2.2242644541882224e-111,1.77884623855518e-28,1.0
2008-11-11,1.92205782170463e-113,3.478969117319775e-32,1.0
2008-11-12,1.2501856985981651e-135,5.890067519448283e-41,1.0
2008-11-13,2.18467117211857e-157,1.3454623503928844e-44,1.0
2008-11-14,1.1668668280983086e-139,1.1726896967602477e-40,1.0
2008-11-17,3.608238654277248e-150,1.8853129487593283e-40,1.0
2008-11-18,3.418918871299827e-155,7.415575571701358e-43,1.0
2008-11-19,4.362188375540804e-179,5.261251025394488e-55,1.0
2008-11-20,2.647647954492409e-224,3.799261705266745e-68,1.0
2008-11-21,1.896923277394112e-224,5.352994459503502e-63,1.0
2008-11-24,5.171753092407671e-184,8.933274751594433e-55,1.0
2008-11-25,1.7558084232725858e-120,4.391069925463696e-33,1.0
2008-11-26,3.6257919973111565e-110,9.699793154587963e-32,1.0
2008-11-28,2.7191330463339562e-98,8.367151018395745e-26,1.0
2008-12-01,1.0978679733772424e-162,3.7097365459373147e-62,1.0
2008-12-02,1.2771191437632414e-138,3.016568420825137e-42,1.0
2008-12-03,3.460494193349098e-118,1.0853417660326521e-35,1.0
2008-12-04,5.795787760206404e-117,1.822115861640502e-34,1.0
2008-12-05,2.9152056128741775e-120,7.506039866570258e-36,1.0
2008-12-08,4.942900823360022e-118,6.970124224071801e-35,1.0
2008-12-09,6.422238582482565e-99,2.1406422271942195e-28,1.0
2008-12-10,4.047664533867757e-98,2.389142882242789e-27,1.0
2008-12-11,4.021400155602972e-87,1.0968808623833878e-25,1.0
2008-12-12,6.230154290871227e-88,6.407573877346128e-25,1.0
2008-12-15,1.1813647238831513e-92,4.243157451692759e-26,1.0
2008-12-16,1.211549879462509e-100,8.279030352005593e-36,1.0
2008-12-17,5.452935344606408e-69,1.3021054692498127e-19,1.0
2008-12-18,1.6666031344928949e-59,9.222622212391008e-18,1.0
2008-12-19,1.1741673017160284e-52,3.58497934584665e-15,1.0
2008-12-22,2.854557598306711e-52,4.1491744322938824e-15,1.0
2008-12-23,3.578106750304138e-52,4.7553312325738635e-15,1.0
2008-12-24,6.347353541499873e-54,1.0302255640236253e-14,1.0
2008-12-26,5.2757724427613835e-53,1.6029943070788225e-14,1.0
2008-12-29,4.524602656622949e-51,5.258312750188159e-14,1.0
2008-12-30,1.0618757578098292e-51,1.9572048621372368e-16,1.0
2008-12-31,5.08748975260299e-47,7.407478757918615e-13,1.0
2009-01-02,3.2551933645202514e-52,1.2368016589707458e-14,1.0
2009-01-05,3.9155413226755305e-41,2.394390743675106e-12,0.999999999996362
2009-01-06,1.2220859076639874e-40,1.2530045481467686e-10,0.9999999998763087
2009-01-07,4.656624115653007e-49,4.904265583082963e-16,1.0
2009-01-08,7.112420416169761e-51,2.192919431533117e-13,1.0
2009-01-09,8.34687186005602e-47,9.514484155881527e-14,1.0
2009-01-12,2.747977862968865e-56,6.160592816050931e-18,1.0
2009-01-13,1.50019356383991e-50,1.6664582619677638e-13,1.0
2009-01-14,1.0954078897595299e-65,9.56353085161098e-20,1.0
2009-01-15,2.671567323867624e-74,4.567240092465802e-20,1.0
2009-01-16,4.024371771215063e-65,2.2075887966271763e-17,1.0
2009-01-20,5.884082515591245e-97,5.2738785398312785e-34,1.0
2009-01-21,4.234087695645688e-82,6.158988668306692e-24,1.0
2009-01-22,9.077722731992934e-62,2.064173152130212e-18,1.0
2009-01-23,4.091873655026085e-70,3.3490996106627474e-19,1.0
2009-01-26,1.4014435180158161e-59,6.929784425305204e-16,1.0
2009-01-27,1.4257843919245762e-50,1.956081016043e-15,1.0
2009-01-28,6.1749445643037766e-55,5.20747688928759e-16,1.0
2009-01-29,1.0764374228926538e-52,6.341908071080217e-20,1.0
2009-01-30,1.3281653566232998e-54,5.889808074959321e-16,1.0
2009-02-02,6.181531683165262e-57,3.3880612060548974e-17,1.0
2009-02-03,9.679931464362936e-56,3.792355974517424e-15,1.0
2009-02-04,1.3318499057051212e-51,8.08332551426492e-14,1.0
2009-02-05,4.630903339055436e-56,2.99814874151512e-15,1.0
2009-02-06,6.813476971199691e-60,7.509730777556168e-18,1.0
2009-02-09,4.508996037372479e-51,2.8175674733742382e-14,1.0
2009-02-10,4.523978428956591e-64,6.719823691606086e-21,1.0
2009-02-11,9.400368885027257e-57,1.990209434040437e-15,1.0
2009-02-12,3.3566371325475527e-46,3.178152544358778e-12,0.999999999996362
2009-02-13,4.356371605104969e-50,2.2841412132234614e-15,1.0
2009-02-17,2.609857426355899e-71,3.838097448988786e-22,1.0
2009-02-18,6.010493469370495e-67,5.00444956675565e-18,1.0
2009-02-19,4.6994724768811595e-60,1.3763857090061018e-17,1.0
2009-02-20,3.2864500113178067e-68,1.8281382672841517e-18,1.0
2009-02-23,5.5628229339159466e-77,1.490078218092245e-23,1.0
2009-02-24,9.85830953215837e-72,1.0907956938901856e-24,1.0
2009-02-25,8.073231819953567e-53,3.1337523853949784e-15,1.0
2009-02-26,1.4824840546620284e-52,2.335199063542939e-15,1.0
2009-02-27,1.2056905956986356e-56,5.59892111371059e-17,1.0
2009-03-02,7.655561779797301e-79,1.398907212304636e-25,1.0
2009-03-03,8.819537264831442e-72,3.499144424881417e-20,1.0
2009-03-04,1.814684084937788e-70,1.3279870436455226e-20,1.0
2009-03-05,2.4589828919139474e-75,3.5517497522488304e-23,1.0
2009-03-06,2.893324119621167e-69,1.0743619704541752e-18,1.0
2009-03-09,7.000740594766521e-67,2.0553242479580926e-19,1.0
2009-03-10,3.3302543597635148e-84,7.4423332883827e-30,1.0
2009-03-11,3.2887120450881923e-53,1.9050598222276187e-14,1.0
2009-03-12,2.3234741789041837e-60,2.245626060258942e-19,1.0
2009-03-13,7.61805529153333e-50,2.868138847446467e-13,1.0
2009-03-16,8.699717996390069e-52,2.1740987535012654e-14,1.0
2009-03-17,8.648333320400573e-54,2.518380581733472e-16,1.0
2009-03-18,2.2068170345269647e-52,1.774725061996334e-18,1.0
2009-03-19,1.2770993022002772e-50,7.764230549037603e-14,1.0
2009-03-20,3.671726032433721e-55,1.6860568105342334e-16,1.0
2009-03-23,1.0399185674791928e-88,1.0998543760037734e-34,1.0
2009-03-24,3.4296236736838665e-47,1.281153259621385e-13,1.0
2009-03-25,5.914600235435153e-52,1.1333245350246865e-13,1.0
2009-03-26,4.6518091500910464e-48,1.520678413216029e-14,1.0
2009-03-27,2.3426047748919615e-42,3.05867507670668e-12,0.999999999996362
2009-03-30,4.047276250908199e-55,1.1358377128580856e-17,1.0
2009-03-31,7.554404444211084e-55,4.630799306006147e-15,1.0
2009-04-01,9.62616234999108e-56,6.53820341655666e-15,1.0
2009-04-02,6.575176713865699e-60,2.4032218175362258e-17,1.0
2009-04-03,6.318887217602954e-47,5.870218124514219e-12,0.999999999992724
2009-04-06,3.864491621945514e-45,2.651878770084252e-12,0.999999999996362
2009-04-07,7.859608963999092e-45,2.71421028448218e-12,0.999999999996362
2009-04-08,2.038817135687077e-43,3.787702448945158e-11,0.9999999999636202
2009-04-09,1.1090017263458064e-50,9.016970951608145e-15,1.0
2009-04-13,8.674424322538345e-40,1.598507092000631e-09,0.9999999984029273
2009-04-14,1.1326538394999154e-36,1.7185869891686713e-09,0.999999998282874
2009-04-15,3.0582696166593913e-37,5.5037412048916635e-09,0.9999999944957381
2009-04-16,1.1444873411950373e-37,6.067496180498178e-10,0.9999999993924575
2009-04-17,9.463286055878453e-32,1.3056071288530112e-07,0.9999998694402251
2009-04-20,7.731310187082898e-46,8.63599355911723e-15,1.0
2009-04-21,8.259257970387933e-43,1.0792127557481844e-10,0.9999999998908606
2009-04-22,4.7166095493912396e-39,1.5399573284319094e-09,0.999999998461135
2009-04-23,2.846353265833308e-40,1.3074300472895365e-09,0.9999999986939656
2009-04-24,2.63461574126371e-41,7.094097887531902e-10,0.9999999992905941
2009-04-27,2.3091383945209923e-38,1.4261426824525065e-09,0.9999999985739123
2009-04-28,3.915705303366481e-39,3.39683514825652e-10,0.999999999661668
2009-04-29,3.152425844948517e-41,3.0411945919234054e-10,0.9999999996944098
2009-04-30,1.6869858454449783e-35,9.144805233308471e-09,0.9999999908541213
2009-05-01,5.904265769947047e-37,9.967510898893167e-08,0.9999999003266616
2009-05-04,5.711808105535293e-46,3.020039464642933e-12,0.999999999996362
2009-05-05,5.19090748770989e-31,2.2339033957936263e-06,0.9999977660979706
2009-05-06,1.0291475389559082e-34,2.1249071387754584e-07,0.9999997875093184
2009-05-07,7.479376374084424e-33,5.862713115058971e-09,0.9999999941355782
2009-05-08,4.558420266514508e-35,2.3636866854701777e-08,0.999999976364052
2009-05-11,5.9796815723506356e-30,1.2125120240913737e-06,0.9999987874878645
2009-05-12,1.2295176602889952e-28,1.204131003681325e-05,0.9999879586900637
2009-05-13,5.071606403390678e-32,1.0266790945152518e-07,0.9999998973326053
2009-05-14,4.2359654157991127e-29,5.121670791762887e-06,0.999994878328308
2009-05-15,1.6519015339148965e-30,2.701300702267665e-06,0.9999972986988829
2009-05-18,2.236784489649137e-34,7.079914085273637e-08,0.999999929201297
2009-05-19,2.0165748719687174e-23,0.0003092858723062818,0.9996907141278374
2009-05-20,1.362754065225542e-23,0.00025908537627387,0.9997409146243278
2009-05-21,6.980090770297934e-31,1.782224047819759e-08,0.9999999821775419
2009-05-22,1.1760772974380064e-30,2.3806992811342367e-06,0.9999976193022265
2009-05-26,4.666882128510256e-34,9.79349681928925e-08,0.9999999020656153
2009-05-27,1.2808310519712674e-29,4.006362531904267e-08,0.9999999599349402
2009-05-28,1.718076583768738e-31,2.2459316779184277e-07,0.9999997754057656
2009-05-29,1.1134775901478152e-28,3.909261462501999e-08,0.9999999609062805
2009-06-01,2.552858791009367e-36,2.4674797752336607e-07,0.9999997532504799
2009-06-02,4.6407427381590025e-26,0.00013333584813113425,0.9998666641501355
2009-06-03,1.183887840376909e-27,1.2758422477541299e-05,0.9999872415769355
2009-06-04,3.000941227327539e-32,5.1212335959135625e-06,0.9999948787648633
2009-06-05,2.974040594232213e-26,9.724415062438351e-05,0.9999027558506545
2009-06-08,1.5182026447609137e-25,0.0010321276280981294,0.9989678723716243
2009-06-09,3.0434225983012475e-24,0.0018274078791048472,0.998172592121562
2009-06-10,1.5088895107593712e-24,0.0014536229040234487,0.9985463770969881
2009-06-11,8.078875453133617e-24,0.0012126906988699207,0.9987873093008766
2009-06-12,9.115514287835795e-24,0.0005183265619311194,0.9994816734377195
2009-06-15,1.929154117961531e-27,1.3746864423246428e-05,0.9999862531366414
2009-06-16,2.005124528926692e-31,4.27323334116346e-06,0.9999957267664639
2009-06-17,1.1626260173536805e-29,2.5521612400364928e-05,0.999974478387313
2009-06-18,1.3906660574699604e-28,5.076078757372738e-05,0.9999492392131109
2009-06-19,1.0566635601984359e-23,0.00020127727436773093,0.9997987227243306
2009-06-22,4.0445186519198094e-29,2.2379861511886625e-06,0.9999977620125297
2009-06-23,8.068730800283219e-28,0.0006517255529254597,0.9993482744468524
2009-06-24,4.07396154047361e-27,0.00298227493268465,0.9970177250682577
2009-06-25,4.207223798913155e-25,0.006665704676026593,0.9933342953236902
2009-06-26,9.114524085081904e-20,0.6898154043443405,0.31018459565723516
2009-06-29,1.0647062645270458e-20,0.7203336813656148,0.27966631863279234
2009-06-30,4.3159102981773747e-20,0.7159080976605995,0.28409190233906934
2009-07-01,1.100755907814605e-21,0.652180953271261,0.3478190467280049
2009-07-02,1.0946859397270574e-22,0.04148317536813146,0.9585168246317749
2009-07-06,1.5984589740668321e-24,0.026798911906666115,0.9732010880951334
2009-07-07,3.330303642142977e-27,0.0024866323092592184,0.9975133676898905
2009-07-08,1.3565292297299124e-29,0.0009617032702781484,0.9990382967304237
2009-07-09,3.57947519402495e-27,0.006196577157121636,0.9938034228446944
2009-07-10,1.8823827136137826e-24,0.01823630490489801,0.9817636950933921
2009-07-13,2.1920078868106466e-26,0.02502776887213637,0.9749722311288805
2009-07-14,8.399043383852179e-21,0.09283051689245214,0.9071694831073174
2009-07-15,6.874237983745069e-31,0.10008011166036278,0.8999198883384069
2009-07-16,1.312071224328926e-19,0.9507908783831185,0.049209121616264354
2009-07-17,4.912179208520074e-22,0.995556671895211,0.004443328105907783
2009-07-20,2.201603989534388e-22,0.9994976216258471,0.0005023783729236074
2009-07-21,3.0086962716665372e-21,0.9998972599308735,0.00010274007049915626
2009-07-22,4.656697863568154e-21,0.9999931369401516,6.863059971985651e-06
2009-07-23,3.362534665603013e-25,0.9999154575648926,8.454243605560791e-05
2009-07-24,1.0128396852749496e-20,0.9999971620131217,2.8379854536828155e-06
2009-07-27,1.378448104809346e-22,0.9999948104985429,5.1895009893915165e-06
2009-07-28,5.58593426569542e-22,0.9999859397982453,1.4060201276107293e-05
2009-07-29,1.0154793851906415e-22,0.9999843196048209,1.5680393499677672e-05
2009-07-30,9.994594438482659e-24,0.9998853840466775,0.00011461595163211476
2009-07-31,3.376331392111454e-24,0.9998811777936331,0.00011882220621179008
2009-08-03,1.166422266624855e-26,0.9998880752676861,0.00011192473251912127
2009-08-04,3.1232272987967823e-23,0.9999884005173673,1.1599481808045258e-05
2009-08-05,1.440158020048672e-22,0.9999837764414219,1.622355943065555e-05
2009-08-06,8.156889507337516e-23,0.9999928929389793,7.10706183140745e-06
2009-08-07,5.8756131511676316e-24,0.9999760219544308,2.3978045263029286e-05
2009-08-10,3.2238539090722146e-22,0.9999889014395361,1.1098558804585035e-05
2009-08-11,4.798447416955604e-23,0.9999837892578133,1.6210741191328503e-05
2009-08-12,5.657136391469845e-25,0.9999784824890797,2.1517511576198562e-05
2009-08-13,7.750467018273271e-23,0.9999697821313047,3.0217868656138206e-05
2009-08-14,1.985056014174645e-20,0.9999558225217354,4.4177479931458684e-05
2009-08-17,3.1393159276497107e-25,0.9985878249657275,0.00141217503377929
2009-08-18,9.336808134853746e-25,0.9997677606659008,0.0002322393345116623
2009-08-19,1.0527095300953067e-24,0.9998657747214756,0.00013422527697140905
2009-08-20,4.2435403451720254e-23,0.999847290886147,0.00015270911546425584
2009-08-21,8.702986610324314e-28,0.9995750924068425,0.0004249075915873801
2009-08-24,2.2170197610466064e-22,0.999840857316312,0.00015914268460283433
2009-08-25,1.3509589856653743e-22,0.9999910121481757,8.987852798078215e-06
2009-08-26,1.8121636632949397e-22,0.9999961326686592,3.8673308919677645e-06
2009-08-27,1.1894229739272333e-22,0.9999953911098399,4.608891514838228e-06
2009-08-28,7.929887208088973e-22,0.9999549501587867,4.504984177294237e-05
2009-08-31,3.1176871056905726e-21,0.9983037789185286,0.0016962210822062116
2009-09-01,4.876286030948181e-25,0.9771175727786917,0.022882427220158652
2009-09-02,2.4930069012663822e-26,0.9811527006338093,0.01884729936474229
2009-09-03,8.1371848769623735e-25,0.9931646402480654,0.0068353597529879975
2009-09-04,4.7092880278626546e-24,0.9980602262161716,0.0019397737830771197
2009-09-08,3.6042989335422056e-23,0.999786759171783,0.00021324082666529545
2009-09-09,1.2314521487018393e-21,0.9999800834830905,1.9916517722337217e-05
2009-09-10,6.723588774861729e-21,0.9999420817259685,5.791827407791999e-05
2009-09-11,3.669386354289649e-21,0.9999954348745242,4.5651256655996705e-06
2009-09-14,3.2423123892449365e-21,0.999995231417871,4.768583301332869e-06
2009-09-15,4.6857688579924866e-21,0.9999969401552764,3.059844862696657e-06
2009-09-16,2.577037559866608e-22,0.9999796278645271,2.0372134381331963e-05
2009-09-17,3.443335659658925e-20,0.9999954708394192,4.529161334047389e-06
2009-09-18,9.088881020855646e-21,0.999996204754933,3.795246038510305e-06
2009-09-21,1.5701366829607232e-20,0.9999975888451409,2.411154695581856e-06
2009-09-22,9.722336936818564e-21,0.9999971759283512,2.8240728628410447e-06
2009-09-23,1.736168210192823e-19,0.9999969472565893,3.0527421828859735e-06
2009-09-24,9.096484161731793e-21,0.9999858095167886,1.4190484184272396e-05
2009-09-25,6.242768348715445e-22,0.9999599175055344,4.0082495260448395e-05
2009-09-28,3.309371320923367e-23,0.9996401319996947,0.0003598680007993867
2009-09-29,1.831345032646773e-21,0.9999248222513482,7.517774860499138e-05
2009-09-30,1.0563182468744444e-21,0.9994517091705218,0.0005482908283966916
2009-10-01,1.1959392400249665e-24,0.9938220150609234,0.006177984938881636
2009-10-02,2.1442018589057057e-25,0.9948310926639569,0.005168907336310307
2009-10-05,7.9322406072447e-26,0.9957037817022215,0.004296218296927228
2009-10-06,9.867861827012988e-26,0.9974182280804368,0.002581771921095831
2009-10-07,7.06844221527332e-21,0.9998397264566132,0.00016027354166149848
2009-10-08,1.0638278462469932e-22,0.9999799356276736,2.0064373935649616e-05
2009-10-09,2.0891767550926043e-21,0.9999818808068902,1.8119193650463656e-05
2009-10-12,2.996180561705799e-20,0.999998092027455,1.9079741566779343e-06
2009-10-13,1.0652168247592739e-19,0.9999984609760778,1.53902536880919e-06
2009-10-14,1.3055904002089396e-22,0.999984392265035,1.5607734311973008e-05
2009-10-15,1.2302612410248687e-18,0.9999983650063492,1.6349936868130038e-06
2009-10-16,6.9145073889303704e-18,0.9999991475637212,8.524366044507192e-07
2009-10-19,5.190693387619751e-19,0.9999977577852077,2.242214551652722e-06
2009-10-20,2.6893029552611948e-17,0.9999992847263286,7.15271923089925e-07
2009-10-21,2.3053257093471188e-18,0.9999970721880459,2.927812550933818e-06
2009-10-22,1.6255780448387042e-18,0.9999965810551896,3.418943876179997e-06
2009-10-23,7.701344607955048e-17,0.9997059069883921,0.00029409301235264933
2009-10-26,3.703569098841174e-18,0.9924276537452914,0.007572346253224411
2009-10-27,2.0676626814794977e-18,0.9702682650099674,0.029731734991844488
2009-10-28,3.267715637318332e-21,0.4658713043767453,0.5341286956235541
2009-10-29,1.1211410763121588e-23,0.22953467405650954,0.7704653259439983
2009-10-30,1.059819987333597e-27,0.11250917109833575,0.8874908289029054
2009-11-02,1.635235837522452e-27,0.13704745414601768,0.8629525458533734
2009-11-03,1.9970237506393422e-26,0.22392229744213146,0.7760777025596748
2009-11-04,5.301702918192668e-23,0.6357433634982814,0.3642566365027031
2009-11-05,5.56468482001055e-22,0.793463474067497,0.20653652593243413
2009-11-06,1.2393531927742618e-18,0.9907008024149272,0.00929919758589258
2009-11-09,1.1248994621484299e-21,0.9946843306292565,0.005315669370468209
2009-11-10,1.2722765816047695e-18,0.9999491437937752,5.0856207702142204e-05
2009-11-11,1.9758426044627907e-20,0.9999965253251843,3.474675880757025e-06
2009-11-12,5.587382325164e-20,0.9999917421241565,8.25787729864061e-06
2009-11-13,6.587301396061699e-21,0.9999951154214766,4.884577654763118e-06
2009-11-16,4.3581577117112364e-21,0.9999548721785891,4.5127822399279885e-05
2009-11-17,3.314391484745045e-19,0.9999985418664153,1.4581329412845355e-06
2009-11-18,1.6421412610065365e-18,0.9999991059089002,8.940928381935499e-07
2009-11-19,1.4732896833465031e-18,0.999996688840863,3.3111591071052067e-06
2009-11-20,8.37675441225136e-19,0.9999989592657543,1.040733254916965e-06
2009-11-23,1.2898798562184227e-19,0.99999737136004,2.6286403020316494e-06
2009-11-24,1.8807333087164484e-17,0.9999994724240906,5.275765396149305e-07
2009-11-25,5.5660400105748746e-18,0.9999988905043908,1.109494054662337e-06
2009-11-27,2.1305992715797627e-20,0.9999755559333527,2.444406776892951e-05
2009-11-30,9.948484804403726e-22,0.9999955827031292,4.4172962074270185e-06
2009-12-01,3.8133018740149756e-23,0.9999963674956727,3.6325052202151644e-06
2009-12-02,4.090342592368932e-20,0.9999992598352957,7.401635082983379e-07
2009-12-03,3.492224219028427e-20,0.999993225800816,6.77419986770474e-06
2009-12-04,2.3810393213007916e-20,0.9998351589128359,0.00016484108802094374
2009-12-07,2.891386141135175e-20,0.9999984402505446,1.5597495168907268e-06
2009-12-08,3.0559022525217025e-21,0.9999927195250531,7.280474436292025e-06
2009-12-09,1.0686815365256706e-21,0.9999989868488813,1.013150262243906e-06
2009-12-10,6.405888029854941e-22,0.9999986468110426,1.3531890191665765e-06
2009-12-11,2.92304449483294e-20,0.9999987960516563,1.203949364731867e-06
2009-12-14,1.5038835593557537e-20,0.999999315310795,6.846876662101487e-07
2009-12-15,1.1045728287621402e-19,0.999999321939188,6.780600055453296e-07
2009-12-16,1.8331200766400112e-19,0.9999984261497609,1.5738496386510705e-06
2009-12-17,3.1808746647414e-21,0.9996981547034505,0.00030184529599405383
2009-12-18,2.7273202043497775e-21,0.9999962001492694,3.799852288946882e-06
2009-12-21,1.2639047342276404e-20,0.9999959908644417,4.0091363885701495e-06
2009-12-22,1.6875279855928134e-18,0.9999996589177171,3.4108346744543786e-07
2009-12-23,1.3443422674490451e-18,0.9999997481209311,2.518803537657932e-07
2009-12-24,1.341893523835144e-19,0.9999990588043939,9.411943630096131e-07
2009-12-28,7.7463594222915775e-19,0.9999997216801081,2.7832029749301287e-07
2009-12-29,2.1827928919536858e-18,0.9999995543695233,4.456320795008742e-07
2009-12-30,1.9215482490847924e-18,0.9999996540973969,3.459010615120108e-07
2009-12-31,1.4384454941866355e-19,0.9999982851601241,1.7148413736602521e-06
2010-01-04,6.5112460272154305e-22,0.9999935597250463,6.440276341393389e-06
2010-01-05,1.2663588618516721e-18,0.9999997068298828,2.931707991726059e-07
2010-01-06,1.9009953023350967e-19,0.9999985837940609,1.416207635195792e-06
2010-01-07,1.8225353461243636e-18,0.9999997224440834,2.7755519986304643e-07
2010-01-08,7.302450205246255e-18,0.9999998318017019,1.68198602268495e-07
2010-01-11,1.2823339505698428e-17,0.9999997158375158,2.8416191873823304e-07
2010-01-12,9.67661008370788e-18,0.9999976191057761,2.3808950429611714e-06
2010-01-13,7.366319724113146e-19,0.9999995883918865,4.116063876043234e-07
2010-01-14,3.07859721178757e-17,0.9999996291772509,3.7082226306704497e-07
2010-01-15,8.753808705636022e-17,0.999999538969966,4.6102886363697073e-07
2010-01-19,1.9600774285323226e-18,0.999999586561984,4.1343734603906355e-07
2010-01-20,1.2180563025850298e-17,0.9999972483784972,2.7516233021863033e-06
2010-01-21,6.787577279590058e-20,0.9999407692673897,5.92307328153753e-05
2010-01-22,1.9726523772603397e-25,0.9993850630253674,0.0006149369755689496
2010-01-25,1.8558810790346178e-25,0.9999739148461956,2.6085155407143902e-05
2010-01-26,1.6055486648317903e-23,0.9999975826569539,2.417342331125892e-06
2010-01-27,1.5400585865836892e-22,0.9999981572089991,1.8427923793260782e-06
2010-01-28,5.14308081994684e-22,0.9999967037892685,3.296210775270603e-06
2010-01-29,3.458432042782112e-23,0.9999958142303804,4.18576981220685e-06
2010-02-01,1.8814197428979552e-25,0.9999847863393782,1.5213662252548949e-05
2010-02-02,1.5561038081761786e-21,0.9999795808482479,2.041915199980863e-05
2010-02-03,3.7757345568654266e-18,0.9987787163804952,0.0012212836201710444
2010-02-04,6.150058839073796e-26,0.8934559592290798,0.10654404077083092
2010-02-05,5.112866605905726e-24,0.9953602687835946,0.004639731218184211
2010-02-08,1.0869568722427209e-24,0.9996304189969287,0.00036958100324053567
2010-02-09,1.3685283002191485e-28,0.9998991601520757,0.00010083984694491585
2010-02-10,5.603280972876367e-25,0.9999892178420052,1.0782159355748692e-05
2010-02-11,8.362669417571515e-26,0.9999920003785349,7.999620902766187e-06
2010-02-12,6.553643289014948e-22,0.9999991417611499,8.582383274480734e-07
2010-02-16,3.1697307630405256e-24,0.9999849683519814,1.503164697601944e-05
2010-02-17,8.723589162930455e-22,0.9999989864778078,1.0135216804641698e-06
2010-02-18,8.242640851334498e-21,0.9999995650106066,4.349883946179737e-07
2010-02-19,2.441507549821203e-19,0.999999660558445,3.394413368548444e-07
2010-02-22,2.9743229598677772e-19,0.9999997201448815,2.7985334965519283e-07
2010-02-23,2.485264782792758e-20,0.9999981160817253,1.8839185397885797e-06
2010-02-24,3.240239274453869e-20,0.9999992163251024,7.836735390579648e-07
2010-02-25,1.7541897051523888e-19,0.9999996992592511,3.007408098304157e-07
2010-02-26,4.243576850958695e-19,0.9999997283958151,2.7160310632761653e-07
2010-03-01,3.2113559153397505e-19,0.9999995049039487,4.950962296050451e-07
2010-03-02,8.758338350013342e-19,0.9999996571969537,3.4280469328804414e-07
2010-03-03,3.8383626645835244e-18,0.9999997946179275,2.0538040439238313e-07
2010-03-04,7.536484427719136e-18,0.9999997040213641,2.9597692532411694e-07
2010-03-05,6.737561022592825e-19,0.9999993856110518,6.14390748470408e-07
2010-03-08,5.516844116425666e-17,0.9999997958293743,2.0417211087372688e-07
2010-03-09,3.173794724644092e-17,0.9999998477942542,1.5220442731597282e-07
2010-03-10,6.570272329104743e-18,0.9999996864863115,3.135129134393245e-07
2010-03-11,1.6326037307099036e-17,0.9999998087369205,1.912643816278303e-07
2010-03-12,9.025957322406918e-17,0.999999811156176,1.888426741844334e-07
2010-03-15,2.5698958858975972e-17,0.9999998406965587,1.5930315460547475e-07
2010-03-16,7.56792812694626e-18,0.9999993081257919,6.918738590215992e-07
2010-03-17,1.3411190555247334e-16,0.9999997408486132,2.591508819833293e-07
2010-03-18,2.7759202555420626e-16,0.999999840976683,1.5902169153408881e-07
2010-03-19,5.132398567740235e-16,0.9999995817161982,4.1828497100905075e-07
2010-03-22,1.3035411151198205e-16,0.9999998232815571,1.7671775742873997e-07
2010-03-23,9.339772953111889e-17,0.9999998299099533,1.7008839252596095e-07
2010-03-24,1.9350031152146045e-16,0.9999972383049617,2.761694042481338e-06
2010-03-25,1.3123713127062056e-17,0.9999997386148949,2.613842661115495e-07
2010-03-26,2.2156002440172654e-17,0.9999996980296147,3.019709267208128e-07
2010-03-29,1.5486020004232213e-17,0.999999819134262,1.8086511676169395e-07
2010-03-30,1.898603309133688e-16,0.9999998360799643,1.639215571115096e-07
2010-03-31,7.69652679523022e-17,0.9999998070670886,1.9293136933350044e-07
2010-04-01,7.399067865576638e-18,0.9999997529303378,2.470705250265162e-07
2010-04-05,2.8595625825370216e-18,0.9999994986429903,5.013580630970889e-07
2010-04-06,4.134682125003619e-16,0.9999998812818446,1.1871996089686029e-07
2010-04-07,2.557981139383159e-16,0.9999996931438107,3.0685800166062374e-07
2010-04-08,2.1326128345442105e-16,0.9999998748535369,1.2514761217641838e-07
2010-04-09,1.7338215151489942e-16,0.9999998191015201,1.8089728727057042e-07
2010-04-12,1.6523135461598158e-15,0.9999998552048159,1.4479434325444837e-07
2010-04-13,6.416743348564431e-16,0.9999998769089946,1.2309165922758964e-07
2010-04-14,7.9023236240921e-17,0.9999997640261705,2.359744406109844e-07
2010-04-15,7.595728426343532e-16,0.9999998784660494,1.2153554684955703e-07
2010-04-16,3.681642692426588e-17,0.999997072751931,2.927246343695406e-06
2010-04-19,4.1070269060981574e-17,0.9999998520434129,1.4795609086848711e-07
2010-04-20,3.3953749965854446e-16,0.9999997741288353,2.2587209107302847e-07
2010-04-21,4.920592490204896e-16,0.9999998434686981,1.5653085087300753e-07
2010-04-22,2.446916503447453e-16,0.9999998675084586,1.3248993535260692e-07
2010-04-23,3.4781613755680723e-17,0.9999997832674361,2.1673214210593565e-07
2010-04-26,1.5409303693300982e-16,0.9999997648883713,2.3511102216960884e-07
2010-04-27,8.2438274888808345e-22,0.9999365652950382,6.343470529997301e-05
2010-04-28,4.597268200916843e-21,0.9999989675421476,1.0324590595242354e-06
2010-04-29,1.383007646756423e-18,0.9999991522858136,8.477133375580452e-07
2010-04-30,1.175236538937193e-20,0.9999945140157666,5.485984137562015e-06
2010-05-03,1.5397404738823906e-19,0.9999494082977969,5.059170179850135e-05
2010-05-04,3.1858164533579456e-21,0.9937648406173651,0.006235159383610636
2010-05-05,1.7124939041245375e-20,0.9748065301524719,0.02519346984826179
2010-05-06,2.298587107500865e-38,1.6833634545665852e-05,0.9999831663660977
2010-05-07,2.051220784288313e-52,1.781944220139158e-11,0.9999999999818101
2010-05-10,1.4421444619929607e-43,4.03372867986188e-09,0.9999999959654815
2010-05-11,3.051163557370176e-27,0.005944028663903949,0.9940559713354539
2010-05-12,5.446161131540852e-24,0.013780811521007278,0.9862191884807566
2010-05-13,8.857548122938479e-22,0.013453455020793169,0.9865465449793114
2010-05-14,2.5399303405897423e-30,0.0013782263695241107,0.9986217736313908
2010-05-17,6.544062193801356e-30,0.0003913583475334957,0.9996086416534314
2010-05-18,1.1531524837233913e-34,9.244416345224906e-06,0.9999907555820592
2010-05-19,1.219101606771032e-38,7.190118716437768e-08,0.9999999280989894
2010-05-20,2.1594476897628976e-67,1.4548404747923714e-16,1.0
2010-05-21,4.957799556571114e-55,1.883220094985867e-11,0.9999999999818101
2010-05-24,2.2123713403299884e-46,2.600159664068148e-09,0.9999999973988452
2010-05-25,4.362385691787176e-38,1.0535979330133706e-06,0.9999989464018747
2010-05-26,1.2969969884668373e-38,5.57305465162791e-07,0.9999994426945439
2010-05-27,1.4710404991857694e-40,2.1631659997105985e-08,0.9999999783685782
2010-05-28,2.703552607710649e-31,1.32033096041564e-05,0.9999867966906444
2010-06-01,2.100319991623052e-36,9.578405898295916e-08,0.9999999042156605
2010-06-02,1.0242100573623033e-33,2.2831829649430888e-07,0.9999997716804762
2010-06-03,1.162785315783634e-25,4.255583789131324e-05,0.9999574441604961
2010-06-04,4.035882967516769e-40,5.022197140146791e-10,0.9999999994979589
2010-06-07,1.0849283645985142e-39,2.4407419056500707e-08,0.9999999755928005
2010-06-08,1.4682643588443042e-35,3.696710227762252e-07,0.9999996303304898
2010-06-09,1.665198076429929e-32,2.0587429860061996e-06,0.9999979412553603
2010-06-10,1.6814087431154165e-36,1.2262087845431874e-05,0.9999877379110887
2010-06-11,8.480094929038457e-25,0.12531395175049787,0.8746860482489924
2010-06-14,2.1589369379991305e-23,0.3418536062714384,0.6581463937284225
2010-06-15,1.2677485934628723e-24,0.4490431917620296,0.5509568082367902
2010-06-16,5.500504400776673e-20,0.9617991189403047,0.03820088106039302
2010-06-17,8.722298980218682e-21,0.9971012220135391,0.0028987779865557338
2010-06-18,8.97884007903994e-20,0.9988593977232932,0.0011406022765887078
2010-06-21,1.938659736068341e-19,0.9948088919547271,0.005191108046423473
2010-06-22,8.054282711573813e-22,0.9531922721933267,0.04680772780553858
2010-06-23,8.271569895647783e-21,0.869298792601332,0.1307012073971055
2010-06-24,1.3713793223481774e-24,0.17789703638767487,0.8221029636125133
2010-06-25,1.7005378378679404e-24,0.12635932772716105,0.8736406722737419
2010-06-28,6.766651536765651e-24,0.04978965868443594,0.9502103413139007
2010-06-29,1.7815408160576139e-34,3.368430676550931e-06,0.9999966315683538
2010-06-30,4.2327364781398395e-34,8.363831121840627e-07,0.999999163618108
2010-07-01,1.5479268561326535e-31,4.6620683122280865e-08,0.9999999533793027
2010-07-02,3.4959794726623553e-26,4.891698125622285e-05,0.9999510830198575
2010-07-06,6.306282698558291e-26,0.00017748323150352762,0.9998225167687641
2010-07-07,2.2766987098187532e-29,0.0027960264644301585,0.9972039735342475
2010-07-08,2.368076310577844e-20,0.848440945922817,0.15155905407817896
2010-07-09,1.7229823383071785e-20,0.989389016731738,0.010610983267535422
2010-07-12,2.0357766324133158e-19,0.999598759985767,0.0004012400157388762
2010-07-13,1.846461010199291e-23,0.99990186901989,9.813098037735441e-05
2010-07-14,3.698203443647255e-21,0.9999799065789962,2.009342026333556e-05
2010-07-15,6.883050562778624e-21,0.9998624336520227,0.00013756634956514697
2010-07-16,1.6692565906869933e-21,0.9976978841629834,0.002302115836909786
2010-07-19,1.5667261605560933e-22,0.9996769963191905,0.00032300368260551176
2010-07-20,1.9040985949322974e-21,0.9999586699078516,4.133009080512017e-05
2010-07-21,1.0642488358735489e-21,0.9999278053742277,7.219462505142684e-05
2010-07-22,2.8419414037716156e-25,0.9997561578686486,0.0002438421300023551
2010-07-23,6.78965080231174e-21,0.9999849003300784,1.5099669399192e-05
2010-07-26,4.6466305991101124e-20,0.9999953878756916,4.612125176098667e-06
2010-07-27,2.0800050603941253e-19,0.9999940780465111,5.9219540920364446e-06
2010-07-28,2.8445854665310263e-20,0.999996734482795,3.2655189334474654e-06
2010-07-29,2.6250951775995795e-20,0.9999968040407251,3.1959588009622786e-06
2010-07-30,4.1486600267177717e-20,0.9999934867367503,6.51326172370322e-06
2010-08-02,2.880667647918964e-22,0.9999572542406371,4.27457609994021e-05
2010-08-03,9.182220293341384e-19,0.9999983475149758,1.6524857973813763e-06
2010-08-04,9.069161271618839e-20,0.9999982418682515,1.758132147481508e-06
2010-08-05,1.8548317804630127e-18,0.9999990844339307,9.155658966933963e-07
2010-08-06,3.958754970148786e-18,0.999998912877936,1.0871219845430087e-06
2010-08-09,4.807711857840786e-19,0.9999986187840921,1.3812158508063081e-06
2010-08-10,3.813564295211973e-18,0.9999941578196411,5.8421803882343776e-06
2010-08-11,1.720805019043334e-21,0.9994597127308494,0.0005402872683264527
2010-08-12,5.442453868706432e-22,0.9999167671346733,8.323286481348153e-05
2010-08-13,1.3803052880046327e-22,0.9999570680532202,4.293194799937296e-05
2010-08-16,4.321464162303895e-23,0.9998638107113348,0.00013618928686056578
2010-08-17,2.5428834498168995e-22,0.9999768524745087,2.314752437003421e-05
2010-08-18,3.0085476636216458e-21,0.9999938853075538,6.11469242637019e-06
2010-08-19,9.594561491678827e-23,0.9999430556369945,5.694436179709823e-05
2010-08-20,1.1915062488612678e-21,0.9999901687671227,9.831231645525249e-06
2010-08-23,8.271269325071947e-22,0.9999873924456412,1.2607556175769722e-05
2010-08-24,5.266417149736527e-24,0.9998964809926215,0.00010351900881854265
2010-08-25,3.568105303764921e-24,0.9999276168023149,7.238319685716013e-05
2010-08-26,2.318407860348683e-23,0.9997907118299831,0.00020928816922767703
2010-08-27,4.879718291150592e-25,0.9991679615419273,0.0008320384577660423
2010-08-30,2.1410258374221515e-23,0.9990812559228102,0.0009187440780993925
2010-08-31,7.254185904573896e-22,0.9988503245432842,0.0011496754578166773
2010-09-01,6.281116727109183e-25,0.9950058951330205,0.004994104867717939
2010-09-02,8.710559954675163e-19,0.9997545654202289,0.0002454345806189251
2010-09-03,3.913535463963738e-18,0.9999864960411766,1.3503959185821469e-05
2010-09-07,6.0808570733639195e-19,0.9999863304680968,1.3669530920096087e-05
2010-09-08,3.3656373203873e-19,0.99999484968301,5.150317049508217e-06
2010-09-09,7.806117962343464e-19,0.9999869033547804,1.3096644623687345e-05
2010-09-10,1.193217907858746e-17,0.9999981301897806,1.8698098237502355e-06
2010-09-13,4.2972688729873503e-17,0.9999955433876666,4.456612598724835e-06
2010-09-14,3.9811264965180253e-17,0.9999967646233514,3.2353763538496232e-06
2010-09-15,4.911140993789636e-18,0.9999961682952485,3.831703324407895e-06
2010-09-16,3.440095270256429e-17,0.9999976911921572,2.308808387051309e-06
2010-09-17,4.8803794850164733e-17,0.999998496067968,1.503930674609812e-06
2010-09-20,8.995943253336539e-18,0.9999845424348296,1.545756482864039e-05
2010-09-21,1.7293836056058715e-17,0.9999967451092965,3.254891173910658e-06
2010-09-22,2.6008908596941665e-17,0.9999980179874544,1.982013376784535e-06
2010-09-23,2.5771585230210026e-18,0.9999947594834321,5.240517256637914e-06
2010-09-24,3.352180575380724e-20,0.9999700978365291,2.9902162251293885e-05
2010-09-27,1.5798972618795814e-17,0.9999949691863674,5.030814412231892e-06
2010-09-28,5.2351263371027385e-18,0.9999970905088538,2.9094927204076284e-06
2010-09-29,3.5022372344799995e-18,0.9999972043408859,2.795660385441007e-06
2010-09-30,1.8766970530462187e-18,0.9999968542192076,3.1457810588253804e-06
2010-10-01,3.246184584076131e-18,0.9999974730667512,2.52693287299286e-06
2010-10-04,7.574179375875515e-18,0.9999949973514581,5.002648963009424e-06
2010-10-05,3.94117860434446e-20,0.9999463257444061,5.367425736202191e-05
2010-10-06,1.3073923838645643e-16,0.9999973678785034,2.6321206632246355e-06
2010-10-07,1.9260984563286097e-16,0.9999978756736536,2.124327741679242e-06
2010-10-08,9.068470955128096e-17,0.9999987346026321,1.2653969288083232e-06
2010-10-11,1.14916078754178e-14,0.9999995675317248,4.3246844449989775e-07
2010-10-12,6.157870555364369e-15,0.9999993593666892,6.406348387905487e-07
2010-10-13,1.0947030500796003e-15,0.9999987774361413,1.2225631801681786e-06
2010-10-14,2.457197472292539e-15,0.9999964590960124,3.5409045235426244e-06
2010-10-15,6.963980415888971e-15,0.9999990573273758,9.42673196777098e-07
2010-10-18,7.470598043511177e-15,0.9999990143738015,9.85626429717498e-07
2010-10-19,1.4672306005152996e-15,0.9999714650945335,2.8534905502396014e-05
2010-10-20,4.906993206092705e-16,0.9999981793133178,1.8206882777556634e-06
2010-10-21,5.512146691734793e-15,0.9999986671764205,1.3328225497402036e-06
2010-10-22,1.8256462850349564e-14,0.999999502328261,4.976728638263138e-07
2010-10-25,1.5360519602224996e-15,0.9999992883679428,7.116304470873049e-07
2010-10-26,6.264781196217971e-16,0.9999977842623584,2.215737082546855e-06
2010-10-27,1.3404614706106354e-15,0.9999983506763742,1.6493226444907917e-06
2010-10-28,2.3202587096997134e-16,0.999998787142257,1.212857736419496e-06
2010-10-29,1.5899371316500855e-16,0.9999984953949429,1.504604750799977e-06
2010-11-01,9.540752197769795e-18,0.9999988641727298,1.1358259701060182e-06
2010-11-02,5.870404492406186e-18,0.999994829928887,5.170069486450968e-06
2010-11-03,1.0329488128881541e-16,0.9999951720827214,4.827916315128548e-06
2010-11-04,1.942610340183798e-17,0.9998841908179802,0.00011580918174028653
2010-11-05,9.71398842345435e-16,0.9999979880942422,2.011903982260614e-06
2010-11-08,6.827772899291596e-15,0.9999995886465449,4.113521394431237e-07
2010-11-09,6.768417324586655e-15,0.9999820509520905,1.7949049385831694e-05
2010-11-10,1.7174560355239255e-15,0.9999994951505324,5.048508920800264e-07
2010-11-11,6.5883981471872595e-15,0.9999996036859432,3.963151651058235e-07
2010-11-12,8.947043838286496e-16,0.999981184248676,1.8815751507244867e-05
2010-11-15,1.603566834451035e-16,0.9999926174986854,7.3825013783555105e-06
2010-11-16,4.767259896388353e-19,0.9999758671366911,2.4132862865135674e-05
2010-11-17,1.0064715393334123e-17,0.9999986874181078,1.3125814416484309e-06
2010-11-18,1.5371966520776397e-16,0.9999969580031459,3.0419963159494156e-06
2010-11-19,9.168392011103521e-15,0.9999996649676739,3.35032654998233e-07
2010-11-22,5.270025045861239e-15,0.9999996470469964,3.529535974337231e-07
2010-11-23,3.154726034067472e-16,0.9999972607912468,2.739208316713937e-06
2010-11-24,2.189446063969238e-18,0.999996747575838,3.252423335456439e-06
2010-11-26,7.477128222025592e-18,0.9999966328452802,3.3671540991867726e-06
2010-11-29,1.1498971799186497e-17,0.999998644366324,1.355634622732972e-06
2010-11-30,1.919236274245093e-19,0.9999955648552841,4.435145556155723e-06
2010-12-01,3.29078940063022e-24,0.9999758655760358,2.4134422445624373e-05
2010-12-02,4.927715212186921e-19,0.9999990008587236,9.991415629834843e-07
2010-12-03,8.371310394195508e-18,0.9999990923574413,9.076423106298268e-07
2010-12-06,9.87150443620152e-17,0.9999996469887887,3.5301302234121125e-07
2010-12-07,5.707508955595232e-17,0.9999970544602272,2.9455400964859388e-06
2010-12-08,9.152727683237973e-17,0.9999996417937569,3.582062382499429e-07
2010-12-09,2.642407381901736e-16,0.9999998149833289,1.8501630972004066e-07
2010-12-10,5.594362516295384e-17,0.9999998000894466,1.9991171216939276e-07
2010-12-13,2.3242657412848386e-16,0.9999998399471351,1.6005347212463389e-07
2010-12-14,8.160171827510648e-17,0.9999995343861148,4.6561342468130066e-07
2010-12-15,3.3957188333734047e-16,0.9999992144952005,7.855046457340214e-07
2010-12-16,2.335193242903772e-16,0.9999996367478821,3.63250459390009e-07
2010-12-17,2.205701880825702e-15,0.999999472980701,5.270176756494028e-07
2010-12-20,9.509326520656208e-16,0.9999998541025086,1.458963777292097e-07
2010-12-21,8.378595372683714e-16,0.9999997518171165,2.481830280976384e-07
2010-12-22,3.952181961144518e-15,0.999999853193014,1.4680669076267716e-07
2010-12-23,2.338374367284033e-15,0.9999998585408421,1.4146072544668646e-07
2010-12-27,2.179319826289562e-16,0.9999997908562582,2.0914208968592473e-07
2010-12-28,1.0982553160236923e-17,0.9999966505694534,3.349430064607396e-06
2010-12-29,3.4162614683471035e-16,0.9999995133076757,4.86693121898483e-07
2010-12-30,4.484696816379702e-16,0.9999998334278782,1.6657123804569225e-07
2010-12-31,1.2321887871174812e-16,0.9999996880942976,3.1190403645599157e-07
2011-01-03,2.0076690014320314e-17,0.9999996421502787,3.5784871725930553e-07
2011-01-04,4.891501011223798e-16,0.9999991672888257,8.327119300775916e-07
2011-01-05,3.0414301375133215e-17,0.9999988929200061,1.1070812270187145e-06
2011-01-06,5.572356465208049e-16,0.9999998353378168,1.646628751089668e-07
2011-01-07,8.120755130424123e-16,0.9999998461426122,1.5385652377002245e-07
2011-01-10,3.1377735169539577e-16,0.9999998375678975,1.6243144678604706e-07
2011-01-11,2.5632408833056043e-16,0.9999998229323112,1.7706633185824085e-07
2011-01-12,1.9013085497791215e-16,0.9999997767590934,2.232420177319727e-07
2011-01-13,2.510415694689583e-15,0.9999997441628111,2.5583582367640026e-07
2011-01-14,2.165818531148665e-15,0.9999997746963599,2.253019775700979e-07
2011-01-18,2.254451646363893e-15,0.9999998490748226,1.5092442170271534e-07
2011-01-19,9.07124990733954e-16,0.9999997058912846,2.9410890542604013e-07
2011-01-20,1.6939741542933025e-16,0.9999989528738322,1.0471268300044321e-06
2011-01-21,4.644208485961872e-17,0.9999997315972355,2.684033900708471e-07
2011-01-24,1.1076132352883283e-16,0.9999997760387738,2.2396281190454456e-07
2011-01-25,2.769172676691952e-16,0.9999997717277699,2.2827224492808977e-07
2011-01-26,1.0887837624861691e-16,0.9999994966530169,5.033469532728927e-07
2011-01-27,2.1410579218093776e-15,0.9999987403433555,1.2596562994423288e-06
2011-01-28,4.7255921594846245e-18,0.9999913371805236,8.662819295268973e-06
2011-01-31,8.876014443244726e-19,0.999999554416817,4.455816591001545e-07
2011-02-01,3.7571465766323023e-19,0.9999992001652133,7.998351069109252e-07
2011-02-02,1.0689528580095289e-16,0.9999998611274447,1.3887208718704968e-07
2011-02-03,3.517653765270791e-17,0.9999996914776169,3.0852076074271053e-07
2011-02-04,2.9606557217389827e-16,0.9999998218991254,1.781001626595644e-07
2011-02-07,1.9437913205750876e-16,0.999999809813762,1.9018777700384224e-07
2011-02-08,1.0408174100036789e-16,0.9999997563900548,2.436109955169501e-07
2011-02-09,1.0344139187701138e-15,0.9999998580242492,1.4197398975157658e-07
2011-02-10,3.246521303552684e-16,0.999999768737352,2.3126438377025607e-07
2011-02-11,6.995781396372178e-16,0.999999390078487,6.099216700774907e-07
2011-02-14,4.223586270912417e-16,0.9999998819439567,1.1805697783984212e-07
2011-02-15,4.155221619016107e-16,0.9999998523817448,1.4761986384985725e-07
2011-02-16,4.9047838006035996e-17,0.999999849689641,1.5031048258980027e-07
2011-02-17,1.1853522009288304e-16,0.999999863750427,1.3625076099168674e-07
2011-02-18,1.808085919552215e-16,0.9999998707389833,1.2926212292208915e-07
2011-02-22,8.12057369194686e-20,0.999994945397744,5.054602715460351e-06
2011-02-23,4.636496735367875e-21,0.99999918949503,8.105040597086458e-07
2011-02-24,3.116642783968566e-20,0.9999994208812353,5.791180238495132e-07
2011-02-25,2.2685317035012425e-19,0.9999992419546433,7.580471741243917e-07
2011-02-28,3.1500681321351193e-18,0.9999997671293657,2.3286894859969e-07
2011-03-01,4.622576661988161e-19,0.9999908181838217,9.18181500022651e-06
2011-03-02,6.649773022856011e-20,0.9999988344322872,1.16556620269788e-06
2011-03-03,2.1606758963427962e-19,0.9999970674041179,2.9325959225896026e-06
2011-03-04,1.482513475011146e-17,0.9999996270745,3.729255577051541e-07
2011-03-07,1.1868045972728638e-18,0.9999990035435493,9.964559859382442e-07
2011-03-08,2.188264245093135e-19,0.9999995170766198,4.829231236547659e-07
2011-03-09,1.1823798808070164e-18,0.9999996017177974,3.9828165243072277e-07
2011-03-10,3.274872853642727e-20,0.9999926124346563,7.387563539591261e-06
2011-03-11,1.4624934483981717e-19,0.9999995605140668,4.3948689967955156e-07
2011-03-14,3.136267636089712e-19,0.9999991480621239,8.519378650109903e-07
2011-03-15,3.308628626711266e-22,0.9999348439214262,6.515607803488424e-05
2011-03-16,2.4072710239727504e-28,0.9995359132855058,0.00046408671456091435
2011-03-17,1.3657418308900749e-27,0.9998639611540202,0.00013603884667614993
2011-03-18,1.0602972773586428e-23,0.999994221331106,5.7786691068239816e-06
2011-03-21,2.8253520326973766e-21,0.9999979481238502,2.0518754651926852e-06
2011-03-22,1.7646278866678517e-18,0.9999996990919042,3.009066770639218e-07
2011-03-23,2.4707886218837825e-18,0.9999997320046891,2.679956530885148e-07
2011-03-24,7.79663614907461e-18,0.9999996111365209,3.88863248093337e-07
2011-03-25,4.5441579977129576e-17,0.9999998340972662,1.6590160816188756e-07
2011-03-28,8.666379742283781e-18,0.9999997494778968,2.505236471490981e-07
2011-03-29,9.099024600123595e-18,0.9999997475497685,2.524515082699072e-07
2011-03-30,5.142765848775375e-17,0.9999996522856841,3.4771483269705167e-07
2011-03-31,9.03200876711289e-17,0.9999997936684153,2.0633108606867515e-07
2011-04-01,1.1898631193161737e-16,0.9999997835184565,2.1648144633604833e-07
2011-04-04,1.0541435959188288e-16,0.9999998534367586,1.4656344629921488e-07
2011-04-05,7.15204683999231e-17,0.9999996604529436,3.395475718085963e-07
2011-04-06,6.123286851989671e-17,0.9999996183870099,3.816147448853271e-07
2011-04-07,3.9331032092109684e-16,0.9999998448693197,1.5513154708790456e-07
2011-04-08,7.268954189698615e-17,0.9999996970364468,3.0296492331651633e-07
2011-04-11,1.2548178717847583e-15,0.9999998444145725,1.5558377283045407e-07
2011-04-12,4.702276384707552e-16,0.9999997219820602,2.7801692290257327e-07
2011-04-13,4.0110593225562496e-16,0.9999998549283297,1.4507145917007489e-07
2011-04-14,4.994856631907994e-16,0.9999997986378933,2.013612678865767e-07
2011-04-15,3.1498855150556463e-15,0.9999996709194052,3.290820730879752e-07
2011-04-18,1.0237408338321218e-15,0.9999995441613594,4.558379561715681e-07
2011-04-19,1.1912451443170272e-15,0.9999998297462444,1.7025334174322978e-07
2011-04-20,2.2937594419568855e-16,0.999999668340079,3.3165912836567133e-07
2011-04-21,5.542965157254722e-15,0.9999998765633867,1.2343528766072347e-07
2011-04-25,3.038073501489125e-15,0.9999998808307353,1.1917060769000035e-07
2011-04-26,1.5183785700673785e-15,0.9999995108847829,4.89116889938441e-07
2011-04-27,1.5937460864036823e-16,0.9999994085957881,5.914035571947841e-07
2011-04-28,1.0250602184916875e-14,0.9999998408384398,1.5916225277883887e-07
2011-04-29,4.36719289691283e-15,0.9999997596678729,2.403318383412839e-07
2011-05-02,2.7421319016754423e-15,0.9999998022467675,1.977548381728022e-07
2011-05-03,9.47987545774294e-16,0.9999998487037488,1.5129712037365158e-07
2011-05-04,7.138952075946335e-16,0.9999996624356414,3.375638972597453e-07
2011-05-05,4.8183264617200154e-17,0.9999960063585315,3.993643180644968e-06
2011-05-06,3.6955122003634134e-18,0.9999996838415017,3.1616017106462955e-07
2011-05-09,5.3482814883792364e-17,0.9999997590785205,2.409230868748376e-07
2011-05-10,1.95675193223704e-16,0.9999998100211268,1.8998058998023177e-07
2011-05-11,1.0250511177294336e-15,0.9999996424085751,3.5759040014239326e-07
2011-05-12,5.045768201174409e-16,0.9999998550120032,1.4498881995799848e-07
2011-05-13,5.690727760937583e-16,0.999999750267338,2.497329795085749e-07
2011-05-16,8.276726172349664e-17,0.9999997846971614,2.1530326425252753e-07
2011-05-17,1.4822217066324864e-16,0.9999997585255479,2.4147276177370627e-07
2011-05-18,3.6115394836905743e-17,0.9999996742590687,3.257416750851331e-07
2011-05-19,2.635932319516722e-15,0.9999998853745703,1.1462432983481812e-07
2011-05-20,2.5253891563230466e-16,0.9999995468025308,4.531957888096895e-07
2011-05-23,1.0803483605706341e-16,0.9999995535473405,4.4645350682243515e-07
2011-05-24,7.759249943694937e-17,0.9999998401617759,1.5983930244943398e-07
2011-05-25,1.3364956952607415e-16,0.9999998506500671,1.4935117960418096e-07
2011-05-26,1.0848741716119387e-15,0.9999997673367305,2.3266158626859344e-07
2011-05-27,6.13734058460717e-16,0.9999998425155479,1.5748495693745407e-07
2011-05-31,9.09743594546317e-16,0.9999997093546393,2.9064509399644e-07
2011-06-01,1.702102733633062e-16,0.9999934199075171,6.58009390823732e-06
2011-06-02,1.3707545628962333e-16,0.9999985591285998,1.4408701465045665e-06
2011-06-03,8.688969002328987e-16,0.9999996154111443,3.84588748853158e-07
2011-06-06,7.054901215978447e-16,0.9999987318959793,1.2681056242132584e-06
2011-06-07,3.781118883753543e-16,0.9999998115454396,1.8845453637395402e-07
2011-06-08,1.5082770127202228e-16,0.9999997253180859,2.7468308932804607e-07
2011-06-09,7.384336764268632e-17,0.9999997425802907,2.5741896759833645e-07
2011-06-10,2.2445302933775534e-16,0.9999990822220416,9.177777684921182e-07
2011-06-13,1.871518874643176e-17,0.9999995956278234,4.0437326688722456e-07
2011-06-14,1.1343849138220605e-18,0.99999906262063,9.373790929624058e-07
2011-06-15,4.0423512738127484e-19,0.9999957875531938,4.212447270934585e-06
2011-06-16,1.5695407299130956e-20,0.9999988443966996,1.1556026450139944e-06
2011-06-17,3.6747748235950523e-20,0.9999991981934303,8.018058351862048e-07
2011-06-20,3.250714995162234e-18,0.9999996088009394,3.9119731590938475e-07
2011-06-21,1.7835476408930765e-18,0.9999991745211215,8.254793289066294e-07
2011-06-22,3.1483846621626415e-16,0.9999997273408016,2.726598597652048e-07
2011-06-23,5.674499107622044e-17,0.9999991344742847,8.655254832075072e-07
2011-06-24,8.782431829926145e-18,0.9999973336925071,2.6663086019672828e-06
2011-06-27,9.292671208752127e-20,0.9999988779824818,1.122016990801487e-06
2011-06-28,7.080537226356253e-19,0.9999991974003516,8.025994720429407e-07
2011-06-29,9.844464317094715e-17,0.9999997206432844,2.7935771475553925e-07
2011-06-30,9.641647842810982e-16,0.9999996549523216,3.4504916815619593e-07
2011-07-01,8.801326899400661e-16,0.999999172029108,8.279699610777298e-07
2011-07-05,4.069745038597294e-15,0.9999996484257899,3.5157581873372736e-07
2011-07-06,3.997270864223409e-15,0.9999998273124369,1.7268599441359922e-07
2011-07-07,1.2784191446974751e-15,0.9999997487175594,2.512810753168548e-07
2011-07-08,9.557300211424655e-15,0.9999996835941193,3.164075418765676e-07
2011-07-11,1.321373174518177e-16,0.9999975094355341,2.4905653773537023e-06
2011-07-12,1.3702439316638999e-17,0.9999996290244559,3.7097723017582727e-07
2011-07-13,3.516726991627074e-18,0.9999996069091912,3.930897865877725e-07
2011-07-14,3.156741629073563e-18,0.9999965964037698,3.4035963534580717e-06
2011-07-15,6.271089965562487e-18,0.9999996031547985,3.968439467773646e-07
2011-07-18,3.63527082006417e-18,0.9999899963068097,1.0003694388653149e-05
2011-07-19,1.0222008148140654e-17,0.9996774193013742,0.00032258069710890044
2011-07-20,2.4665943766506593e-17,0.9999973796473339,2.620351204358927e-06
2011-07-21,2.6630764770174794e-17,0.9999992218584638,7.781410384563605e-07
2011-07-22,6.154503133780717e-16,0.9999997781342491,2.2186730872512332e-07
2011-07-25,3.4816498051308004e-17,0.9999987246709626,1.275330221638771e-06
2011-07-26,8.07690467775591e-18,0.9999995545368703,4.454638856238931e-07
2011-07-27,2.221347837003605e-19,0.9999698015065945,3.0198494416002305e-05
2011-07-28,1.1053653913783153e-20,0.9999795324713947,2.046752923129547e-05
2011-07-29,1.107116505877509e-21,0.9986221105417088,0.0013778894573834607
2011-08-01,8.59876048909468e-15,0.9822591394988157,0.017740860500690528
2011-08-02,1.9902851505489621e-19,0.5412696125183974,0.45873038747989775
2011-08-03,2.8065907921305018e-14,0.5240724391230958,0.4759275608773727
2011-08-04,6.07433563707467e-35,6.386130619847713e-08,0.999999936138922
2011-08-05,1.673361045815993e-30,3.8839004921898413e-08,0.999999961160939
2011-08-08,1.6301391732991693e-81,2.164378304554162e-28,1.0
2011-08-09,1.3408522703306987e-50,8.189379406659398e-17,1.0
2011-08-10,1.4613671950065958e-59,3.701140549370534e-18,1.0
2011-08-11,1.2972595122651044e-69,9.464246755194849e-20,1.0
2011-08-12,1.203438162678307e-37,6.677260441082348e-10,0.9999999993306119
2011-08-15,5.9009795697254205e-33,7.78805202179124e-08,0.9999999221181527
2011-08-16,1.4394755736442752e-28,1.193137726743959e-06,0.9999988068637163
2011-08-17,1.2849203052319288e-26,2.147199663449521e-06,0.9999978528017297
2011-08-18,2.8073267090974125e-55,8.969334529695187e-17,1.0
2011-08-19,1.2931619565289983e-51,7.354028986241957e-13,1.0
2011-08-22,8.254310519987336e-54,7.143676899671133e-13,1.0
2011-08-23,2.7659605379089976e-48,2.4667008228500987e-15,1.0
2011-08-24,2.999723950310799e-41,1.461415418683831e-11,0.9999999999854481
2011-08-25,1.215097339861079e-42,1.9646748725606053e-10,0.9999999998035491
2011-08-26,1.396730570275566e-39,5.637440952389558e-10,0.9999999994361133
2011-08-29,2.2773978444862494e-36,2.8901957061772855e-10,0.9999999997125997
2011-08-30,2.803124587648429e-31,1.1931470338621464e-07,0.9999998806852162
2011-08-31,1.3120895104869501e-27,1.7735950836001636e-06,0.9999982264032309
2011-09-01,1.1683479117515572e-24,1.0067615664074645e-06,0.9999989932371657
2011-09-02,8.364193125301679e-33,7.249414271096164e-10,0.9999999992760422
2011-09-06,3.9797357837762655e-34,5.164144539271961e-09,0.9999999948340701
2011-09-07,2.0674474067397976e-37,4.655887273428956e-12,0.999999999996362
2011-09-08,1.937303781907599e-30,2.9093823855975645e-08,0.9999999709070839
2011-09-09,1.2574094238527798e-37,4.0231990208238704e-11,0.9999999999599822
2011-09-12,5.82234565000406e-40,1.886451874654527e-11,0.9999999999818101
2011-09-13,1.4193668346346676e-38,7.235298088802528e-10,0.9999999992760422
2011-09-14,1.1459339647278572e-32,1.7249505216361343e-09,0.999999998275598
2011-09-15,2.1099507920123604e-29,2.9706202698658983e-08,0.9999999702922655
2011-09-16,3.576327595984152e-24,2.33679281942015e-06,0.9999976632088892
2011-09-19,2.6505204011916684e-26,1.5769340022392574e-07,0.9999998423081831
2011-09-20,5.538095853352375e-27,6.570464173409e-07,0.9999993429521394
2011-09-21,1.4225402206269178e-38,1.6888659984903477e-11,0.9999999999818101
2011-09-22,9.122012761141729e-50,2.0054180227353437e-15,1.0
2011-09-23,3.766951234811459e-50,5.782473285611277e-17,1.0
2011-09-26,1.3454254467755043e-47,1.9011014001621036e-13,1.0
2011-09-27,3.887018904138954e-42,8.015290747094386e-11,0.9999999999199645
2011-09-28,4.63409505378261e-43,2.723697593745768e-13,1.0
2011-09-29,2.7893782964475604e-41,6.89426086877975e-11,0.9999999999308784
2011-09-30,1.0859864625488571e-49,6.53376857389786e-14,1.0
2011-10-03,5.341543292686657e-58,2.1373615437950112e-16,1.0
2011-10-04,3.523921722047588e-51,7.488168094401492e-15,1.0
2011-10-05,9.0676681320532e-43,2.8562100117276795e-11,0.9999999999708962
2011-10-06,4.9842797424901985e-40,2.140680822063626e-10,0.9999999997853593
2011-10-07,2.0331638750333635e-32,7.556241411291868e-09,0.999999992443918
2011-10-10,3.2053942303104442e-40,1.8143799056830078e-11,0.9999999999818101
2011-10-11,1.879803710804855e-26,6.014751922185181e-07,0.9999993985258687
2011-10-12,1.9042862508964212e-26,9.56226244222205e-07,0.9999990437722797
2011-10-13,2.8849393727780474e-22,5.677098154741156e-06,0.9999943229028926
2011-10-14,3.235272290432318e-23,4.511387947469265e-06,0.9999954886108653
2011-10-17,2.9603492881099818e-27,1.1820768218101898e-07,0.9999998817911616
2011-10-18,1.4178490582004284e-28,5.543979295248587e-08,0.9999999445608425
2011-10-19,3.0032568437693255e-28,6.08301547956717e-08,0.9999999391693583
2011-10-20,5.205168133783466e-31,2.3933409488036966e-08,0.9999999760657378
2011-10-21,4.0977929611634044e-29,1.2102144456783422e-07,0.9999998789790043
2011-10-24,1.5814766541889002e-22,4.925463738394869e-06,0.9999950745380712
2011-10-25,7.092928277282708e-28,3.884744740210011e-08,0.9999999611536631
2011-10-26,5.886949167599587e-25,1.9051675998713994e-06,0.9999980948323314
2011-10-27,1.07118399533035e-29,1.19838220005336e-07,0.9999998801613473
2011-10-28,2.0101027292641318e-13,0.0008885008475286475,0.9991114991508225
2011-10-31,3.040668472795779e-26,2.3331904766663133e-07,0.9999997666818944
2011-11-01,4.032649440728798e-33,9.954750821308888e-10,0.9999999990031938
2011-11-02,3.6529574649013746e-31,4.5020675490759536e-08,0.9999999549800133
2011-11-03,4.326847557264687e-28,2.584437315791284e-07,0.999999741558019
2011-11-04,8.811256491091636e-21,1.4094301308413847e-05,0.9999859056999499
2011-11-07,2.3112745394983714e-23,3.4116984358250607e-06,0.9999965883020187
2011-11-08,4.760125331669074e-20,1.8260192822772575e-05,0.9999817398086723
2011-11-09,1.496987930755196e-35,1.9181033277491046e-11,0.9999999999818101
2011-11-10,7.429802625699473e-29,1.3553997023972052e-07,0.9999998644598328
2011-11-11,1.3515099643159517e-26,3.6731784389254365e-07,0.9999996326806233
2011-11-14,6.779610199570755e-23,2.9738995187838538e-06,0.9999970261022664
2011-11-15,4.080258899688462e-24,3.1976403779940126e-06,0.9999968023599842
2011-11-16,1.1836225327981691e-26,1.5089086622193043e-07,0.9999998491075645
2011-11-17,5.082986749002335e-29,8.584828331581056e-09,0.99999999141437
2011-11-18,1.0559234754043325e-24,2.3129996172668953e-06,0.9999976870012153
2011-11-21,5.441965323478556e-26,3.9006985535804037e-08,0.999999960993592
2011-11-22,8.15556095445818e-25,1.7547194968587941e-06,0.9999982452806696
2011-11-23,5.81456447990174e-28,3.5552993244738274e-08,0.9999999644460338
2011-11-25,7.068776065667145e-30,3.2927097401839903e-08,0.9999999670726544
2011-11-28,4.864549502341981e-34,3.3035102551042877e-10,0.9999999996689439
2011-11-29,3.8424938246648404e-23,5.563650348010541e-06,0.9999944363489861
2011-11-30,4.529306631355083e-33,4.1107605842724223e-10,0.9999999995889084
2011-12-01,5.666246185110466e-17,0.00019242260527679525,0.9998075773929695
2011-12-02,2.5312183616733145e-17,0.00014217846264814475,0.999857821536544
2011-12-05,2.2934901931352036e-19,2.676259012829938e-05,0.9999732374105971
2011-12-06,9.742776025247558e-19,6.391716794112332e-05,0.9999360828315462
2011-12-07,1.6666165508809536e-19,4.720753202107155e-05,0.9999527924675908
2011-12-08,2.0467745540843673e-22,7.312107717713283e-07,0.999999268788355
2011-12-09,1.3950585239303297e-20,7.738087094525784e-05,0.9999226191284809
2011-12-12,2.02033326105882e-15,0.0007559208441904314,0.9992440791555466
2011-12-13,1.871739830368506e-14,0.004076640609681236,0.9959233593888988
2011-12-14,2.2352388755857696e-17,0.008048916465623987,0.9919510835350294
2011-12-15,3.043442057100474e-14,0.29834473334694805,0.7016552666545032
2011-12-16,5.167343133292988e-14,0.36100497524364905,0.6389950247557004
2011-12-19,1.1029329038581564e-13,0.38153369494886896,0.6184663050499387
2011-12-20,8.821473715498097e-22,0.3816556109185118,0.6183443890826567
2011-12-21,1.5490084242418817e-11,0.9662467919220308,0.0337532080630062
2011-12-22,2.1250908924549826e-12,0.9976532065014541,0.0023467934954925353
2011-12-23,5.70149243059216e-14,0.9998991300835757,0.00010086991604317781
2011-12-27,5.1031268159621306e-14,0.9999715717206554,2.8428280203102525e-05
2011-12-28,4.2705240195990462e-16,0.9996883409563697,0.00031165904410377607
2011-12-29,1.922161144298086e-15,0.9999233343800547,7.666561865212895e-05
2011-12-30,2.43588331296496e-15,0.9999419585074949,5.8041490729980356e-05
2012-01-03,3.7209214187567983e-19,0.9995869260007981,0.0004130739989124489
2012-01-04,5.333580074720857e-15,0.9999631646223422,3.683537708021734e-05
2012-01-05,2.1557607184127996e-14,0.9999956456799041,4.354321890376098e-06
2012-01-06,2.9615696700922394e-13,0.9999975227359517,2.477265334110112e-06
2012-01-09,7.868209455148136e-14,0.9999971923028478,2.8076986409058056e-06
2012-01-10,1.6575418758054926e-14,0.9999940948829774,5.905117887254205e-06
2012-01-11,8.015894202366046e-14,0.9999949856263112,5.014372737648756e-06
2012-01-12,1.5358367625016774e-13,0.9999978778891779,2.122109454040316e-06
2012-01-13,1.959204594548245e-13,0.9999964100453191,3.589955109434222e-06
2012-01-17,5.71175755754662e-15,0.9999936127991788,6.387200717234231e-06
2012-01-18,2.4831168441669027e-15,0.9999913238801884,8.676118307563571e-06
2012-01-19,1.142696371217705e-13,0.9999963572293338,3.6427709271079253e-06
2012-01-20,1.6799470477420126e-12,0.9999981311247395,1.8688720613851014e-06
2012-01-23,4.145639278607177e-12,0.9999981936542043,1.8063427409313278e-06
2012-01-24,4.469542258059397e-12,0.9999987099044256,1.2900899376089165e-06
2012-01-25,2.6858527799881943e-13,0.9999897186554453,1.0281343059244527e-05
2012-01-26,4.740586927135844e-12,0.9999981767812892,1.8232137030144887e-06
2012-01-27,4.279969442234371e-12,0.9999987335367057,1.2664573067705113e-06
2012-01-30,1.7093567783894304e-12,0.9999978001639287,2.1998349579891792e-06
2012-01-31,1.1880412521698322e-12,0.9999977735157929,2.226483732615583e-06
2012-02-01,5.880103153830072e-13,0.9999976327154225,2.367282202847283e-06
2012-02-02,1.0283711349395052e-11,0.9999987233139983,1.2766763578637363e-06
2012-02-03,4.301400060827958e-13,0.9999815657818731,1.8434218387655683e-05
2012-02-06,2.3924171421329347e-11,0.9999985411169928,1.458857295343719e-06
2012-02-07,3.2854855868501348e-12,0.9999958571838173,4.142813227029315e-06
2012-02-08,1.115827731470225e-11,0.9999987803974525,1.2195920822271836e-06
2012-02-09,4.775274550116401e-12,0.9999985958575816,1.4041359017079412e-06
2012-02-10,2.6761137018167495e-13,0.9999956571358495,4.34286437730514e-06
2012-02-13,1.3414579064114345e-12,0.999997912173418,2.0878235243295034e-06
2012-02-14,2.2294259571905306e-12,0.999998450644234,1.5493532583167323e-06
2012-02-15,1.776209600438121e-13,0.9999962959878235,3.704010260457805e-06
2012-02-16,2.0981048475103146e-13,0.9999966548477022,3.3451520787466373e-06
2012-02-17,1.8230292520785978e-11,0.9999989941939531,1.0057871070911828e-06
2012-02-21,1.4575513302606721e-12,0.9999894478071065,1.0552192260010228e-05
2012-02-22,9.73838867226392e-12,0.9999979097250634,2.090263843828739e-06
2012-02-23,4.6180794396193815e-11,0.9999992099404545,7.900138476903631e-07
2012-02-24,3.796687144783404e-11,0.9999988960523024,1.1039110869750788e-06
2012-02-27,1.3068207185091826e-11,0.9999980304875248,1.969500653550595e-06
2012-02-28,5.694054329307397e-11,0.9999583499317881,4.165001018836733e-05
2012-02-29,1.9480767018896663e-12,0.9960289450710995,0.003971054925963499
2012-03-01,8.614134139978432e-12,0.9999494796167656,5.052037526809288e-05
2012-03-02,1.1378243780329882e-11,0.9999990128785936,9.871110642024357e-07
2012-03-05,5.70744752718252e-12,0.9999986625561936,1.3374380664479317e-06
2012-03-06,3.438211047310635e-14,0.9999861158703215,1.388413064268046e-05
2012-03-07,1.1304197936749966e-13,0.9999984585932054,1.5414058116933178e-06
2012-03-08,1.4480513608696923e-13,0.9999980828961457,1.91710462796028e-06
2012-03-09,6.511209826436202e-12,0.999999341325964,6.586672202636638e-07
2012-03-12,7.673236769356973e-11,0.9999994870669476,5.128575739722795e-07
2012-03-13,9.288983828606734e-13,0.9999902513011398,9.748698757591543e-06
2012-03-14,4.0060793182316844e-11,0.9999844303431655,1.5569615076655078e-05
2012-03-15,3.915161652450381e-11,0.9999992838277485,7.161333458512314e-07
2012-03-16,2.1782504441247898e-10,0.9999996089319066,3.9084846442246655e-07
2012-03-19,3.672533153570861e-11,0.9999992592241157,7.40739125261591e-07
2012-03-20,9.089885717563736e-11,0.9999994454193885,5.544910487768718e-07
2012-03-21,1.1075419780467849e-10,0.999999373336519,6.265541626014897e-07
2012-03-22,1.1618923754680585e-10,0.9999993732419316,6.266420787574568e-07
2012-03-23,1.1572485349986027e-10,0.999999086023726,9.13861121062442e-07
2012-03-26,1.0151028987721029e-11,0.999997307251748,2.692736448451804e-06
2012-03-27,8.10510094675759e-11,0.999999412502975,5.874173445541644e-07
2012-03-28,1.3526997511431254e-10,0.9999993266394533,6.732266333863297e-07
2012-03-29,8.984683882418109e-11,0.9999995007166372,4.991932171816059e-07
2012-03-30,9.682214900064061e-12,0.9999982930727145,1.706918610148759e-06
2012-04-02,3.666479761681504e-11,0.999999119634982,8.803291562683994e-07
2012-04-03,9.141554929725813e-11,0.9999946058196624,5.394090492138989e-06
2012-04-04,1.1063548974325802e-11,0.9999971247494113,2.875240169680743e-06
2012-04-05,1.844342174474059e-11,0.9999993373532938,6.626285921579701e-07
2012-04-09,2.3522364039166566e-13,0.9999938846345319,6.11536353097353e-06
2012-04-10,7.340192478744018e-14,0.9999879168938294,1.2083107698825175e-05
2012-04-11,1.1890514139827628e-14,0.9999970454271525,2.954572999974396e-06
2012-04-12,5.233102934690954e-13,0.9999978229085225,2.1770904221933095e-06
2012-04-13,1.8514018625690093e-13,0.999995044935984,4.955064511358091e-06
2012-04-16,3.9835544336681406e-13,0.9999989368994842,1.0631009727729347e-06
2012-04-17,1.5282019319198848e-13,0.9999954165573848,4.583444150872129e-06
2012-04-18,2.2381084438747263e-12,0.9999991307781014,8.692207152050423e-07
2012-04-19,3.934926648962928e-12,0.999999068084869,9.319114563868193e-07
2012-04-20,6.2699318476989015e-12,0.9999994399660613,5.600273040628361e-07
2012-04-23,1.3867976447007597e-12,0.9999987472045748,1.2527922970347817e-06
2012-04-24,1.1299362696901911e-12,0.9999991523149174,8.476853802554682e-07
2012-04-25,1.0785206787652586e-12,0.9999982587666334,1.7412339594676289e-06
2012-04-26,1.6126829035579305e-11,0.9999989971261611,1.0028563299441498e-06
2012-04-27,2.6275764198507213e-11,0.9999995376493803,4.6232405717158534e-07
2012-04-30,1.5233465408428792e-11,0.9999993821476981,6.178373318357784e-07
2012-05-01,2.2631845141472395e-10,0.9999985642326767,1.4355422980123578e-06
2012-05-02,4.759228093146935e-10,0.9999985929981343,1.4065267655716602e-06
2012-05-03,3.744127392666756e-10,0.9999973386401451,2.660984468084899e-06
2012-05-04,2.6727979209138964e-11,0.9999881446140252,1.1855359148329207e-05
2012-05-07,3.325668411390029e-11,0.9999978550063401,2.1449608522762743e-06
2012-05-08,3.228229103006347e-11,0.9999933142976929,6.685668659551265e-06
2012-05-09,1.3383349007724275e-11,0.9999956492523837,4.350734628071723e-06
2012-05-10,2.5090998452376833e-11,0.9999979284351496,2.071539766918976e-06
2012-05-11,1.1076522030200326e-11,0.999995242655534,4.757333346116749e-06
2012-05-14,2.871404670040883e-13,0.9999697841357704,3.0215865204784443e-05
2012-05-15,7.03962978841681e-13,0.9999841188097495,1.588118935235103e-05
2012-05-16,7.436490181464141e-13,0.9999418279771245,5.817202228413282e-05
2012-05-17,7.787618442047069e-16,0.9991283202302439,0.0008716797697931676
2012-05-18,2.0016474326604178e-15,0.9993491850979556,0.0006508149025682876
2012-05-21,1.2510466726436859e-14,0.9995879246212587,0.00041207537806445585
2012-05-22,1.4354648989450448e-13,0.9998870829895645,0.00011291701061488739
2012-05-23,2.2884777657269527e-13,0.9999702070417553,2.9792959717425765e-05
2012-05-24,1.985847627754515e-12,0.9998971019387863,0.000102898060710356
2012-05-25,3.052873699874071e-11,0.9979629701967017,0.002037029774145327
2012-05-29,7.7915128570799e-11,0.9610504238198502,0.03894957610270694
2012-05-30,2.2424001545802498e-13,0.7641763270303676,0.23582367297050708
2012-05-31,1.0978635179347258e-11,0.6260202151355654,0.373979784854034
2012-06-01,8.236071996806841e-19,0.045286320405798136,0.9547136795929286
2012-06-04,2.185577030722141e-13,0.09105495423594243,0.9089450457649576
2012-06-05,4.4720533829543165e-13,0.1652154076004816,0.8347845923984468
2012-06-06,3.7010348377882055e-14,0.25747899861882234,0.7425210013794049
2012-06-07,5.515744939370288e-09,0.8564827201247218,0.14351727435859593
2012-06-08,6.483023800508372e-10,0.976005109197864,0.023994890153088387
2012-06-11,1.044153317395032e-11,0.9896220678455103,0.010377932145716815
2012-06-12,9.010317449012569e-13,0.9964109198043758,0.0035890801929767202
2012-06-13,2.944208762043474e-13,0.9987335616750213,0.0012664383247765229
2012-06-14,1.6377162704417428e-12,0.9996926541620105,0.000307345837892236
2012-06-15,4.86208103209626e-12,0.9999038198529057,9.61801431941446e-05
2012-06-18,5.208453753327909e-10,0.9999940938679873,5.905609380266915e-06
2012-06-19,3.801357600634737e-11,0.9999910728218426,8.92714018086763e-06
2012-06-20,3.965119163563078e-09,0.9999854139541304,1.4582082424139671e-05
2012-06-21,2.719579598429086e-11,0.9994124745194102,0.000587525451601738
2012-06-22,1.125781085752011e-10,0.9999557197606553,4.4280128463398146e-05
2012-06-25,1.3822252205105667e-11,0.9999561391029049,4.3860883968146366e-05
2012-06-26,4.470137763538364e-11,0.9999909142401368,9.085713641273356e-06
2012-06-27,4.0622695650323545e-11,0.999987501878308,1.2498079938819676e-05
2012-06-28,3.00886413400227e-10,0.9999531683731792,4.683132711750711e-05
2012-06-29,1.747324697984754e-13,0.9991533051745319,0.0008466948242429196
2012-07-02,5.970188708225791e-09,0.9999716496403114,2.83443902845186e-05
2012-07-03,4.196261643656188e-10,0.9999928387589475,7.160822446198543e-06
2012-07-05,1.4509191954724792e-09,0.9999962671569487,3.731393391225363e-06
2012-07-06,1.2897188955075461e-09,0.9999942074704871,5.791238647006502e-06
2012-07-09,7.322366306058057e-10,0.9999965824085131,3.416858746644494e-06
2012-07-10,5.079804948631394e-10,0.999993213901068,6.785589316004824e-06
2012-07-11,6.680349690314273e-10,0.9999971586952945,2.8406357225430076e-06
2012-07-12,5.891866356335854e-10,0.9999962641337996,3.7352759127024808e-06
2012-07-13,1.3676130690324364e-10,0.9999818612567465,1.813860580008818e-05
2012-07-16,2.2655861471112626e-09,0.9999975877100943,2.410023435758133e-06
2012-07-17,1.1355482220788676e-09,0.99999717745266,2.8214124213951085e-06
2012-07-18,2.67400102541421e-09,0.9999972255611572,2.7717647877204483e-06
2012-07-19,6.964603403045935e-09,0.9999983100002011,1.6830354644692485e-06
2012-07-20,2.812526163133942e-09,0.9999961503346161,3.846852812197569e-06
2012-07-23,4.749681545528711e-10,0.9999941009329004,5.898590761848835e-06
2012-07-24,3.4700130844669755e-11,0.9999906527737338,9.347192834344521e-06
2012-07-25,7.815026400945388e-11,0.9999921415892006,7.858330970657161e-06
2012-07-26,2.173693906674392e-11,0.9999792958475724,2.070413134298199e-05
2012-07-27,4.88676948901855e-12,0.9999662177028035,3.378229409170475e-05
2012-07-30,7.36218069852593e-10,0.9999960406972769,3.958565336528459e-06
2012-07-31,3.963174195121282e-10,0.999995315101902,4.68450091769691e-06
2012-08-01,1.1303327172480948e-10,0.9999964566512993,3.543235608187118e-06
2012-08-02,6.961653750973041e-10,0.9999970000143983,2.999287672196825e-06
2012-08-03,6.6992013304367055e-12,0.9999762824165879,2.3717578091830865e-05
2012-08-06,2.3960739677597927e-09,0.9999983383072667,1.659296917158161e-06
2012-08-07,6.603611125442324e-10,0.9999974119161219,2.5874218194187676e-06
2012-08-08,4.010618900913234e-09,0.9999986042394731,1.3917498066632863e-06
2012-08-09,4.9810472928433585e-09,0.9999987553972929,1.2396229956462282e-06
2012-08-10,8.629822445846325e-09,0.999998698892278,1.2924763394054183e-06
2012-08-13,1.899059621610134e-08,0.999998747335542,1.2336738306336534e-06
2012-08-14,5.378213880904189e-09,0.9999971418223969,2.852797596097133e-06
2012-08-15,3.925821376331271e-09,0.9999966527995269,3.3432738159433497e-06
2012-08-16,2.8531130653836445e-09,0.9999980311350838,1.966010259331914e-06
2012-08-17,2.2017345996721436e-08,0.9999987580202724,1.2199620738261916e-06
2012-08-20,1.5997273573206663e-08,0.999998826887128,1.1571161576361977e-06
2012-08-21,7.083432775344084e-09,0.9999981629642709,1.8299511146179946e-06
2012-08-22,4.454100811152342e-09,0.9999953896510172,4.605894093982418e-06
2012-08-23,3.3974744398820947e-09,0.99999705848382,2.9381181382568393e-06
2012-08-24,3.2927817749083753e-09,0.9999985107544664,1.4859528436186754e-06
2012-08-27,2.02140809334292e-09,0.9999983612665131,1.636711272495099e-06
2012-08-28,1.854874307058637e-09,0.9999985708465128,1.4272969670658579e-06
2012-08-29,8.741347358973695e-10,0.9999981635354326,1.835590698797921e-06
2012-08-30,5.439508934649827e-10,0.9999971394577174,2.859999505902413e-06
2012-08-31,2.2633000267526646e-10,0.9999809935166921,1.9006257998876756e-05
2012-09-04,3.5080028153305733e-10,0.9999977366813402,2.262966557125073e-06
2012-09-05,4.59683040492752e-10,0.9999975543535476,2.4451861541181817e-06
2012-09-06,7.99324122615764e-12,0.9999774433597132,2.2556630860389927e-05
2012-09-07,2.733546078062271e-09,0.9999934735346113,6.523731507586841e-06
2012-09-10,2.8805859216515595e-09,0.9999981105083523,1.8866100618354888e-06
2012-09-11,9.72241949432264e-10,0.9999982008755791,1.7981531355341563e-06
2012-09-12,1.161812870584233e-09,0.9999972819896915,2.716848962116291e-06
2012-09-13,6.779048753130228e-10,0.9999842769574651,1.5722364864904972e-05
2012-09-14,4.0684653862064447e-10,0.9999686545199146,3.134507234290958e-05
2012-09-17,6.408987993154402e-09,0.999997075949705,2.9176407749980713e-06
2012-09-18,1.3641582210783613e-08,0.9999985355035997,1.4508556562062953e-06
2012-09-19,1.707220509718741e-08,0.9999986858828828,1.2970450336792842e-06
2012-09-20,1.594866018511062e-08,0.9999988811547957,1.1028962715936161e-06
2012-09-21,1.6864992605029457e-08,0.9999988428796642,1.140256114500636e-06
2012-09-24,1.2465164025793871e-08,0.9999984878061307,1.499730316426294e-06
2012-09-25,3.221703449742565e-09,0.9999971106741118,2.8861059133832616e-06
2012-09-26,1.0208015326003519e-09,0.9999974225244407,2.5764546437498017e-06
2012-09-27,8.261832885474178e-10,0.9999960253414293,3.973834205841332e-06
2012-09-28,4.929114395821435e-09,0.9999984730286832,1.5220436757625604e-06
2012-10-01,9.83692423440482e-10,0.9999986884585684,1.3105559962678465e-06
2012-10-02,1.947334563362269e-09,0.9999989551366527,1.0429158315439033e-06
2012-10-03,1.9086803396489226e-09,0.9999988592796538,1.1388109897856336e-06
2012-10-04,7.573791455248037e-10,0.9999976369463819,2.3622963736006803e-06
2012-10-05,4.800614315947561e-09,0.999997824963976,2.1702371202779725e-06
2012-10-08,3.505101659675209e-09,0.9999986665725169,1.3299235087016094e-06
2012-10-09,2.2188693095821475e-09,0.999996917268822,3.0805129186920793e-06
2012-10-10,1.3249531742998828e-09,0.9999984317194978,1.566955086374962e-06
2012-10-11,2.285216163343673e-09,0.999998729545848,1.2681705557814633e-06
2012-10-12,1.7275357776510821e-09,0.999998663491153,1.3347812327521998e-06
2012-10-15,1.27052279291341e-09,0.999997807105177,2.1916248132972036e-06
2012-10-16,1.6823404053501078e-10,0.9999967575984371,3.2422336214644086e-06
2012-10-17,1.40346149967824e-09,0.9999985615369383,1.4370600460548067e-06
2012-10-18,4.928658869735829e-09,0.9999984875187307,1.5075528510662392e-06
2012-10-19,1.225001963863948e-10,0.9999885296677631,1.147020908817306e-05
2012-10-22,6.423332898456893e-10,0.9999980793418471,1.920015585775704e-06
2012-10-23,2.1565289413849567e-11,0.9999875842192946,1.2415760796270172e-05
2012-10-24,1.414933191513462e-10,0.9999960969911397,3.902866467360001e-06
2012-10-25,6.191689557598886e-11,0.9999975809325562,2.4190061116281307e-06
2012-10-26,1.7079146066510972e-10,0.9999961670255988,3.832803038115489e-06
2012-10-31,7.275068572855168e-11,0.9999976480276392,2.351899919533941e-06
2012-11-01,2.701814570703526e-10,0.9999960829995278,3.916728602261878e-06
2012-11-02,1.004157443656605e-09,0.9999900930615309,9.905936013444525e-06
2012-11-05,2.2372357275246857e-10,0.9999963983274315,3.6014492651852226e-06
2012-11-06,4.123781412650526e-11,0.9999812497601678,1.8750197195909123e-05
2012-11-07,8.877924298127741e-12,0.9998954554403197,0.00010454455192521107
2012-11-08,1.268118475398833e-10,0.99998333210236,1.6667771548728767e-05
2012-11-09,2.01141736833215e-10,0.9999971634137396,2.8363863949644203e-06
2012-11-12,1.878654641619422e-09,0.9999983710490221,1.6270725636285316e-06
2012-11-13,2.4507190160631354e-09,0.999998205219318,1.7923310817034619e-06
2012-11-14,9.295464731336564e-10,0.9999907774242822,9.22164585453053e-06
2012-11-15,5.690306373430057e-10,0.9999974650195625,2.5344117705659776e-06
2012-11-16,1.5898802693331343e-09,0.9999978583932911,2.140017997757206e-06
2012-11-19,1.1282501592760998e-10,0.9999734173329538,2.6582552864853403e-05
2012-11-20,6.435256981876258e-09,0.9999975548228458,2.4387429367475493e-06
2012-11-21,6.035511230558219e-09,0.9999986187586263,1.3752074986651746e-06
2012-11-23,1.0478950539317317e-09,0.9999933914186929,6.60753470999771e-06
2012-11-26,6.50724178645443e-09,0.9999985139959008,1.4794978052618608e-06
2012-11-27,4.924724190613299e-09,0.9999982573369103,1.7377387515496714e-06
2012-11-28,2.5456384209370826e-09,0.9999964537154609,3.5437393714673693e-06
2012-11-29,5.5999483233395195e-09,0.9999984598555821,1.5345461035029139e-06
2012-11-30,4.254671903148904e-09,0.9999984422768957,1.5534697500201092e-06
2012-12-03,2.7536830232784734e-09,0.9999980705452314,1.9267011697807382e-06
2012-12-04,1.2205995350322117e-09,0.9999973589072713,2.6398733618564843e-06
2012-12-05,2.07959372464655e-09,0.9999984387698896,1.5591520821352958e-06
2012-12-06,1.5915140467745288e-09,0.9999982063470895,1.7920603640842452e-06
2012-12-07,1.6651162065022951e-09,0.9999977539544246,2.244381437114259e-06
2012-12-10,3.390973812935867e-09,0.9999983971332881,1.599474164050309e-06
2012-12-11,1.6675374225313589e-09,0.9999980556986686,1.942632183226218e-06
2012-12-12,2.280112512116347e-09,0.9999971177645121,2.8799547422161314e-06
2012-12-13,3.1303288310995148e-09,0.9999976480931227,2.3487756561829304e-06
2012-12-14,1.466675792469354e-09,0.9999978908076134,2.1077260603608854e-06
2012-12-17,8.578937416375867e-11,0.9999941972078084,5.8027063842234674e-06
2012-12-18,6.645861538719428e-10,0.9999941400882362,5.859247852229746e-06
2012-12-19,1.3317402929028502e-09,0.9999972768856211,2.7217810612681615e-06
2012-12-20,3.8625907636125684e-10,0.9999955569536292,4.442660739450033e-06
2012-12-21,4.285185574660497e-10,0.9999958907622232,4.108809809411623e-06
2012-12-24,6.619546592541277e-10,0.9999975312124213,2.4681266288777546e-06
2012-12-26,8.813949125335069e-11,0.999996332836775,3.6670734255443665e-06
2012-12-27,7.475558088349953e-11,0.9999957862617168,4.2136618434153584e-06
2012-12-28,9.229845192760814e-13,0.9999681983827062,3.180161670883628e-05
2012-12-31,8.877886571769754e-13,0.9999537572072148,4.6242793009436514e-05
2013-01-02,7.33017293905583e-13,0.9999471704526524,5.2829546781704093e-05
2013-01-03,1.4218234271834042e-09,0.999996931758847,3.066818271602751e-06
2013-01-04,1.905922009962184e-09,0.9999991713087889,8.267869681169719e-07
2013-01-07,2.9241787714041807e-09,0.9999993152162077,6.818603822111995e-07
2013-01-08,2.8548717786009077e-09,0.9999991739063036,8.232375481960774e-07
2013-01-09,1.9813847101852034e-09,0.9999994063547945,5.916655473121841e-07
2013-01-10,9.604737528126184e-10,0.9999989644971624,1.0345421351351772e-06
2013-01-11,2.902587220860312e-09,0.9999990757682732,9.213286632329066e-07
2013-01-14,3.063108608783109e-09,0.9999993150634127,6.818737921245773e-07
2013-01-15,2.844304781752899e-09,0.999999286203347,7.109514508716066e-07
2013-01-16,3.406712688849509e-09,0.9999994005958774,5.95998805029393e-07
2013-01-17,6.7604236443691e-10,0.999999000946035,9.983766320384362e-07
2013-01-18,5.796842332494336e-09,0.9999991235385299,8.706643029460258e-07
2013-01-22,4.7772045228212325e-09,0.9999992267406276,7.684809379155058e-07
2013-01-23,5.7824213157171765e-09,0.9999993800995174,6.141170522673275e-07
2013-01-24,4.861484250543513e-09,0.9999991853622895,8.097756063758823e-07
2013-01-25,1.1661737640059306e-09,0.9999987951785424,1.2036552233311036e-06
2013-01-28,3.190236138445531e-09,0.9999993259555138,6.708544065915797e-07
2013-01-29,1.8416518076247938e-09,0.9999992631640439,7.349941894835326e-07
2013-01-30,1.868190588676571e-09,0.9999989888788714,1.0092544278190768e-06
2013-01-31,1.7277885684108323e-09,0.9999992800660811,7.182061504157142e-07
2013-02-01,2.1371023237887616e-10,0.9999987915769478,1.208208907557111e-06
2013-02-04,3.200796825211285e-10,0.999998353390302,1.6462900738494357e-06
2013-02-05,1.9925080406712137e-10,0.9999990710025254,9.28797520170574e-07
2013-02-06,1.7091721847588027e-09,0.9999993300627891,6.682294226010427e-07
2013-02-07,1.896125432894106e-09,0.9999994551073207,5.429966814957908e-07
2013-02-08,1.8134134668998497e-09,0.9999992916384834,7.065485679017818e-07
2013-02-11,2.3629470528650198e-09,0.9999993092863063,6.883512960111404e-07
2013-02-12,2.6926526084356634e-09,0.9999994656865574,5.3162243787829e-07
2013-02-13,1.9516606835340605e-09,0.9999993055028109,6.925463497060673e-07
2013-02-14,2.681172860977716e-09,0.9999991823500455,8.149689837938936e-07
2013-02-15,2.982290297002998e-09,0.9999989581161542,1.0388998336738607e-06
2013-02-19,1.554412288894421e-09,0.999999275958806,7.224876811081566e-07
2013-02-20,3.415480197443539e-10,0.9999926059882055,7.3936711010257525e-06
2013-02-21,3.9967001750137193e-10,0.9999990553228514,9.44277300496461e-07
2013-02-22,3.5651612859845293e-10,0.9999988694950868,1.1301469578221064e-06
2013-02-25,4.751267070243708e-13,0.9999803226936512,1.967730422979135e-05
2013-02-26,8.637619438376999e-12,0.999998338401854,1.6615880762540682e-06
2013-02-27,1.0540439726449802e-10,0.9999977792928905,2.2206009290505334e-06
2013-02-28,3.099738535695898e-10,0.9999992739106254,7.25779304570159e-07
2013-03-01,2.912223314309897e-10,0.9999992415581039,7.581507039930998e-07
2013-03-04,5.500959780921427e-10,0.9999994014908197,5.979583248194848e-07
2013-03-05,6.132223567977523e-10,0.9999992176675154,7.817176530121323e-07
2013-03-06,9.694907147778194e-10,0.9999990868531844,9.121762740024571e-07
2013-03-07,1.7681410931179082e-09,0.9999993445855909,6.536450880868255e-07
2013-03-08,1.3760992721257108e-09,0.9999991962107335,8.024134457880774e-07
2013-03-11,5.496252679093438e-09,0.9999993680760049,6.26426221278986e-07
2013-03-12,4.422501605283778e-09,0.9999991834596281,8.121175390712644e-07
2013-03-13,5.322336728706202e-09,0.9999994264691675,5.682096251272955e-07
2013-03-14,4.800663093291662e-09,0.9999993372477924,6.579508550766752e-07
2013-03-15,8.0417439537666e-09,0.99999930012952,6.918286272410132e-07
2013-03-18,1.9874696245180484e-09,0.9999990337496577,9.642618513066111e-07
2013-03-19,8.985541519437266e-10,0.9999993577223238,6.413806018311124e-07
2013-03-20,8.045514662439716e-10,0.9999991266162572,8.725791571678488e-07
2013-03-21,9.88967067234056e-10,0.9999988526439881,1.1463669470810738e-06
2013-03-22,8.816076377376977e-10,0.9999991366388802,8.624782129297235e-07
2013-03-25,2.052434776629019e-09,0.9999993507155812,6.472336570789758e-07
2013-03-26,1.7213079553335807e-09,0.9999991503576865,8.479218755998366e-07
2013-03-27,2.2923309425975354e-09,0.999999290776283,7.06932520520852e-07
2013-03-28,2.297234819383181e-09,0.999999400352133,5.97349279520794e-07
2013-04-01,7.2607091518767284e-09,0.9999989770263485,1.0157126499054034e-06
2013-04-02,6.614329866575293e-09,0.9999984927610502,1.5006228698841088e-06
2013-04-03,2.4360738852635254e-09,0.9999976048667611,2.392698504024129e-06
2013-04-04,4.909827364770952e-09,0.9999977115029461,2.2835858594380423e-06
2013-04-05,2.2039374289211994e-09,0.9999936550394818,6.342758054397503e-06
2013-04-08,3.6257919101407656e-09,0.9999988641763677,1.132199419437671e-06
2013-04-09,1.4492470983126135e-08,0.9999971758483159,2.8096610010074012e-06
2013-04-10,1.22502138743931e-07,0.9997707368824648,0.0002291406141620947
2013-04-11,2.82318191372749e-05,0.9933521436162474,0.006619624565037689
2013-04-12,1.2494139339044635e-08,0.043771895051471534,0.9562280924529616
2013-04-15,5.765695204110783e-22,1.5745166324542125e-07,0.9999998425482897
2013-04-16,4.0090039344445644e-07,0.9695096654274082,0.03048993367330542
2013-04-17,3.037142061842691e-08,0.9989427465136376,0.0010572231138931646
2013-04-18,5.591469743750235e-10,0.9999780556251988,2.19438145498247e-05
2013-04-19,6.721903395316541e-10,0.9999981590134333,1.8403141202223635e-06
2013-04-22,1.5820155164778236e-09,0.9999977535069542,2.2449094937007727e-06
2013-04-23,2.3979355968746994e-09,0.9999982743880874,1.7232139913919619e-06
2013-04-24,6.20120141224978e-09,0.9999987961244158,1.197675932456764e-06
2013-04-25,1.5812097106263688e-09,0.9999948931602717,5.105257777323858e-06
2013-04-26,6.039849079143906e-09,0.9999987984818233,1.1954796111525427e-06
2013-04-29,2.3686634502038233e-09,0.9999986781776539,1.3194521150612846e-06
2013-04-30,6.5364535408716215e-09,0.9999991660737417,8.273897208512807e-07
2013-05-01,5.293521067184672e-10,0.9999984467916204,1.5526800756832445e-06
2013-05-02,6.512064608717033e-10,0.9999990118344948,9.875133234727835e-07
2013-05-03,5.066175438256869e-11,0.9999948787284836,5.121221978865379e-06
2013-05-06,3.1639181900094633e-09,0.9999994151405082,5.81695776671326e-07
2013-05-07,1.9069213700198705e-09,0.9999991030821932,8.950113899497869e-07
2013-05-08,2.2136536601824168e-09,0.9999988370261631,1.16076181719784e-06
2013-05-09,3.2164010553025364e-09,0.9999991639455259,8.328373942705703e-07
2013-05-10,2.052653974528115e-09,0.9999990716100673,9.263386525671338e-07
2013-05-13,3.4053369887151054e-09,0.9999992051310503,7.914649648427284e-07
2013-05-14,4.906811648446589e-10,0.9999988290990165,1.170409923892282e-06
2013-05-15,1.3462579420828443e-09,0.999994126675087,5.871979761858617e-06
2013-05-16,2.2286406789672245e-09,0.9999990427609226,9.550105954234965e-07
2013-05-17,5.057516572360493e-10,0.9999955035265112,4.495968459006334e-06
2013-05-20,7.960081431482012e-10,0.9999880318016462,1.196740194156894e-05
2013-05-21,1.4727751248915968e-09,0.9999979354055025,2.063121293027478e-06
2013-05-22,3.3438488648363663e-09,0.9999946494096902,5.3472460227126e-06
2013-05-23,9.475975239443016e-10,0.9999977886170095,2.210436268160456e-06
2013-05-24,1.589855954628886e-09,0.999999377210964,6.211987891185812e-07
2013-05-28,3.3462505773707785e-11,0.999992379740364,7.620227342391224e-06
2013-05-29,5.35316908323843e-10,0.9999986496013685,1.3498650390902915e-06
2013-05-30,3.729009333755372e-10,0.9999988540446083,1.1455808451528168e-06
2013-05-31,3.289157336525963e-10,0.9999890705527563,1.0929118714922061e-05
2013-06-03,5.0411221921466514e-11,0.9999973997653042,2.600183795913576e-06
2013-06-04,2.765982955370678e-10,0.9999982419919425,1.7577319818861853e-06
2013-06-05,1.8357182675404073e-11,0.9999965439515712,3.4560289188639924e-06
2013-06-06,2.4550618922535292e-11,0.9999984807557384,1.5192180149671716e-06
2013-06-07,1.2878769083503402e-11,0.9999882970071623,1.1702978672837362e-05
2013-06-10,3.0463070065275007e-10,0.9999991694970769,8.301994547595129e-07
2013-06-11,4.670133791178573e-11,0.9999978542896598,2.1456621739685927e-06
2013-06-12,1.4680250952275344e-11,0.9999751162944575,2.488369009098742e-05
2013-06-13,6.601912778609017e-11,0.9999344232748827,6.557665796758421e-05
2013-06-14,9.9706571430732e-11,0.9999977158867006,2.284013865932528e-06
2013-06-17,8.199036162013884e-11,0.9999886200523139,1.137986723220726e-05
2013-06-18,7.526000336880164e-09,0.9988121065964407,0.001187885876520453
2013-06-19,7.005435253087899e-07,0.9206178084830191,0.07938149097334017
2013-06-20,7.159993299081288e-13,0.21094260928745145,0.7890573907104874
2013-06-21,5.071885760965598e-10,0.9510503123313478,0.04894968716179512
2013-06-24,1.9682972421683387e-10,0.9976165771908044,0.0023834226116515563
2013-06-25,2.3616514426851568e-11,0.9994632625041723,0.0005367374738957431
2013-06-26,5.2695211069572e-12,0.9976230040662667,0.0023769959295201807
2013-06-27,2.1886483437284576e-10,0.9998149626601944,0.00018503712063981892
2013-06-28,3.9427482367161434e-11,0.9999833172560161,1.6682705242406653e-05
2013-07-01,7.47288813432283e-14,0.9999993921448578,6.078565023807898e-07
2013-07-02,4.091256276375571e-13,0.999999735631753,2.643678141139112e-07
2013-07-03,3.319839040477911e-13,0.9999996790102674,3.2098806347421296e-07
2013-07-05,4.390429293736504e-15,0.9999594490400633,4.0550958239246526e-05
2013-07-08,1.5322207230143317e-12,0.9999993187195788,6.812778857277392e-07
2013-07-09,1.4426422283258885e-12,0.9999996941879102,3.058108849618473e-07
2013-07-10,3.693885286605358e-12,0.999999706651622,2.933440466236922e-07
2013-07-11,8.214832675365166e-13,0.9999905918090566,9.408189695385804e-06
2013-07-12,8.044573580541011e-12,0.9999998038183741,1.9617506613028166e-07
2013-07-15,6.6199586058559694e-12,0.9999997649574929,2.3503491848430888e-07
2013-07-16,5.2245058806653285e-12,0.9999997616578469,2.383351942715087e-07
2013-07-17,6.88444015590055e-12,0.9999996856786805,3.143131351673255e-07
2013-07-18,1.2720289864295172e-12,0.9999995922408665,4.077568193346418e-07
2013-07-19,2.2486441071471887e-11,0.9999992947125733,7.052655268797044e-07
2013-07-22,8.453574104937133e-12,0.9999973118756066,2.6881145957954963e-06
2013-07-23,2.7345280676224507e-11,0.9999996637780552,3.361953724220133e-07
2013-07-24,2.1286867780926756e-11,0.9999989350914106,1.064886502778856e-06
2013-07-25,1.2271012680381778e-11,0.9999997484992807,2.514891974927404e-07
2013-07-26,2.4281349616139725e-11,0.9999997726627302,2.2731157167266425e-07
2013-07-29,1.7398361580710998e-11,0.9999996694096445,3.3057416270733295e-07
2013-07-30,1.3671429484203359e-11,0.9999998110470366,1.8893871046750073e-07
2013-07-31,1.2261462080375289e-11,0.9999998047060408,1.9528271990499655e-07
2013-08-01,1.0633191795216341e-13,0.9999990881701315,9.118308076464464e-07
2013-08-02,1.1222483862604199e-11,0.9999996682600436,3.3172827554839016e-07
2013-08-05,1.6192779520751124e-11,0.9999997063969635,2.9358562996423435e-07
2013-08-06,7.822882312900118e-12,0.9999996386287164,3.613621673038008e-07
2013-08-07,5.576178971889487e-12,0.9999997941850082,2.0580924561760804e-07
2013-08-08,2.0193147999191966e-12,0.9999993611238318,6.388743676630084e-07
2013-08-09,4.13904978172754e-12,0.9999998237654082,1.7622972627819576e-07
2013-08-12,2.570301624783635e-12,0.9999991775879351,8.22409644940051e-07
2013-08-13,3.483373985306908e-12,0.9999995271683683,4.728265299042019e-07
2013-08-14,6.724660537919299e-12,0.9999994716382875,5.283565547284636e-07
2013-08-15,1.162008748210867e-12,0.9999172703417973,8.272965591333955e-05
2013-08-16,1.3622312667271733e-12,0.9999995733670404,4.2663147964352727e-07
2013-08-19,9.54765916181115e-13,0.9999995022736914,4.977250712268089e-07
2013-08-20,3.3843506072267103e-13,0.9999997378654714,2.621340769412028e-07
2013-08-21,2.853983863118236e-13,0.9999993206804481,6.793209679747423e-07
2013-08-22,2.819779159036047e-13,0.9999993645980993,6.354026578377518e-07
2013-08-23,8.934831366841567e-13,0.9999995231411276,4.768578675657144e-07
2013-08-26,5.980761203476406e-13,0.9999998094608782,1.9053750747468456e-07
2013-08-27,2.902304958799207e-14,0.999998321736301,1.678263565250982e-06
2013-08-28,2.092955598127597e-14,0.9999997644518139,2.3554787025012504e-07
2013-08-29,3.4981521876402993e-14,0.9999996968145302,3.031867419548356e-07
2013-08-30,4.757434252786265e-14,0.9999997379491449,2.620498581374978e-07
2013-09-03,2.7478507993342705e-15,0.9999991424196235,8.575787279195988e-07
2013-09-04,4.3527130371156845e-14,0.9999995414656183,4.5853511953722726e-07
2013-09-05,9.708043527865544e-14,0.9999992079541197,7.920457951101758e-07
2013-09-06,8.315228443891199e-14,0.9999996988627116,3.0113859469184247e-07
2013-09-09,5.079383883076315e-14,0.9999996761726448,3.2382660840805673e-07
2013-09-10,2.2055760962329368e-13,0.9999995446925041,4.553063865390915e-07
2013-09-11,1.6313502441518531e-12,0.9999997477134775,2.522863727165357e-07
2013-09-12,8.051805216176641e-13,0.9999977138930928,2.286106378491922e-06
2013-09-13,1.1052488226139673e-12,0.9999998321691378,1.678292596438736e-07
2013-09-16,3.6850704800200064e-13,0.9999997415871228,2.584116379632706e-07
2013-09-17,7.127020062079862e-13,0.9999995765102527,4.234906108112869e-07
2013-09-18,8.567383640031876e-14,0.9999195572360638,8.044276337752573e-05
2013-09-19,5.399729032565838e-12,0.9999996387633217,3.612319188792481e-07
2013-09-20,2.0273792005514796e-12,0.9999974817651367,2.518231378887368e-06
2013-09-23,1.3959673266052387e-12,0.999999789910384,2.1008770904050744e-07
2013-09-24,1.435746388578337e-12,0.9999997712511948,2.287466482829557e-07
2013-09-25,1.6910488585303434e-12,0.9999997779341603,2.2206518031062555e-07
2013-09-26,7.372247275195342e-13,0.9999997919039959,2.0809535182592712e-07
2013-09-27,3.03249130726804e-13,0.9999997424020298,2.575993149039059e-07
2013-09-30,1.0848604843706468e-13,0.9999997296072617,2.7039098089014347e-07
2013-10-01,1.661236217427109e-13,0.9999966509114222,3.3490894459035563e-06
2013-10-02,6.619365406783306e-14,0.9999993463609234,6.536373899354457e-07
2013-10-03,8.999261094000062e-14,0.9999993980929496,6.019068433038451e-07
2013-10-04,4.499080903603014e-14,0.999999646617715,3.533806450500071e-07
2013-10-07,2.8393975263370806e-15,0.9999992078486184,7.921525903741199e-07
2013-10-08,1.3118396145455858e-15,0.9999985207698072,1.4792309213408433e-06
2013-10-09,1.1248038008546507e-15,0.9999991155968292,8.844043178601281e-07
2013-10-10,5.809351396794943e-15,0.9999677420419857,3.225795968128976e-05
2013-10-11,2.74968462441594e-13,0.9999994313295044,5.686715400264367e-07
2013-10-14,1.0544563499682665e-13,0.9999997390514522,2.6095014341192277e-07
2013-10-15,1.1216208287999275e-14,0.999999350129867,6.498710916205121e-07
2013-10-16,7.351642787796644e-13,0.999995952371143,4.047628364060213e-06
2013-10-17,1.2793881913528246e-12,0.9999959784262421,4.0215712961063075e-06
2013-10-18,6.8865908820944055e-12,0.9999997186351207,2.8135764680446473e-07
2013-10-21,1.035708993324747e-11,0.9999998029852771,1.9700514802126091e-07
2013-10-22,4.283172628644184e-12,0.9999990985638276,9.014317584602802e-07
2013-10-23,1.160361506038937e-11,0.999999764262639,2.3572544008208245e-07
2013-10-24,4.580873360536e-12,0.9999997439045146,2.560912770373501e-07
2013-10-25,7.871127792543606e-12,0.9999997754348694,2.245587847700288e-07
2013-10-28,7.227552682192828e-12,0.999999813637277,1.8635463854973705e-07
2013-10-29,5.294905784987842e-12,0.999999760471866,2.3952417562177774e-07
2013-10-30,1.130753687310407e-11,0.9999996473962423,3.5259235610403897e-07
2013-10-31,6.907989847565824e-12,0.9999996710030786,3.289897164338514e-07
2013-11-01,1.1773410548340771e-12,0.9999997458399189,2.541596102999425e-07
2013-11-04,2.4987105553752687e-12,0.9999998388775696,1.6111831730362932e-07
2013-11-05,2.8187232933565868e-12,0.9999995246217843,4.7537591980759565e-07
2013-11-06,2.3419987750515017e-12,0.9999998142848371,1.8571295548754135e-07
2013-11-07,1.1935147114094336e-12,0.9999993797248058,6.202730451928722e-07
2013-11-08,1.7668111070582823e-14,0.9999974897104624,2.5102886779390964e-06
2013-11-11,5.088942569113899e-12,0.9999998196690447,1.8032687264109945e-07
2013-11-12,4.096070710352226e-12,0.9999997468694667,2.531279617834985e-07
2013-11-13,2.397670944947544e-12,0.999999729068841,2.7092959336747716e-07
2013-11-14,3.4922371278246595e-12,0.9999996929437219,3.070516360004902e-07
2013-11-15,5.022555512983677e-12,0.9999998163621227,1.836316490518193e-07
2013-11-18,3.0967779034998166e-12,0.9999997290579271,2.709389852389268e-07
2013-11-19,2.3409667129389736e-12,0.9999997366758526,2.6332079837929155e-07
2013-11-20,2.190957650466053e-12,0.999997463768101,2.5362298738785487e-06
2013-11-21,1.972318377520724e-12,0.9999997493833094,2.5061328981697605e-07
2013-11-22,5.207802951077407e-12,0.9999996733241084,3.26671771496832e-07
2013-11-25,4.250340682797063e-12,0.9999998260646104,1.7393258155421013e-07
2013-11-26,4.0483904142984556e-12,0.9999998225539615,1.7744260035018932e-07
2013-11-27,2.522338427001987e-12,0.9999998439270834,1.560699774527997e-07
2013-11-29,1.1852957434050233e-12,0.9999997840532393,2.1594570685687474e-07
2013-12-02,8.590343231862058e-13,0.9999987951603526,1.204838286056707e-06
2013-12-03,7.39290134001837e-13,0.9999998155945092,1.8440615453601989e-07
2013-12-04,1.1383175000735595e-13,0.9999992303640517,7.696341058756546e-07
2013-12-05,4.939607846155539e-13,0.9999996841034361,3.158959398078729e-07
2013-12-06,3.905166473414375e-13,0.9999995330291493,4.669715965162915e-07
2013-12-09,1.1567290074100062e-12,0.9999998017520025,1.9824569951262556e-07
2013-12-10,8.703675282843748e-13,0.9999995619583437,4.380415256333044e-07
2013-12-11,7.93102337332521e-13,0.9999988207935206,1.1792064548611464e-06
2013-12-12,2.180777521535341e-13,0.9999993799285325,6.200722690537408e-07
2013-12-13,8.345311780237507e-14,0.9999998004932621,1.9950799940728088e-07
2013-12-16,1.9271363135744916e-14,0.9999998023631829,1.9763728310760082e-07
2013-12-17,8.339655975815488e-14,0.9999997762861562,2.2371381309913562e-07
2013-12-18,5.126535530743478e-14,0.9999987411182439,1.2588812723581266e-06
2013-12-19,7.732871711197573e-13,0.9999992699706972,7.300302062150167e-07
2013-12-20,8.286782069785156e-13,0.9999992286687548,7.713304087837561e-07
2013-12-23,1.229839383416994e-12,0.9999998193343508,1.8066363471686964e-07
2013-12-24,2.626439405981145e-12,0.9999997603881926,2.3960944139777e-07
2013-12-26,2.502017208909841e-12,0.9999998028033782,1.9719315824943614e-07
2013-12-27,5.1142105811142596e-12,0.999999814466736,1.8552649601802353e-07
2013-12-30,1.4740657628069524e-12,0.9999996310617233,3.6893574408006975e-07
2013-12-31,4.2089645127805713e-13,0.9999997962695696,2.0372874680287195e-07
2014-01-02,5.617894804570623e-13,0.9999991395565366,8.60441094620368e-07
2014-01-03,5.875716037337996e-13,0.9999997925006243,2.0750020135988954e-07
2014-01-06,1.313503051031293e-12,0.9999998395069398,1.6049229546463893e-07
2014-01-07,1.2060495014287928e-12,0.9999997780178338,2.2198193575705087e-07
2014-01-08,2.23692823253877e-12,0.9999998350686065,1.6492749678580877e-07
2014-01-09,2.0858034385129685e-12,0.9999998315579575,1.6844038905137072e-07
2014-01-10,3.1120494978303424e-12,0.9999994875289707,5.12466199820261e-07
2014-01-13,2.1758966106116954e-12,0.9999991280532576,8.719443082081268e-07
2014-01-14,7.181438842014732e-13,0.9999996208863003,3.7911345270622747e-07
2014-01-15,2.180927375137602e-12,0.999999826464788,1.735312732456166e-07
2014-01-16,3.4290028768983444e-12,0.9999998203748125,1.7962301143373474e-07
2014-01-17,4.013554451867923e-12,0.9999997343439089,2.6565220595621725e-07
2014-01-21,1.7119449235781214e-12,0.9999997938503141,2.0614676390899318e-07
2014-01-22,2.1847370441231594e-12,0.9999998419625751,1.5803668992993287e-07
2014-01-23,3.9741673781289295e-13,0.999998662650781,1.33734811169087e-06
2014-01-24,3.156103573495299e-15,0.9999926031760688,7.3968237733383674e-06
2014-01-27,1.1776477026681876e-14,0.9999995384351833,4.6156525320885065e-07
2014-01-28,2.6641243580135966e-14,0.9999998010207689,1.989782325149532e-07
2014-01-29,6.186820616307008e-15,0.9999994311075879,5.688925840997267e-07
2014-01-30,9.805101163408543e-16,0.999997768422634,2.2315786944869e-06
2014-01-31,1.4533944798133318e-15,0.9999996635525006,3.364488065504688e-07
2014-02-03,2.8438068712358413e-18,0.9999768499498098,2.3150048746995288e-05
2014-02-04,2.7282403044219495e-17,0.9999994034917068,5.965100971503169e-07
2014-02-05,3.348628414193369e-17,0.9999993672429083,6.327583344978098e-07
2014-02-06,3.283010681787591e-16,0.9999994280043937,5.719961154733291e-07
2014-02-07,1.1888750188002549e-14,0.9999995390536395,4.609448969661538e-07
2014-02-10,8.401380679141554e-14,0.9999998420789904,1.5792076242749045e-07
2014-02-11,1.7081499720403215e-14,0.999999631116293,3.6888360478557234e-07
2014-02-12,3.338022662078462e-13,0.9999998383537008,1.6164443739057477e-07
2014-02-13,2.654704128186491e-13,0.9999997765844705,2.234137999024621e-07
2014-02-14,3.160155257848006e-13,0.9999997503073558,2.4969248153040293e-07
2014-02-18,6.3378352003752e-13,0.9999998592939036,1.4070574836533434e-07
2014-02-19,2.233976350606734e-13,0.9999996736260606,3.2637297194498633e-07
2014-02-20,5.209305451678874e-14,0.999999784777197,2.1522393204916456e-07
2014-02-21,2.97133226152407e-13,0.9999998503262871,1.4967460816756752e-07
2014-02-24,1.1643981925857252e-13,0.9999997833984032,2.1660201954864093e-07
2014-02-25,8.940584259172101e-13,0.9999998140811104,1.85919535490784e-07
2014-02-26,4.1876245993041445e-13,0.9999998049315953,1.9506828165569127e-07
2014-02-27,3.688617662531698e-13,0.9999997994637143,2.0053519888448053e-07
2014-02-28,4.958538734711125e-13,0.9999998504427025,1.4955617071507326e-07
2014-03-03,2.941197042792007e-14,0.9999991767693905,8.232320435052126e-07
2014-03-04,9.603533943937524e-15,0.999999134259644,8.657413034727281e-07
2014-03-05,6.419923085479946e-13,0.9999998596067697,1.4039318734038124e-07
2014-03-06,1.2387998423787882e-13,0.9999996747283677,3.252716176176047e-07
2014-03-07,4.899957772841228e-13,0.9999998075654916,1.9243373186930506e-07
2014-03-10,5.18420669245386e-13,0.9999998614839665,1.3851513778784158e-07
2014-03-11,3.1415293760831417e-13,0.9999998015337238,1.984662746911398e-07
2014-03-12,2.195861251612069e-13,0.9999997294180869,2.705829496166374e-07
2014-03-13,2.7387220131477537e-14,0.9999995312574546,4.687423312334691e-07
2014-03-14,2.5704215750881045e-15,0.9999997573686709,2.4263079704063183e-07
2014-03-17,1.131038021915526e-14,0.9999996465485935,3.534513510999863e-07
2014-03-18,1.6185246565124675e-13,0.9999997020823219,2.97919056094227e-07
2014-03-19,3.113345648127544e-13,0.9999992884516162,7.115484503872601e-07
2014-03-20,1.3566330232560914e-13,0.9999998367566283,1.63243365483993e-07
2014-03-21,1.7491091265955037e-13,0.9999997828672584,2.1713413740545012e-07
2014-03-24,1.5866624698101283e-13,0.9999995280996904,4.719010537492999e-07
2014-03-25,2.456598553650669e-13,0.9999998463972706,1.536007914210389e-07
2014-03-26,2.5475367295033086e-13,0.9999997364684879,2.6353096304697325e-07
2014-03-27,3.5674919610599356e-13,0.999999826621221,1.7337775363664157e-07
2014-03-28,1.3316695698729198e-13,0.9999998393796106,1.606200050813393e-07
2014-03-31,2.1879549500403177e-13,0.9999997592094877,2.407915994086052e-07
2014-04-01,2.6263876266489134e-12,0.9999997558043404,2.441929311613067e-07
2014-04-02,4.411557562200758e-12,0.9999997488303367,2.5116369741224225e-07
2014-04-03,9.266206499077884e-12,0.9999998059429533,1.940494602345582e-07
2014-04-04,4.612690797941676e-12,0.9999989007307379,1.0992647539945043e-06
2014-04-07,9.958461265257357e-13,0.9999995229592288,4.770392754994383e-07
2014-04-08,6.886171567195489e-13,0.9999997598461339,2.40152598656178e-07
2014-04-09,6.627663324194562e-13,0.9999996679799192,3.320189454429353e-07
2014-04-10,3.1534838788394195e-13,0.9999935558833655,6.4441174864006635e-06
2014-04-11,1.1952333293279602e-13,0.999999597294017,4.02704992153926e-07
2014-04-14,5.105749647545168e-14,0.9999996939332518,3.0606816902148665e-07
2014-04-15,2.799863683360619e-13,0.9999985848672631,1.4151327437757607e-06
2014-04-16,8.730580485605389e-13,0.9999996182742326,3.8172616281546357e-07
2014-04-17,4.911458701081986e-12,0.9999996885126651,3.11483635677776e-07
2014-04-21,6.500097916907389e-12,0.999999812149344,1.878424383965767e-07
2014-04-22,6.9969164359568275e-12,0.9999997730083381,2.269833338413816e-07
2014-04-23,1.0421766495957754e-11,0.9999997989398455,2.0104791898719965e-07
2014-04-24,6.4058048282434935e-12,0.9999998011590121,1.9883513470489865e-07
2014-04-25,6.255926691091644e-12,0.9999995682847861,4.3170821783237656e-07
2014-04-28,2.575772133882726e-12,0.9999998074418003,1.9255444148938247e-07
2014-04-29,3.0988581286722373e-12,0.9999998155690434,1.8442711790653488e-07
2014-04-30,6.49701520105732e-12,0.9999997785562545,2.214369887868718e-07
2014-05-01,2.6303413847559536e-11,0.9999996435327101,3.564407754689633e-07
2014-05-02,3.9004207353669976e-11,0.9999996736042327,3.263579112465457e-07
2014-05-05,1.366581166888116e-11,0.9999996543375034,3.4564882363504643e-07
2014-05-06,2.5920618911203403e-11,0.9999996021943726,3.9778033055586096e-07
2014-05-07,1.148785508961464e-11,0.9999995663239164,4.3366578655104226e-07
2014-05-08,2.641147718081835e-11,0.9999997514824226,2.484920248377673e-07
2014-05-09,3.3294227855723875e-11,0.9999997804298132,2.1953791086661143e-07
2014-05-12,1.4550265654387666e-11,0.9999996068437076,3.9314264168109574e-07
2014-05-13,7.517812102275158e-11,0.9999996688566719,3.3106808083699797e-07
2014-05-14,6.864873116434934e-11,0.9999995074687226,4.924620758476268e-07
2014-05-15,2.941576189407676e-11,0.9999995087965842,4.911748826724177e-07
2014-05-16,4.229945054241268e-11,0.9999997721752412,2.2778300741591085e-07
2014-05-19,3.032836849199912e-11,0.9999997273371636,2.726340728225304e-07
2014-05-20,5.831686599929929e-11,0.9999996708721115,3.29067984665531e-07
2014-05-21,2.5678229825056252e-11,0.9999996748775248,3.2509792877801074e-07
2014-05-22,6.863788994696769e-11,0.9999997633204027,2.366103148686334e-07
2014-05-23,1.2570167611933288e-10,0.9999996655242844,3.343498586676582e-07
2014-05-27,5.306637961980577e-11,0.9999979646111365,2.0353374695333556e-06
2014-05-28,8.702827826801957e-11,0.9999994775718278,5.223402599828743e-07
2014-05-29,6.149930960651079e-11,0.9999997242303305,2.757080391556927e-07
2014-05-30,1.3158192939924174e-10,0.9999997419290927,2.579376502352256e-07
2014-06-02,9.82940986359516e-11,0.9999996728038776,3.2709862239333774e-07
2014-06-03,6.651451785716437e-11,0.9999993565036017,6.434303890086709e-07
2014-06-04,7.429997459746271e-11,0.9999997706727562,2.2925397390503388e-07
2014-06-05,5.686766638911787e-11,0.9999996617480637,3.3819353029122203e-07
2014-06-06,1.6175015876063588e-10,0.9999996975639536,3.022745793895036e-07
2014-06-09,1.6314026331218186e-10,0.9999997325358339,2.6729939171024023e-07
2014-06-10,1.721733960470186e-10,0.999999631269088,3.6855950616117186e-07
2014-06-11,1.5964829714859576e-10,0.9999997018604052,2.979783952728859e-07
2014-06-12,5.333761684363808e-11,0.9999994543178797,5.456304149064142e-07
2014-06-13,5.7923410333670044e-11,0.9999997656341567,2.343079464355957e-07
2014-06-16,5.1613664378288796e-11,0.9999997686063847,2.3134343536371558e-07
2014-06-17,4.850047584350352e-11,0.9999997079176381,2.920353976323587e-07
2014-06-18,2.079836359138529e-10,0.9999991283733995,8.714199817925003e-07
2014-06-19,1.4026924895261919e-11,0.9999475244639194,5.2475522832744494e-05
2014-06-20,2.1014388991822805e-10,0.9999994477513316,5.52039577906957e-07
2014-06-23,1.9584994306604688e-10,0.9999996760525917,3.237528271164094e-07
2014-06-24,7.259751968114508e-11,0.9999996012521364,3.986736666665116e-07
2014-06-25,9.489643225153966e-11,0.9999997197701698,2.8013412114711626e-07
2014-06-26,1.2892598249180536e-10,0.9999997296545554,2.702183185390954e-07
2014-06-27,1.3824288731232285e-10,0.9999997425766527,2.5728337438898463e-07
2014-06-30,1.1868549349791373e-10,0.9999996207262294,3.791552512447308e-07
2014-07-01,1.8469861748620352e-10,0.9999995692233843,4.3059280004036497e-07
2014-07-02,4.5609640049341654e-10,0.9999993794301296,6.201155870523816e-07
2014-07-03,5.717609605328947e-10,0.999999584310076,4.151180007739649e-07
2014-07-07,5.060917827159927e-10,0.9999995780964108,4.213990754479789e-07
2014-07-08,2.4139122506453514e-10,0.9999994448991578,5.548586861381204e-07
2014-07-09,2.7782402098823903e-10,0.9999996375336853,3.621890377362138e-07
2014-07-10,2.552565055292841e-10,0.9999995960716567,4.036739729434842e-07
2014-07-11,2.8968295453793687e-10,0.9999996512270326,3.484848412135675e-07
2014-07-14,1.2627916297279255e-10,0.9999984585641016,1.5413108910134477e-06
2014-07-15,3.6661068495618677e-10,0.9999996075967689,3.9203612858136746e-07
2014-07-16,5.628224334150399e-10,0.9999995663239164,4.3311402707882016e-07
2014-07-17,1.685097247001961e-11,0.9999979818805869,2.0181011789357974e-06
2014-07-18,8.439896724419719e-11,0.9999994066203668,5.932957151430052e-07
2014-07-21,1.8511498518452998e-10,0.9999996977749562,3.020400942229213e-07
2014-07-22,1.9929748048557228e-10,0.9999996579572911,3.4184191693893153e-07
2014-07-23,3.82173995830723e-10,0.9999996939405278,3.0567679458080513e-07
2014-07-24,3.1243983892406655e-10,0.9999995345825656,4.6510500665697813e-07
2014-07-25,1.448610598137493e-10,0.9999993222593299,6.775954602488814e-07
2014-07-28,2.031370825405344e-10,0.9999997232808183,2.765149137847457e-07
2014-07-29,1.3971517654961312e-10,0.9999996786355557,3.2122580708943404e-07
2014-07-30,6.414413525389985e-11,0.9999992156666287,7.842689403377324e-07
2014-07-31,7.86206810869443e-12,0.9999838717803903,1.612820998015e-05
2014-08-01,3.6754163184385546e-12,0.9999993915373157,6.084585408478312e-07
2014-08-04,1.4135013461729238e-11,0.9999995692997817,4.3068626998180755e-07
2014-08-05,8.582086332992945e-12,0.9999992346168456,7.653756986896927e-07
2014-08-06,4.611887570743723e-12,0.9999993421918024,6.578053668339476e-07
2014-08-07,6.437893393255132e-12,0.9999994641949869,5.357994287942628e-07
2014-08-08,2.8558572882907814e-12,0.9999991918160587,8.081806670578122e-07
2014-08-11,7.453068102001145e-11,0.9999996929837397,3.069433414577065e-07
2014-08-12,1.077917082802224e-10,0.9999995766994275,4.2319160681076715e-07
2014-08-13,2.234823731097789e-10,0.9999994206629568,5.7911361218502e-07
2014-08-14,3.920090833308192e-10,0.999999452557099,5.470504511478756e-07
2014-08-15,2.0604240630167388e-10,0.9999994051324343,5.946610431087393e-07
2014-08-18,9.849003887579149e-11,0.9999994745377551,5.253619483882325e-07
2014-08-19,3.090457287513884e-10,0.9999996431143428,3.565769559003119e-07
2014-08-20,6.02392075639901e-10,0.9999996509214425,3.4847746583041874e-07
2014-08-21,5.632431243698686e-10,0.9999993698513374,6.29586002767062e-07
2014-08-22,9.763815596930182e-10,0.9999995776307496,4.213923664621346e-07
2014-08-25,6.034908030050753e-10,0.9999995337021751,4.6569410835009143e-07
2014-08-26,7.186926552693738e-10,0.9999995741637574,4.251160736537361e-07
2014-08-27,7.081574243246865e-10,0.9999995425315457,4.5675964501679095e-07
2014-08-28,6.35204889564425e-10,0.9999995962571935,4.0310689897706996e-07
2014-08-29,5.067418404543769e-10,0.9999996603656321,3.3912763693855475e-07
2014-09-02,2.7850730397524615e-10,0.9999976372083158,2.3625138005335413e-06
2014-09-03,4.655087708243376e-10,0.9999996224579066,3.7707593173045135e-07
2014-09-04,3.275209016867114e-10,0.9999992291380537,7.70535909579551e-07
2014-09-05,3.273643507391187e-10,0.9999996298502768,3.6982319492249623e-07
2014-09-08,3.9066189872087883e-10,0.9999995611470748,4.384614421236157e-07
2014-09-09,2.75938654170395e-10,0.9999994948267524,5.048980720063356e-07
2014-09-10,1.6746280030057019e-10,0.9999996420120355,3.57819458178049e-07
2014-09-11,2.8169487362803683e-10,0.9999996593324466,3.4038683238426734e-07
2014-09-12,3.6811319727647885e-10,0.9999988583301425,1.1413020337623384e-06
2014-09-15,1.034313966891138e-10,0.9999996966908389,3.0320452969736353e-07
2014-09-16,1.156956003903367e-10,0.9999996054612762,3.9442311728244413e-07
2014-09-17,3.00937825695633e-10,0.9999995944018251,4.0529778868494327e-07
2014-09-18,4.1859760551939727e-10,0.9999995872786654,4.1230193034641516e-07
2014-09-19,3.73385222389466e-10,0.9999992719715841,7.276550529281067e-07
2014-09-22,2.3172739514479157e-10,0.999999469048048,5.307194093605835e-07
2014-09-23,4.883487565734151e-11,0.9999995331237368,4.668256637952093e-07
2014-09-24,6.618015221896065e-11,0.9999995708059044,4.29128706985757e-07
2014-09-25,1.0373586749125193e-11,0.999997676592982,2.323397752057586e-06
2014-09-26,1.688522490119003e-11,0.9999995423969404,4.575858517729177e-07
2014-09-29,1.3493260571133197e-11,0.9999995982908229,4.016953224545254e-07
2014-09-30,1.1949818725910346e-11,0.9999994847786601,5.152102579049859e-07
2014-10-01,3.84050527915033e-12,0.9999970588548928,2.9411422803567048e-06
2014-10-02,2.3176186137042392e-11,0.9999993291351051,6.708432834044785e-07
2014-10-03,5.878699891167392e-11,0.9999953379082844,4.662032484564075e-06
2014-10-06,5.4540159796625454e-11,0.9999993054737071,6.944712843425989e-07
2014-10-07,4.5358949885163194e-12,0.9999970072430405,2.9927508486555e-06
2014-10-08,6.22662430625539e-12,0.9999941777047173,5.822290500755886e-06
2014-10-09,5.644492430571259e-12,0.999954320606011,4.567938681536552e-05
2014-10-10,2.974407775932571e-14,0.9999929029651777,7.097034470274504e-06
2014-10-13,4.3072471202533723e-17,0.9999352346586216,6.476534173272942e-05
2014-10-14,7.466326008316708e-16,0.9999917969080285,8.203092114105644e-06
2014-10-15,6.630012403443899e-18,0.9999772844309306,2.2715568691488793e-05
2014-10-16,3.0417254215681832e-18,0.9999749574242509,2.5042574754631948e-05
2014-10-17,2.1821159331192457e-16,0.9999897805404684,1.0219458531674332e-05
2014-10-20,2.904837072931148e-13,0.9999978005313638,2.1994675105514163e-06
2014-10-21,3.20600673016389e-13,0.9999943672532414,5.632744719326604e-06
2014-10-22,7.244809191395276e-12,0.999999085583531,9.144090199507848e-07
2014-10-23,1.7228167031581005e-12,0.9999986848205944,1.3151773674162162e-06
2014-10-24,1.4241348287417829e-11,0.9999993078129259,6.921733393007294e-07
2014-10-27,4.361296127646603e-11,0.9999995752442367,4.247113259751793e-07
2014-10-28,2.6624687294001906e-11,0.9999992167107278,7.832638395030945e-07
2014-10-29,1.0270103062406634e-10,0.9999993172389224,6.826597642179566e-07
2014-10-30,1.044714949867578e-10,0.9999992597006906,7.401960757570528e-07
2014-10-31,5.430844115208581e-11,0.9999958098466344,4.1900987510915915e-06
2014-11-03,1.541703491480229e-10,0.9999996067418442,3.9310224195585145e-07
2014-11-04,1.6427447137438783e-10,0.9999995767321693,4.2310237468054296e-07
2014-11-05,1.0245943985101615e-10,0.9999980730590698,1.9268367613752294e-06
2014-11-06,2.0184593901240957e-10,0.9999995477374909,4.520600300920344e-07
2014-11-07,2.7735525091223235e-10,0.9999952621986634,4.737525561404374e-06
2014-11-10,3.875651722218748e-10,0.9999983222383412,1.6773750528108017e-06
2014-11-11,5.263889427590682e-10,0.9999992742962509,7.251767953844139e-07
2014-11-12,7.903876641158912e-10,0.9999995994367857,3.997737832548333e-07
2014-11-13,3.5393916646809067e-10,0.9999996229599475,3.766851338710163e-07
2014-11-14,2.533501881621828e-10,0.9999976171048925,2.3826412755517414e-06
2014-11-17,2.9606073714405734e-10,0.9999996164079502,3.8329585325388806e-07
2014-11-18,1.885064453732619e-10,0.9999994311730714,5.686395946588701e-07
2014-11-19,3.540938145040385e-10,0.9999993652092795,6.344359680071478e-07
2014-11-20,3.573559610788963e-10,0.9999994502724495,5.493705227673353e-07
2014-11-21,5.9392647779755e-10,0.9999994085775982,5.908302550720882e-07
2014-11-24,8.206410525289063e-10,0.99999960581416,3.9336414295881373e-07
2014-11-25,1.2302143586454686e-09,0.9999994813225821,5.17446865349703e-07
2014-11-26,1.332638528282768e-09,0.999999509124002,4.895417791308691e-07
2014-11-28,3.6379948147378117e-10,0.9999805436165055,1.9456019585460174e-05
2014-12-01,5.041783894358251e-10,0.9994877069707316,0.0005122925264183746
2014-12-02,5.450370460181387e-09,0.999993099363727,6.895186251561262e-06
2014-12-03,8.935845487116333e-09,0.9999987821036624,1.208961278151225e-06
2014-12-04,1.0436673581024797e-08,0.9999989740977786,1.0154657110233259e-06
2014-12-05,1.0982965615339406e-08,0.9999988224451611,1.166572490440018e-06
2014-12-08,2.2057639063901754e-09,0.9999979431652953,2.054629127373064e-06
2014-12-09,6.619618050571077e-10,0.9999970011276165,2.9982092353203687e-06
2014-12-10,3.549070865654067e-11,0.9999921511751994,7.848788378659522e-06
2014-12-11,2.1226396547328812e-12,0.999995437490219,4.5625088018392834e-06
2014-12-12,4.759825153693895e-13,0.9999796875698207,2.0312431184936875e-05
2014-12-15,4.3772906185794566e-12,0.9999715885567428,2.8411437548461116e-05
2014-12-16,8.96299449757984e-15,0.9999667582956132,3.3241702770755824e-05
2014-12-17,8.199598518598584e-14,0.999930559609336,6.944038980357261e-05
2014-12-18,3.729082643489152e-14,0.9999052497694747,9.475023193534533e-05
2014-12-19,3.3859476731301474e-10,0.9999942368797378,5.7627823714345065e-06
2014-12-22,7.306221358428647e-10,0.9999968627356892,3.136533733182191e-06
2014-12-23,4.4312099177318844e-10,0.9999946474961235,5.352059857908322e-06
2014-12-24,2.8803999880937696e-09,0.999999176409231,8.207105778275321e-07
2014-12-26,1.2852239268665341e-09,0.9999979603910897,2.038322754303824e-06
2014-12-29,1.2948058762773796e-09,0.9999985584410228,1.4402629686399274e-06
2014-12-30,6.635979556928246e-10,0.9999979810620433,2.0182728130085688e-06
2014-12-31,2.5860593863637705e-11,0.9999948159191031,5.184053250588619e-06
2015-01-02,9.547094595742582e-10,0.9999931525506116,6.846495616839764e-06
2015-01-05,1.4557764883608526e-11,0.999897964240572,0.00010203574586682598
2015-01-06,5.001858947031302e-12,0.999948195039415,5.1804956526391995e-05
2015-01-07,2.5436263109792907e-11,0.9999747287721213,2.52712012839089e-05
2015-01-08,2.4336638416350558e-11,0.9999767143836772,2.3285590562633753e-05
2015-01-09,8.993892366387058e-10,0.9999930923861319,6.90671354644171e-06
2015-01-12,1.0043887310930995e-10,0.9999907066553356,9.293242469183909e-06
2015-01-13,3.680654907716014e-11,0.9999922083565032,7.791605975872747e-06
2015-01-14,1.1661772699636697e-11,0.9999710152932185,2.8984695981833386e-05
2015-01-15,3.720087132622991e-13,0.9997678014381729,0.00023219856200465047
2015-01-16,1.1372586912674013e-13,0.9998658700128188,0.00013412998793203712
2015-01-20,4.3005979788131006e-11,0.9999693016125962,3.069834366218544e-05
2015-01-21,5.809994284584682e-11,0.9999923015280567,7.698412253737088e-06
2015-01-22,2.9320488193829615e-10,0.999989983781374,1.0015926586819138e-05
2015-01-23,1.7473317008039566e-09,0.9999951079527426,4.890301565108807e-06
2015-01-26,7.3654089616138e-09,0.9999976468198332,2.3458156927309897e-06
2015-01-27,2.415119972300869e-09,0.9999801530325866,1.984455306351842e-05
2015-01-28,1.2715555708610119e-11,0.9999649440866234,3.5055899747878865e-05
2015-01-29,7.753489095804457e-11,0.9999445267893076,5.547313221377561e-05
2015-01-30,3.086264587141744e-12,0.9998670181547258,0.00013298184066131194
2015-02-02,2.1477847449433888e-11,0.9999598351704637,4.0164808073857465e-05
2015-02-03,1.1945505282961021e-11,0.9999655672289137,3.443275748979439e-05
2015-02-04,6.287333044676126e-10,0.9999959194621205,4.079908648772086e-06
2015-02-05,2.403533541197867e-10,0.9999937859440512,6.213814132912494e-06
2015-02-06,1.4283349841887626e-09,0.9999532970642986,4.67015072670731e-05
2015-02-09,5.289629069150486e-10,0.9999945250096782,5.474461806999576e-06
2015-02-10,2.4647296887776745e-10,0.9999945663987374,5.433356325924599e-06
2015-02-11,2.2306981192487385e-09,0.9999969628889366,3.034881668435479e-06
2015-02-12,2.9495109832672517e-09,0.9999971874316078,2.80961776921246e-06
2015-02-13,5.825140495035818e-09,0.9999972424995397,2.751676725485702e-06
2015-02-17,3.5319055143210953e-09,0.9999930746329181,6.921835666056886e-06
2015-02-18,9.826980684929009e-09,0.9999981390118627,1.851161404007494e-06
2015-02-19,1.156726444222587e-08,0.9999980269405024,1.9614917411352633e-06
2015-02-20,1.815351457104858e-08,0.9999977017131677,2.2801318591520314e-06
2015-02-23,1.9185766208072408e-08,0.9999974997621727,2.4810531458675778e-06
2015-02-24,3.352356346516832e-08,0.9999961869689223,3.7795066684336873e-06
2015-02-25,3.892752153850979e-08,0.9999983526154137,1.6084569219602131e-06
2015-02-26,2.5206630653970253e-08,0.9999951392828633,4.835509071672808e-06
2015-02-27,4.188546437457121e-08,0.9999980378289516,1.920284913005173e-06
2015-03-02,8.504288507487532e-09,0.9999948781937035,5.113300719577561e-06
2015-03-03,4.7295863866307984e-08,0.9999979450897821,2.007612614888148e-06
2015-03-04,4.546048021833565e-08,0.9999981232885478,1.8312492325799283e-06
2015-03-05,1.0216538557549508e-07,0.9999858414359621,1.4056398659156128e-05
2015-03-06,4.665965184219572e-08,0.9987701368871711,0.001229816452298527
2015-03-09,3.995311360711609e-08,0.9999688763169166,3.108372830880705e-05
2015-03-10,9.276242391480838e-10,0.999985445403999,1.4553669844006883e-05
2015-03-11,2.6196963755567265e-09,0.9999971570109151,2.840369267357563e-06
2015-03-12,2.405762087014717e-09,0.999994690936997,5.306655874901828e-06
2015-03-13,9.432489997463949e-09,0.9999965993468847,3.3912206344106305e-06
2015-03-16,4.559663502809901e-09,0.999979444448665,2.0550990894822447e-05
2015-03-17,9.669735181949375e-09,0.9999955536467212,4.436683881529318e-06
2015-03-18,2.621465513338441e-08,0.9998914950892113,0.00010847869639876263
2015-03-19,5.296285725296412e-08,0.999995687028992,4.260006898604089e-06
2015-03-20,4.341724356609154e-08,0.9999957000638139,4.256520020277944e-06
2015-03-23,5.5207486508691296e-08,0.9999980336089045,1.911184860073063e-06
2015-03-24,3.811223204407944e-08,0.9999971469664841,2.8149204240348045e-06
2015-03-25,3.103249006344474e-08,0.9999603581454278,3.9610822298091396e-05
2015-03-26,4.778016780258179e-09,0.9999860384115552,1.3956810892154678e-05
2015-03-27,1.0946506283886608e-08,0.9999957631788389,4.225875469535745e-06
2015-03-30,4.211241541577338e-09,0.9999943679590053,5.627828585514344e-06
2015-03-31,1.4646949349053267e-08,0.9999970249053749,2.9604477416053324e-06
2015-04-01,4.450749791544624e-09,0.999995357327725,4.638221321570661e-06
2015-04-02,4.324768455578938e-09,0.9999981528943641,1.842781671691919e-06
2015-04-06,2.2805573282931895e-09,0.9999974665693375,2.531150302985617e-06
2015-04-07,8.284483803986103e-09,0.9999983706452071,1.6210718014530071e-06
2015-04-08,1.3921262365924204e-08,0.9999987031814495,1.2828964681355589e-06
2015-04-09,1.1395661648690205e-08,0.9999978273504849,2.161255327442155e-06
2015-04-10,2.741931439861742e-08,0.9999979671286127,2.0054522108205905e-06
2015-04-13,2.1766389655398462e-08,0.9999985105252741,1.467708969637376e-06
2015-04-14,1.996615401699299e-08,0.9999982870555078,1.6929799364083334e-06
2015-04-15,2.591785286827197e-08,0.9999984073050605,1.5667766246043075e-06
2015-04-16,4.078188630367598e-08,0.999998608263072,1.3509554850654306e-06
2015-04-17,9.39994453507734e-09,0.9999960649916034,3.925609259954588e-06
2015-04-20,6.5929839440868445e-09,0.9999978376132008,2.1557933198690124e-06
2015-04-21,2.6724625480306852e-08,0.9999982767236657,1.6965529578584631e-06
2015-04-22,1.1508469806480668e-08,0.9999964904007097,3.49809124575147e-06
2015-04-23,4.3084314911985185e-08,0.9999983890424362,1.56787474034606e-06
2015-04-24,3.397826762496629e-08,0.9999970834802991,2.8825414261046844e-06
2015-04-27,2.5239738250907533e-08,0.999993453660463,6.52109996933945e-06
2015-04-28,1.420044972734123e-08,0.9999957665257652,4.219271993540724e-06
2015-04-29,3.191972112617704e-08,0.9999959662572521,4.001822103185821e-06
2015-04-30,9.561054743137745e-09,0.9999949613538386,5.029086364172992e-06
2015-05-01,7.236410603691178e-10,0.9999982435999263,1.7556755408239502e-06
2015-05-04,2.9787618562915733e-09,0.9999985059487037,1.4910737114503963e-06
2015-05-05,4.424478528915408e-09,0.9999967760974995,3.2194791390153877e-06
2015-05-06,1.1615385994339844e-09,0.9999937945114381,6.204326237363038e-06
2015-05-07,8.759513952348361e-10,0.9999965225421402,3.4765823225356695e-06
2015-05-08,2.607960534669158e-09,0.9999964851802284,3.5122105773896726e-06
2015-05-11,2.6900600421221508e-09,0.9999667668300278,3.323048049924118e-05
2015-05-12,4.0985312884965e-09,0.999998758223999,1.237675709085055e-06
2015-05-13,1.4989091709135066e-09,0.9999965597003272,3.4388008518623607e-06
2015-05-14,3.7155005770299604e-09,0.9999982317328604,1.764551372258529e-06
2015-05-15,5.758077956834342e-09,0.9999955034246483,4.4908167524230236e-06
2015-05-18,2.168101736668496e-09,0.9999976183672682,2.3794642337051664e-06
2015-05-19,6.1080025027321684e-09,0.9999985680052553,1.4258884310169727e-06
2015-05-20,8.064903031086882e-09,0.9999992772066318,7.147298923448873e-07
2015-05-21,9.109997139758444e-09,0.9999976936368733,2.2972514005855174e-06
2015-05-22,1.3439452622449289e-08,0.9999991621883836,8.243715430980658e-07
2015-05-26,4.087247448629109e-10,0.9999947827772886,5.216814230120329e-06
2015-05-27,2.8322818751710033e-09,0.9999985754012557,1.4217652931808702e-06
2015-05-28,5.892257372261869e-09,0.9999992411106329,7.52996259615383e-07
2015-05-29,4.752954900757123e-09,0.9999990233559624,9.718907776178824e-07
2015-06-01,8.56729262282104e-10,0.9999990890687115,9.100756753554988e-07
2015-06-02,7.499448016977466e-10,0.999997921035516,2.0782151149395584e-06
2015-06-03,7.160793793308051e-10,0.999998328924935,1.6703588827198995e-06
2015-06-04,4.235547966078105e-10,0.9999985150399991,1.4845367610401877e-06
2015-06-05,1.2440867644187118e-09,0.9999986163648396,1.382389265772664e-06
2015-06-08,7.496751459485752e-10,0.9999990129768189,9.86275060616484e-07
2015-06-09,8.232402324220681e-10,0.9999991470325768,8.521423902758726e-07
2015-06-10,2.2738759301176985e-10,0.9999983530665224,1.646705392387937e-06
2015-06-11,1.9358311173628075e-09,0.999992779329353,7.218736403328237e-06
2015-06-12,2.900872268851369e-09,0.9999989134163562,1.0836844172491287e-06
2015-06-15,5.65192754256076e-10,0.9999992301166692,7.693167254538203e-07
2015-06-16,6.00068296833472e-10,0.9999987959934488,1.2034056971018686e-06
2015-06-17,5.802906912864214e-10,0.999999159736388,8.396819123380996e-07
2015-06-18,4.245719805859066e-10,0.9999984345571168,1.5650199081344013e-06
2015-06-19,1.1246683995766187e-09,0.9999989435788061,1.0552967850784469e-06
2015-06-22,5.720513465580279e-10,0.9999965910086656,3.4084176667318426e-06
2015-06-23,5.244950795954895e-09,0.9999992541163973,7.406394413436371e-07
2015-06-24,2.3066068090440326e-09,0.9999990514520456,9.462418227016968e-07
2015-06-25,2.0364456295492917e-09,0.9999992861378634,7.118259503138791e-07
2015-06-26,1.165171192479273e-09,0.9999984284962535,1.570338380940428e-06
2015-06-29,1.422235595322642e-13,0.9999503943152759,4.9605685168106974e-05
2015-06-30,1.1202698976787105e-11,0.9999982013776193,1.798611313038985e-06
2015-07-01,2.8953044494193555e-11,0.9999984312902169,1.568682209925567e-06
2015-07-02,1.3303700553004016e-10,0.9999992133456,7.86521457558474e-07
2015-07-06,5.187069611729386e-11,0.9999972320512934,2.767896253079107e-06
2015-07-07,1.742519508076738e-10,0.9999963010482333,3.6987790200503313e-06
2015-07-08,2.8880321669773895e-12,0.999988657985088,1.1342011509620762e-05
2015-07-09,2.016923464950031e-13,0.9999860509296655,1.3949069172441507e-05
2015-07-10,1.9561479795016255e-12,0.9999962677062814,3.732291197869409e-06
2015-07-13,5.19262862680048e-10,0.9999986834199743,1.3160620367952031e-06
2015-07-14,2.5058504844886353e-09,0.999999280993765,7.165013086993394e-07
2015-07-15,2.7754986206589257e-09,0.9999989671456082,1.0300784067293262e-06
2015-07-16,5.325623815851123e-09,0.9999983914471363,1.603225528597863e-06
2015-07-17,6.354525393494962e-09,0.9999990102337857,9.834130265431086e-07
2015-07-20,2.8297466012166535e-09,0.999995751144456,4.246027609708789e-06
2015-07-21,6.784362790461934e-09,0.9999992054366403,7.877786023701502e-07
2015-07-22,6.5783211565516824e-09,0.9999992111409867,7.822808124103274e-07
2015-07-23,2.908748974857988e-09,0.9999987581767052,1.2389156847606303e-06
2015-07-24,2.856408287776322e-09,0.9999975088170793,2.488325514295608e-06
2015-07-27,5.296493515841164e-10,0.9999991327025906,8.667685335545025e-07
2015-07-28,3.415311646060785e-10,0.999998648961085,1.3506986802823425e-06
2015-07-29,2.579586504753388e-09,0.9999992541273112,7.432935122138064e-07
2015-07-30,5.623140082546838e-09,0.9999989882931575,1.0060840849154546e-06
2015-07-31,7.216478463878292e-09,0.9999991261615103,8.666234095663094e-07
2015-08-03,3.589478021121879e-09,0.9999988684691778,1.1279405010859367e-06
2015-08-04,4.169861491004895e-09,0.9999989449357708,1.0508937785229074e-06
2015-08-05,3.3492526846449237e-09,0.9999992665801035,7.300702436980387e-07
2015-08-06,1.9497241879323475e-09,0.9999988264032774,1.1716484445672956e-06
2015-08-07,2.3572988065655105e-09,0.9999988780079475,1.1196352162895996e-06
2015-08-10,2.772536716665621e-10,0.9999975390595223,2.46066483299401e-06
2015-08-11,9.520661308688109e-10,0.9999980547127783,1.9443340276248147e-06
2015-08-12,1.2882317885029157e-09,0.9999985749646989,1.4237464054723565e-06
2015-08-13,3.089203632571811e-09,0.9999992824744214,7.144353870430199e-07
2015-08-14,3.876859303440661e-09,0.9999993475141619,6.486072025631587e-07
2015-08-17,3.7225394359351553e-09,0.9999988694368791,1.126839215932877e-06
2015-08-18,3.5549704521399365e-08,0.9999534617006297,4.6502750188356554e-05
2015-08-19,3.56075200810776e-07,0.994287824663091,0.005711819262891674
2015-08-20,2.929613469918636e-09,0.6078450632510113,0.39215493381775096
2015-08-21,8.6531012064204655e-19,0.0004998038166266654,0.9995001961841785
2015-08-24,2.4280310851447385e-44,5.649902584574018e-16,1.0
2015-08-25,1.9020054853312265e-31,6.790549876608531e-10,0.999999999319698
2015-08-26,1.389411441135328e-34,1.6153610324846926e-11,0.9999999999854481
2015-08-27,4.979205288365986e-20,2.6667574113214717e-06,0.999997333241399
2015-08-28,6.063984277969659e-15,0.00033982518535816277,0.9996601748142202
2015-08-31,7.795232194077176e-18,6.688353698285299e-05,0.9999331164612082
2015-09-01,4.626898990888744e-23,1.870021346053251e-08,0.9999999813007892
2015-09-02,1.2083208378651327e-17,5.09075711592435e-05,0.9999490924281281
2015-09-03,3.5674774656548994e-13,0.001059918171800119,0.9989400818294811
2015-09-04,7.18838713283623e-16,0.0015016990278993573,0.9984983009716221
2015-09-08,1.954737862711248e-18,0.005510120158325898,0.994489879840572
2015-09-09,2.654490203032892e-13,0.22135127597043472,0.7786487240301344
2015-09-10,1.127871988995556e-12,0.7585172576260273,0.24148274237437392
2015-09-11,1.5087417092747476e-11,0.9474066470625925,0.052593352922059786
2015-09-14,1.0499767958076185e-12,0.9865636641090001,0.013436335888834564
2015-09-15,1.9302739204593533e-14,0.9942164311054108,0.00578356889320288
2015-09-16,1.1839910975476364e-12,0.9992882368626304,0.0007117631371341362
2015-09-17,3.903825418478175e-12,0.9999186861524781,8.131384505974135e-05
2015-09-18,1.8583736608884598e-13,0.9999122181293183,8.778186913373341e-05
2015-09-21,2.5779304062397476e-12,0.9999478183099182,5.218168829944924e-05
2015-09-22,6.996307128388815e-13,0.9996884820259603,0.0003115179748109446
2015-09-23,1.5298651175432734e-11,0.9985937246884357,0.001406275294835185
2015-09-24,1.1979406385589701e-12,0.9808050752740182,0.01919492472563844
2015-09-25,1.0541673628600052e-11,0.9371931808798087,0.06280681910991098
2015-09-28,1.326707725101718e-17,0.738315022640354,0.26168497735877133
2015-09-29,3.1283990400618237e-15,0.7475627416064373,0.25243725839510184
2015-09-30,2.877320143303378e-15,0.763020375811627,0.23697962418696059
2015-10-01,1.0835003897762992e-10,0.951524168601505,0.048475831290038615
2015-10-02,7.083055220669421e-12,0.9715542452715914,0.028445754722493215
2015-10-05,7.895555188968858e-12,0.9939992475323908,0.006000752459052119
2015-10-06,4.781407394766962e-10,0.9998197519010961,0.0001802476225554217
2015-10-07,5.943387201148444e-11,0.9999918595753393,8.140365420371263e-06
2015-10-08,9.12894539288685e-11,0.9999965697483901,3.4301620862902203e-06
2015-10-09,4.2881566907047845e-10,0.999996854623022,3.1449498095058475e-06
2015-10-12,1.8173801492013414e-09,0.9999983060420868,1.6921419260897405e-06
2015-10-13,5.444832307622579e-10,0.999997411312219,2.5881428020118105e-06
2015-10-14,1.6789636588490394e-10,0.9999942169073495,5.782926075679766e-06
2015-10-15,1.9032848798978097e-10,0.9999928358049298,7.164005763070445e-06
2015-10-16,4.024149157440609e-09,0.9999984807848421,1.515192663145962e-06
2015-10-19,5.714741551477818e-09,0.9999988508250007,1.1434606316655428e-06
2015-10-20,2.5058275538996924e-09,0.9999980112062753,1.986288604523995e-06
2015-10-21,9.372977113800251e-10,0.9999972179323368,2.7811296575171253e-06
2015-10-22,1.5841718751760713e-09,0.9999886254946683,1.1372921514937004e-05
2015-10-23,1.2954733048081824e-09,0.9999976049504344,2.393752782258789e-06
2015-10-26,4.712143340425912e-09,0.9999986932970739,1.3019890422441992e-06
2015-10-27,4.5089336801892655e-09,0.9999987817107612,1.2137795807399665e-06
2015-10-28,2.410406319666595e-09,0.9999970591495682,2.9384403868466144e-06
2015-10-29,5.304567076168847e-09,0.9999958128370404,4.1818602079578425e-06
2015-10-30,5.303470760168176e-09,0.9999985109982107,1.4836986707827143e-06
2015-11-02,2.438761039827787e-09,0.9999971862310781,2.8113306770643308e-06
2015-11-03,4.838341403297215e-09,0.9999978382462078,2.1569140934836052e-06
2015-11-04,4.45337826982214e-09,0.9999985162987379,1.4792481049363017e-06
2015-11-05,6.25498094766351e-09,0.9999987970193575,1.1967250491597591e-06
2015-11-06,6.995449571743406e-09,0.9999957338823201,4.259121598989572e-06
2015-11-09,2.950083004048996e-09,0.9999945847849826,5.4122651998021e-06
2015-11-10,4.146623788078831e-09,0.9999987257659928,1.2700863667053224e-06
2015-11-11,3.1620586802488044e-09,0.9999984001964612,1.596641152043821e-06
2015-11-12,2.4394734514165156e-10,0.999991975647753,8.024107910160384e-06
2015-11-13,2.7665436607582305e-11,0.999991800516874,8.199455775960085e-06
2015-11-16,2.0092047067959832e-11,0.999986301393768,1.3698584810833994e-05
2015-11-17,1.110157416088132e-10,0.999995481102111,4.518788277520906e-06
2015-11-18,1.4584848450692365e-10,0.9999861224586096,1.3877395948266937e-05
2015-11-19,7.051304819757696e-10,0.9999975290514672,2.4702445885164284e-06
2015-11-20,2.6328461916922935e-09,0.9999987099735471,1.2873927913881289e-06
2015-11-23,3.5513236630757514e-09,0.9999986036064656,1.3928421548428855e-06
2015-11-24,1.966765823405281e-09,0.9999985933219139,1.4047126488455422e-06
2015-11-25,5.167574879722151e-09,0.9999988258139255,1.1690184774274788e-06
2015-11-27,4.750259926371346e-09,0.9999983994615907,1.5957868113208183e-06
2015-11-30,6.517603148419852e-09,0.9999937865443139,6.20693693807989e-06
2015-12-01,3.250654424501157e-07,0.9996346471423521,0.0003650277919906025
2015-12-02,1.6468226342455557e-06,0.9965399742828677,0.0034583788945037994
2015-12-03,3.7051195048122907e-09,0.9409999120242126,0.05900008426981817
2015-12-04,1.6483648757508304e-07,0.9611821479040259,0.038817687258782985
2015-12-07,5.365279203307636e-07,0.9985913686053073,0.0014080948685690573
2015-12-08,1.8578558369838168e-08,0.999950094782643,4.9886639891192086e-05
2015-12-09,4.838254695060051e-10,0.9999859270909641,1.4072426822095147e-05
2015-12-10,5.846007421954233e-10,0.9999606471859791,3.935222964877128e-05
2015-12-11,4.187304634744882e-14,0.9991654671865442,0.0008345328122179469
2015-12-14,9.008478881091903e-13,0.9995776126835492,0.0004223873151576776
2015-12-15,6.353812517347074e-12,0.9998876020270044,0.00011239796543792668
2015-12-16,1.484131741718037e-10,0.9999306270782458,6.93727719475629e-05
2015-12-17,1.8161657833886345e-10,0.9998278363062294,0.00017216351385511877
2015-12-18,4.4647030436916477e-11,0.9997212544580715,0.00027874549840355655
2015-12-21,2.099305434852315e-10,0.9999726714473514,2.7328342180084197e-05
2015-12-22,1.4832208168688243e-09,0.9999946228198457,5.375696216345886e-06
2015-12-23,2.0376150233886566e-09,0.999994413280691,5.584680358998542e-06
2015-12-24,1.3660932762173964e-08,0.9999973272132842,2.659126967678888e-06
2015-12-28,5.610913471921706e-09,0.9999969930949834,3.0012934300577237e-06
2015-12-29,4.444605194130973e-10,0.9999912139341528,8.785621615720813e-06
2015-12-30,9.036059812635195e-09,0.9999841667175327,1.582424807399648e-05
2015-12-31,2.2928659791771883e-08,0.9996617287882377,0.000338248282288058
2016-01-04,2.2517366007483615e-09,0.9928027245406622,0.007197273209343843
2016-01-05,2.1874451354879484e-07,0.9792276510204273,0.0207721302340194
2016-01-06,7.062060543845642e-08,0.7141478511578948,0.28585207822193753
2016-01-07,1.5612312507575481e-12,0.007527172152862249,0.9924728278441669
2016-01-08,2.7135793619827574e-13,0.0022062938640811354,0.9977937061366458
2016-01-11,6.938687217632824e-11,0.0014039052793243646,0.998596094651059
2016-01-12,7.775192233228595e-10,0.0004811956500746621,0.9995188035725829
2016-01-13,4.139934251190287e-13,1.5157523211452451e-05,0.9999848424761767
2016-01-14,3.6390214326051423e-13,1.1584527964785163e-05,0.9999884154729247
2016-01-15,3.687796885396121e-15,4.03689824178976e-06,0.9999959631031371
2016-01-19,1.125055273846285e-12,7.037276324463501e-05,0.9999296272350855
2016-01-20,6.4100780101584275e-15,1.448757087918446e-05,0.9999855124291472
2016-01-21,2.765795877365022e-14,4.241073299445148e-05,0.99995758926603
2016-01-22,6.318796557276681e-12,8.50828714560509e-05,0.9999149171234974
2016-01-25,9.559549081589259e-11,0.0004941683704918695,0.999505831532565
2016-01-26,9.690929000928807e-11,0.0013492244127908538,0.9986507754913908
2016-01-27,3.934166055142826e-09,0.0023893169769017976,0.9976106790892102
2016-01-28,5.104834124371365e-09,0.0025391872920326104,0.9974608076019421
2016-01-29,9.767874057606474e-11,0.0012824223527038204,0.9987175775478868
2016-02-01,2.1546727751299174e-06,0.006401720884002011,0.9935961244430535
2016-02-02,3.062580724010314e-09,0.005952005876648041,0.9940479910602448
2016-02-03,1.1746558860649188e-08,0.006330556053712066,0.9936694322005789
2016-02-04,5.705306233570971e-08,0.005094350505605588,0.9949055924421303
2016-02-05,2.4777652138239474e-10,0.0002590377559038222,0.9997409619967261
2016-02-08,3.0535381431671267e-13,2.5457905933784784e-05,0.999974542093974
2016-02-09,1.751970993478711e-12,3.8069012853638493e-05,0.9999619309862772
2016-02-10,1.8927427553114433e-12,3.1655020198964796e-05,0.9999683449776868
2016-02-11,4.731563120373832e-18,4.964538392319694e-08,0.9999999503561424
2016-02-12,4.703991683173195e-16,5.2704487259778555e-06,0.9999947295502998
2016-02-16,9.785823853094599e-14,0.0004295339803357461,0.9995704660202083
2016-02-17,1.9352405604355999e-10,0.10523881913220352,0.8947611806733243
2016-02-18,2.291431279209413e-08,0.3953033561566045,0.604696620927675
2016-02-19,8.642805433411856e-07,0.7688249190259068,0.2311742166919819
2016-02-22,4.513520968526284e-08,0.8163620443159718,0.1836379105491545
2016-02-23,4.9457537457079115e-08,0.9032824225569479,0.09671752798677635
2016-02-24,3.016997163728116e-08,0.98097206958094,0.019027900250884765
2016-02-25,2.514592841549049e-08,0.9937922880481552,0.006207686806890435
2016-02-26,2.083221375337e-08,0.998212516467303,0.0017874627016616726
2016-02-29,2.3587904709233438e-09,0.998803449750723,0.0011965478893342374
2016-03-01,3.367737687396186e-11,0.9985894410837342,0.001410558881515088
2016-03-02,1.0039578202214722e-07,0.9998863815793951,0.00011351802660293975
2016-03-03,4.301579933328716e-08,0.9999719021161904,2.805486776729817e-05
2016-03-04,3.5097534037345985e-08,0.9999914621658486,8.50273841707853e-06
2016-03-07,2.9382149235260062e-08,0.9999914825456321,8.488071792869696e-06
2016-03-08,5.3980976603572685e-09,0.9999762144862231,2.378011444953336e-05
2016-03-09,6.2983354568307985e-09,0.9999819674692548,1.8026231302789473e-05
2016-03-10,7.378831787136223e-09,0.9999628643946937,3.712822812349157e-05
2016-03-11,3.76488840352964e-09,0.9998997651235026,0.00010023111077538696
2016-03-14,6.624155793586341e-08,0.9999839582974106,1.597546090180988e-05
2016-03-15,1.288289700776082e-07,0.99999252285737,7.348312821239165e-06
2016-03-16,3.752664829316787e-07,0.9999750190173295,2.4605714701960177e-05
2016-03-17,1.2551974949194783e-06,0.9999903954000859,8.349401819433862e-06
2016-03-18,2.004586394578414e-06,0.9999930312976155,4.964114550287099e-06
2016-03-21,2.187364288283916e-06,0.9999924544966237,5.358140395963979e-06
2016-03-22,1.8458829537851844e-06,0.9999927909053181,5.363212752934395e-06
2016-03-23,7.027153859187334e-07,0.9999656231754649,3.367410764212537e-05
2016-03-24,1.341885781551473e-06,0.9999934480907539,5.2100230810739725e-06
2016-03-28,1.6595518808259773e-06,0.9999924905159807,5.8499314952171565e-06
2016-03-29,2.2602775394957266e-06,0.9999581751669429,3.956455598812938e-05
2016-03-30,2.5085261280652437e-06,0.9999868711190728,1.0620356588072167e-05
2016-03-31,3.0237267063522827e-06,0.9999913652436494,5.611031058898171e-06
2016-04-01,2.731739915407382e-06,0.9999909951225879,6.273137993106592e-06
2016-04-04,1.7893471464261108e-06,0.9999934299846521,4.7806670205664304e-06
2016-04-05,4.1770568097822374e-07,0.9999818861910013,1.7696102806882153e-05
2016-04-06,1.4566921512876223e-07,0.9999892220983946,1.0632233605811418e-05
2016-04-07,4.812813746506732e-08,0.9999706773675812,2.9274504373033727e-05
2016-04-08,1.1681629522855326e-07,0.9999939809821781,5.902202638923239e-06
2016-04-11,1.0400839953597164e-07,0.9999892376178451,1.0658373004800387e-05
2016-04-12,2.336426755961183e-07,0.9999921258041347,7.640554790435046e-06
2016-04-13,1.1931724406678447e-06,0.999982882772274,1.5924056976881077e-05
2016-04-14,2.5906247457930207e-06,0.9999910318876714,6.377488340090816e-06
2016-04-15,3.7574193427503152e-06,0.9999906591874305,5.5833944759770205e-06
2016-04-18,4.2475932258700545e-06,0.9999908857950394,4.866610837057175e-06
2016-04-19,5.147353720070895e-06,0.9999856276459115,9.224999157770652e-06
2016-04-20,6.286627631611658e-06,0.9999871552633554,6.5581080140483525e-06
2016-04-21,7.140350718519249e-06,0.9999840403216063,8.819326990826028e-06
2016-04-22,6.8371721783707845e-06,0.9999878518293668,5.310997874448113e-06
2016-04-25,5.7456949878609756e-06,0.9999893715813438,4.882722684019563e-06
2016-04-26,4.270757334399463e-06,0.9999911705916551,4.558651435526397e-06
2016-04-27,2.9363687553212345e-06,0.9999894543990545,7.609233079754022e-06
2016-04-28,9.67539087072439e-07,0.9999656826070833,3.3349855526122366e-05
2016-04-29,2.880152682451939e-07,0.9999750323720162,2.467961394105309e-05
2016-05-02,1.027140695379937e-07,0.9999921035289661,7.79375626505095e-06
2016-05-03,7.550610202608611e-08,0.9999904391027066,9.48539045113487e-06
2016-05-04,1.1260712233189505e-07,0.9999936162479607,6.271143235373387e-06
2016-05-05,1.513948174769768e-07,0.999994436443573,5.412162722448105e-06
2016-05-06,2.1806711715246717e-07,0.9999934371114059,6.344820443999466e-06
2016-05-09,2.817129544376912e-07,0.9999856461556818,1.4072129871774706e-05
2016-05-10,3.817850149692079e-07,0.9999869692122503,1.2649003739161474e-05
2016-05-11,4.844318146474991e-07,0.9999876165350596,1.1899032743997628e-05
2016-05-12,5.061242944708872e-07,0.9999946652348135,4.828641874273542e-06
2016-05-13,2.4961981110410277e-07,0.9999912421209654,8.508258168867815e-06
2016-05-16,9.470785966996438e-08,0.9999919573052113,7.947988742306793e-06
2016-05-17,1.866850597303706e-07,0.9999889015523121,1.0911762072521381e-05
2016-05-18,1.097639287566408e-07,0.9999802869584893,1.960327619970843e-05
2016-05-19,2.1258585561226694e-07,0.9999939907027989,5.796712072891764e-06
2016-05-20,6.486657349084872e-07,0.9999936649419974,5.686392655689981e-06
2016-05-23,1.955119649933032e-06,0.9999926561810293,5.388699776148533e-06
2016-05-24,6.103087165183701e-06,0.999962419075431,3.147783891913977e-05
2016-05-25,3.8394482061210284e-05,0.9999554210704007,6.184447638449735e-06
2016-05-26,9.770741328864174e-05,0.9998977167195933,4.575867915189181e-06
2016-05-27,0.0001488870346503007,0.9998461732848393,4.939680771577328e-06
2016-05-31,0.00019903219782958046,0.9997962625919866,4.7052094459032435e-06
2016-06-01,0.00025497424529073145,0.9997375186347768,7.5071195201443464e-06
2016-06-02,0.0002795999465678644,0.9997052286214629,1.5171432734048924e-05
2016-06-03,0.0002808162639752387,0.9996127648971519,0.00010641883731378779
2016-06-06,0.00027820309250812516,0.9997087033097249,1.3093598875276025e-05
2016-06-07,0.0002668732408260926,0.9997259887135529,7.138044770860182e-06
2016-06-08,0.00023116650795023717,0.9997532517311168,1.5581762550383154e-05
2016-06-09,0.00016238946854975182,0.9998266703972202,1.0940134837734025e-05
2016-06-10,4.245325732930286e-05,0.9999242501714236,3.3296569827316904e-05
2016-06-13,2.1117478350416896e-07,0.9999131582391954,8.663058487846531e-05
2016-06-14,5.65400385277917e-09,0.9999309073832952,6.908696093296813e-05
2016-06-15,6.257515115337573e-09,0.9998756923121177,0.00012430143158256743
2016-06-16,2.9652385000414712e-08,0.9995778935478362,0.0004220767999037121
2016-06-17,5.030919582903137e-08,0.9984497070425633,0.0015502426494905747
2016-06-20,3.0317514114873824e-07,0.9958238642964161,0.0041758325301735665
2016-06-21,1.8707151409510537e-06,0.9805704387266815,0.019427690559257256
2016-06-22,5.27813601233198e-07,0.9269069335195954,0.07309253866524051
2016-06-23,8.427922961070236e-06,0.7257863434234946,0.27420522865358654
2016-06-24,4.968577440764876e-21,5.532998604482779e-08,0.9999999446699819
2016-06-27,3.9565165479454084e-11,7.384457774289543e-05,0.9999261553839288
2016-06-28,3.9968268210180046e-05,0.001067394756634576,0.9988926369749025
2016-06-29,0.0197865903689544,0.005398410712015015,0.9748149989173904
2016-06-30,0.513570805850502,0.006177539593401435,0.4802516545572208
2016-07-01,0.9384469381622758,0.003678082691390654,0.05787497914533728
2016-07-05,0.9889832396952561,0.0024253022399953836,0.00859145806395615
2016-07-06,0.9984704697147087,0.0010896848344996457,0.00043984545249653976
2016-07-07,0.999607457431799,0.00037439892079687323,1.814364702206181e-05
2016-07-08,0.9998411382145549,0.00012129712352125104,3.7564660584852215e-05
2016-07-11,0.9999325510481414,6.0036825223869604e-05,7.412127319738768e-06
2016-07-12,0.9999143499710036,3.703814549498549e-05,4.861188434460201e-05
2016-07-13,0.999985851454814,9.133424858548567e-06,5.015120029193398e-06
2016-07-14,0.9999860045533597,3.781321746026728e-06,1.0214123268169678e-05
2016-07-15,0.999997149407561,6.638865598434038e-07,2.1867046599521216e-06
2016-07-18,0.9999985420082963,1.5400156937358428e-07,1.3039897646117213e-06
2016-07-19,0.9999985833284003,7.418883531481603e-08,1.3424838680920763e-06
2016-07-20,0.9999965178819056,9.831507553787604e-08,3.3838013860692583e-06
2016-07-21,0.9999960056636803,7.309583428190832e-08,3.921239755006615e-06
2016-07-22,0.9999980713019295,6.994654697273059e-08,1.8587513730339798e-06
2016-07-25,0.9999983213615897,7.148489051803633e-08,1.6071525665216706e-06
2016-07-26,0.9999984261752267,7.11598436396496e-08,1.5026659315508224e-06
2016-07-27,0.9999938995647057,8.233144726925203e-08,6.018102736674956e-06
2016-07-28,0.9999985623336545,6.782378924551991e-08,1.3698432309045758e-06
2016-07-29,0.9999979553306715,5.040348166532645e-08,1.9942659842568767e-06
2016-08-01,0.9999967721503052,6.455087458572776e-08,3.1632970253604896e-06
2016-08-02,0.9999914335533899,6.204433522316067e-08,8.50440180239061e-06
2016-08-03,0.9999983096582317,7.142421081726184e-08,1.6189167767137294e-06
2016-08-04,0.9999982320057083,7.487919342391625e-08,1.6931143462934695e-06
2016-08-05,0.9999863279470119,1.7961303467045056e-07,1.3492441345430873e-05
2016-08-08,0.9999987772360528,6.04365249422421e-08,1.1623256268321951e-06
2016-08-09,0.9999981385462023,4.9440801281455706e-08,1.8120130970742047e-06
2016-08-10,0.9999985940458707,5.172994511289926e-08,1.3542229857478915e-06
2016-08-11,0.9999973001213287,8.553568715440171e-08,2.6143436868629135e-06
2016-08-12,0.9999980847405974,6.61689239340815e-08,1.8490901161463278e-06
2016-08-15,0.9999972542465408,7.474965220829284e-08,2.6710046298235054e-06
2016-08-16,0.9999979665210715,4.9748419182574485e-08,1.983730135928932e-06
2016-08-17,0.9999985787518294,4.847762670447027e-08,1.372771232312069e-06
2016-08-18,0.9999988340393859,4.161779144341402e-08,1.124341735352706e-06
2016-08-19,0.9999983374559811,5.085944243467664e-08,1.6116827685910263e-06
2016-08-22,0.9999981325326346,6.017298656768534e-08,1.807295759889684e-06
2016-08-23,0.9999987600830038,5.754811517906813e-08,1.182367161712822e-06
2016-08-24,0.9999971349029809,8.210229317553125e-08,2.7829930273788737e-06
2016-08-25,0.9999980974698609,8.350676851662566e-08,1.8190238509066712e-06
2016-08-26,0.9999977804861448,7.95571534955383e-08,2.13995510387701e-06
2016-08-29,0.9999952006006999,6.829775002764692e-08,4.731100055189578e-06
2016-08-30,0.9999978786567899,7.856868719234291e-08,2.042774102192733e-06
2016-08-31,0.9999983028152051,8.774055067942024e-08,1.6094444450326391e-06
2016-09-01,0.9999979726801571,1.4349219323274232e-07,1.883827498039576e-06
2016-09-02,0.999994658380898,2.7824434293773293e-07,5.063373899731636e-06
2016-09-06,0.9999950521464223,5.544811397194269e-07,4.393372267300068e-06
2016-09-07,0.999976106520862,2.6456611025783855e-06,2.124781767705473e-05
2016-09-08,0.9976347595579038,1.4216445217930706e-05,0.002351023995519595
2016-09-09,0.9096534934124366,1.9400307528261256e-05,0.09032710627850389
2016-09-12,0.9284272235177377,0.001556504214603598,0.07001627226734367
2016-09-13,0.9382757450159791,0.0019924746762580068,0.05973178030711575
2016-09-14,0.9680657040825448,0.0030169973287675687,0.02891729858754842
2016-09-15,0.9863985122337078,0.002834425855403934,0.010767061911875372
2016-09-16,0.9974960254952414,0.0018852647713035547,0.0006187097324363794
2016-09-19,0.9987956856600778,0.0011584856910209927,4.582864859280856e-05
2016-09-20,0.9993536036004793,0.0006265083802444679,1.9888020436025342e-05
2016-09-21,0.9998103589730487,0.0001583505713455409,3.1290454018568184e-05
2016-09-22,0.9999714441549252,2.513344596473681e-05,3.4223988873973706e-06
2016-09-23,0.9999927909344217,5.330243019528152e-06,1.8788222133702912e-06
2016-09-26,0.9999909584593684,2.3931393868258478e-06,6.648401411352115e-06
2016-09-27,0.9999942874328012,7.368746183664521e-07,4.9756942958966325e-06
2016-09-28,0.9999977767208451,3.2091383597557943e-07,1.9023645830474512e-06
2016-09-29,0.9999946222596,3.483111175386589e-07,5.029430464654154e-06
2016-09-30,0.9999922672731125,5.39393668386618e-07,7.193331994653545e-06
2016-10-03,0.9999941816519013,5.20108373932617e-07,5.298238421226024e-06
2016-10-04,0.9997625345800253,1.075892537632416e-06,0.00023638952858802666
2016-10-05,0.9999922266917736,1.6903645395099093e-06,6.0829436672132295e-06
2016-10-06,0.9999942416309108,3.4791116306576003e-06,2.2792564209035087e-06
2016-10-07,0.9999866344680485,1.1334849393668282e-05,2.0306820701968185e-06
2016-10-10,0.9999480727441867,4.682041816538119e-05,5.106838321548478e-06
2016-10-11,0.9998398671874641,0.00013314204652499408,2.6990765247071054e-05
2016-10-12,0.9996657912587815,0.0003196215497126808,1.4587190551833369e-05
2016-10-13,0.999454686329675,0.0005179332233782153,2.7380448126612077e-05
2016-10-14,0.9992883677839184,0.0006573549775879456,5.427723871300518e-05
2016-10-17,0.9992387741857496,0.0007416381351260832,1.9587678005353054e-05
2016-10-18,0.9991723881052448,0.000813198557964488,1.4413335048614332e-05
2016-10-19,0.9990903776225122,0.0009040245523368202,5.597824663337519e-06
2016-10-20,0.9988667231031029,0.0011280339503646018,5.242945721878903e-06
2016-10-21,0.9980027343725122,0.0019837181148792756,1.3547512187336959e-05
2016-10-24,0.994146285897248,0.005793489488100739,6.022461315822071e-05
2016-10-25,0.9805958188998674,0.019126683875188084,0.00027749722636763284
2016-10-26,0.9214691333644639,0.07724253007518406,0.0012883365601080202
2016-10-27,0.732659574079258,0.25960117395683974,0.007739251962223356
2016-10-28,0.44342276223124694,0.5488670711404985,0.007710166627625554
2016-10-31,0.14202979913241884,0.8496360804142343,0.008334120451573016
2016-11-01,0.0014234633818611753,0.9948178525054707,0.003758684113330848
2016-11-02,6.45926708468117e-06,0.9992419262663237,0.0007516144682571894
2016-11-03,6.2193629909436e-10,0.9992530179940862,0.0007469813834864955
2016-11-04,5.0488098756958296e-11,0.9988319779067624,0.001168022041277479
2016-11-07,2.951266064648703e-11,0.9969087917310544,0.0030912082405464506
2016-11-08,2.724724427995746e-08,0.9977587770741015,0.0022411956799746027
2016-11-09,1.8044779559818438e-11,0.9933205684336023,0.006679431546803341
2016-11-10,4.855504801951087e-07,0.9995721880902066,0.00042732635769223847
2016-11-11,2.8364100267708436e-07,0.9999632776683758,3.6438689983701073e-05
2016-11-14,1.9097556822690816e-07,0.9999958238018627,3.985222921302974e-06
2016-11-15,2.36528499741203e-07,0.9999942259840541,5.537486653945816e-06
2016-11-16,2.2269152422134722e-07,0.9999963558978384,3.4214113264112978e-06
2016-11-17,1.7585181504425892e-07,0.9999944885536929,5.335593737392904e-06
2016-11-18,6.152455952366371e-07,0.9999962541184814,3.1306372974898453e-06
2016-11-21,8.29704896978395e-07,0.9999952280709464,3.9422224907547625e-06
2016-11-22,9.678232393096505e-07,0.9999965355478693,2.4966294459315676e-06
2016-11-23,8.098697778613705e-07,0.999992993804868,6.196325047015902e-06
2016-11-25,8.712143360395172e-07,0.9999961566937786,2.9720907536668357e-06
2016-11-28,7.172318233967504e-07,0.99999453582533,4.7469439684624585e-06
2016-11-29,6.065517766649691e-07,0.9999963249023723,3.06854486053873e-06
2016-11-30,3.45428142513949e-07,0.9999864231989133,1.3231374226229565e-05
2016-12-01,1.0418188728889933e-07,0.9999954835504596,4.412268365488142e-06
2016-12-02,6.184343036649744e-08,0.9999977861249995,2.1520308965619654e-06
2016-12-05,1.1928402411789302e-07,0.9999978287983974,2.0519182332503492e-06
2016-12-06,1.7654377772220523e-07,0.9999979832157224,1.8402414884876734e-06
2016-12-07,1.2738820278627212e-07,0.9999870359064489,1.2836705012358462e-05
2016-12-08,7.178721034533108e-08,0.9999969244901877,3.0037218780599594e-06
2016-12-09,6.215561957210286e-08,0.9999965466000107,3.391245620505325e-06
2016-12-12,1.360221392316375e-07,0.999998065692177,1.7982845776458186e-06
2016-12-13,1.2111336654679136e-07,0.9999971411602866,2.73772516098664e-06
2016-12-14,1.597723070942329e-07,0.9999880679627233,1.1772265207189192e-05
2016-12-15,1.1825853771722712e-07,0.9999957195487448,4.162193845417848e-06
2016-12-16,2.2957605106662006e-07,0.9999972947043929,2.475721353241103e-06
2016-12-19,2.817844380277843e-07,0.9999964468833609,3.271330516227068e-06
2016-12-20,2.75694094525252e-07,0.9999976756507477,2.048654907377595e-06
2016-12-21,3.8987350837212656e-07,0.9999975191598274,2.0909680406657366e-06
2016-12-22,4.191343404836697e-07,0.9999976389290757,1.9419362168056224e-06
2016-12-23,3.571469712549373e-07,0.9999977701106524,1.8727408774089456e-06
2016-12-27,2.0804642375615693e-07,0.999997758862047,2.0330929886059657e-06
2016-12-28,1.0562378612843842e-07,0.9999967992895399,3.0950869879417094e-06
2016-12-29,7.8473665237911e-08,0.9999970651267498,2.856400885924651e-06
2016-12-30,6.595703297281592e-08,0.999998042409158,1.891632399399213e-06
2017-01-03,9.724681710360576e-08,0.9999966747692076,3.2279856940069463e-06
2017-01-04,1.853374133474631e-07,0.99999724758542,2.567076230190469e-06
2017-01-05,1.9324821073263665e-07,0.9999915575855846,8.24916490024953e-06
2017-01-06,2.0467525940019134e-07,0.9999972113221477,2.584003632821267e-06
2017-01-09,3.179254877517679e-07,0.9999967214261318,2.9606468065479653e-06
2017-01-10,4.166874098144603e-07,0.9999975940765419,1.9892364449318396e-06
2017-01-11,4.58225500248971e-07,0.9999974940141805,2.0477586593902316e-06
2017-01-12,4.4172056157741054e-07,0.999997204319058,2.3539610512534967e-06
2017-01-13,3.268070691808258e-07,0.999997562528066,2.110664268951651e-06
2017-01-17,2.064537857858011e-07,0.9999948824100993,4.911134727879933e-06
2017-01-18,1.1111569493568943e-07,0.9999965553784232,3.3335046912609193e-06
2017-01-19,1.859313576991564e-07,0.9999969401443625,2.873922661497329e-06
2017-01-20,2.2302402877363235e-07,0.9999979083862901,1.8685884834321444e-06
2017-01-23,2.0590551296560347e-07,0.9999969354841259,2.8586088726340648e-06
2017-01-24,1.4025756171101807e-07,0.999997532940457,2.3268029627840055e-06
2017-01-25,9.450804927581326e-08,0.9999960641621476,3.841328944355795e-06
2017-01-26,3.3810883967882345e-07,0.9999971189614036,2.542929809143727e-06
2017-01-27,5.507416997954666e-07,0.9999971605542963,2.288705194982907e-06
2017-01-30,5.773117995685333e-07,0.9999955619776556,3.860710837996204e-06
2017-01-31,5.666501283628264e-07,0.9999958040804621,3.6292691030530403e-06
2017-02-01,8.399635394650853e-07,0.9999966435700056,2.516467817450294e-06
2017-02-02,1.062523980120295e-06,0.9999965168814648,2.4205929751385235e-06
2017-02-03,1.2113730833877772e-06,0.9999957825946497,3.0060314032601782e-06
2017-02-06,1.339542598628004e-06,0.9999938610860394,4.799372372515983e-06
2017-02-07,1.2533326874134288e-06,0.9999958151980788,2.9314694460231983e-06
2017-02-08,1.0328404892713162e-06,0.9999933036021067,5.6635574038088665e-06
2017-02-09,7.098125341717773e-07,0.9999953555414857,3.934646926179212e-06
2017-02-10,9.374688392222849e-07,0.9999965013509876,2.561180210205021e-06
2017-02-13,8.477447585993695e-07,0.9999964333537659,2.7189008247066105e-06
2017-02-14,8.04056062743576e-07,0.9999962758844273,2.920059206583238e-06
2017-02-15,7.302372425811215e-07,0.9999966888190351,2.5809428416607285e-06
2017-02-16,1.0112131379951198e-06,0.9999963320728023,2.6567147870922663e-06
2017-02-17,1.1090337107806186e-06,0.9999962071159724,2.683850840339248e-06
2017-02-21,1.0853673923579086e-06,0.9999964499283384,2.4647052331243496e-06
2017-02-22,1.252990541172053e-06,0.9999965168378093,2.230170110505738e-06
2017-02-23,1.231094280075271e-06,0.9999958482417025,2.920665048848787e-06
2017-02-24,1.045367816909521e-06,0.999994688779687,4.2658534477924615e-06
2017-02-27,6.722495271696041e-07,0.9999969736937009,2.35405732984063e-06
2017-02-28,4.029280628233903e-07,0.9999972715159791,2.325557256258079e-06
2017-03-01,1.494713800095925e-07,0.9999890811282451,1.0769401522638566e-05
2017-03-02,3.0180052230243443e-06,0.9999909960939195,5.985901857076364e-06
2017-03-03,5.765405441941704e-06,0.9999913586262231,2.8759670988852646e-06
2017-03-06,7.3771816356816e-06,0.9999888629392344,3.7598782635668863e-06
2017-03-07,8.050264141347805e-06,0.9999884805519759,3.4691844615178603e-06
2017-03-08,8.108426301785682e-06,0.9999886073449986,3.284230334910577e-06
2017-03-09,7.817319504954767e-06,0.9999890832346119,3.099444492090234e-06
2017-03-10,8.482670865430463e-06,0.9999885707437115,2.9465871991419167e-06
2017-03-13,8.700468120487968e-06,0.9999880598101102,3.2397200051213533e-06
2017-03-14,8.473580359512297e-06,0.9999880447163164,3.481703280352556e-06
2017-03-15,8.934111470206286e-06,0.9999652559924024,2.5809895051515302e-05
2017-03-16,9.038726882576035e-06,0.9999860968039395,4.864468177331e-06
2017-03-17,7.912775070303655e-06,0.9999888320094835,3.2552147651475606e-06
2017-03-20,6.088521655934006e-06,0.999990546753114,3.3647254669953615e-06
2017-03-21,3.2224028563724277e-06,0.9999828919907545,1.3885605683289762e-05
2017-03-22,2.5654692094775147e-06,0.9999945796954778,2.854835114424151e-06
2017-03-23,2.161127107742911e-06,0.9999954454391665,2.3934355183519537e-06
2017-03-24,2.0321350039860247e-06,0.9999955171906983,2.450673184995887e-06
2017-03-27,2.0645332845354704e-06,0.9999950476499028,2.8878163530912907e-06
2017-03-28,1.951988668645645e-06,0.9999947205063322,3.3275053484491793e-06
2017-03-29,2.48159720056502e-06,0.9999944115453849,3.1068557104896633e-06
2017-03-30,2.331791027777768e-06,0.9999944091261425,3.25908422105401e-06
2017-03-31,2.371050026600951e-06,0.9999949354006288,2.6935508808862866e-06
2017-04-03,2.171143055961047e-06,0.9999940410739521,3.787782302525005e-06
2017-04-04,2.0631882032636573e-06,0.9999948745084498,3.062302999529528e-06
2017-04-05,1.633662976220558e-06,0.9999957944325828,2.5719040920087976e-06
2017-04-06,1.2541994615870993e-06,0.999996348654649,2.3971450416453143e-06
2017-04-07,8.501496453416643e-07,0.9999962953839212,2.8544673592991236e-06
2017-04-10,3.5451694786451075e-07,0.9999970544020198,2.5910826293010178e-06
2017-04-11,1.0283571990113192e-07,0.9999938614316451,6.0357339952988996e-06
2017-04-12,1.093031978344407e-07,0.9999959453353205,3.945362763784344e-06
2017-04-13,6.211225637237678e-07,0.9999949536122587,4.425265253897824e-06
2017-04-17,5.776783360808411e-06,0.999989613100581,4.6101173124616264e-06
2017-04-18,6.260215363453652e-05,0.9999297610123502,7.636834654353715e-06
2017-04-19,0.0003630974741111417,0.9996218816634783,1.5020862192026486e-05
2017-04-20,0.001822129354496026,0.9980938205543504,8.405009151376037e-05
2017-04-21,0.01336397367188294,0.9863789774503499,0.00025704887681914535
2017-04-24,0.05588325822298876,0.9429369359374309,0.0011798058398788248
2017-04-25,0.15988504312899957,0.8376262087035795,0.002488748167675104
2017-04-26,0.41148482669388725,0.5871563603295414,0.0013588129781404665
2017-04-27,0.6143601851659913,0.38469548905812023,0.0009443257753112695
2017-04-28,0.7804840460155853,0.21870162526803774,0.0008143287156934761
2017-05-01,0.9098449488494644,0.08934906091970712,0.0008059902304888473
2017-05-02,0.9685664481801405,0.03123537019619964,0.00019818162341622217
2017-05-03,0.9863817514760621,0.01348822574181946,0.00013002278247177342
2017-05-04,0.9950712322922739,0.0048842349446841255,4.453276361328023e-05
2017-05-05,0.9985040872552717,0.0014834044136939003,1.2508332658624269e-05
2017-05-08,0.9995269069000308,0.0004668228872854405,6.270212463827482e-06
2017-05-09,0.9998368567628277,0.00015987689899623424,3.26633649215986e-06
2017-05-10,0.9999393693442709,5.867720630723809e-05,1.9534476630955182e-06
2017-05-11,0.9999688479452032,2.926225434676276e-05,1.8897988840284451e-06
2017-05-12,0.9999755862187865,2.1956873203188096e-05,2.456909125284246e-06
2017-05-15,0.9999758334534588,2.125441536357875e-05,2.9121312149258637e-06
2017-05-16,0.9999352491768547,2.534784759561491e-05,3.9402976946013616e-05
2017-05-17,0.9968767653891417,3.9800606117609064e-05,0.0030834340037015416
2017-05-18,0.9997664702225283,3.3004346385943086e-05,0.0002005254297323378
2017-05-19,0.9999791162079145,1.3826765620827088e-05,7.05702807348714e-06
2017-05-22,0.999992223792327,5.343896149940592e-06,2.4323105227539197e-06
2017-05-23,0.9999954572261642,2.05829059679342e-06,2.484481482292827e-06
2017-05-24,0.9999973482625735,6.657119528811851e-07,1.9860247693889953e-06
2017-05-25,0.9999976871940277,3.2095484469004817e-07,1.991851698043817e-06
2017-05-26,0.9999975392086791,1.9221583172775409e-07,2.268576496862558e-06
2017-05-30,0.9999976824501143,1.890828344599252e-07,2.128466734204397e-06
2017-05-31,0.9999981750859941,1.3631168422303262e-07,1.688601116752155e-06
2017-06-01,0.9999977708309705,6.912470530347755e-08,2.1600454306164082e-06
2017-06-02,0.9999968039315861,4.644529669610209e-08,3.149623204614588e-06
2017-06-05,0.9999981566451134,4.968763944179162e-08,1.7936681588266368e-06
2017-06-06,0.9999974742418155,5.161931077567246e-08,2.4741379802422255e-06
2017-06-07,0.9999983863939919,6.12683020199007e-08,1.5523386822594965e-06
2017-06-08,0.9999983834545098,6.171576216820555e-08,1.554831173420448e-06
2017-06-09,0.9999982136812416,6.443758602532053e-08,1.7218826115373673e-06
2017-06-12,0.9999988359711505,5.5724860215569554e-08,1.1083028019078842e-06
2017-06-13,0.9999984901380715,6.320884610144828e-08,1.446654328724348e-06
2017-06-14,0.9999904771264982,1.3069130343777757e-07,9.392181048332797e-06
2017-06-15,0.9999985628684367,6.434117895517144e-08,1.3727897991501084e-06
2017-06-16,0.9999987191412419,5.559299871015465e-08,1.225265906232492e-06
2017-06-19,0.9999968033567872,8.990756967382868e-08,3.1067343973341926e-06
2017-06-20,0.9999954810147998,1.164770700439085e-07,4.40250847113308e-06
2017-06-21,0.9999987537529286,5.4331659188217736e-08,1.191915414229477e-06
2017-06-22,0.9999987204072569,4.6433465322286007e-08,1.2331591249064795e-06
2017-06-23,0.9999986080156897,4.817759102015276e-08,1.3438056299449524e-06
2017-06-26,0.9999974313283267,7.024827108692607e-08,2.4984233005716103e-06
2017-06-27,0.9999930769612084,4.2501695572419225e-08,6.880536253379316e-06
2017-06-28,0.9999969414030992,7.430841341184446e-08,2.9842879731524493e-06
2017-06-29,0.9999956040652466,4.6611679933996524e-08,4.3493230730749406e-06
2017-06-30,0.999998707459707,6.05411933162287e-08,1.2319993483814998e-06
2017-07-03,0.9999964296248509,9.182239058087882e-08,3.478551173933244e-06
2017-07-05,0.9999987346026321,5.446065663355713e-08,1.210936549924213e-06
2017-07-06,0.9999950706636429,5.1354896244284605e-08,4.877980554941558e-06
2017-07-07,0.9999966421293709,9.876745828754664e-08,3.2591039818337517e-06
2017-07-10,0.9999988364368112,5.4169410423968755e-08,1.1093953481276495e-06
2017-07-11,0.9999987977287625,4.766322276371849e-08,1.1546070516846586e-06
2017-07-12,0.9999976790340601,4.242712080216192e-08,2.2785401790929e-06
2017-07-13,0.9999981664967419,5.666107213381427e-08,1.7768404132946587e-06
2017-07-14,0.999998051143928,4.706518872553872e-08,1.9017899915193074e-06
2017-07-17,0.9999984834114588,4.594429170546668e-08,1.470644329388254e-06
2017-07-18,0.9999978130132416,4.815139180560209e-08,2.1388351920155735e-06
2017-07-19,0.9999983254033774,5.2554703544327576e-08,1.6220417795139518e-06
2017-07-20,0.9999984363397235,5.0166847146752524e-08,1.5134917409694704e-06
2017-07-21,0.9999977902322684,4.888043767440484e-08,2.160888253954575e-06
2017-07-24,0.9999981468807964,5.7445882264023246e-08,1.795674388760163e-06
2017-07-25,0.9999947836176573,9.153382284395398e-08,5.124850168443742e-06
2017-07-26,0.9999981494710324,5.0187541276120924e-08,1.800343214282063e-06
2017-07-27,0.9999983929314292,4.921026282201938e-08,1.5578591757379387e-06
2017-07-28,0.9999982147253397,4.752491260071061e-08,1.7377504039276295e-06
2017-07-31,0.9999986937445448,4.912226685512059e-08,1.2571335375971735e-06
2017-08-01,0.9999981257550927,5.852930382927142e-08,1.8157158324588912e-06
2017-08-02,0.9999986368684599,6.236041072125307e-08,1.300772837310125e-06
2017-08-03,0.999997184630372,8.446643016984582e-08,2.730902181967207e-06
2017-08-04,0.999997340066229,8.806254715398099e-08,2.571869788859344e-06
2017-08-07,0.9999985548976366,6.619482966827789e-08,1.3789091590514587e-06
2017-08-08,0.9999983929532571,8.402240288984486e-08,1.5230252047200678e-06
2017-08-09,0.9999961952271028,2.8509436757587216e-07,3.519677765251166e-06
2017-08-10,0.9998891463257623,1.6732899031562156e-06,0.00010918038364239766
2017-08-11,0.9999857570469662,1.3785812727215675e-06,1.286437165191456e-05
2017-08-14,0.9999926714495143,6.906636373476652e-07,6.6378862312286186e-06
2017-08-15,0.9999980820375843,2.4515389400713756e-07,1.6728081618211095e-06
2017-08-16,0.9999973558950328,2.400146860560732e-07,2.404089200218733e-06
2017-08-17,0.9999013138316533,8.6090341065349e-07,9.782526331394299e-05
2017-08-18,0.9999954417138932,4.1556059469849644e-07,4.142723715149339e-06
2017-08-21,0.9999980323829081,1.9294521606948595e-07,1.7746730742943326e-06
2017-08-22,0.9999951785619303,1.747123363816977e-07,4.646724376155174e-06
2017-08-23,0.9999978896252728,1.0475343119722583e-07,2.005621749984539e-06
2017-08-24,0.9999984802718879,7.365769832296599e-08,1.4460706317385224e-06
2017-08-25,0.9999986620068595,5.8862997730168677e-08,1.2791294513569327e-06
2017-08-28,0.9999966609776759,6.496787164881432e-08,3.274054191921453e-06
2017-08-29,0.9999986417724487,6.762850515978986e-08,1.290599190514239e-06
2017-08-30,0.9999985331716588,6.690123246824535e-08,1.3999275084139473e-06
2017-08-31,0.9999975909442497,5.7034007551873436e-08,2.3520208721487792e-06
2017-09-01,0.9999978271613105,6.447127658489683e-08,2.1083656689113397e-06
2017-09-05,0.9999862481745065,1.4955788060429632e-07,1.3602265971015133e-05
2017-09-06,0.9999981326672396,7.916620580304643e-08,1.7881650125947766e-06
2017-09-07,0.9999976335230519,5.235786675555555e-08,2.3141193297324604e-06
2017-09-08,0.9999986518569123,7.12235396110207e-08,1.2769190020574347e-06
2017-09-11,0.9999815145018704,2.349036370154701e-07,1.8250593478093763e-05
2017-09-12,0.9999981818671743,7.60413769008191e-08,1.7420909314161526e-06
2017-09-13,0.9999984323015734,5.305371587692302e-08,1.5146463833825646e-06
2017-09-14,0.9999986812772077,4.0088119914730404e-08,1.278634620206583e-06
2017-09-15,0.9999985857840324,4.78438924499689e-08,1.36637257723241e-06
2017-09-18,0.9999978942855138,5.872671790604582e-08,2.046989579814777e-06
2017-09-19,0.9999986927404638,4.3372903607213614e-08,1.2638884005656892e-06
2017-09-20,0.9999980493613219,5.690330900585196e-08,1.893735797934387e-06
2017-09-21,0.9999977552895598,5.771277501455039e-08,2.1869960146860985e-06
2017-09-22,0.9999984470681064,4.10527897194083e-08,1.5118802757555873e-06
2017-09-25,0.9999977735740004,4.3483955083307546e-08,2.182940967083398e-06
2017-09-26,0.9999977210344289,7.014769391710209e-08,2.208817220805845e-06
2017-09-27,0.9999918537509828,1.1672490209073162e-07,8.029524369725898e-06
2017-09-28,0.9999983607972146,5.2688421290413525e-08,1.5865140257125598e-06
2017-09-29,0.9999980856573663,5.2654811760388935e-08,1.861688282788367e-06
2017-10-02,0.9999978874934217,5.749443607591975e-08,2.0550116477929057e-06
2017-10-03,0.9999985426813215,4.359179755784568e-08,1.4137285947669088e-06
2017-10-04,0.9999985826008055,4.211649597346945e-08,1.3752810018524542e-06
2017-10-05,0.999997404898479,6.24705082406057e-08,2.5326302529068662e-06
2017-10-06,0.999998234144836,4.0589740256379024e-08,1.7252670903921325e-06
2017-10-09,0.999998381402693,3.693688272165407e-08,1.5816611252332074e-06
2017-10-10,0.9999987397721936,3.726516550222706e-08,1.222960899531271e-06
2017-10-11,0.9999986740703812,3.795840633393471e-08,1.2879720716110187e-06
2017-10-12,0.9999983989741024,4.382006372856135e-08,1.5572066840502566e-06
2017-10-13,0.9999980170888754,3.911286880221718e-08,1.9437967986284992e-06
2017-10-16,0.999998338412768,5.1075591660058443e-08,1.6105109264115273e-06
2017-10-17,0.9999984340368866,5.14864371251936e-08,1.5144778099327638e-06
2017-10-18,0.9999982639361923,4.9364114331932586e-08,1.6867011868017842e-06
2017-10-19,0.9999985947043439,4.2127532807494986e-08,1.363168495710245e-06
2017-10-20,0.9999962118962584,8.464026888479643e-08,3.703462033242826e-06
2017-10-23,0.9999985615587661,4.790370333088208e-08,1.3905380101172949e-06
2017-10-24,0.9999985141305058,5.035183683676519e-08,1.4355163972737508e-06
2017-10-25,0.9999982450223736,3.8556670814708204e-08,1.716422426614135e-06
2017-10-26,0.9999984812250369,5.0779637823017157e-08,1.4679966959149037e-06
2017-10-27,0.9999974353955766,3.650023854185912e-08,2.5281036340057444e-06
2017-10-30,0.9999972073603999,6.12052225363342e-08,2.7314351878608075e-06
2017-10-31,0.999998662352467,4.330785302288226e-08,1.2943409699646207e-06
2017-11-01,0.9999989067552243,1.539843598675158e-08,1.0778448778820888e-06
2017-11-02,0.9999987608469784,1.664158699292508e-08,1.222509999759597e-06
2017-11-03,0.9999980913362404,2.118159834658179e-08,1.8874836687449741e-06
2017-11-06,0.9999983926476673,1.5128874656946954e-08,1.5922238012948888e-06
2017-11-07,0.9999984823673606,2.008106939755653e-08,1.4975533644758005e-06
2017-11-08,0.9999987841663939,1.5733544969602106e-08,1.200101016769838e-06
2017-11-09,0.9999985802797783,1.41249571905307e-08,1.4055970474929756e-06
2017-11-10,0.9999960321480605,2.3023399928689268e-08,3.944830159838169e-06
2017-11-13,0.9999991779408187,1.441532312972573e-08,8.076425470293884e-07
2017-11-14,0.9999987967319576,1.8265146610285937e-08,1.1850037040581996e-06
2017-11-15,0.999996986579383,3.7542742222746535e-08,2.975877292580512e-06
2017-11-16,0.9999968229981722,3.9708114786057584e-08,3.1372945276641545e-06
2017-11-17,0.9999980355770471,1.7661432366194625e-08,1.946762598226306e-06
2017-11-20,0.9999980748052963,2.3364129852643232e-08,1.9018317920469272e-06
2017-11-21,0.9999984970866006,1.5089969162011633e-08,1.4878236144351338e-06
2017-11-22,0.999998458789656,1.453025108679462e-08,1.526681646189632e-06
2017-11-24,0.9999987047530543,1.8161758188109103e-08,1.277084094267695e-06
2017-11-27,0.9999987542695209,1.5082491481911487e-08,1.2306479404635322e-06
2017-11-28,0.9999976479148621,1.7661814165554674e-08,2.334424114699487e-06
2017-11-29,0.9999981367890619,1.91223165077588e-08,1.8440876611006062e-06
2017-11-30,0.999997564354327,2.5954981740082746e-08,2.4096915526511043e-06
2017-12-01,0.9999973486045426,1.5256032921674974e-08,2.636139537589443e-06
2017-12-04,0.9999991950247533,9.86388061004598e-09,7.951131528568872e-07
2017-12-05,0.999998399017758,1.492526108114801e-08,1.5860557578401301e-06
2017-12-06,0.9999991024600994,1.0202940376374664e-08,8.873358682099267e-07
2017-12-07,0.9999972587066907,1.869705952312703e-08,2.7225947725349874e-06
2017-12-08,0.9999986419870892,1.1507741768934397e-08,1.346506757727402e-06
2017-12-11,0.999998491436828,1.3538206502822269e-08,1.4950234103315684e-06
2017-12-12,0.9999989726644164,1.0017617720460142e-08,1.0173181427262771e-06
2017-12-13,0.9999984769504183,9.450242586697524e-09,1.5135991020325016e-06
2017-12-14,0.9999984556791889,1.3404006162962941e-08,1.5309170622572336e-06
2017-12-15,0.9999979896585699,1.0150380192824427e-08,2.000191550346293e-06
2017-12-18,0.999996611352174,1.944474792599837e-08,3.3692031375620357e-06
2017-12-19,0.9999954121627265,1.1026438055015721e-08,4.5768093390235535e-06
2017-12-20,0.9999968722926297,1.2810077138290487e-08,3.114896847026962e-06
2017-12-21,0.9999985725017907,1.070331692310167e-08,1.4167962406086273e-06
2017-12-22,0.9999988398746972,9.430062320714059e-09,1.150696156910054e-06
2017-12-26,0.9999988100942377,9.131021600769186e-09,1.1807745184222725e-06
2017-12-27,0.9999974901106391,1.1863954819462392e-08,2.4980241584146563e-06
2017-12-28,0.9999989781832246,9.06972217630994e-09,1.0127460158570707e-06
2017-12-29,0.9999987518211642,9.370369980550778e-09,1.2388073717300794e-06
2018-01-02,0.999991437023992,2.5651100648346508e-08,8.537326374546316e-06
2018-01-03,0.9999976794378749,1.2180510579531342e-08,2.3083800069203812e-06
2018-01-04,0.9999984861217489,1.0573417821096263e-08,1.5033030756750576e-06
2018-01-05,0.9999981017808577,1.3770451195741663e-08,1.884447554916043e-06
2018-01-08,0.9999987611343784,1.1182085557520736e-08,1.2276823876622373e-06
2018-01-09,0.9999965899682072,1.710392052648957e-08,3.3929261399035552e-06
2018-01-10,0.9999987304698934,9.961405805563565e-09,1.2595702699173223e-06
2018-01-11,0.999998504406203,8.176455566315733e-09,1.4874167259758154e-06
2018-01-12,0.9999982183523981,8.266704756472695e-09,1.773382565109302e-06
2018-01-16,0.9999989969297104,9.660774872882974e-09,9.934086654399731e-07
2018-01-17,0.9999975741404662,1.3943131108111771e-08,2.4119149738135973e-06
2018-01-18,0.9999986805605268,9.256319134543106e-09,1.310181656603778e-06
2018-01-19,0.9999988153220071,1.0520178909848649e-08,1.1741564590109374e-06
2018-01-22,0.9999987369600394,8.897126631141736e-09,1.2541446358972152e-06
2018-01-23,0.9999991516746337,7.467154234612153e-09,8.408591126588797e-07
2018-01-24,0.9999980532212098,8.980499460545724e-09,1.9377978831510225e-06
2018-01-25,0.999998322533017,1.2785816953118113e-08,1.6646808917763472e-06
2018-01-26,0.9999969797800211,1.6368473559893318e-08,3.003849941832485e-06
2018-01-29,0.9999978558649012,1.3304203163593419e-08,2.1308291779048525e-06
2018-01-30,0.9999860173588659,1.111359048512455e-07,1.3871503823019633e-05
2018-01-31,0.999680500072956,2.443739700888489e-06,0.000317056186848518
2018-02-01,0.9607699102366393,5.233436134551717e-05,0.0391777554009735
2018-02-02,0.08472300215219021,1.206651500676419e-05,0.9152649313327265
2018-02-05,1.4447420287633763e-29,1.7729140815594825e-15,1.0
2018-02-06,8.39219911118133e-20,2.4931109621353734e-09,0.9999999975079845
2018-02-07,1.4985358869426806e-12,9.899588249468274e-07,0.999999010040973
2018-02-08,2.9598330868248694e-24,2.177505076288607e-13,1.0
2018-02-09,3.592581460932807e-17,5.2124011287716304e-08,0.999999947875041
2018-02-12,2.937197281757257e-12,1.1325698337154344e-06,0.9999988674287171
2018-02-13,1.0721130988100367e-09,7.540095513087186e-05,0.99992459797229
2018-02-14,2.1669393648966776e-07,0.0006544382779719415,0.9993453450274057
2018-02-15,1.5996618865555706e-05,0.0024916731111521407,0.9974923302715503
2018-02-16,0.00011695479482564385,0.005746308855053053,0.9941367363517385
2018-02-20,6.190214796704385e-05,0.006441275141446676,0.9934968227109686
2018-02-21,0.00023870266650134848,0.007184160893616217,0.9925771364387559
2018-02-22,0.0015156015934270064,0.008425388076035158,0.9900590103299232
2018-02-23,0.002023788357733723,0.0067894231451938935,0.9911867884980912
2018-02-26,0.0034600777440475915,0.0077813814521565825,0.9887585408043308
2018-02-27,0.0020652343799019523,0.006574475070636229,0.9913602905497223
2018-02-28,0.0006216322549212744,0.005106116740964247,0.9942722510040314
2018-03-01,0.00030411674346831876,0.0023394507996084965,0.9973564324582777
2018-03-02,0.025764394631643477,0.0024608640241974853,0.9717747413456286
2018-03-05,0.17034127461311435,0.002173368127522613,0.8274853572576084
2018-03-06,0.7122225342821646,0.001362298547559891,0.2864151671717714
2018-03-07,0.9696901489349491,0.00042077883011010713,0.029889072236296377
2018-03-08,0.9970694062218679,8.787390638453468e-05,0.00284271987127415
2018-03-09,0.9986863106725015,2.9421048805549217e-05,0.0012842682791555414
2018-03-12,0.9999657958862243,3.4224739125107584e-06,3.078164063391358e-05
2018-03-13,0.9999906982553207,1.1203827729068806e-06,8.18136355168515e-06
2018-03-14,0.9999753019977577,1.381297816375693e-06,2.3316705388400226e-05
2018-03-15,0.9999130576869232,3.20487725371638e-06,8.373743730329899e-05
2018-03-16,0.9978714214445147,1.6478723273751248e-05,0.0021120998305202234
2018-03-19,0.9010986938883939,0.00010343494553466954,0.09879787116496051
2018-03-20,0.8412886175165467,0.00029444510751077194,0.1584169373741517
2018-03-21,0.5653102245990211,0.00031435765363157267,0.4343754177467717
2018-03-22,6.352337775629793e-06,4.043378118494153e-06,0.9999896042858499
2018-03-23,1.929752038910271e-10,1.6962326644029815e-07,0.9999998301828017
2018-03-26,1.1781483410255227e-10,2.4020364606750443e-07,0.9999997596787868
2018-03-27,1.2116830208404105e-07,1.3597470328093824e-05,0.9999862813596934
2018-03-28,4.835435875798466e-07,3.244410629565272e-05,0.9999670723519328
2018-03-29,4.25181791734864e-06,2.8655580566355118e-05,0.9999670926002563
2018-04-02,2.7870944387922093e-09,8.174323678793699e-07,0.9999991797816346
2018-04-03,3.1536144053681896e-07,4.255855711241947e-05,0.9999571260801305
2018-04-04,9.293660136523969e-06,0.00015149404330301586,0.9998392122963086
2018-04-05,5.860259868828981e-05,0.00022965286395764138,0.9997117445388144
2018-04-06,1.0658646411937805e-07,1.685366647167895e-05,0.9999830397483849
2018-04-09,4.907045181643826e-06,9.087150611731977e-05,0.9999042214472176
2018-04-10,0.00025918648318655545,0.00011467235637823536,0.9996261411604468
2018-04-11,0.08902716795146288,0.0006183218522276329,0.9103545101946073
2018-04-12,0.3851616765075356,0.0007352166170648586,0.6141031068759234
2018-04-13,0.9457781135278759,0.0002525128342292622,0.053969373638774354
2018-04-16,0.9946592977536868,5.7232848741225674e-05,0.005283469398708525
2018-04-17,0.9996709308726994,6.185846652786515e-06,0.0003228832811582254
2018-04-18,0.9999858218566376,6.554985036511056e-07,1.3522644586933277e-05
2018-04-19,0.9999938595399078,7.334713050574983e-08,6.067112034613714e-06
2018-04-20,0.999986502072864,4.4437837188017215e-08,1.3453488329057632e-05
2018-04-23,0.9999905168965046,6.438223601217235e-08,9.418721726193041e-06
2018-04-24,0.99986639263309,1.2163837128663133e-07,0.00013348572858564703
2018-04-25,0.9999413635143946,2.3075256219065844e-07,5.840573312345218e-05
2018-04-26,0.999968217685208,7.905925924236693e-08,3.170325555200869e-05
2018-04-27,0.999996322512229,3.0634386651598384e-08,3.646853875269638e-06
2018-04-30,0.9999947677270489,3.4155328100722695e-08,5.198118410955202e-06
2018-05-01,0.9999976054051807,1.5941275143683058e-08,2.378654540286459e-06
2018-05-02,0.9999967778946552,1.3885754505188287e-08,3.2082191589393725e-06
2018-05-03,0.9999970936193165,1.576110290514154e-08,2.8906190865278213e-06
2018-05-04,0.9999903580129376,1.7719164001128748e-08,9.624267475697649e-06
2018-05-07,0.9999984760118212,1.087361490525392e-08,1.5131152847691251e-06
2018-05-08,0.9999988386778036,9.06681669239583e-09,1.1522544779595472e-06
2018-05-09,0.9999969427527853,1.479884746184374e-08,3.042447290294347e-06
2018-05-10,0.9999975113200025,5.393030118764835e-09,2.4832872397031174e-06
2018-05-11,0.9999992542546404,5.6653469457282966e-09,7.400794326809593e-07
2018-05-14,0.999999132331517,6.515715416371855e-09,8.611542902512518e-07
2018-05-15,0.9999940872396291,8.375567555640315e-09,5.904386386907362e-06
2018-05-16,0.9999989422691352,8.013274252255448e-09,1.0497175946712973e-06
2018-05-17,0.9999990903092612,6.325058563459984e-09,9.033651849264389e-07
2018-05-18,0.9999986890588342,8.306327138628167e-09,1.3026354001056321e-06
2018-05-21,0.9999987557538144,7.0450515388041926e-09,1.2372027104900052e-06
2018-05-22,0.9999992128035416,5.8039382031398225e-09,7.81394302032841e-07
2018-05-23,0.9999990784931168,5.412956342628394e-09,9.160938737858837e-07
2018-05-24,0.9999987536910829,6.579844846360607e-09,1.2397286198869535e-06
2018-05-25,0.9999947866990093,2.676718218715591e-08,5.186533537113694e-06
2018-05-29,0.9994549122340679,4.530501908423588e-07,0.0005446347141850324
2018-05-30,0.999907751973791,1.53142315856719e-07,9.209488423421204e-05
2018-05-31,0.999996421108373,1.7147104922928133e-08,3.561743528495919e-06
2018-06-01,0.9999972121734324,8.584543195574521e-09,2.7792431457696875e-06
2018-06-04,0.9999988582464691,5.264849849934626e-09,1.136488253448487e-06
2018-06-05,0.9999993608764495,3.2182290088407555e-09,6.359053480657463e-07
2018-06-06,0.999997984539944,7.164768446501755e-09,2.0082968396351713e-06
2018-06-07,0.9999987980998359,4.421885380719064e-09,1.1974787297591838e-06
2018-06-08,0.9999993098101748,3.6076126810780687e-09,6.865805975358503e-07
2018-06-11,0.9999993731109644,3.3364639822384895e-09,6.235507992675382e-07
2018-06-12,0.9999993609273811,3.584540625200962e-09,6.354895850345822e-07
2018-06-13,0.9999992451051305,3.3378175541829126e-09,7.515555797249317e-07
2018-06-14,0.9999990607470727,3.354959737752934e-09,9.358983340293257e-07
2018-06-15,0.9999976311838371,7.2323005900609085e-09,2.3615823435383872e-06
2018-06-18,0.9999993179446899,3.576593073487093e-09,6.784771343345756e-07
2018-06-19,0.9999989116846801,5.066699615374419e-09,1.0832479754352256e-06
2018-06-20,0.9999989079921356,4.696599101201886e-09,1.0873096484512333e-06
2018-06-21,0.9999982342539753,6.7383498652559124e-09,1.7590084360405478e-06
2018-06-22,0.9999991041299302,4.3442826950258865e-09,8.915270280703579e-07
2018-06-25,0.9999727885325063,2.2610277315713384e-08,2.718885593411223e-05
2018-06-26,0.9999967379897952,1.1315796067832585e-08,3.2506955448280107e-06
2018-06-27,0.9999680775510902,5.0022556675217576e-08,3.187242698417263e-05
2018-06-28,0.9999918130277805,2.020967465776658e-08,8.166763093243543e-06
2018-06-29,0.9999970387551191,1.0596618074885756e-08,2.9506469312139295e-06
2018-07-02,0.9999975282438379,8.73565669394459e-09,2.4630210317436464e-06
2018-07-03,0.9999959923778349,9.846558467135378e-09,3.997776589845091e-06
2018-07-05,0.9999972561564745,6.571255566628275e-09,2.7372732809963493e-06
2018-07-06,0.9999984713734054,4.108248767275757e-09,1.5245189538120516e-06
2018-07-09,0.9999978926666167,7.1372750488221325e-09,2.100195442719654e-06
2018-07-10,0.9999993051572031,3.717241978721837e-09,6.91125460191866e-07
2018-07-11,0.9999973866504248,8.081652151760354e-09,2.6052678271842167e-06
2018-07-12,0.999998601885704,4.241915979384717e-09,1.3938714465604013e-06
2018-07-13,0.9999992789055667,3.81932142147581e-09,7.17275970488455e-07
2018-07-16,0.9999992956366193,3.4623807970208483e-09,7.009000882350047e-07
2018-07-17,0.9999988228053206,4.915354681818964e-09,1.172279504184361e-06
2018-07-18,0.9999992975065392,3.6839086712946667e-09,6.98809007138688e-07
2018-07-19,0.9999987793242501,5.460953645744916e-09,1.2152165360302133e-06
2018-07-20,0.9999971442416459,4.638823325436662e-09,2.8511203262638884e-06
2018-07-23,0.9999981815433947,5.617681815532291e-09,1.812837728985071e-06
2018-07-24,0.9999992221931576,3.2597679386520006e-09,7.745459388166567e-07
2018-07-25,0.9999986561315316,4.365646237820136e-09,1.3395021154278973e-06
2018-07-26,0.9999991139124464,4.206134472722226e-09,8.81880743782895e-07
2018-07-27,0.9999988137649539,4.2601751300388565e-09,1.1819738431853178e-06
2018-07-30,0.999998851658097,3.9715482117059455e-09,1.144370168786604e-06
2018-07-31,0.9999991381995718,3.084355093001726e-09,8.587144774245858e-07
2018-08-01,0.9999989686917476,2.050279463094864e-09,1.0292588655872977e-06
2018-08-02,0.999999113093902,2.000737534691276e-09,8.849039376682995e-07
2018-08-03,0.9999992273627215,1.590412551914629e-09,7.710454633135519e-07
2018-08-06,0.9999991377848425,2.2462148781890217e-09,8.599683489857915e-07
2018-08-07,0.9999990207438961,2.34493052754798e-09,9.769095254970786e-07
2018-08-08,0.9999991581502305,2.111847079109759e-09,8.397362003696215e-07
2018-08-09,0.9999986024823317,2.9741657869886514e-09,1.3945419676095275e-06
2018-08-10,0.9999982712084994,3.4266109035721053e-09,1.7253649115140909e-06
2018-08-13,0.9999978226138468,3.3140681963850588e-09,2.174073037801211e-06
2018-08-14,0.999999013558895,2.2724398238095403e-09,9.841697066106915e-07
2018-08-15,0.9999925030123441,7.657557706601086e-09,7.4893290861039185e-06
2018-08-16,0.9999987595409456,2.2518381546420187e-09,1.2382073399159438e-06
2018-08-17,0.9999991894695642,1.6169651076256171e-09,8.089137788182872e-07
2018-08-20,0.9999992414780684,1.5805681144417222e-09,7.56940788053168e-07
2018-08-21,0.999999318541318,1.8313267316543795e-09,6.796273874788824e-07
2018-08-22,0.999999333322416,1.8079989105805158e-09,6.648701797867677e-07
2018-08-23,0.9999989955945735,2.5785460023916806e-09,1.0018260947207572e-06
2018-08-24,0.9999979052903766,1.8112614514792267e-09,2.09290006556915e-06
2018-08-27,0.9999985468031455,2.848640491906509e-09,1.4503482377130343e-06
2018-08-28,0.9999991211047242,2.223189436098937e-09,8.766704893564364e-07
2018-08-29,0.9999992632113376,1.6445605838948683e-09,7.351441943778624e-07
2018-08-30,0.9999990991859214,2.3299799117858214e-09,8.984834088720481e-07
2018-08-31,0.9999993992061704,1.7797129590442052e-09,5.990139387629956e-07
2018-09-04,0.9999992026535888,1.9001520970060753e-09,7.954479777168863e-07
2018-09-05,0.9999991776279529,1.7896757121637398e-09,8.205825091587373e-07
2018-09-06,0.9999990248839119,2.3269455753085114e-09,9.727906160385155e-07
2018-09-07,0.9999985616060598,2.38208751851089e-09,1.436012213028158e-06
2018-09-10,0.9999992199521643,1.9897201073624344e-09,7.780573416624147e-07
2018-09-11,0.9999989758112648,2.4195708547980984e-09,1.021769978046686e-06
2018-09-12,0.9999992486594331,1.6393947691290963e-09,7.497021553925197e-07
2018-09-13,0.9999991572698403,1.8856087389678616e-09,8.408448220585869e-07
2018-09-14,0.9999992018932519,2.150949529895765e-09,7.959548219877339e-07
2018-09-17,0.9999989588182834,1.867996620345523e-09,1.039312934834726e-06
2018-09-18,0.9999982924069655,3.446982523354852e-09,1.7041456583899381e-06
2018-09-19,0.9999991014960359,1.974127010275928e-09,8.965314418830034e-07
2018-09-20,0.999998911699232,1.522637948838948e-09,1.0867784717423296e-06
2018-09-21,0.9999991512271627,2.3701581120774427e-09,8.464029891013767e-07
2018-09-24,0.9999992366250083,1.8077063204164946e-09,7.615683444648539e-07
2018-09-25,0.9999993859493836,1.715420680635318e-09,6.123349032930439e-07
2018-09-26,0.9999987549207183,2.942591788840326e-09,1.2421373328913606e-06
2018-09-27,0.9999990933105909,2.272643577458253e-09,9.044179286284264e-07
2018-09-28,0.9999992426895145,1.7049773822584756e-09,7.556064241543381e-07
2018-10-01,0.9999990478431741,2.9004313081416324e-09,9.492580916196773e-07
2018-10-02,0.9999988914320744,2.104356000546241e-09,1.106462604776625e-06
2018-10-03,0.9999950184916474,4.433868754891657e-09,4.977072712402858e-06
2018-10-04,0.9999978398869327,2.1715683941732915e-09,2.157940393609863e-06
2018-10-05,0.9999928204345796,6.4667390437200726e-09,7.173096887097615e-06
2018-10-08,0.9996942174605264,3.1780032517491375e-07,0.0003054647389095034
2018-10-09,0.9791426102888073,9.46071114819398e-06,0.020847929001124775
2018-10-10,2.7504994202248455e-06,7.1646689097697064e-09,0.9999972423358311
2018-10-11,2.5395303785895e-11,2.0866007271701123e-08,0.9999999791070879
2018-10-12,1.7909623090983302e-06,4.493053504941384e-06,0.999993715982518
2018-10-15,0.0001677400905583185,1.8736777671560935e-05,0.9998135231320502
2018-10-16,0.0008684395490369902,2.6095134675008874e-06,0.9991289509386324
2018-10-17,0.018302890773443638,0.00011236717703424266,0.98158474204948
2018-10-18,0.01564274489043914,2.5625453325506117e-05,0.9843316296571982
2018-10-19,0.015742001794968857,7.991968236899119e-05,0.984178078522183
2018-10-22,0.013604347398193656,8.583167765016574e-05,0.9863098209227397
2018-10-23,0.004733082325247432,4.416464388407222e-05,0.9952227530323706
2018-10-24,3.936564091266355e-10,8.100141743579402e-09,0.9999999915053195
2018-10-25,2.547554409241098e-10,2.0421407399900977e-07,0.99999979553106
2018-10-26,2.909470410271269e-08,8.850970707459998e-07,0.9999990858090855
2018-10-29,8.203225380021583e-08,2.8607245328162687e-06,0.9999970572432728
2018-10-30,1.2427692071889532e-08,9.99735016274366e-07,0.9999989878384106
2018-10-31,6.582600755271398e-05,9.4258043594192e-06,0.9999247481876707
2018-11-01,0.003218402223693053,1.4513576160286833e-05,0.9967670841992672
2018-11-02,0.014843565674323156,1.652535883517957e-05,0.9851399089672471
2018-11-05,0.02515332219652542,3.19786190040485e-05,0.9748146991829478
2018-11-06,0.03664310951440823,3.402512466854713e-05,0.9633228653606922
2018-11-07,0.05049521851435191,6.6307994265112855e-06,0.9494981506845193
2018-11-08,0.11286355225265329,0.00015726651871779182,0.8869791812276957
2018-11-09,0.1004745576770285,9.04667164020016e-05,0.8994349756069447
2018-11-12,0.017390965687777475,1.0473772399194071e-05,0.9825985605398324
2018-11-13,0.013971663564132129,4.8325605266450786e-05,0.9859800108323808
2018-11-14,0.006102807499511871,2.0844361478669252e-05,0.9938763481406199
2018-11-15,0.004959918300780107,2.3098159925819876e-05,0.9950169835390705
2018-11-16,0.00614317686820813,6.31451863982254e-05,0.9937936779444587
2018-11-19,0.0010027750114591021,8.430144415610242e-06,0.9989887948434343
2018-11-20,8.78131827413597e-06,1.35282982694616e-06,0.9999898658502032
2018-11-21,8.449634928852109e-05,2.7700143930462488e-05,0.9998878035083842
2018-11-23,0.00011097427399111166,2.149100379664552e-05,0.9998675347228023
2018-11-26,0.00028466053149843256,1.0566298108859582e-05,0.9997047731717739
2018-11-27,0.0018931954661761967,5.080133721207801e-05,0.9980560031978194
2018-11-28,0.001445773238986702,2.844326322630332e-06,0.9985513824340142
2018-11-29,0.05427693082800918,8.576966042490901e-05,0.9456372995131099
2018-11-30,0.05982734098539458,7.453371722892042e-05,0.9400981252977875
2018-12-03,0.050689016663076986,2.0337731659679984e-05,0.9492906456070109
2018-12-04,1.69631289628504e-07,3.8105157097494495e-08,0.9999997922641557
2018-12-06,5.0663664572950205e-05,2.392684680826859e-05,0.9999254094899268
2018-12-07,2.3136542179243742e-08,1.3409690903638025e-07,0.9999998427665683
2018-12-10,3.409376273735626e-06,9.553146963280881e-06,0.9999870374780354
2018-12-11,2.1110103333735675e-05,2.1255984536255157e-05,0.9999576339130513
2018-12-12,1.952522651174573e-05,2.0703630783604266e-05,0.9999597711409727
2018-12-13,0.00011580613375583587,3.470640845171957e-05,0.9998494874593523
2018-12-14,4.2335957353871405e-06,2.8794851005108916e-06,0.9999928869181672
2018-12-17,6.779274966673149e-09,2.9005671940174323e-07,0.9999997031628013
2018-12-18,7.537324367053812e-09,1.3425975680317791e-06,0.9999986498633026
2018-12-19,1.5042895853827686e-09,5.128009988575743e-07,0.9999994856954303
2018-12-20,4.624244216736154e-13,6.82047789641996e-09,0.9999999931787897
2018-12-21,1.6020295200332768e-14,2.320198487267167e-09,0.9999999976789695
2018-12-24,4.31558904232399e-25,3.973198362151967e-13,1.0
2018-12-26,1.6787971735835927e-32,5.451304892132905e-18,1.0
2018-12-27,2.1164859012838602e-15,1.0064388329122409e-08,0.9999999899373506
2018-12-28,4.3142044230675385e-12,1.1438454071917904e-07,0.9999998856110389
2018-12-31,1.3080246267343384e-09,4.82005557199953e-07,0.9999995166873563
2019-01-02,1.5629878226840117e-06,3.854249776824193e-06,0.9999945827622773
2019-01-03,1.2858823154498964e-10,3.184206936140218e-08,0.9999999680294428
2019-01-04,4.3079523235123876e-11,1.6078302531610599e-09,0.9999999983483576
2019-01-07,0.004405117129244651,9.320288244671604e-06,0.9955855625835951
2019-01-08,0.07965510017450529,2.0792513469759323e-05,0.9203241073131139
2019-01-09,0.4460874765735958,3.4737533683440074e-05,0.5538777858912196
2019-01-10,0.8208985600740927,1.9290380865197348e-05,0.17908214954478313
2019-01-11,0.9872301306249865,2.4918033699902186e-06,0.012767377571808722
2019-01-14,0.9966398373144668,3.0510204302722316e-07,0.003359857584970205
2019-01-15,0.9981426450080153,1.393144727410693e-07,0.0018572156768532206
2019-01-16,0.9994955275540401,6.494728776308301e-08,0.0005044074971405319
2019-01-17,0.9996173531135704,3.92899221195748e-08,0.0003826075957221752
2019-01-18,0.998719526593519,7.1923695378217e-08,0.0012804014819008534
2019-01-22,0.9978668828550696,1.1621249244051811e-07,0.0021330009317260335
2019-01-23,0.9994431482752648,8.130846049291514e-08,0.0005567704160049009
2019-01-24,0.9998800651342431,2.439557472150253e-08,0.00011991047042251379
2019-01-25,0.9999053264689928,1.92475755997792e-08,9.465428419693518e-05
2019-01-28,0.9999526846866489,1.1078397144854684e-08,4.730423652813813e-05
2019-01-29,0.9999286688083584,1.8421033451597582e-08,7.131277197203982e-05
2019-01-30,0.9997681863634202,2.1315387428687074e-08,0.00023179232190688776
2019-01-31,0.9999787114913062,3.7214139979005253e-09,2.12847877781675e-05
2019-02-01,0.9999977051983434,2.666107587677364e-09,2.2921363976821777e-06
2019-02-04,0.9999969671853766,3.3308714472439113e-09,3.0294850634797295e-06
2019-02-05,0.9999984076543059,1.834491513248738e-09,1.5905106045540004e-06
2019-02-06,0.9999987633717325,1.9713396608393816e-09,1.2346566585268362e-06
2019-02-07,0.9999941970804798,4.300194670402359e-09,5.798620988899081e-06
2019-02-08,0.999998547137839,1.9408563050403782e-09,1.4509212895209532e-06
2019-02-11,0.9999983070316154,2.3614125431393326e-09,1.690605350314703e-06
2019-02-12,0.9999907250415099,4.517708643664624e-09,9.270441757579969e-06
2019-02-13,0.9999983184839534,2.4119018752732145e-09,1.679102414121593e-06
2019-02-14,0.9999978094916859,2.509921010391113e-09,2.187998138361132e-06
2019-02-15,0.9999962320651367,2.190785055346798e-09,3.765745212602181e-06
2019-02-19,0.9999978351575705,1.7052206812537487e-09,2.163136052350762e-06
2019-02-20,0.9999992736887089,1.4275073903271281e-09,7.248828655638202e-07
2019-02-21,0.9999982837595046,1.5934037527934756e-09,1.7146455362274632e-06
2019-02-22,0.9999990016117845,1.0815398213353797e-09,9.97307799430152e-07
2019-02-25,0.9999991022709247,1.6144909231492075e-09,8.961139518390524e-07
2019-02-26,0.9999989271278835,1.7007089125282826e-09,1.0711704473482337e-06
2019-02-27,0.9999981138625624,1.9123462657646124e-09,1.8842241735413606e-06
2019-02-28,0.9999990362125669,1.5828763191189883e-09,9.622030536006046e-07
2019-03-01,0.9999957713533426,3.116128732346613e-09,4.225530815101323e-06
2019-03-04,0.999998497574089,2.0153126462369657e-09,1.5004098740741015e-06
2019-03-05,0.9999991812259109,1.3290371457941064e-09,8.174437229885623e-07
2019-03-06,0.999998113524231,2.154897824891633e-09,1.8843197811724453e-06
2019-03-07,0.9999949623761054,3.936694738424354e-09,5.03368684193318e-06
2019-03-08,0.999997304548737,2.1316630942668887e-09,2.6933190001524863e-06
2019-03-11,0.9999905415435776,3.3556391745487303e-09,9.45510214424402e-06
2019-03-12,0.999999011954548,1.0240050222824755e-09,9.870211911651942e-07
2019-03-13,0.999998876367221,1.353883944357209e-09,1.1222791995674514e-06
2019-03-14,0.9999987922645249,1.5304744402379686e-09,1.2062036721049291e-06
2019-03-15,0.9999991464650525,9.280951163741274e-10,8.526073870953075e-07
2019-03-18,0.9999993707608316,1.1267737892441324e-09,6.281131549700222e-07
2019-03-19,0.9999993504136291,1.1093145060120076e-09,6.484786281757264e-07
2019-03-20,0.9999982925233806,1.6972829419492927e-09,1.7057777829000588e-06
2019-03-21,0.9999851404076174,3.425533561106144e-09,1.485616620792667e-05
2019-03-22,0.9993166314351729,6.092001802133712e-08,0.0006833076450248224
2019-03-25,0.9999875897234881,5.246432506650011e-09,1.2405028861147764e-05
2019-03-26,0.9999981955386739,1.8234106885756942e-09,1.8026377708519495e-06
2019-03-27,0.9999971821929331,3.0287581572063822e-09,2.814778014139323e-06
2019-03-28,0.9999974947817921,1.98244108260121e-09,2.50323436140083e-06
2019-03-29,0.9999990005531337,1.3748353117794175e-09,9.980733942770351e-07
2019-04-01,0.9999867659792332,9.516912417259299e-09,1.3224504980691153e-05
2019-04-02,0.9999993324929574,1.2982156173584078e-09,6.662080386482217e-07
2019-04-03,0.9999989302747319,1.7321200964919351e-09,1.0679945447656704e-06
2019-04-04,0.9999993447056441,1.2439890177464295e-09,6.540520101845005e-07
2019-04-05,0.9999993086860401,1.2998428803486502e-09,6.900123878005277e-07
2019-04-08,0.9999992887208264,1.3057637034925497e-09,7.099716321437988e-07
2019-04-09,0.9999988719216159,1.61092736883917e-09,1.1264660544337684e-06
2019-04-10,0.9999993452877203,1.2145650167314115e-09,6.534969495148233e-07
2019-04-11,0.9999987697491015,1.896665294420694e-09,1.2283524652814934e-06
2019-04-12,0.9999987122581948,2.195453853536864e-09,1.2855465580340631e-06
2019-04-15,0.9999993318235697,1.4772278736769596e-09,6.666995291949742e-07
2019-04-16,0.9999990146102699,1.8041062520489637e-09,9.835846895072464e-07
2019-04-17,0.9999993213280078,1.4449637865463208e-09,6.772256121797149e-07
2019-04-18,0.9999992887753961,1.3203925501579553e-09,7.099034145986849e-07
2019-04-22,0.9999993136191361,1.3912119212826394e-09,6.849898743896518e-07
2019-04-23,0.9999987531381109,1.3899138262706553e-09,1.2454713127823216e-06
2019-04-24,0.9999989992070829,1.6506053138970418e-09,9.991437035342022e-07
2019-04-25,0.9999993976454784,1.2753069904811125e-09,6.010796047537383e-07
2019-04-26,0.999999248990489,1.1220642685278118e-09,7.498869192300265e-07
2019-04-29,0.9999992033266143,1.5698837208905763e-09,7.951023334372938e-07
2019-04-30,0.9999993205603949,1.278729011651031e-09,6.781603270045924e-07
2019-05-01,0.9999978463152274,2.794102093203343e-09,2.1508920219055957e-06
2019-05-02,0.9999991130138665,1.4971389175418258e-09,8.854888711128741e-07
2019-05-03,0.9999984594263013,1.293794828207874e-09,1.5392800410384334e-06
2019-05-06,0.9999922179315888,4.863502292308562e-09,7.777204786125686e-06
2019-05-07,0.9992768047007138,5.395665294790966e-08,0.0007231413418108683
2019-05-08,0.9996171167572794,5.51440211545305e-08,0.00038282809878604536
2019-05-09,0.9994375442620762,1.1030393873440024e-07,0.0005623454331364157
2019-05-10,0.9975920370630542,6.8825238644885e-07,0.002407274685848399
2019-05-13,0.87826731848823,3.0467149028264086e-07,0.1217323768408616
2019-05-14,0.9783834217179666,2.602785446963394e-06,0.021613975497754376
2019-05-15,0.9994236008268602,1.3629245137981638e-07,0.0005762628824028827
2019-05-16,0.999980283993595,8.616294363909677e-09,1.9707389092117584e-05
2019-05-17,0.9999972170010168,3.1090418519430584e-09,2.7798886891324067e-06
2019-05-20,0.99999749912189,2.3519065230947745e-09,2.498526768211567e-06
2019-05-21,0.9999975138120117,2.5708843378152402e-09,2.483618744469615e-06
2019-05-22,0.9999986206358208,2.1338324345832826e-09,1.377229329105562e-06
2019-05-23,0.9999680149689406,1.1430728599467108e-08,3.1973600957980936e-05
2019-05-24,0.9999981059572494,2.524854728407324e-09,1.8915171002276674e-06
2019-05-28,0.9999859898161139,8.857152947000252e-09,1.4001328430759199e-05
2019-05-29,0.9999803740936437,9.11383438748536e-09,1.9616793175193616e-05
2019-05-30,0.9997984442458606,3.673501907276325e-08,0.0002015190191183395
2019-05-31,0.995931390292028,1.7060112937483386e-07,0.004068439105139677
2019-06-03,0.994722800655576,2.6560905667516866e-07,0.005276933734378775
2019-06-04,0.9899667278366544,2.97944218242693e-07,0.010032974220084622
2019-06-05,0.9995590829060262,1.0976242850282646e-07,0.00044080733307164956
2019-06-06,0.9999889586752231,5.352116286145078e-09,1.1035970913163127e-05
2019-06-07,0.9999898342728677,2.6975677952063e-09,1.0163027998723134e-05
2019-06-10,0.999995258073215,4.470816108146532e-09,4.737457179001189e-06
2019-06-11,0.9999985748664736,2.2981175612133716e-09,1.4228347396720616e-06
2019-06-12,0.9999984399194891,2.1562926740432877e-09,1.55792495439999e-06
2019-06-13,0.9999980550620235,2.2036816971546626e-09,1.942734251624121e-06
2019-06-14,0.9999989815738174,1.8291731299507322e-09,1.016598385242023e-06
2019-06-17,0.9999989566464124,1.8462053783497166e-09,1.0415088601521295e-06
2019-06-18,0.9999961292089548,1.9130937412218787e-09,3.868876178809056e-06
2019-06-19,0.9999990092733602,1.4777985881306826e-09,9.89247869636514e-07
2019-06-20,0.9999760992923707,3.531886812102375e-09,2.389717593923447e-05
2019-06-21,0.9999953370497255,2.5640164230624528e-09,4.6603850537198986e-06
2019-06-24,0.9999971213115312,2.0960807474558516e-09,2.8765935725884436e-06
2019-06-25,0.9999953149418316,3.3982813152034034e-09,4.681661627605399e-06
2019-06-26,0.9999975365784268,2.764610109742949e-09,2.4606570176952928e-06
2019-06-27,0.9999978834661877,2.18312651844616e-09,2.1143513553295435e-06
2019-06-28,0.9999985875120699,2.0339286509594334e-09,1.410453079403951e-06
2019-07-01,0.9999908167068159,4.374504615763122e-09,9.17891700355177e-06
2019-07-02,0.9999966588349136,1.5239317111735884e-09,3.3396403013328888e-06
2019-07-03,0.9999987078962639,1.2439250929865916e-09,1.2908614033508136e-06
2019-07-05,0.9999976933713015,2.235790869297072e-09,2.304394089072725e-06
2019-07-08,0.9999988410061074,2.2163302795074263e-09,1.1567792833126411e-06
2019-07-09,0.9999992727210072,1.6279785797373868e-09,7.256509251382835e-07
2019-07-10,0.9999969737955641,2.5426992426114893e-09,3.0236634472171814e-06
2019-07-11,0.9999977512259467,2.8817012536933814e-09,2.245892817869182e-06
2019-07-12,0.9999992733358252,1.3991167618192376e-09,7.252658055211109e-07
2019-07-15,0.9999992786545463,1.6177598718498896e-09,7.197269020259152e-07
2019-07-16,0.9999990506225872,1.9039959008782875e-09,9.474734638543591e-07
2019-07-17,0.9999942479755093,3.2130900136873697e-09,5.748811854244477e-06
2019-07-18,0.9999984705548614,1.7461649446660532e-09,1.5276991150556766e-06
2019-07-19,0.9999977799258973,2.68317701506632e-09,2.217389711639347e-06
2019-07-22,0.9999993540588815,1.5360749996460138e-09,6.444037209639637e-07
2019-07-23,0.9999987230193224,2.4496898626464505e-09,1.2745298257212737e-06
2019-07-24,0.9999992470041541,1.3070730782383222e-09,7.516883639991433e-07
2019-07-25,0.9999989476824419,1.739339122658813e-09,1.050579665672301e-06
2019-07-26,0.9999991670887369,1.437935108485503e-09,8.3147248504713e-07
2019-07-29,0.9999984785984202,2.3275482212741078e-09,1.5190739931426005e-06
2019-07-30,0.9998465306213268,1.0936593068481831e-07,0.00015336001159210654
2019-07-31,0.9710278819568428,4.529833787685611e-06,0.028967588210854902
2019-08-01,0.7608348666888373,1.8011545885721716e-06,0.2391633321562487
2019-08-02,0.7065419152193757,1.076994948929544e-05,0.29344731483179054
2019-08-05,8.802164744557844e-08,6.896069764162543e-09,0.9999999050814995
2019-08-06,0.00026174012824252,8.298464315788941e-07,0.9997374300259673
2019-08-07,0.0035375308569020733,8.329920854393094e-06,0.996454139223562
2019-08-08,0.004988482864062905,1.4848003839161085e-06,0.9950100323350956
2019-08-09,0.00808380230982544,2.1802144411272283e-05,0.9918943955451948
2019-08-12,0.0002498088690249253,1.7956209924295704e-06,0.9997483955085332
2019-08-13,0.00029989194013947077,4.445653107138876e-06,0.9996956624067665
2019-08-14,1.1694121634532668e-07,2.0364966810748646e-08,0.9999998626954133
2019-08-15,0.0349287881994096,5.055404513216389e-06,0.9650661563960755
2019-08-16,0.18805799107772037,9.397975256017364e-06,0.8119326109469217
2019-08-19,0.6037575505985029,1.179836115579753e-05,0.39623065104202876
2019-08-20,0.8995078212146868,3.945384481790458e-06,0.10048823339923274
2019-08-21,0.9256595517556332,3.797483017977142e-06,0.07433665076161963
2019-08-22,0.9132932625099589,5.4248282985957565e-06,0.08670131266058799
2019-08-23,0.14724879060009913,2.2764121952783464e-07,0.8527509817579109
2019-08-26,0.269864880270911,8.546971625659796e-06,0.7301265727571038
2019-08-27,0.4305104506089319,8.525330203931671e-06,0.5694810240607435
2019-08-28,0.7920087615281495,6.536568162344811e-06,0.20798470190293267
2019-08-29,0.9251186052818893,2.0933239417562033e-06,0.07487930139546105
2019-08-30,0.9881811120548472,6.993648443238488e-07,0.011818188578807088
2019-09-03,0.9935921664323721,1.416369128840264e-07,0.006407691930151551
2019-09-04,0.9969413153094149,5.62201296217684e-08,0.0030586284701906896
2019-09-05,0.9967685308036491,5.1262979337120725e-08,0.0032314179320073475
2019-09-06,0.9999553173453405,7.93389972123086e-09,4.4674720734028577e-05
2019-09-09,0.9999893489024252,1.9484391668672807e-09,1.064915038944448e-05
2019-09-10,0.9999926572142077,1.5537680272501483e-09,7.341231350054701e-06
2019-09-11,0.9999983994834186,9.78424529929335e-10,1.5995384362093205e-06
2019-09-12,0.999998811043749,9.547552493388522e-10,1.1880027647785734e-06
2019-09-13,0.9999869030746596,1.605959485438926e-09,1.3095319502646798e-05
2019-09-16,0.9999971459951466,1.2277421727477402e-09,2.8527760785021273e-06
2019-09-17,0.9999991392291189,6.897676217749319e-10,8.600804011312695e-07
2019-09-18,0.9999990877117466,8.580740400478225e-10,9.114305809874662e-07
2019-09-19,0.9999992846026374,6.786234674841331e-10,7.147170722848254e-07
2019-09-20,0.9999950581417817,1.6022984497274424e-09,4.940255898865937e-06
2019-09-23,0.999998991283573,7.839928321431684e-10,1.0079328035211768e-06
2019-09-24,0.9999869725445955,3.7516192669737475e-09,1.3023703194675614e-05
2019-09-25,0.9999775750952389,4.094375509643945e-09,2.2420811973699637e-05
2019-09-26,0.9999979611696156,1.2914147888366497e-09,2.0375376115554467e-06
2019-09-27,0.9999943966261173,2.1797839456079614e-09,5.601194509189021e-06
2019-09-30,0.9999165553928506,7.89506816680354e-09,8.343671148779611e-05
2019-10-01,0.9981246227234186,1.0913677180795759e-07,0.001875268139467188
2019-10-02,0.9918306139127512,7.444399670928432e-08,0.008169311644647254
2019-10-03,0.9957413634192327,1.2071956108328852e-07,0.0042585158624108225
2019-10-04,0.998569994943418,3.0415699554108234e-08,0.001429974641151008
2019-10-07,0.9993342516640378,3.7135184800969516e-08,0.0006657111997481153
2019-10-08,0.9979642629883937,5.195658332049633e-08,0.0020356850551139206
2019-10-09,0.9989975948382652,9.108997329873642e-08,0.0010023140714440452
2019-10-10,0.9996552105057026,4.6615858955702695e-08,0.0003447428773928031
2019-10-11,0.9999502618521336,1.513131563869081e-08,4.972301789887473e-05
2019-10-14,0.9999985424703189,1.6200511989132278e-09,1.4559090617918613e-06
2019-10-15,0.9999943177260782,4.6577490687808526e-09,5.6776145317053726e-06
2019-10-16,0.9999992529158652,1.1178330355898381e-09,7.459654885504673e-07
2019-10-17,0.9999992934538335,1.2246967005487461e-09,7.053230793638268e-07
2019-10-18,0.9999991416374587,1.2915813040638087e-09,8.570709562700969e-07
2019-10-21,0.9999982866553309,2.2167332462832395e-09,1.7111281811169181e-06
2019-10-22,0.9999989612848305,1.488441218183643e-09,1.0372258246121199e-06
2019-10-23,0.9999993039712229,1.1460133649184187e-09,6.948829013402863e-07
2019-10-24,0.9999991900188986,1.156684450835357e-09,8.08823668093665e-07
2019-10-25,0.9999991863045252,1.338363068494098e-09,8.1235796196829e-07
2019-10-28,0.999998314802325,2.1873248854314127e-09,1.6830109516447043e-06
2019-10-29,0.9999993782332354,1.1993581600015195e-09,6.205679395583975e-07
2019-10-30,0.9999977819777128,1.1670641706595507e-09,2.216855046968435e-06
2019-10-31,0.9999974798333747,1.7755214256154072e-09,2.518389570895736e-06
2019-11-01,0.9999985988698238,1.985797420537006e-09,1.399144729891413e-06
2019-11-04,0.9999977095275282,2.8948638216393546e-09,2.287576820858034e-06
2019-11-05,0.9999973483899024,2.3286303482784967e-09,2.6492829232473177e-06
2019-11-06,0.9999992172273204,1.3952751086239153e-09,7.813783494268505e-07
2019-11-07,0.999990609391243,4.939923463469613e-09,9.385669174192625e-06
2019-11-08,0.9999991494445546,1.8224501008516506e-09,8.487346290091781e-07
2019-11-11,0.9999993451130974,1.5083952705125096e-09,6.53380297732744e-07
2019-11-12,0.9999993543353677,1.2632779168070194e-09,6.4440279921038e-07
2019-11-13,0.9999992531523336,1.3562390153652306e-09,7.45492723624283e-07
2019-11-14,0.9999989057111255,1.404941082633647e-09,1.0928823042486407e-06
2019-11-15,0.9999990413530261,1.6543520821753691e-09,9.569917762490829e-07
2019-11-18,0.9999994059218752,1.2999156652139646e-09,5.927782896659138e-07
2019-11-19,0.9999990643050126,1.6348625378503392e-09,9.340608373180083e-07
2019-11-20,0.9999983745742179,2.494174191471572e-09,1.6229328782811097e-06
2019-11-21,0.9999991732805718,1.5098813470335746e-09,8.252081737084393e-07
2019-11-22,0.9999993827443263,1.4174788734841142e-09,6.158372989357253e-07
2019-11-25,0.999998767693646,1.5411138498401608e-09,1.2307651778504775e-06
2019-11-26,0.9999991907574076,1.3427595652218123e-09,8.079004671449956e-07
2019-11-27,0.9999991436638113,1.8145177292273834e-09,8.545201721328354e-07
2019-11-29,0.9999990335604829,1.3218568519777616e-09,9.651176321977116e-07
2019-12-02,0.999992544441337,1.4294499482281033e-09,7.454129895454986e-06
2019-12-03,0.9999553745827431,1.249832888877777e-08,4.4612920580295756e-05
2019-12-04,0.9999961928806154,4.306119091433521e-09,3.8028130498333297e-06
2019-12-05,0.9999990231704255,1.844592707429883e-09,9.749863369709521e-07
2019-12-06,0.9999972583538077,3.06816492825677e-09,2.7385786934633944e-06
2019-12-09,0.9999985522091741,2.3724089767069502e-09,1.4454173391641921e-06
2019-12-10,0.9999987407835503,2.1004716918291897e-09,1.2571158581174853e-06
2019-12-11,0.9999984198960852,1.738103448652794e-09,1.5783672661971233e-06
2019-12-12,0.9999882690860021,8.901457474466513e-09,1.1722014271735627e-05
2019-12-13,0.9999985749974406,1.6500566321622709e-09,1.4233520362294522e-06
2019-12-16,0.9999983524953606,2.6727300801151916e-09,1.6448314613008727e-06
2019-12-17,0.9999993970706781,1.4061780471663952e-09,6.015232881711775e-07
2019-12-18,0.9999990656183217,1.5472855987973497e-09,9.328327716391828e-07
2019-12-19,0.9999993605235658,1.2731662862018423e-09,6.38202502240603e-07
2019-12-20,0.9999993536332383,1.3113638048336453e-09,6.450568834641605e-07
2019-12-23,0.9999993947860288,1.3202848813502114e-09,6.038936997138056e-07
2019-12-24,0.9999992131345974,1.2489325911475591e-09,7.856154227308096e-07
2019-12-26,0.9999991748048837,1.2148690522365538e-09,8.239820094107098e-07
2019-12-27,0.9999993989042183,1.389190288245225e-09,5.997077292131742e-07
2019-12-30,0.9999987014170321,1.5417880833281515e-09,1.2970424600649944e-06
2019-12-31,0.9999985178958083,2.1192838205002617e-09,1.4799862914920772e-06
2020-01-02,0.9999974882334467,1.1265989798525073e-09,2.5106387187091857e-06
2020-01-03,0.9999899248976406,5.9348819094890465e-09,1.00691682364862e-05
2020-01-06,0.999998073048156,2.7168234463940025e-09,1.924235850245035e-06
2020-01-07,0.9999990382934888,1.6860440568860972e-09,9.60019453536009e-07
2020-01-08,0.9999986957417925,2.801022289459715e-09,1.3014557867090975e-06
2020-01-09,0.9999988518618236,1.8405485728744672e-09,1.1462958245672512e-06
2020-01-10,0.9999987854433229,2.1907707625161754e-09,1.2123669835221012e-06
2020-01-13,0.9999988028146508,2.453350378418107e-09,1.194732390942157e-06
2020-01-14,0.9999992194974174,2.01498118922875e-09,7.784882999907256e-07
2020-01-15,0.9999992282285597,1.486248395545222e-09,7.702839698938403e-07
2020-01-16,0.9999988090246732,2.3450233826541943e-09,1.1886292633892664e-06
2020-01-17,0.999998867017626,2.331659107332181e-09,1.1306522392318142e-06
2020-01-21,0.9999986521333983,2.4909064902505744e-09,1.3453746229819644e-06
2020-01-22,0.9999993742314612,1.6981518510381848e-09,6.240703537654012e-07
2020-01-23,0.9999991339576921,1.7682963842385055e-09,8.642725156326453e-07
2020-01-24,0.9999809175571412,9.904568587674148e-09,1.9072538821268666e-05
2020-01-27,0.9993363209633227,1.0210558301116569e-07,0.0006635769295252391
2020-01-28,0.9999082357368033,3.0697029498821216e-08,9.173356629013619e-05
2020-01-29,0.9999938906517121,5.584291439318674e-09,6.103764441931421e-06
2020-01-30,0.9999890542766171,8.486325126266553e-09,1.0937235624002648e-05
2020-01-31,0.9990102173494587,7.750538374366593e-08,0.0009897051434217372
2020-02-03,0.9996539900471725,5.661623501991733e-08,0.00034595333710494625
2020-02-04,0.9995364376641831,7.592591296053258e-08,0.0004634864083748894
2020-02-05,0.9999368877014229,2.7795907465108726e-08,6.30845020797985e-05
2020-02-06,0.999998209959596,2.6082638047182504e-09,1.7874335972087706e-06
2020-02-07,0.9999957178279882,5.333266320344714e-09,4.2768389186348014e-06
2020-02-10,0.9999980457269881,2.579192984520019e-09,1.9516954847442565e-06
2020-02-11,0.9999987195268671,2.7968222183511046e-09,1.2776769019417202e-06
2020-02-12,0.9999987716917799,2.6716254408732394e-09,1.2256365642495345e-06
2020-02-13,0.9999991665430406,1.8361261252397475e-09,8.316211241745948e-07
2020-02-14,0.999999278247093,1.6430896420570797e-09,7.201089843981198e-07
2020-02-18,0.9999976456593206,2.728153540903242e-09,2.3516123130483492e-06
2020-02-19,0.999977432304145,2.2483140781039725e-08,2.2545211831789884e-05
2020-02-20,0.9971966171888278,1.3479193774810268e-06,0.0028020348927503967
2020-02-21,0.8062938152927769,1.6573695801683193e-05,0.19368961101023174
2020-02-24,3.1520365033034483e-09,5.515354112476899e-09,0.9999999913343345
2020-02-25,5.4289687496400596e-14,5.087747588254887e-10,0.999999999490683
2020-02-26,4.4811374404615484e-11,1.8633249214189008e-07,0.999999813622725
2020-02-27,8.295732916817459e-35,2.1415202283769515e-18,1.0
2020-02-28,5.090573955831452e-35,2.368112882807309e-17,1.0
2020-03-02,7.961904739162261e-34,2.0469741847915968e-17,1.0
2020-03-03,3.0524340640703097e-29,9.462548605501513e-15,1.0
2020-03-04,1.0332041100262482e-30,4.976137316316855e-16,1.0
2020-03-05,3.48490893577111e-35,2.231753378579546e-16,1.0
2020-03-06,1.7792943501508973e-42,5.337215441432942e-19,1.0
2020-03-09,1.0020938499100414e-89,6.227793281127989e-42,1.0
2020-03-10,3.082963300162851e-83,1.2045911846498849e-32,1.0
2020-03-11,1.4491017488237346e-75,1.0219079717287636e-39,1.0
2020-03-12,7.684719243398758e-175,6.362736893830838e-81,1.0
2020-03-13,3.275620958023881e-142,3.351660091229617e-62,1.0
2020-03-16,1.4283655269138616e-234,1.251980582724038e-93,1.0
2020-03-17,4.5653388952978644e-219,9.899186499866165e-74,1.0
2020-03-18,3.321704555330774e-169,1.8264094016092718e-75,1.0
2020-03-19,4.596351413831817e-145,2.703485878307742e-53,1.0
2020-03-20,8.341807149622784e-129,3.429145654282086e-47,1.0
2020-03-23,2.323672898560877e-103,8.629150599482542e-38,1.0
2020-03-24,1.345630987247291e-170,9.037797831332928e-68,1.0
2020-03-25,9.687299507596346e-113,2.518686763374668e-41,1.0
2020-03-26,3.65877972358979e-128,6.750760352129445e-52,1.0
2020-03-27,1.7871990564844535e-111,7.197581647930586e-41,1.0
2020-03-30,1.836202366412883e-95,9.302427312017778e-36,1.0
2020-03-31,7.472925949698565e-67,1.334448118205774e-27,1.0
2020-04-01,1.7246954246309243e-83,9.925677807838174e-33,1.0
2020-04-02,7.892645885808535e-71,1.4509600711580575e-26,1.0
2020-04-03,8.970131548104447e-49,6.760635523727526e-19,1.0
2020-04-06,1.543870732859221e-81,3.4628703439340214e-36,1.0
2020-04-07,1.6773680090171188e-50,2.8501449247581336e-19,1.0
2020-04-08,1.5006048596417789e-52,8.320245698982374e-22,1.0
2020-04-09,1.1796611025643969e-42,7.779974010710064e-17,1.0
2020-04-13,9.964830860658817e-37,3.480148054758171e-15,1.0
2020-04-14,5.448263699772021e-37,2.487250090036274e-16,1.0
2020-04-15,7.879217119610038e-36,5.1234965263086985e-15,1.0
2020-04-16,2.5989879917634573e-34,2.04927909958732e-14,1.0
2020-04-17,1.967286008371663e-37,1.8044331674513284e-16,1.0
2020-04-20,2.88111845000617e-41,1.4336220233116715e-16,1.0
2020-04-21,9.31330948797936e-46,4.9720171579854955e-19,1.0
2020-04-22,3.8110105920466855e-46,8.742999188339299e-18,1.0
2020-04-23,8.868001211636129e-37,1.1161728434574049e-14,1.0
2020-04-24,2.4511566349390843e-27,2.130157055809471e-12,0.999999999996362
2020-04-27,5.577303598068627e-24,7.002914164341278e-11,0.9999999999308784
2020-04-28,3.299403784070097e-20,9.620156033576882e-10,0.9999999990395736
2020-04-29,4.2496136087464255e-23,2.3335055256664197e-11,0.9999999999781721
2020-04-30,4.755052985685177e-21,8.953132805380482e-11,0.9999999999090505
2020-05-01,6.315563722655368e-28,7.095211879503109e-13,1.0
2020-05-04,8.178758101318558e-26,5.289399430488905e-11,0.9999999999454303
2020-05-05,9.629365677610177e-23,4.480921211109663e-10,0.9999999995525286
2020-05-06,1.0073800870197478e-21,1.1859686247336496e-10,0.9999999998799467
2020-05-07,4.7089661253685035e-20,2.7217006498446103e-10,0.9999999997271516
2020-05-08,9.13397664030456e-16,3.4577464931953e-08,0.999999965421012
2020-05-11,5.6082095856284875e-12,6.66950218534041e-07,0.9999993330459297
2020-05-12,5.770892980025961e-20,8.583661155142959e-10,0.999999999141437
2020-05-13,1.0809087765311057e-23,6.605504680982573e-11,0.9999999999345164
2020-05-14,2.1137184692723635e-21,2.6896096416593934e-10,0.9999999997307896
2020-05-15,8.244604696496863e-19,7.72249748696951e-09,0.999999992276571
2020-05-18,1.924296138446327e-23,4.1924189657919565e-11,0.9999999999563443
2020-05-19,9.123689213353315e-16,3.730319973262956e-08,0.999999962696166
2020-05-20,3.658294328812347e-15,1.885961491468053e-08,0.9999999811407181
2020-05-21,5.048357175527537e-14,9.258429618523073e-08,0.9999999074170817
2020-05-22,6.955957973143744e-13,4.0570495647885104e-07,0.9999995942926857
2020-05-26,7.359455951081706e-15,5.149816944092897e-08,0.9999999485007733
2020-05-27,2.9197140820569815e-14,8.060613709434238e-08,0.9999999193933068
2020-05-28,3.6262150534270705e-13,3.5639300753339897e-07,0.9999996436054697
2020-05-29,2.1530433912804588e-12,4.686914193348446e-07,0.9999995313047482
2020-06-01,1.2371465724198075e-13,4.0631696411221175e-07,0.9999995936815056
2020-06-02,4.611215267394389e-12,7.721710121631488e-07,0.9999992278247444
2020-06-03,2.1804379148844547e-12,2.816479638032836e-07,0.9999997183513584
2020-06-04,3.966907717243392e-11,8.127723284771883e-07,0.9999991871885533
2020-06-05,3.841822122336268e-14,7.016584513612708e-09,0.9999999929823389
2020-06-08,9.837372895119252e-12,6.105798304305023e-07,0.9999993894090994
2020-06-09,3.784625076921688e-12,8.202270694852863e-07,0.9999991797707206
2020-06-10,1.4123679149086491e-12,5.053730284914475e-07,0.9999994946266637
2020-06-11,4.139279978806566e-45,3.470298352530033e-22,1.0
2020-06-12,1.9976557625622755e-28,1.0023863524143362e-11,0.9999999999890861
2020-06-15,7.358647183441691e-24,1.5618337067512064e-10,0.9999999998435669
2020-06-16,2.4494369251852078e-26,3.071831273342718e-11,0.9999999999708962
2020-06-17,2.346991136409942e-20,2.9869256406060973e-09,0.9999999970132194
2020-06-18,5.696417924400829e-20,2.4943569816433116e-09,0.9999999975043465
2020-06-19,1.0610527146762066e-23,2.6949360078152187e-10,0.9999999997307896
2020-06-22,5.118319087691346e-19,8.101413672967425e-09,0.9999999918982212
2020-06-23,1.4900630561270109e-18,1.3568615298037104e-08,0.999999986430339
2020-06-24,6.250632356109816e-22,1.0790490345710919e-10,0.9999999998908606
2020-06-25,2.70771799040649e-20,1.5168761567316734e-09,0.9999999984829628
2020-06-26,2.2834450169701514e-23,5.6494509825152226e-11,0.9999999999417923
2020-06-29,1.1414377369906655e-20,1.2965102521911094e-09,0.9999999987048795
2020-06-30,2.904791980301571e-18,1.1083833389119615e-08,0.9999999889150786
2020-07-01,7.117612912317616e-14,1.3670560472811646e-07,0.9999998632956797
2020-07-02,1.8214092898792574e-12,4.384662346824768e-07,0.9999995615327004
2020-07-06,5.7487046159129894e-15,4.8583727674059385e-08,0.9999999514147943
2020-07-07,2.3913988307607892e-14,9.610746690679459e-08,0.9999999038918805
2020-07-08,1.2750362057529012e-13,2.2430645013999124e-07,0.9999997756931659
2020-07-09,3.856673399762849e-14,9.119178279286325e-08,0.9999999088067894
2020-07-10,8.268541779365964e-13,2.975732513347855e-07,0.9999997024242918
2020-07-13,9.449832441458516e-18,8.394549357535405e-09,0.9999999916071829
2020-07-14,2.209675037578651e-16,1.4579178279841579e-08,0.9999999854226189
2020-07-15,2.740165939717153e-13,2.4815534935555604e-07,0.9999997518425824
2020-07-16,4.948189903338568e-12,4.6340112375450765e-07,0.9999995365943669
2020-07-17,4.400282902333638e-10,2.84915996865897e-06,0.9999971504007263
2020-07-20,3.802140484402015e-09,3.851969977781414e-06,0.9999961442264732
2020-07-21,3.126597014910848e-09,4.7526244415200554e-06,0.9999952442489611
2020-07-22,3.4892154207043322e-09,3.7594746309010866e-06,0.9999962370345971
2020-07-23,2.2031286635416433e-10,1.4349072921787909e-06,0.9999985648729601
2020-07-24,9.4992655009829e-10,2.457989233963162e-06,0.9999975410604057
2020-07-27,1.8833334739509073e-10,1.5697205066118742e-06,0.9999984300896858
2020-07-28,2.4913781144305173e-09,3.882260115050329e-06,0.9999961152500841
2020-07-29,1.2175581046581163e-09,2.5399835148301655e-06,0.9999974587986346
2020-07-30,1.7865000330684804e-08,6.650314462851167e-06,0.9999933318217198
2020-07-31,2.398108926262931e-09,4.165631862839375e-06,0.999995831969091
2020-08-03,6.443951301650581e-09,6.316448591388233e-06,0.9999936771073215
2020-08-04,6.984800100718407e-09,2.989440016451741e-06,0.9999970035759689
2020-08-05,3.766840302577194e-08,1.1136951570961184e-05,0.9999888253811602
2020-08-06,1.487409137220688e-07,1.1574594925817775e-05,0.9999882766638231
2020-08-07,1.4191293630192732e-06,2.4100231319808468e-05,0.9999744806391644
2020-08-10,2.027589398629204e-06,3.8474060909836844e-05,0.9999594983508675
2020-08-11,7.792895162628896e-12,2.678228675875874e-09,0.9999999973151716
2020-08-12,2.5631836147393356e-08,6.255020113258515e-06,0.9999937193476272
2020-08-13,3.4006658607722983e-08,3.424371105190658e-06,0.9999965416232729
2020-08-14,3.92782255758572e-06,4.520612142928005e-05,0.9999508660578006
2020-08-17,9.581189218732057e-07,2.3273186910107535e-05,0.9999757686953651
2020-08-18,4.682448616851685e-06,3.880132938288413e-05,0.9999565162211456
2020-08-19,1.214998384668838e-07,2.8480137152755694e-06,0.9999970304860178
2020-08-20,4.256903996242045e-07,1.6494533884165096e-05,0.9999830797763876
2020-08-21,7.32607621906979e-07,1.8599696516802404e-05,0.9999806676946421
2020-08-24,2.118497183887573e-07,1.472451084456944e-05,0.9999850636401324
2020-08-25,1.3003887450833658e-06,3.430557641096789e-05,0.9999643940363863
2020-08-26,9.635866179162119e-09,7.02148400289123e-06,0.9999929688812501
2020-08-27,2.5393790989157268e-09,2.341192569005749e-06,0.9999976562676419
2020-08-28,3.336507668412063e-08,7.3174101677599755e-06,0.9999926492252649
2020-08-31,3.2145331377008277e-10,2.3714631580262793e-06,0.9999976282152534
2020-09-01,1.484755647655131e-11,4.1867491954006e-07,0.9999995813087447
2020-09-02,3.017928073683934e-13,2.7824297302232516e-08,0.9999999721767384
2020-09-03,6.572650422080357e-23,1.6411623761987424e-12,1.0
2020-09-04,2.2513041460209444e-17,3.1112678395462365e-09,0.9999999968895281
2020-09-08,1.7191816220930345e-18,5.45204550282357e-10,0.9999999994543032
2020-09-09,9.969196744347717e-18,6.860990373843396e-09,0.999999993138772
2020-09-10,1.03038399433123e-14,5.2991296338804864e-08,0.9999999470092021
2020-09-11,3.9637258782970806e-11,2.2029833441178274e-06,0.9999977969770663
2020-09-14,5.677245580293346e-12,7.15559554793206e-07,0.9999992844352905
2020-09-15,3.8267045072378657e-10,4.297947001263571e-06,0.9999957016717936
2020-09-16,4.5379019355213416e-10,4.120456808817042e-06,0.9999958790879973
2020-09-17,2.680585927333436e-10,2.7567837639209176e-06,0.9999972429470098
2020-09-18,7.923754736819732e-10,2.0596504394883906e-06,0.9999979395564278
2020-09-21,2.493232455168852e-12,2.73830914454372e-07,0.9999997261657347
2020-09-22,2.2309930691960494e-12,5.29277692150752e-07,0.9999994707215174
2020-09-23,3.338997354335992e-14,9.304750987809948e-09,0.9999999906940502
2020-09-24,1.6308359464619272e-13,3.981412046488527e-07,0.9999996018596786
2020-09-25,5.139359023523522e-13,1.6451580188965944e-07,0.9999998354833359
2020-09-28,2.3021009073250696e-13,2.2548226729922248e-07,0.999999774518099
2020-09-29,1.939772399818207e-10,2.9956322049522057e-06,0.9999970041725956
2020-09-30,1.0209691470389345e-11,1.3168864060850307e-06,0.9999986831034706
2020-10-01,3.493336927276506e-12,1.8584599346265473e-06,0.9999981415366154
2020-10-02,4.768500160563271e-12,1.0536473889879971e-06,0.9999989463473051
2020-10-05,7.921791634800691e-18,3.891957336524233e-08,0.9999999610809035
2020-10-06,1.4875512778411574e-14,1.3331462756279944e-07,0.9999998666862755
2020-10-07,2.9472968848841265e-16,6.209261436555119e-08,0.9999999379069796
2020-10-08,6.479799785143305e-12,1.3527847330546876e-06,0.9999986472075817
2020-10-09,3.556417014511187e-11,2.794902391096878e-06,0.9999972050612037
2020-10-12,1.056303298673585e-11,5.782051993693826e-07,0.9999994217834536
2020-10-13,1.554342481407175e-10,3.1224342403317854e-06,0.9999968774112499
2020-10-14,1.2507697010981228e-10,5.259138871687042e-06,0.9999947407370257
2020-10-15,1.4107208028854671e-11,3.3409754748817194e-06,0.9999966590095359
2020-10-16,5.151581402940248e-12,2.173541869870752e-06,0.999997826451906
2020-10-19,2.944021110781451e-14,9.318425002831659e-08,0.9999999068168152
2020-10-20,8.58068648803804e-16,1.883218311109641e-07,0.9999998116764068
2020-10-21,6.034793040697401e-14,5.917356264583661e-07,0.9999994082647322
2020-10-22,5.864716988559501e-14,4.34043066232478e-07,0.9999995659564807
2020-10-23,1.3664564059827998e-12,1.1386823033466665e-06,0.9999988613169196
2020-10-26,2.6453338517946333e-19,4.7693338283364625e-09,0.9999999952306098
2020-10-27,1.0395909646788618e-20,5.306957353795565e-09,0.9999999946921889
2020-10-28,3.423301727968031e-35,2.8826487879288927e-16,1.0
2020-10-29,2.0550369675214743e-31,2.434262876431975e-12,0.999999999996362
2020-10-30,9.781420198818917e-30,2.5650263317564907e-12,0.999999999996362
2020-11-02,1.2889724181895112e-30,2.173472367315629e-12,0.999999999996362
2020-11-03,2.3496789588898455e-29,7.458833144968846e-12,0.999999999992724
2020-11-04,2.5292239179006587e-20,9.123959407615057e-12,0.9999999999890861
2020-11-05,5.2167408393674546e-17,1.3351821333282097e-08,0.9999999866486178
2020-11-06,9.12357337226077e-10,7.457966165994687e-06,0.9999925411198872
2020-11-09,1.8476927323067888e-15,2.8066644650402703e-09,0.9999999971951183
2020-11-10,2.983825413356518e-09,1.4938335004249149e-05,0.9999850586816413
2020-11-11,1.9654567545119442e-08,1.7382425871953788e-05,0.999982597919812
2020-11-12,2.7845889237363065e-10,6.093652448153758e-06,0.9999939060693721
2020-11-13,2.2910192297655864e-09,9.318293273549852e-06,0.9999906794144039
2020-11-16,2.387359091948027e-08,2.7120917100528045e-05,0.9999728552075696
2020-11-17,5.538610992018712e-07,7.850584978671304e-05,0.9999209402889353
2020-11-18,4.659831986994567e-08,3.2512204289567864e-05,0.9999674411981645
2020-11-19,9.374148414778965e-08,4.563174368867098e-05,0.999954274514926
2020-11-20,5.326301028063194e-08,4.278832567433762e-05,0.9999571584131004
2020-11-23,5.1795362140274616e-08,2.072000968455484e-05,0.9999792281934836
2020-11-24,7.372896410503352e-09,2.801591350118488e-05,0.9999719767144905
2020-11-25,7.81043381755413e-06,0.0004373915386455739,0.9995547980257393
2020-11-27,5.131082993908625e-06,0.0005643080983465014,0.9994305608198025
2020-11-30,2.983813264082199e-05,0.0009443811283912372,0.9990257807386254
2020-12-01,3.126242115386224e-09,0.0008797939300492075,0.9991202029453372
2020-12-02,7.364179090504714e-07,0.002369771357892567,0.997629492224866
2020-12-03,1.6735270449621174e-06,0.003236837779814399,0.9967614886929872
2020-12-04,1.74624375108261e-07,0.00331423176923485,0.9966855936076711
2020-12-07,8.61825030690123e-07,0.0033898179623766092,0.996609320211255
2020-12-08,4.9053498779769075e-06,0.0032463155293753544,0.9967487791197356
2020-12-09,3.6126026995879965e-07,0.0017010165007677119,0.9982986222402669
2020-12-10,1.9936858637165018e-07,0.0012238161233135703,0.9987759845067041
2020-12-11,5.4332298425774805e-08,0.000715033700936669,0.9992849119664388
2020-12-14,3.282498489214052e-09,0.00023019761339616081,0.9997697991033244
2020-12-15,4.983393334527901e-10,0.0001357349340328631,0.9998642645675108
2020-12-16,1.3475476771333946e-07,0.0005301743024803369,0.9994696909427533
2020-12-17,1.1271089703645784e-07,0.0007098523066914544,0.99929003498239
2020-12-18,2.195461112810835e-06,0.0007721580480967849,0.9992256464908685
2020-12-21,1.0584647813966056e-09,0.0002722374955243403,0.9997277614455975
2020-12-22,6.905909395319923e-09,0.00025158168096604095,0.999748411413412
2020-12-23,1.4372149531071145e-08,0.0004395360788697593,0.9995604495475047
2020-12-24,8.544556605208673e-07,0.0008239353288801511,0.9991752102147599
2020-12-28,2.1180628501826318e-07,0.0007720689247668816,0.9992277192695046
2020-12-29,8.013624228274252e-08,0.0007083313459790534,0.9992915885191695
2020-12-30,8.227374078758874e-08,0.0005604323562315267,0.9994394853683933
2020-12-31,5.4164882306124746e-08,0.00030471894830327384,0.9996952268878464
2021-01-04,5.372572562555762e-14,2.670446289877156e-06,0.9999973295524983
2021-01-05,7.172593062686635e-12,2.4954912779578476e-05,0.999975045079159
2021-01-06,1.869474883941392e-12,8.160372046085298e-06,0.9999918396248262
2021-01-07,5.118323827129062e-10,5.957412609288645e-05,0.9999404253605795
2021-01-08,3.842298258074286e-09,5.480770395316698e-05,0.999945188453871
2021-01-11,4.698634532136468e-09,0.0005553752938729471,0.999444620008313
2021-01-12,8.975297406755223e-09,0.0011058713214991335,0.9988941197040154
2021-01-13,5.6974656298767726e-08,0.001258704130919176,0.9987412388950394
2021-01-14,1.1783929465476435e-08,0.0011969783673991335,0.9988030098495482
2021-01-15,1.952288399591806e-09,0.0011209908607580873,0.9988790071852746
2021-01-19,1.7880249060524684e-09,0.001461092041042068,0.9985389061698621
2021-01-20,2.8765772868549407e-09,0.002189616070109109,0.9978103810538111
2021-01-21,5.263032342652405e-07,0.004818262301189061,0.9951812113966493
2021-01-22,4.0707960163976954e-07,0.00485377925048075,0.9951458136700005
2021-01-25,5.3656155151131834e-09,0.002879469483020004,0.9971205251504092
2021-01-26,3.723381547840245e-08,0.0019718533060134403,0.998028109460011
2021-01-27,2.7244131544438077e-29,1.4214644848695196e-10,0.9999999998581188
2021-01-28,9.02914005134021e-19,2.4315308625460913e-07,0.99999975684844
2021-01-29,9.476535089019247e-22,1.564247841563352e-09,0.9999999984356691
2021-02-01,1.1158917693115447e-21,6.9106848038756125e-06,0.999993089315699
2021-02-02,8.420292552484082e-14,0.01676289454550554,0.9832371054558716
2021-02-03,3.805694544191759e-09,0.3585639545652081,0.6414360416307265
2021-02-04,1.8888290237258843e-09,0.4994902637213341,0.5005097343892502
2021-02-05,1.889683798876007e-08,0.8891551091491032,0.11084487195534141
2021-02-08,3.644742254802746e-09,0.9706738844749566,0.029326111881125272
2021-02-09,1.952876360829008e-09,0.99519450878695,0.0048054892611020155
2021-02-10,2.0070461993528984e-10,0.9986602735341541,0.0013397262652569337
2021-02-11,2.961069900675802e-10,0.9992605000660166,0.0007394996367777624
2021-02-12,1.0898704515321966e-09,0.9988328539848104,0.0011671449266851476
2021-02-16,6.810429444458448e-10,0.9949288104530861,0.005071188866939194
2021-02-17,3.3193017402185285e-09,0.9885424742384346,0.011457522442259692
2021-02-18,3.132508950055764e-09,0.9632330925802771,0.03676690428680437
2021-02-19,3.798433235892296e-09,0.8730635450362114,0.12693645116536012
2021-02-22,2.459128409233983e-10,0.7172940016303265,0.28270599812326275
2021-02-23,2.179089350289352e-09,0.6589657512924779,0.3410342465293085
2021-02-24,8.316492019541913e-09,0.4855590501943006,0.514440941490535
2021-02-25,1.0498836810058427e-16,1.0835932873741399e-05,0.9999891640659838
2021-02-26,9.100517762601325e-19,1.9302666263939414e-08,0.9999999806968847
2021-03-01,4.230188412370384e-16,5.262218894625302e-05,0.9999473778101486
2021-03-02,3.458251605922314e-11,0.0005992536236355967,0.9994007463419052
2021-03-03,2.3558287923655e-14,0.00013081981192845783,0.9998691801895295
2021-03-04,1.127870324230755e-16,0.0003145770780703446,0.9996854229234969
2021-03-05,4.5054932007408256e-15,0.005842699840632826,0.9941573001580161
2021-03-08,9.849659936095991e-13,0.060458169851447634,0.9395418301488564
2021-03-09,6.85032165304407e-14,0.11410956435363005,0.885890435645076
2021-03-10,8.96159093497324e-11,0.8816339879130164,0.11836601199769485
2021-03-11,1.021055050390653e-11,0.9816484109574785,0.018351589032209906
2021-03-12,1.863420749402229e-11,0.9957346532828494,0.004265346699584458
2021-03-15,5.399559509500915e-11,0.9997977841442068,0.0002022158028137291
2021-03-16,2.4181836510298878e-11,0.9999913316581196,8.668316699324269e-06
2021-03-17,1.3374140266802388e-11,0.9999923905559926,7.609431905225432e-06
2021-03-18,8.467084723570503e-12,0.9998847813974394,0.00011521859245720945
2021-03-19,3.739708596112034e-12,0.9999899144094534,1.0085587450200622e-05
2021-03-22,3.954989662337673e-11,0.9999874873811437,1.2512578809817419e-05
2021-03-23,1.0856667049652987e-11,0.9999933687651489,6.631224683538428e-06
2021-03-24,2.687109164377287e-12,0.9999938012380192,6.198760413054286e-06
2021-03-25,5.085976121265369e-12,0.9999947229001096,5.277094589948906e-06
2021-03-26,2.7655272536154803e-12,0.999982624756715,1.737524136675286e-05
2021-03-29,4.791221177512128e-12,0.9999903392593378,9.660736058338207e-06
2021-03-30,2.7479158854617993e-11,0.999992047897435,7.952076345912896e-06
2021-03-31,5.4055822057756745e-12,0.9999914904618066,8.509532126738089e-06
2021-04-01,1.7982504709713647e-10,0.9999650550083528,3.494481307765143e-05
2021-04-05,1.3650639149307483e-11,0.9999911088484258,8.891139455825458e-06
2021-04-06,1.1715010891475866e-10,0.9999977151481926,2.284736318014702e-06
2021-04-07,3.13454503390212e-10,0.9999983568245483,1.642862727184234e-06
2021-04-08,3.2610022900660554e-10,0.9999971148032059,2.884870151575101e-06
2021-04-09,2.821589986646177e-10,0.9999979660554111,2.03366181797518e-06
2021-04-12,5.824753552387907e-10,0.9999986627453683,1.3366713806501609e-06
2021-04-13,5.725955404364699e-10,0.999998118191749,1.8812357091499752e-06
2021-04-14,7.84074686832113e-10,0.9999980695920828,1.9296229758834187e-06
2021-04-15,4.016728368040395e-10,0.999967687612304,3.231198572390049e-05
2021-04-16,4.521062739701614e-10,0.9999978923028195,2.1072457095644225e-06
2021-04-19,5.960146124041618e-10,0.9999981380950939,1.861310191828624e-06
2021-04-20,9.222445198398435e-11,0.999997215127463,2.7847790107156e-06
2021-04-21,7.073319628255433e-11,0.9999960698191823,3.930111774835983e-06
2021-04-22,1.0408204640097886e-10,0.9999965387238138,3.4611712857410415e-06
2021-04-23,7.744831971775923e-11,0.9999964340668072,3.5658567014087882e-06
2021-04-26,1.7202328298959322e-10,0.9999984423496552,1.5574778843729807e-06
2021-04-27,2.186351965506703e-10,0.9999978834479978,2.116334125589707e-06
2021-04-28,3.5861491633658376e-10,0.9999986269295155,1.3727134344857016e-06
2021-04-29,1.084328790123281e-10,0.9999979495644868,2.0503275156737428e-06
2021-04-30,1.2169021062676566e-10,0.9999975544517729,2.4454257449073846e-06
2021-05-03,4.873218517131558e-11,0.9999970733158161,2.9266348887739607e-06
2021-05-04,3.067023990968537e-11,0.9999964286680659,3.571302390440067e-06
2021-05-05,2.99974825208211e-11,0.9999975642088081,2.4357616569109707e-06
2021-05-06,1.7093646748052487e-11,0.9999930616854412,6.938298048851874e-06
2021-05-07,4.6438616207412276e-10,0.9999795054417658,2.0494094661189397e-05
2021-05-10,6.875570993281583e-10,0.998903623095577,0.001096376218358932
2021-05-11,1.691867760092983e-10,0.9918324940771386,0.008167505752434412
2021-05-12,2.190330233382585e-16,0.9392605709686357,0.06073942903111248
2021-05-13,3.9676741599739794e-13,0.9761801614523568,0.023819838545527206
2021-05-14,3.4928307279693845e-10,0.9935804508010161,0.006419548849400655
2021-05-17,1.4601306922603812e-10,0.9997529484458777,0.0002470514073235466
2021-05-18,4.322604538183404e-12,0.9999694180134374,3.058198302500834e-05
2021-05-19,4.067220913463017e-13,0.9999880354759608,1.1964524861838727e-05
2021-05-20,1.0980904879801655e-12,0.9999739127580503,2.6087241081193663e-05
2021-05-21,9.303701467737493e-12,0.9999961628128354,3.837177351813068e-06
2021-05-24,3.0632910313918424e-11,0.9999943023884468,5.6975815994646485e-06
2021-05-25,4.5048848599556505e-11,0.9999968618407493,3.1381144896368028e-06
2021-05-26,2.714234582701629e-10,0.999998589447472,1.4102812843778823e-06
2021-05-27,5.74173086783913e-10,0.9999986997035463,1.2997215116285192e-06
2021-05-28,4.841067176805515e-10,0.9999986998854449,1.2996290632880777e-06
2021-06-01,1.0115546677610698e-09,0.9999974751476699,2.5238401794482655e-06
2021-06-02,1.183260977039817e-09,0.9999973294724629,2.6693431205517625e-06
2021-06-03,1.0599011739783637e-09,0.9999911453624951,8.85357814731646e-06
2021-06-04,2.7877376939022005e-09,0.9999824519739287,1.7545239125902506e-05
2021-06-07,4.2569257075917305e-09,0.9999975394269572,2.4563144557281346e-06
2021-06-08,2.2445186752977602e-09,0.9999973271223349,2.670634124804014e-06
2021-06-09,9.267880741026228e-10,0.9999966589185868,3.340155972432627e-06
2021-06-10,4.553745513428553e-09,0.9999972178704913,2.7775745224419623e-06
2021-06-11,7.577228871341346e-09,0.9999977365394593,2.2558848781669755e-06
2021-06-14,3.0014893290603392e-09,0.9999975790226219,2.4179775527220535e-06
2021-06-15,2.9753214014020075e-09,0.9999975615203484,2.435503699533846e-06
2021-06-16,1.4803362465116513e-09,0.9999814668597818,1.8531658999971565e-05
2021-06-17,2.1864686964632337e-10,0.9997446168358584,0.00025538294373648356
2021-06-18,8.494892124989833e-12,0.9999028916395687,9.710835332152051e-05
2021-06-21,4.325611833133864e-12,0.9999561265014991,4.3873494788659194e-05
2021-06-22,2.5886876966751183e-09,0.9999963004989005,3.696914195338948e-06
2021-06-23,5.261535677951578e-09,0.9999980400844941,1.9546524498334197e-06
2021-06-24,4.286873600209173e-09,0.999997639743981,2.3559679542175947e-06
2021-06-25,3.3272136645773184e-09,0.9999971813089067,2.8153631713347263e-06
2021-06-28,7.22990563962329e-09,0.9999970251418429,2.9676274929120224e-06
2021-06-29,6.251319298111594e-09,0.9999976645040066,2.3292453796284913e-06
2021-06-30,8.283833115815395e-09,0.9999980242229377,1.967494452810519e-06
2021-07-01,5.2405945042040547e-08,0.9999955635274277,4.384068038350119e-06
2021-07-02,7.810439070780872e-08,0.9999920508914677,7.871004228953701e-06
2021-07-06,3.48250629098101e-08,0.9999930062212027,6.958953581933448e-06
2021-07-07,3.7085263222572054e-08,0.9999926928988804,7.270014154007393e-06
2021-07-08,3.5637270117086133e-09,0.9999882606932835,1.1735744189945687e-05
2021-07-09,2.405078825373874e-09,0.9999872159477022,1.2781646533026213e-05
2021-07-12,3.1216630306652286e-08,0.9999955440643277,4.424720258960811e-06
2021-07-13,2.3275529087427917e-08,0.9999914398215738,8.536902657257352e-06
2021-07-14,3.055793630279232e-08,0.999990344610753,9.624832918650668e-06
2021-07-15,1.8433775821219753e-08,0.9999914853577657,8.496209290076834e-06
2021-07-16,1.2646680416413971e-08,0.9999598514424896,4.013591091612782e-05
2021-07-19,3.045911768623787e-12,0.9996783171126196,0.0003216828833460025
2021-07-20,4.653130487105993e-11,0.9998555818375683,0.00014441811623614189
2021-07-21,1.2988662912778645e-09,0.9999742775542009,2.572114667507695e-05
2021-07-22,8.809867217644545e-09,0.9999896589168112,1.033227414141369e-05
2021-07-23,3.0354190825474e-09,0.9999893279806322,1.0668983017912683e-05
2021-07-26,8.27018686153509e-09,0.9999940453703795,5.946359186520938e-06
2021-07-27,1.3793436678730828e-09,0.9999876221811328,1.2376438333189969e-05
2021-07-28,4.569758254688409e-09,0.9999926036999338,7.391728805776384e-06
2021-07-29,3.011898761558016e-09,0.9999897036489371,1.0293338513952774e-05
2021-07-30,6.452514478170459e-09,0.9999914435213665,8.550026066676547e-06
2021-08-02,1.3538231656119552e-09,0.999987697973848,1.2300673446826243e-05
2021-08-03,3.0270183541792267e-09,0.9999886330870438,1.136388464596129e-05
2021-08-04,9.674250382314916e-09,0.9999931172660974,6.87306141829941e-06
2021-08-05,6.92440569835363e-09,0.9999913428739111,8.650202820190373e-06
2021-08-06,1.5821626201584846e-08,0.9999547677296609,4.52164488303811e-05
2021-08-09,2.584618304348655e-08,0.9999880605995422,1.1913554238058064e-05
2021-08-10,2.0982916326015388e-08,0.9999949708489154,5.008169065962544e-06
2021-08-11,2.6378054714832962e-08,0.9999928488724562,7.124749083964956e-06
2021-08-12,6.106141618959908e-08,0.9999959423958455,3.996543939973034e-06
2021-08-13,6.312273338547237e-08,0.9999832390917105,1.6697786383087862e-05
2021-08-16,4.265171435953984e-08,0.9999950576979505,4.899652136844719e-06
2021-08-17,1.4302676014827924e-08,0.9999896554534913,1.0330244087217373e-05
2021-08-18,1.434392287034341e-10,0.9999468637727367,5.313608352202388e-05
2021-08-19,6.284361663819279e-11,0.9999534078428615,4.659209391078588e-05
2021-08-20,1.7225956722050716e-09,0.9999834287072816,1.656956915496893e-05
2021-08-23,4.206325361023902e-09,0.9999867901314552,1.320566223152106e-05
2021-08-24,1.0474930473308449e-08,0.9999934608781657,6.5286461782994686e-06
2021-08-25,1.5690403630579745e-08,0.9999937494990067,6.2348105544810545e-06
2021-08-26,4.13292976428307e-09,0.9999902465972791,9.74926994059814e-06
2021-08-27,1.584434426265954e-08,0.9999804910669253,1.9493087865053562e-05
2021-08-30,3.55466631939873e-08,0.9999941788906914,5.785562433832935e-06
2021-08-31,3.449382824747532e-08,0.9999941293271579,5.836177477541892e-06
2021-09-01,3.670034364661372e-08,0.9999965700430654,3.3932553317952814e-06
2021-09-02,2.4995175459268013e-08,0.9999953105762776,4.664428286884404e-06
2021-09-03,1.3964652466549812e-08,0.9999891019481707,1.0884087795752383e-05
2021-09-07,6.270883113120869e-09,0.9999788134216696,2.118030787193263e-05
2021-09-08,5.939825479352679e-09,0.9999929680226931,7.026038323232117e-06
2021-09-09,1.868913474101321e-09,0.9999860839547771,1.3914174957524536e-05
2021-09-10,3.440821407625088e-10,0.999948537333718,5.1462322515827754e-05
2021-09-13,9.283049771571136e-10,0.9999849225214142,1.507654986411503e-05
2021-09-14,7.761945478174211e-10,0.9999834991846797,1.6500039282304912e-05
2021-09-15,1.954145198758852e-09,0.9999756344535711,2.436359213322683e-05
2021-09-16,6.1767432827947025e-09,0.9998208398941268,0.00017915393061602961
2021-09-17,2.6843265106302173e-09,0.9990670812756515,0.0009329160413493613
2021-09-20,4.379969201230837e-14,0.9964492449329919,0.0035507550659968448
2021-09-21,1.4139696175230679e-12,0.997543200258176,0.0024567997398186477
2021-09-22,2.6017280557522086e-10,0.998523540823095,0.0014764589151504532
2021-09-23,9.224357317279396e-11,0.9989630925754035,0.0010369073325427627
2021-09-24,5.88441801848245e-08,0.9992092856488656,0.0007906555079716747
2021-09-27,3.179440905091444e-07,0.9958554186293957,0.004144263424873118
2021-09-28,1.2288913913903852e-10,0.936989777339896,0.06301022253620477
2021-09-29,1.0490639491058057e-09,0.9525539101070201,0.047446088844681676
2021-09-30,6.151209898313656e-11,0.9558428472866372,0.0441571526521637
2021-10-01,6.403979445953876e-10,0.9700333042077071,0.029966695150317
2021-10-04,2.04061417538316e-10,0.9819958693215809,0.018004130473104132
2021-10-05,8.804594972598406e-11,0.9952821553417405,0.004717844571190826
2021-10-06,3.5199967726091165e-10,0.9993524524743059,0.0006475471729861164
2021-10-07,1.333202337047985e-10,0.9999151401053736,8.485976043370401e-05
2021-10-08,1.3932663560184393e-09,0.9999875145746954,1.2484031418566519e-05
2021-10-11,5.252736536596277e-10,0.9999844757917281,1.5523681821370742e-05
2021-10-12,2.0458192474430586e-10,0.99997388470269,2.6115092922594495e-05
2021-10-13,7.252977289640629e-10,0.9999714664878396,2.8532787643099347e-05
2021-10-14,1.779241185197071e-09,0.9999447479370711,5.525028322214298e-05
2021-10-15,6.063956685591877e-09,0.999988429649964,1.1564286299687498e-05
2021-10-18,1.440156425331574e-08,0.9999961258365614,3.8597620661783505e-06
2021-10-19,3.2731132236371206e-09,0.99999348789362,6.5088326911997485e-06
2021-10-20,1.3829417222411213e-08,0.9999957290983984,4.257072410227246e-06
2021-10-21,4.187633337964325e-08,0.9999975380554426,2.420069837356443e-06
2021-10-22,3.322055956560523e-08,0.9999958528837443,4.113896816470866e-06
2021-10-25,2.3116197724849163e-08,0.9999966302186682,3.346665942154349e-06
2021-10-26,1.94356558543564e-08,0.9999952614819849,4.719081748838811e-06
2021-10-27,4.178046608013397e-09,0.9999897074978791,1.0288324542291567e-05
2021-10-28,3.810519453986587e-09,0.9999941529920714,5.843196815187382e-06
2021-10-29,1.640461114727578e-08,0.9999960555219819,3.92807215248993e-06
2021-11-01,3.5738465227172964e-08,0.99999299644966,6.967810798358726e-06
2021-11-02,7.418128353187314e-08,0.9999937017872139,6.2240309823925455e-06
2021-11-03,7.068233861937195e-08,0.9999926090258954,7.320290094395201e-06
2021-11-04,1.1378427335223899e-07,0.9999857645556476,1.4121661095378257e-05
2021-11-05,4.861636191168651e-08,0.9999747760173592,2.517536495921727e-05
2021-11-08,2.6566839112741105e-08,0.9999910023439109,8.971090600298894e-06
2021-11-09,2.0127556299816835e-08,0.9999519707891705,4.800908448485188e-05
2021-11-10,4.981772217074208e-09,0.9995419637166214,0.00045803130161901163
2021-11-11,2.4835608879452193e-08,0.9999696271326376,3.0348033188702876e-05
2021-11-12,2.3895972684523898e-08,0.9999915841062265,8.391996498782103e-06
2021-11-15,3.3577775495989005e-08,0.9999892976220235,1.066879975408843e-05
2021-11-16,4.370920649138577e-08,0.9999934811852308,6.47510380678976e-06
2021-11-17,3.7592375266024727e-08,0.9999858615828038,1.410082477006761e-05
2021-11-18,8.34032151122745e-08,0.9998947308855296,0.00010518571176776489
2021-11-19,3.9253678278561196e-07,0.9982916748041781,0.0017079326598010071
2021-11-22,3.036839783986996e-07,0.9799870333372425,0.02001266297810137
2021-11-23,5.239086072358707e-07,0.9400138764873412,0.05998559960266107
2021-11-24,6.914161419320974e-06,0.7501497812827411,0.24984330455582654
2021-11-26,4.774859214914575e-17,0.0024903662256600453,0.9975096337757416
2021-11-29,2.0780429016647775e-10,0.0010359984369114426,0.9989640013564118
2021-11-30,3.1589687719417644e-14,2.2848098417571932e-05,0.999977151902382
2021-12-01,1.5183583975163668e-17,1.2615528069900713e-07,0.9999998738458169
2021-12-02,8.703238007820878e-16,1.239346996827636e-07,0.9999998760649836
2021-12-03,2.987612805678103e-17,1.8222563492629895e-07,0.9999998177736582
2021-12-06,7.694437000550822e-15,1.966932417905904e-05,0.9999803306752197
2021-12-07,2.1008923068629956e-10,0.0027443763916907378,0.9972556233966348
2021-12-08,1.7557243101614755e-06,0.058519383142157225,0.9414788611348907
2021-12-09,2.143027525915733e-06,0.11587986767379917,0.8841179892992483
2021-12-10,1.994176105959387e-05,0.15515406027718676,0.8448259979602984
2021-12-13,3.774914611506068e-06,0.16799758425588185,0.8319986408290353
2021-12-14,1.1171273819303814e-06,0.17506902681215927,0.8249298560599952
2021-12-15,2.659104229993905e-07,0.18239241180534305,0.817607322285531
2021-12-16,3.181316355567319e-06,0.1936683986721957,0.8063284200106206
2021-12-17,6.158631540230545e-07,0.2055670220703399,0.7944323620682832
2021-12-20,1.1147401313930296e-07,0.2175965583219064,0.7824033302033804
2021-12-21,2.6040989191408255e-08,0.2768254071396586,0.7231745668179184
2021-12-22,2.231621607282548e-05,0.65447691434465,0.3455007694379797
2021-12-23,2.9456626927251663e-05,0.8961827248917261,0.10378781848199055
2021-12-27,2.2301234810032548e-05,0.948192553534795,0.05178514523009658
2021-12-28,7.404216172130743e-05,0.9926045242605753,0.007321433576096909
2021-12-29,6.338316953664385e-05,0.9983416415725803,0.0015949752573691759
2021-12-30,5.2794069518128955e-05,0.9993214108143956,0.0006257951157577814
2021-12-31,4.16533104310079e-05,0.9992056513130063,0.0007526953769592354
2022-01-03,7.09970506387198e-06,0.9970802763646458,0.0029126239295397096
2022-01-04,1.1026496313419352e-05,0.9964462267587041,0.0035427467461701884
2022-01-05,6.051256869979937e-07,0.9899393519837119,0.010060042890149275
2022-01-06,9.300718808620028e-07,0.9911197264672106,0.008879343462401674
2022-01-07,2.6993887526168943e-06,0.9901743420104937,0.009822958601912919
2022-01-10,4.0886130654649275e-06,0.9858539276412506,0.0141419837440712
2022-01-11,1.0713909269214839e-05,0.9649411955888046,0.035048090501664256
2022-01-12,6.922907469713564e-05,0.9340976309311037,0.06583313999251568
2022-01-13,6.328752039536453e-06,0.7089192562781248,0.291074414970881
2022-01-14,1.974933836055106e-05,0.4485648945062176,0.5514153561567021
2022-01-18,3.03059219893096e-08,0.004577139374539718,0.9954228303177229
2022-01-19,3.5182495964918073e-09,0.0006578331872875206,0.9993421632959661
2022-01-20,3.0084765717108105e-10,7.38167784043292e-05,0.9999261829213951
2022-01-21,4.971967633926281e-15,3.975575604235999e-07,0.999999602441755
2022-01-24,3.305800710661518e-17,2.367974053129299e-07,0.9999997632039875
2022-01-25,1.3530040977255753e-17,5.944274267380229e-08,0.999999940559066
2022-01-26,1.9622945703219605e-19,1.2460534598706933e-08,0.9999999875399226
2022-01-27,1.4082808767170573e-17,4.2037744641724866e-08,0.9999999579631558
2022-01-28,4.24557243178146e-18,5.065081418714096e-09,0.9999999949359335
2022-01-31,7.68533344940621e-13,2.129004512448784e-06,0.9999978709952227
2022-02-01,1.0109317909273351e-06,3.3786372543309717e-05,0.9999652026942282
2022-02-02,3.7661110768915625e-07,1.6244726712749973e-05,0.9999833786604377
2022-02-03,1.1797636371489737e-09,6.685773135494008e-08,0.9999999319625227
2022-02-04,1.9762520782899665e-08,1.0066053196941897e-05,0.999989914183901
2022-02-07,6.778869553675388e-07,3.343298080144354e-05,0.9999658891317119
2022-02-08,1.1017192688575239e-06,4.244827054196862e-05,0.9999564500091748
2022-02-09,2.8339416188163073e-06,1.8869252053278712e-05,0.9999782968070162
2022-02-10,6.049560223802757e-09,1.1829624701010973e-07,0.9999998756538921
2022-02-11,2.082517635956441e-13,5.974551851872587e-08,0.9999999402534758
2022-02-14,2.095113277842561e-13,1.5012375042913968e-07,0.9999998498751778
2022-02-15,1.454043001326512e-12,2.625841132994981e-07,0.9999997374143622
2022-02-16,1.6068428996320164e-08,7.744472165954712e-06,0.99999223946098
2022-02-17,9.025889881419755e-14,3.00120049944484e-08,0.9999999699866753
2022-02-18,6.776211078716108e-12,6.933934101176313e-07,0.9999993066014797
2022-02-22,4.692289025585371e-13,2.25205180835832e-07,0.9999997747945852
2022-02-23,2.937061498820477e-17,4.5476451143200905e-10,0.9999999995452526
2022-02-24,5.387066077938574e-18,2.6057882061612724e-09,0.9999999973952072
2022-02-25,6.228817332159996e-16,3.87812823627213e-09,0.9999999961219146
2022-02-28,2.502713743748894e-16,1.407204019758886e-08,0.999999985928298
2022-03-01,6.589008155371562e-20,1.2513831164984046e-10,0.9999999998763087
2022-03-02,1.0344923336711608e-22,1.472040022411887e-11,0.9999999999854481
2022-03-03,9.46350889579117e-15,1.1757856140902446e-08,0.9999999882420525
2022-03-04,8.914851194746709e-18,9.171096788688955e-10,0.9999999990832293
2022-03-07,8.293640977131796e-27,2.6993891618583934e-15,1.0
2022-03-08,9.862464795206602e-25,1.5577543801874267e-12,1.0
2022-03-09,2.176225799337911e-25,3.0648538138718835e-14,1.0
2022-03-10,4.699435806179829e-15,4.084748128678392e-09,0.9999999959145498
2022-03-11,1.1226963226466301e-14,6.278275689527327e-09,0.9999999937208486
2022-03-14,1.17206001698504e-17,7.322437406824691e-11,0.9999999999272404
2022-03-15,1.5070675802621287e-18,2.3614390706315008e-11,0.9999999999781721
2022-03-16,5.46660001626147e-14,6.215427927283653e-10,0.9999999993779056
2022-03-17,6.825988910903797e-11,2.0615463970423587e-07,0.9999997937775547
2022-03-18,9.844848275213599e-09,1.3621516626742987e-07,0.9999998539387995
2022-03-21,3.903108810560578e-09,2.010982741063694e-07,0.9999997949999152
2022-03-22,3.480695597416518e-08,1.4114780964045295e-06,0.9999985537152951
2022-03-23,1.2341969307429289e-08,6.641764247526528e-07,0.9999993234816899
2022-03-24,1.3907336116799038e-07,2.054596922885e-06,0.9999978063302892
2022-03-25,1.862286941410844e-05,1.0082190801353522e-05,0.9999712949402207
2022-03-28,0.00011689689781982832,3.5527677550304256e-06,0.9998795503348127
2022-03-29,0.0006241923935780959,7.051480021241842e-06,0.999368756126192
2022-03-30,0.0013177150027672939,3.101744862499549e-05,0.9986512675472949
2022-03-31,0.0009289161393382188,8.411075970671532e-06,0.9990626727847187
2022-04-01,0.0015801947416128838,3.278224790501225e-05,0.9983870230105021
2022-04-04,0.001168211862993535,3.254361934988579e-05,0.9987992445172202
2022-04-05,1.4138435889201292e-05,1.5634312473017261e-07,0.9999857052210596
2022-04-06,6.501050729620295e-06,2.7106198345342513e-06,0.9999907883308422
2022-04-07,7.396431099279313e-06,9.845206442207379e-06,0.9999827583628121
2022-04-08,1.567324271987362e-05,6.953250757429006e-06,0.9999773735048223
2022-04-11,5.235768564645318e-09,1.7443770067213163e-08,0.9999999773208403
2022-04-12,1.512515439158811e-07,2.251635458170638e-06,0.9999975971142469
2022-04-13,1.3113543281648114e-06,2.815206122934353e-06,0.9999958734382395
2022-04-14,2.1847690457429572e-07,1.1532828973558094e-07,0.9999996661936723
2022-04-18,6.888848086147999e-06,8.91774643880459e-06,0.999984193405323
2022-04-19,1.795655664143222e-07,8.867455219737478e-07,0.9999989336871523
2022-04-20,1.8302633269704062e-05,5.030030906482257e-06,0.9999766673347941
2022-04-21,1.594005544667863e-06,8.18097138567042e-07,0.9999975878956308
2022-04-22,2.972932540090355e-13,2.5849999359021666e-10,0.9999999997417035
2022-04-25,1.5220051094499243e-11,2.0828003245817032e-08,0.9999999791580196
2022-04-26,6.45451731029524e-21,7.0396667505482315e-12,0.999999999992724
2022-04-27,3.388985330601798e-17,1.3208885724997706e-09,0.9999999986794137
2022-04-28,1.6812631882168201e-19,1.904489174839351e-11,0.9999999999818101
2022-04-29,1.1354403916672948e-22,9.924110687667585e-16,1.0
2022-05-02,2.488873182367145e-19,1.223041756078636e-10,0.9999999998763087
2022-05-03,1.3619823082846482e-13,1.963743798312753e-08,0.9999999803621906
2022-05-04,4.276550255996408e-15,6.600684061209978e-11,0.9999999999345164
2022-05-05,9.718205554138152e-21,7.84386669932018e-17,1.0
2022-05-06,7.418661799730345e-15,3.3742249350798454e-09,0.9999999966239557
2022-05-09,2.927371021383888e-23,3.7580517771606424e-13,1.0
2022-05-10,6.727945723346053e-19,2.2428669292134805e-10,0.9999999997744453
2022-05-11,1.1481886256510436e-18,3.9643060159907814e-10,0.9999999996034603
2022-05-12,1.543941388410045e-16,1.4610018385124535e-09,0.9999999985375325
2022-05-13,2.733183837166884e-18,2.2823375483358892e-10,0.9999999997708073
2022-05-16,5.6616109857837526e-11,1.719241862333638e-07,0.9999998280182046
2022-05-17,2.191611693255872e-13,1.2892200842895236e-08,0.9999999871070031
2022-05-18,1.1228283969709816e-21,9.454999514527329e-13,1.0
2022-05-19,1.570656508522221e-13,2.244862581287729e-08,0.999999977550033
2022-05-20,1.537419367484925e-13,1.9376464669247806e-08,0.9999999806241251
2022-05-23,9.325590932620446e-17,2.4044529081288573e-09,0.999999997595296
2022-05-24,5.005358582264791e-14,1.3316388527718083e-08,0.9999999866849976
2022-05-25,5.950244263319398e-13,1.913634772395378e-08,0.9999999808642317
2022-05-26,1.8609664313818886e-14,3.884797157934059e-09,0.9999999961146386
2022-05-27,2.2725405555781725e-13,1.5187378959316356e-09,0.9999999984793249
2022-05-31,2.1830019365762168e-10,3.931726546754921e-08,0.9999999604660851
2022-06-01,1.0684112921012359e-08,4.2122359136708075e-07,0.9999995680919733
2022-06-02,5.7169190274774516e-11,2.7366195598075125e-08,0.9999999725769161
2022-06-03,3.922472170340393e-08,2.024452372145891e-07,0.999999758329097
2022-06-06,2.04104158318975e-09,2.3417011262186212e-07,0.9999997637897019
2022-06-07,2.7556262064073473e-08,2.6201183403796135e-07,0.9999997104314808
2022-06-08,2.942468251776616e-07,5.086823149029744e-07,0.9999991970692957
2022-06-09,2.0663793848542826e-10,1.6977083529682766e-08,0.9999999828178262
2022-06-10,5.054723004779522e-14,2.6738269412117956e-11,0.9999999999745341
2022-06-13,4.475075980262333e-25,7.816450069767551e-20,1.0
2022-06-14,5.912475717247499e-18,2.6270320300267433e-10,0.9999999997380655
2022-06-15,2.205112105279161e-16,8.260884736628922e-11,0.9999999999163265
2022-06-16,3.397810957778912e-21,5.936757694696988e-13,1.0
2022-06-17,1.3926591116074585e-15,2.253181685248295e-09,0.9999999977480911
2022-06-21,9.472066968005478e-21,2.633698070253958e-11,0.9999999999745341
2022-06-22,3.3362153649536236e-14,1.9276030705241604e-09,0.9999999980718712
2022-06-23,6.553639596143606e-14,3.0204335148038425e-09,0.9999999969804776
2022-06-24,1.3683950587770052e-18,3.7402925794899026e-11,0.9999999999636202
2022-06-27,4.411268116985336e-10,1.5111609967815809e-07,0.9999998484418143
2022-06-28,3.0872382514404683e-12,9.13123596601384e-09,0.9999999908650352
2022-06-29,6.351747172258854e-12,2.973547716447993e-08,0.9999999702595237
2022-06-30,6.018317655190949e-12,4.1871866399217126e-08,0.9999999581232268
2022-07-01,1.7230659428193858e-10,4.266191845103577e-09,0.9999999955616659
2022-07-05,6.027638254867535e-11,3.1553129164427848e-09,0.9999999967840267
2022-07-06,2.3900557933416856e-10,9.674614014075587e-09,0.9999999900865078
2022-07-07,6.456883594182928e-11,1.0353374076607857e-08,0.9999999895808287
2022-07-08,1.4890235544496542e-07,1.555580738373295e-07,0.9999996955412379
2022-07-11,1.8736146318234885e-09,3.526877561109693e-08,0.999999962856237
2022-07-12,1.3596128209399507e-09,3.2145069315814e-08,0.9999999664942157
2022-07-13,2.03075403650977e-09,4.0614686915881316e-08,0.9999999573556133
2022-07-14,6.66474530582398e-09,3.6492795682816134e-08,0.9999999568426583
2022-07-15,1.6701518289177417e-09,3.759808663161026e-09,0.9999999945684976
2022-07-18,5.3241923281465845e-08,4.9354631773462053e-08,0.9999998974017269
2022-07-19,3.1487181897461222e-12,5.096376285519235e-10,0.999999999487045
2022-07-20,4.7041228261119786e-07,1.7561641105519323e-07,0.9999993539715701
2022-07-21,1.2426116572387385e-07,2.183073656606337e-08,0.9999998539096957
2022-07-22,1.1679154660280428e-06,3.8587553475458524e-07,0.9999984462095447
2022-07-25,2.010100249206395e-06,4.670024050052474e-07,0.9999975228960223
2022-07-26,3.197821792874947e-07,1.510267796826828e-07,0.9999995291910835
2022-07-27,6.101165958253707e-11,2.1167140300621905e-09,0.9999999978208507
2022-07-28,7.637773204818362e-07,9.342106713516363e-08,0.999999142801611
2022-07-29,2.907621071697627e-06,3.3012590644074245e-07,0.9999967622513969
2022-08-01,6.092031482686539e-07,3.04862734464497e-08,0.9999993603089251
2022-08-02,2.0153123978671782e-07,6.853899720957681e-09,0.9999997916165957
2022-08-03,6.173455006097941e-07,3.1612698055351962e-09,0.9999993794919753
2022-08-04,3.890471058819694e-05,2.5110412746683115e-07,0.9999608441857121
2022-08-05,1.062827535014967e-05,4.1908577702373566e-08,0.9999893298177919
2022-08-08,6.421420341755447e-05,2.1602674253984731e-07,0.9999355697712183
2022-08-09,0.00011984841390893814,4.076473665500156e-07,0.9998797439392931
2022-08-10,2.6917238520966287e-05,3.9263773357192984e-08,0.9999730434969832
2022-08-11,0.001116438019914752,9.059496908386104e-08,0.9988834713840674
2022-08-12,0.011658423973033018,3.202087418259332e-08,0.9883415440061444
2022-08-15,0.09787227249516285,7.120723417546701e-07,0.9021270154317651
2022-08-16,0.1294865050862807,1.118390647096985e-06,0.8705123765232631
2022-08-17,0.13020615066161687,4.0302045675466684e-07,0.8697934463195266
2022-08-18,0.11963266426071341,1.2536752483483346e-06,0.8803660820625235
2022-08-19,0.022185374667853204,3.63813715512262e-08,0.9778145889493217
2022-08-22,3.502386453511195e-05,5.8764828981921604e-09,0.9999649702573258
2022-08-23,1.5261039380644298e-06,7.649921945349461e-08,0.9999983973952221
2022-08-24,7.141719365299661e-06,1.9121843036529139e-07,0.9999926670621441
2022-08-25,1.6453264373635682e-06,9.241468822592942e-09,0.9999983454304174
2022-08-26,4.080498578520544e-12,2.888873016175951e-11,0.9999999999672582
2022-08-29,2.3767420159674663e-08,1.1396622316487442e-08,0.9999999648352975
2022-08-30,3.148512819293582e-08,1.5262072249072044e-08,0.9999999532519734
2022-08-31,5.691719545529775e-08,1.1970878882214574e-08,0.9999999311112356
2022-09-01,6.681416576298411e-09,8.880118553073194e-09,0.9999999844367268
2022-09-02,6.783688154105638e-08,2.4917876971434134e-08,0.9999999072460967
2022-09-06,1.1616456202791537e-10,4.729323215868103e-10,0.9999999994106474
2022-09-07,8.539919635666044e-10,1.991718984753082e-10,0.9999999989486241
2022-09-08,7.463690368609335e-07,8.103949198796127e-08,0.9999991725929943
2022-09-09,3.17765484288174e-07,1.948917884858426e-08,0.9999996627448695
2022-09-12,1.0152075681869823e-07,4.045907702291095e-08,0.9999998580206112
2022-09-13,1.7962070571590596e-16,1.2040900587970231e-14,1.0
2022-09-14,1.7352201211894705e-08,1.5636336071932026e-08,0.9999999670108087
2022-09-15,1.430870730899006e-08,6.9808859012199034e-09,0.9999999787105482
2022-09-16,1.1435109910439762e-08,7.89212304992129e-09,0.9999999806714188
2022-09-19,1.5091879840496303e-08,1.3404565807818756e-08,0.9999999715037124
2022-09-20,2.3778962706187145e-09,2.273728768161248e-09,0.9999999953470251
2022-09-21,2.028551287747154e-11,1.3148620157691505e-09,0.9999999986648618
2022-09-22,2.2530990830839648e-11,8.930605819573769e-11,0.9999999998872227
2022-09-23,9.348106399822726e-13,1.5504868533106248e-10,0.9999999998435669
2022-09-26,4.1884152211767786e-16,2.844205824744356e-12,0.999999999996362
2022-09-27,1.3975748814189632e-18,7.854073054665554e-13,1.0
2022-09-28,6.169560823960311e-19,1.295584439583001e-15,1.0
2022-09-29,1.906353085818942e-15,4.286796398429285e-12,0.999999999996362
2022-09-30,4.100203305735194e-15,6.0075738500873716e-12,0.999999999992724
2022-10-03,2.4821721042258247e-19,8.544313120353994e-15,1.0
2022-10-04,5.118300293550022e-19,1.4748590710761501e-13,1.0
2022-10-05,7.297302404190078e-11,1.866941725413569e-09,0.9999999980609573
2022-10-06,5.516213043336334e-13,1.997269524838873e-10,0.9999999997999112
2022-10-07,7.357548236483537e-16,2.0301340519601853e-13,1.0
2022-10-10,4.644108786165283e-16,5.6987276743304855e-12,0.999999999992724
2022-10-11,3.008916617894089e-17,1.2434609955638525e-11,0.9999999999890861
2022-10-12,1.6063579877267734e-17,1.2012218759421597e-11,0.9999999999890861
2022-10-13,1.9320343267959483e-21,5.979337875016504e-14,1.0
2022-10-14,8.524347550684054e-16,1.1056118991515563e-12,1.0
2022-10-17,3.9381417857211805e-20,1.8585399200922849e-13,1.0
2022-10-18,7.632828683508494e-15,4.859918333533001e-11,0.9999999999527063
2022-10-19,5.026967590645193e-14,2.790618650779883e-11,0.9999999999708962
2022-10-20,3.808710477670421e-13,7.128739683774321e-11,0.9999999999272404
2022-10-21,1.1324002940530454e-19,1.7023280355331292e-12,1.0
2022-10-24,2.3832833041154967e-14,1.2165114168693823e-10,0.9999999998799467
2022-10-25,6.405996335832901e-15,2.417005492849806e-13,1.0
2022-10-26,8.46083144158424e-10,6.05659856967421e-09,0.9999999930987542
2022-10-27,1.5786573604127768e-09,7.687063077529192e-09,0.999999990734068
2022-10-28,2.980644049512998e-12,1.1597775835341887e-10,0.9999999998799467
2022-10-31,7.017941704350208e-08,1.731449721970475e-08,0.9999999125066135
2022-11-01,7.134191890537463e-08,3.881929745902969e-09,0.999999924777515
2022-11-02,1.801134643541433e-09,4.5332025961025615e-11,0.9999999981519068
2022-11-03,3.558735743763533e-07,3.826271657024852e-09,0.9999996402985482
2022-11-04,7.0352877848806824e-12,7.43613244546411e-11,0.9999999999199645
2022-11-07,1.465502673886236e-07,5.685719322367394e-09,0.9999998477651504
2022-11-08,7.261278854390302e-09,6.075990093287016e-10,0.9999999921310518
2022-11-09,6.3886841660857814e-09,4.876843634299499e-10,0.99999999312422
2022-11-10,7.233537861003536e-25,3.1649970955020645e-27,1.0
2022-11-11,4.9069706284202e-06,2.069096151821301e-08,0.9999950723371049
2022-11-14,5.844356182413209e-06,1.712507004921882e-08,0.9999941385202765
2022-11-15,9.033265882976907e-08,8.374433914175857e-10,0.9999999088286172
2022-11-16,1.364059693967517e-07,4.700388732289718e-09,0.999999858893726
2022-11-17,3.409705233018829e-06,1.2852719024128664e-08,0.999996577442689
2022-11-18,1.0632528824857732e-05,2.6781651709017676e-08,0.9999893406879566
2022-11-21,6.502619876756238e-05,6.762275784713029e-08,0.9999349061777407
2022-11-22,2.407825059890616e-05,2.565225990676058e-09,0.9999759191839991
2022-11-23,0.00031561131254086156,1.7489776713518967e-08,0.9996843711988256
2022-11-25,0.0008224078716526116,1.8442672093610823e-07,0.9991774077032861
2022-11-28,7.013743199478591e-05,1.878796433831668e-08,0.9999298437814713
2022-11-29,4.0466284938260204e-05,3.455518673502819e-08,0.9999594991584662
2022-11-30,1.911720163125218e-09,5.274403541753199e-12,0.9999999980827852
2022-12-01,7.568963579668834e-06,1.3031878422391657e-09,0.9999924297330891
2022-12-02,0.000673764970950175,1.2875387284510542e-07,0.9993261062757856
2022-12-05,4.2596373056922075e-05,1.1743867326680446e-09,0.9999574024528449
2022-12-06,5.987958641222178e-06,1.7431591081250496e-08,0.9999939946099647
2022-12-07,1.4142986773088112e-06,3.58302403245581e-09,0.999998582116955
2022-12-08,1.7702641667011728e-05,2.3855898967897163e-08,0.9999822735014742
2022-12-09,1.5468336299110356e-07,2.3863731592992864e-10,0.9999998450766845
2022-12-12,1.5759702663249513e-08,3.2001167103858e-10,0.9999999839201338
2022-12-13,8.911892069443034e-06,4.82648514007881e-09,0.9999910832809384
2022-12-14,0.00022213335854858143,8.771882444048889e-08,0.9997777789214328
2022-12-15,1.7173902868734839e-07,6.368095477506547e-10,0.999999827625303
2022-12-16,3.7060248246772245e-06,2.4348875010580935e-09,0.9999962915385919
2022-12-19,7.647401966614499e-06,3.884485055410478e-09,0.9999923487122797
2022-12-20,2.057066472287616e-06,4.518404292017279e-09,0.9999979384141048
2022-12-21,4.7130634798740006e-05,1.2938367771738542e-08,0.9999528564275167
2022-12-22,2.825631142299054e-05,1.5144009888656113e-08,0.9999717285458377
2022-12-23,3.411551757223323e-05,3.577739281028533e-08,0.9999658487042332
2022-12-27,5.143990379902467e-06,3.531086047948355e-09,0.9999948524769633
2022-12-28,2.9821692687861732e-05,1.2976666704847476e-08,0.999970165329934
2022-12-29,1.926005689633714e-06,5.722553706245153e-10,0.9999980734228671
2022-12-30,4.731097667958555e-05,2.6739711445044756e-08,0.9999526622850355
2023-01-03,3.7993074732579297e-06,8.608685200442543e-09,0.999996192083901
2023-01-04,1.1245643496086838e-05,5.864900356922118e-09,0.9999887484933403
2023-01-05,1.4951372165795994e-05,2.0828061599000795e-08,0.9999850277993012
2023-01-06,7.007605856037072e-08,1.1038459189194726e-11,0.9999999299143407
2023-01-09,0.00012596023206328793,5.238543566477231e-08,0.9998739873830389
2023-01-10,9.33950583290949e-05,3.0654680558797055e-08,0.9999065742874951
2023-01-11,0.00037131325440752463,1.546582611307395e-09,0.99962868520031
2023-01-12,0.007315211744654327,2.2832342303740617e-08,0.9926847654212801
2023-01-13,0.012601637228450546,1.1483000976711924e-07,0.9873982479417373
2023-01-17,0.012765147138879301,1.8001263123634067e-07,0.9872346728480459
2023-01-18,0.0005632192077549787,1.4165172900344543e-08,0.9994367666272929
2023-01-19,0.0018039732411115987,1.856731148015058e-08,0.9981960081899979
2023-01-20,0.004569905049146881,1.994646037804656e-08,0.9954300750046231
2023-01-23,0.36995208915487265,1.0447978277338265e-07,0.6300478063655557
2023-01-24,0.8466683529764845,5.595622653064085e-08,0.15333159106841265
2023-01-25,0.9793891721000959,1.149575539670566e-08,0.020610816404718645
2023-01-26,0.9893722419988124,2.0096005945420447e-09,0.010627755993332285
2023-01-27,0.9933392464376285,2.4212214340083704e-09,0.0066607511412406185
2023-01-30,0.9894494399816807,1.0983081905528057e-09,0.010550558921083548
2023-01-31,0.9824311280986234,4.4083075309742707e-10,0.01756887146028507
2023-02-01,0.9793550154365912,4.1553571503115465e-10,0.020644984147667304
2023-02-02,0.9692516293554138,2.5239968522094353e-10,0.030748370392802652
2023-02-03,0.9703792364533291,3.0868168542559923e-10,0.029620763239505424
2023-02-06,0.9752476206170291,1.4212418028950214e-09,0.02475237796067806
2023-02-07,0.9735396238332537,1.3764822476503946e-09,0.02646037478952585
2023-02-08,0.9717367176734382,1.9272127984883635e-09,0.02826328040060315
2023-02-09,0.9660168930517775,9.310099475173506e-10,0.03398310601589223
2023-02-10,0.9590437341288359,2.1510850166175923e-09,0.0409562637197254
2023-02-13,0.9515172984538798,4.294819786361822e-10,0.04848270111678941
2023-02-14,0.9508693191635491,7.320000965645097e-09,0.04913067351618978
2023-02-15,0.9104764584486288,2.2279960240473046e-08,0.08952351927132447
2023-02-16,0.5415048585796491,3.814935360745238e-09,0.45849513760608906
2023-02-17,0.43463526975192157,5.6687091419535825e-08,0.5653646735624742
2023-02-21,0.0013778469548232522,4.2904227262971224e-11,0.9986221530038172
2023-02-22,0.0012185323870017011,1.521168519486611e-08,0.9987814524003671
2023-02-23,0.0020509567736023333,1.4011407427062307e-08,0.9979490292137719
2023-02-24,0.0032139025896802237,4.099849736358912e-09,0.9967860933101552
2023-02-27,0.009174380601399471,3.532519582881828e-08,0.9908255840743581
2023-02-28,0.012259066389430046,4.9645633373549225e-08,0.9877408839639666
2023-03-01,0.012277117625320293,5.0415855460175216e-08,0.9877228319595909
2023-03-02,0.011807728869909277,1.2699501091252232e-07,0.9881921441345816
2023-03-03,0.008982596692782755,3.048393557661363e-10,0.9910174030038471
2023-03-06,0.016993321266883025,2.949721156973677e-07,0.9830063837606183
2023-03-07,0.013276804378794457,4.2957765441775024e-08,0.9867231526622093
2023-03-08,0.014379345787367515,2.8773736726817247e-07,0.9856203664740569
2023-03-09,0.00013155525986593882,3.3615929630343894e-09,0.9998684413802285
2023-03-10,1.0183933848436331e-10,9.251361977883107e-11,0.9999999998071871
2023-03-13,2.4309175368501313e-09,5.628176497338159e-10,0.9999999970059434
2023-03-14,7.597873138397473e-09,1.3639416131987716e-09,0.9999999910396582
2023-03-15,8.50490237279606e-09,1.1356324696348202e-09,0.9999999903593562
2023-03-16,8.342646647869268e-08,2.3918065066368203e-09,0.9999999141800836
2023-03-17,1.4762597577437627e-09,2.5763281620606945e-10,0.9999999982646841
2023-03-20,2.3769855876433535e-07,5.725352785167595e-09,0.9999997565755917
2023-03-21,2.7918023040837156e-06,7.342207637646566e-09,0.999997200855712
2023-03-22,4.124769173082396e-06,4.466766039416707e-09,0.999995870764336
2023-03-23,0.0009332269799001453,2.5817193147194634e-08,0.9990667472028391
2023-03-24,0.010815795648701344,2.563160424364614e-08,0.9891841787184118
2023-03-27,0.05490357253940004,3.6810301945128194e-08,0.9450963906516345
2023-03-28,0.6367460006883114,1.1413954000729084e-07,0.36325388517169777
2023-03-29,0.7525995911126128,2.7708020107501285e-08,0.2474003811805989
2023-03-30,0.9020505434532632,2.2575257425415175e-08,0.09794943396991576
2023-03-31,0.9239887074945186,1.2353399829907111e-09,0.0760112912686304
2023-04-03,0.9927857417500539,5.047530597544212e-09,0.00721425320062126
2023-04-04,0.9976936561191161,7.364125590392613e-10,0.002306343144071908
2023-04-05,0.9996628032733395,3.2952012221727374e-10,0.0003371963972098546
2023-04-06,0.9999587590819444,6.780124634069586e-11,4.1240850032837506e-05
2023-04-10,0.9999335703924961,8.971866042533678e-11,6.642951826179359e-05
2023-04-11,0.9999802956967422,5.3361695930517016e-11,1.9704249703864244e-05
2023-04-12,0.9999691533222295,6.181756531987515e-11,3.084661532386195e-05
2023-04-13,0.9998028963716319,1.8986786519302437e-10,0.00019710343818019575
2023-04-14,0.9999731322030712,5.984625980891252e-11,2.6867735467415304e-05
2023-04-17,0.9999902558121896,5.1875111567656425e-11,9.744136318655721e-06
2023-04-18,0.9999969559040386,2.6580235251640915e-11,3.044067868566303e-06
2023-04-19,0.9999974133422059,2.97523363278884e-11,2.5866281114679225e-06
2023-04-20,0.9999922009932914,5.0849528290982083e-11,7.798956286866873e-06
2023-04-21,0.9999914186414427,4.467629604023013e-11,8.581314678579853e-06
2023-04-24,0.9998401812839541,2.653916051558501e-10,0.00015981845140894917
2023-04-25,0.9952984359752381,1.5809635642726284e-09,0.004701562444252811
2023-04-26,0.9950666188883873,1.240029045829043e-09,0.004933379871808267
2023-04-27,0.9877305807072954,1.4964942672256777e-09,0.01226941779724549
2023-04-28,0.9873040565755173,1.1201893954132422e-09,0.012695942302972038
2023-05-01,0.9765582758629456,1.426036311744774e-09,0.023441722710456227
2023-05-02,0.9746347130626986,3.734101709905059e-09,0.025365283203613163
2023-05-03,0.9927703435110096,5.1222349102015944e-09,0.007229651365762997
2023-05-04,0.9939996151934782,8.514085620797575e-10,0.006000383954995861
2023-05-05,0.9947637328106883,6.523606146333927e-10,0.005236266535364608
2023-05-08,0.9996183084380917,6.550568626655846e-10,0.0003816909079964587
2023-05-09,0.9999768940665585,7.971511474084128e-11,2.3105852219480067e-05
2023-05-10,0.9999930595463246,4.0545150700074524e-11,6.940413855440227e-06
2023-05-11,0.9999899714487495,8.904329675828694e-11,1.0028460595516513e-05
2023-05-12,0.9999957172786558,4.631782637980046e-11,4.282674969007675e-06
2023-05-15,0.9999920382896094,7.237375212316423e-11,7.961636546739956e-06
2023-05-16,0.9999889381245078,7.098894546729892e-11,1.1061803248009549e-05
2023-05-17,0.9999835398420607,7.540940535678506e-11,1.64600807476255e-05
2023-05-18,0.9999858098551158,9.682541170203962e-11,1.419004748444702e-05
2023-05-19,0.9999931190377809,4.825084913949696e-11,6.88091558401905e-06
2023-05-22,0.9999964255794329,4.726727859844773e-11,3.574372780832313e-06
2023-05-23,0.9999700567577017,1.1279585604703084e-10,2.9943131281584702e-05
2023-05-24,0.9999478193939793,1.144079425632959e-10,5.218049006744798e-05
2023-05-25,0.9999328855778012,1.412794658332923e-10,6.711428060753543e-05
2023-05-26,0.9999431224301218,4.7086132306903316e-11,5.687752242103628e-05
2023-05-30,0.999991343845243,5.4172082487915404e-11,8.656101021041084e-06
2023-05-31,0.9999891736119368,9.191897464655158e-11,1.0826296828947929e-05
2023-06-01,0.9999813600325198,8.729331720487288e-12,1.863995992112818e-05
2023-06-02,0.9998555354782256,6.408707334207414e-11,0.00014446445674206509
2023-06-05,0.9999893881994545,1.56827940218415e-11,1.0611783336604812e-05
2023-06-06,0.9999928837895277,1.6340705901655132e-11,7.116194076920351e-06
2023-06-07,0.9999668217725973,2.9153710716079186e-11,3.317819762470786e-05
2023-06-08,0.9999818903636875,1.0276495320156384e-11,1.8109624907159665e-05
2023-06-09,0.9999944950547252,1.8606766896263327e-11,5.504925402410674e-06
2023-06-12,0.9999919536527099,9.184261995663949e-12,8.046337094435402e-06
2023-06-13,0.9999877331672227,2.3747846693660245e-11,1.226680858620932e-05
2023-06-14,0.9999911250991328,1.966812733284617e-11,8.874881505655823e-06
2023-06-15,0.9999778893950569,5.9012147676819965e-12,2.21105991226084e-05
2023-06-16,0.9999893652003968,2.6230728233480936e-11,1.0634772517002997e-05
2023-06-20,0.9999671030081713,7.409196973785575e-11,3.289691700662468e-05
2023-06-21,0.9999821795559792,4.6660267870385344e-11,1.782039612854785e-05
2023-06-22,0.9999714751059656,5.422267970177319e-11,2.852483913700772e-05
2023-06-23,0.9999532948779755,8.558982146596014e-11,4.67050361090817e-05
2023-06-26,0.9999908006889424,2.1340924072433567e-11,9.199289266252496e-06
2023-06-27,0.9999855965780194,2.034547566649538e-11,1.4403403300602867e-05
2023-06-28,0.9999898970419179,2.728073131158345e-11,1.0102930840518186e-05
2023-06-29,0.9999430886897882,5.281672484719537e-11,5.691125572819916e-05
2023-06-30,0.9999655430662908,7.67523432390251e-12,3.445692525557407e-05
2023-07-03,0.9999922923968002,2.0962091709364492e-11,7.70758203456238e-06
2023-07-05,0.9999898467255427,1.9508615231870827e-11,1.0153256561857123e-05
2023-07-06,0.9999673811370917,1.1883448906939864e-11,3.2618850895093173e-05
2023-07-07,0.9999903153362206,1.3143589795107713e-11,9.684651587532156e-06
2023-07-10,0.9999959344068765,1.0595916600770728e-11,4.065581803707442e-06
2023-07-11,0.9999939141128943,8.664560593172794e-12,6.085876880115446e-06
2023-07-12,0.9999812768553262,8.774726778015026e-12,1.8723135558052353e-05
2023-07-13,0.9999843252363239,1.1905654646664392e-11,1.567475152886768e-05
2023-07-14,0.9999918803698572,2.574901648387693e-11,8.119606191189384e-06
2023-07-17,0.9999945099012351,1.7649976850289403e-11,5.490079599141348e-06
2023-07-18,0.9999896397812408,1.2234201193698465e-11,1.036020611917845e-05
2023-07-19,0.9999856007325314,2.1334885734753032e-11,1.4399245990107867e-05
2023-07-20,0.9999740202611632,2.1566473580721218e-11,2.597971696751942e-05
2023-07-21,0.9999933251970046,2.318342308629802e-11,6.674780518325517e-06
2023-07-24,0.9999941671473643,1.8385754812345434e-11,5.832833632024324e-06
2023-07-25,0.999994582249325,1.480726438610791e-11,5.41773458659012e-06
2023-07-26,0.9999881663252255,2.561775553776135e-11,1.1833649774793905e-05
2023-07-27,0.9998682395171753,2.5845064249959923e-11,0.00013176045649026545
2023-07-28,0.9999797332691832,1.3375085470658004e-11,2.026671840108142e-05
2023-07-31,0.9999933888757626,1.7726296467156455e-11,6.611106751134926e-06
2023-08-01,0.999968713984454,5.156428476079942e-11,3.128596411978457e-05
2023-08-02,0.9998906850395808,2.734371979583938e-11,0.00010931493144780219
2023-08-03,0.9998072098605658,4.4863833152560446e-11,0.00019279009386808697
2023-08-04,0.9999143179267936,8.669609114291404e-11,8.568198531223631e-05
2023-08-07,0.9999830227593121,4.706371551358257e-11,1.6977193205748353e-05
2023-08-08,0.9999836376802571,6.245128063050747e-11,1.6362257970359575e-05
2023-08-09,0.9999913582733422,4.415155074892833e-11,8.641680805343162e-06
2023-08-10,0.9999839972449877,3.3037418515780534e-11,1.6002722505712807e-05
2023-08-11,0.9999973426964807,2.22604386293015e-11,2.6572809218910495e-06
2023-08-14,0.999996714706807,2.285640504461121e-11,3.2852695609571974e-06
2023-08-15,0.9999815694052332,2.3926217160956457e-11,1.8430570045246725e-05
2023-08-16,0.9999904956072547,2.063323291513428e-11,9.504371014783902e-06
2023-08-17,0.9999897154213154,2.1959616432493428e-11,1.0284555600387754e-05
2023-08-18,0.9999950654941006,1.9871837716717933e-11,4.934486227515652e-06
2023-08-21,0.9999720496684756,5.5321940121661096e-11,2.7950277472143164e-05
2023-08-22,0.9999790106432557,4.131179428563238e-11,2.09893145360204e-05
2023-08-23,0.9996552975107026,8.715521787667916e-12,0.00034470248068637434
2023-08-24,0.9998798911142256,3.4566212130230845e-11,0.0001201088529300821
2023-08-25,0.9999929824871953,1.931790217774478e-11,7.017494660444068e-06
2023-08-28,0.9999964791521188,1.7776492668506536e-11,3.5208302388644632e-06
2023-08-29,0.9999759329716068,9.571925674778724e-12,2.40670171553293e-05
2023-08-30,0.9999969402207598,2.4775248383659756e-11,3.059755005479569e-06
2023-08-31,0.9999957454728712,4.193486583953735e-11,4.254485227124896e-06
2023-09-01,0.9999871706299805,8.55693266729434e-11,1.2829283484918852e-05
2023-09-05,0.9999897937170931,4.8484821997469113e-11,1.0206233769039926e-05
2023-09-06,0.99999488289031,6.665144000580464e-11,5.117043348736842e-06
2023-09-07,0.9999974989727333,4.0390263307073056e-11,2.5009870219284253e-06
2023-09-08,0.9999978639411969,3.620456114635229e-11,2.136022566957287e-06
2023-09-11,0.9999962094260801,4.9214865243508674e-11,3.7905260445132956e-06
2023-09-12,0.9999943553207382,8.216138143140073e-11,5.644595774731385e-06
2023-09-13,0.9999977509276331,4.3951910267744275e-11,2.2490296854783136e-06
2023-09-14,0.9999933202348346,7.584005582258771e-11,6.679689984956959e-06
2023-09-15,0.9999699364096978,5.395868708844632e-11,3.0063535421407385e-05
2023-09-18,0.9999970500728378,3.4881560293416475e-11,2.9498928563258013e-06
2023-09-19,0.9999935664625398,4.8909488367433044e-11,6.433487033203121e-06
2023-09-20,0.9998235413587456,4.2865606436265526e-10,0.0001764582108254265
2023-09-21,0.9964195027789556,1.489736477251933e-11,0.003580497205525964
2023-09-22,0.9996014152628115,4.0221629701235416e-10,0.0003985843360263874
2023-09-25,0.9993698002910743,2.7620261679979225e-10,0.0006301994328193713
2023-09-26,0.9996857895382909,1.1470043904671146e-10,0.00031421034812277745
2023-09-27,0.9999710049871233,6.890393005139309e-11,2.8994944708466166e-05
2023-09-28,0.9999923289181887,3.1936576360916055e-11,7.671048236482154e-06
2023-09-29,0.9999787328094084,6.925360712047559e-11,2.126712146256158e-05
2023-10-02,0.9995820604513191,2.6761358459055916e-10,0.00041793928235123775
2023-10-03,0.9973014383830567,3.7782368336511977e-11,0.002698561578529846
2023-10-04,0.9988368341256048,1.634759661658079e-10,0.0011631657125946743
2023-10-05,0.9992366654756573,4.951650825536515e-10,0.000763334029305213
2023-10-06,0.9962406042994058,1.916408464875602e-09,0.0037593937837954125
2023-10-09,0.9911755195645588,2.0104412620914207e-10,0.008824480236117621
2023-10-10,0.9886615610299222,1.0147395691502316e-08,0.011338428823975283
2023-10-11,0.8790026986029065,2.508152710876871e-08,0.12099727631590375
2023-10-12,0.40981857369709795,1.2364160315224614e-08,0.5901814139391436
2023-10-13,0.27119582204441683,6.9432519317963e-09,0.7288041710114828
2023-10-16,0.2670480522390335,1.244088547692557e-07,0.7329518233535061
2023-10-17,0.2547685780133254,2.0103514609707786e-07,0.745231220951699
2023-10-18,0.06718262799355339,1.1543099917715505e-08,0.932817360463237
2023-10-19,0.004700398905451116,1.1242559270246961e-09,0.9952995999712401
2023-10-20,0.005053155782942456,3.9979721983246266e-08,0.9949468042365227
2023-10-23,0.008473403474762204,9.598181337739535e-08,0.9915265005446131
2023-10-24,0.009945768153959084,4.3555249729722066e-08,0.990054188291117
2023-10-25,0.008765314585364989,4.4989396138558403e-10,0.9912346849639484
2023-10-26,0.03687521244860999,7.802173946707517e-08,0.9631247095306829
2023-10-27,0.19017619018277343,6.886372486151014e-08,0.8098237409546658
2023-10-30,0.4486270011345328,8.643988223939419e-08,0.5513729124265146
2023-10-31,0.7557926669383869,9.462545077584234e-08,0.24420723843692327
2023-11-01,0.7775856534449301,9.956587250990725e-09,0.22241433659929152
2023-11-02,0.8042631031434824,1.3610913527011375e-09,0.19573689549435822
2023-11-03,0.9963071482317888,2.231817447926405e-08,0.0036928294493610734
2023-11-06,0.9999389877944335,1.0030399082023344e-09,6.1011202559101825e-05
2023-11-07,0.9999889374187478,1.5134982768016193e-10,1.106242834303991e-05
2023-11-08,0.999956175601146,3.7840760620164147e-10,4.38240209355088e-05
2023-11-09,0.9998305783608921,1.1552841483244545e-10,0.00016942152509013392
2023-11-10,0.999942446477767,1.3499432372763613e-10,5.755338887866102e-05
2023-11-13,0.9999920385806454,1.7437954974925122e-10,7.961244608361604e-06
2023-11-14,0.99948250886683,1.9674830222086755e-11,0.0005174911128356528
2023-11-15,0.9999827514071166,3.078343283682627e-10,1.7248283927117028e-05
2023-11-16,0.9999966189809897,9.186349840822069e-11,3.380925879786483e-06
2023-11-17,0.9999988153547488,9.823776882535246e-11,1.1845475371758078e-06
2023-11-20,0.9999979324660218,8.288358370242613e-11,2.0674519851180547e-06
2023-11-21,0.9999980730808977,1.0134650978700323e-10,1.9268160205588537e-06
2023-11-22,0.9999984247127616,1.2359424737131687e-10,1.575164439159599e-06
2023-11-24,0.9999955711416836,1.7614060543113163e-10,4.4286838273457465e-06
2023-11-27,0.9999905367196633,2.674696222624542e-10,9.463012475791122e-06
2023-11-28,0.9999977529103271,1.0672747365480223e-10,2.2469818466716766e-06
2023-11-29,0.9999962428553413,1.8820525620455498e-10,3.756958050860895e-06
2023-11-30,0.9999965726442114,2.039198452609658e-10,3.427152557894279e-06
2023-12-01,0.9999789793209161,6.411933847660874e-11,2.1020614569685092e-05
2023-12-04,0.9999756504712016,3.89081174179157e-10,2.434914135224053e-05
2023-12-05,0.9999351777061157,4.549614469756108e-10,6.48218374638662e-05
2023-12-06,0.9999898075521854,2.681702950223675e-10,1.0192179802949981e-05
2023-12-07,0.9999974068557065,1.179257406127825e-10,2.5930270976875793e-06
2023-12-08,0.9999951206383128,2.232626472167226e-10,4.879136934636545e-06
2023-12-11,0.9999970997165514,1.545480545177248e-10,2.900128638821388e-06
2023-12-12,0.9999926693031226,1.8843739147101106e-10,7.3305094223689515e-06
2023-12-13,0.9995963990330744,3.096006807738413e-11,0.0004036009345985311
2023-12-14,0.9997097051686878,3.0490073507803784e-10,0.0002902945276420671
2023-12-15,0.9999904875746739,3.166671859528728e-10,9.51210921288189e-06
2023-12-18,0.9999968705063876,1.3996908001502832e-10,3.1293544069245166e-06
2023-12-19,0.9999974322923887,7.633029966602703e-11,2.5676313585094177e-06
2023-12-20,0.9999597950524457,7.056688925202388e-10,4.020424020816319e-05
2023-12-21,0.999994772427293,1.3452076910397651e-10,5.227437246103525e-06
2023-12-22,0.9999983721622419,9.051205485666286e-11,1.6277479780429756e-06
2023-12-26,0.9999983532375071,7.155555470381246e-11,1.6466903687912472e-06
2023-12-27,0.9999883822221842,1.589543400132519e-10,1.1617618917974101e-05
2023-12-28,0.9999975020650075,1.4323463838388207e-10,2.497792482487645e-06
2023-12-29,0.9999967628152818,1.266370378848959e-10,3.237059469654069e-06
2024-01-02,0.9999981761410061,1.9605551750765913e-10,1.8236631047493338e-06
2024-01-03,0.9999960269384955,4.442770477116951e-10,3.972618412715371e-06
2024-01-04,0.9999949519206071,1.8883040656849277e-10,5.047890243002907e-06
2024-01-05,0.9999982247042978,2.1703481462978282e-10,1.7750769209364803e-06
2024-01-08,0.9999830669963843,1.4055228569384284e-10,1.6932864744803718e-05
2024-01-09,0.9999985517398755,2.0274640448219686e-10,1.44805812453155e-06
2024-01-10,0.9999987008094904,2.2893309022577147e-10,1.2989625314232201e-06
2024-01-11,0.9999987134405365,2.263271172704506e-10,1.2863326581151634e-06
2024-01-12,0.9999985755176708,1.7570033986623524e-10,1.4243073387183922e-06
2024-01-16,0.9999924196741539,2.2458154909697842e-10,7.580102261303272e-06
2024-01-17,0.999997757861605,2.4537348237166733e-10,2.2418923925024947e-06
2024-01-18,0.999994688419529,3.868928694501499e-10,5.311193365989925e-06
2024-01-19,0.9999967107232333,1.4521566829507205e-10,3.2891333661266997e-06
2024-01-22,0.9999987088530511,1.9637791530633677e-10,1.2909497061004953e-06
2024-01-23,0.9999983452630707,2.359128028767442e-10,1.654501679556695e-06
2024-01-24,0.9999986922311475,2.2995622135358927e-10,1.307537605372613e-06
2024-01-25,0.9999987918206921,1.2631090192462254e-10,1.208051858900738e-06
2024-01-26,0.999999068994363,1.7831907261187004e-10,9.30826547176774e-07
2024-01-29,0.9999973120829708,9.987810830381143e-11,2.687815739044172e-06
2024-01-30,0.9999973512893638,2.599824417008553e-10,2.648451095289024e-06
2024-01-31,0.9999012751164665,2.18117788074641e-09,9.872270321432443e-05
2024-02-01,0.9999167344683433,5.6795476506690505e-11,8.326547318876098e-05
2024-02-02,0.9998626226372278,1.9176186888014294e-09,0.00013737544691286023
2024-02-05,0.9999707936630843,2.277585041273892e-10,2.920610890517199e-05
2024-02-06,0.9999978961954487,1.2267571020098447e-10,2.103680109158889e-06
2024-02-07,0.9999979868791598,1.8424214060323927e-10,2.012936776166751e-06
2024-02-08,0.9999986977972478,1.560680577512118e-10,1.3020451725779358e-06
2024-02-09,0.9999986485063384,1.5316714444107465e-10,1.3513407842949013e-06
2024-02-12,0.9999985967597991,1.4171555143163308e-10,1.4030993406163277e-06
2024-02-13,0.9999379112736295,9.263975517935258e-11,6.208863209817948e-05
2024-02-14,0.9999968836176223,1.0176952588502449e-10,3.1162813613732474e-06
2024-02-15,0.999998458233046,8.533688721858949e-11,1.5416831946331203e-06
2024-02-16,0.9999981200689425,1.1125390350119681e-10,1.8798191664686443e-06
2024-02-20,0.9999980624216404,1.2371286425868417e-10,1.9374548591768998e-06
2024-02-21,0.9999976729877534,1.4177219724959745e-10,2.326871504373327e-06
2024-02-22,0.9999202449845207,1.3445913058339727e-10,7.97548810391908e-05
2024-02-23,0.999995597182221,1.639425382486529e-10,4.4026528737875075e-06
2024-02-26,0.9999987100390306,1.3532207589088535e-10,1.2898252976781732e-06
2024-02-27,0.9999987103264306,1.4472294280761887e-10,1.2895278171219995e-06
2024-02-28,0.9999987031996393,1.3955493247336372e-10,1.2966597191397697e-06
2024-02-29,0.9999986637421732,1.0184074980368884e-10,1.3361570446472637e-06
2024-03-01,0.9999940205413222,7.338996954760164e-11,5.979384990509988e-06
2024-03-04,0.9999953281294431,1.1326150336020992e-10,4.671758420878649e-06
2024-03-05,0.9999791621073355,5.5951733360761e-10,2.0837331714849925e-05
2024-03-06,0.9999981985108972,7.027346724180163e-11,1.8014194540981384e-06
2024-03-07,0.9999973054036597,9.96302293306407e-11,2.694495711511711e-06
2024-03-08,0.9999974337184727,9.414249867739676e-11,2.5661882639861157e-06
2024-03-11,0.9999988198512852,8.584699912841847e-11,1.18006220259357e-06
2024-03-12,0.9999927454163601,2.567699169606642e-10,7.254327836067986e-06
2024-03-13,0.99999822362382,9.680393207302963e-11,1.7762780603638408e-06
2024-03-14,0.9999951188266081,1.2290498026008201e-10,4.881051179769817e-06
2024-03-15,0.9999978234869599,1.3196819151031619e-10,2.1763794913641952e-06
2024-03-18,0.9999985960940498,9.811685337683377e-11,1.403808110976234e-06
2024-03-19,0.9999987028976874,8.632656429312465e-11,1.2970168748369774e-06
2024-03-20,0.9999969292559253,1.0489770423116e-10,3.070640832101124e-06
2024-03-21,0.9999987528725388,1.1079125894566429e-10,1.247016916585238e-06
2024-03-22,0.9999953508084973,2.8613704913132444e-10,4.648903568039046e-06
2024-03-25,0.9999983075882252,1.1037733832809824e-10,1.6923005519782081e-06
2024-03-26,0.9999986686861797,1.1660987867297744e-10,1.3311966748926633e-06
2024-03-27,0.9999969452811729,6.757576187975877e-11,3.054653047801171e-06
2024-03-28,0.999997382961524,1.0981554214727637e-10,2.6169295169980464e-06
2024-04-01,0.9999689812111382,2.469833445484094e-10,3.101854201257801e-05
2024-04-02,0.999992042455062,1.2720084884082073e-10,7.957417013083157e-06
2024-04-03,0.9999984803628372,1.092882791332685e-10,1.5195266847904434e-06
2024-04-04,0.9999685511972847,6.684491980409713e-10,3.14481334542558e-05
2024-04-05,0.9998439533521857,1.347166437481821e-09,0.00015604530037375693
2024-04-08,0.9999975322783464,1.323814906680387e-10,2.467588394826209e-06
2024-04-09,0.9999970760333783,1.2769780100781008e-10,2.9238401172814835e-06
2024-04-10,0.9998954144482233,1.1028518202217996e-10,0.00010458544247025994
2024-04-11,0.9998619556656576,7.526210752783145e-10,0.00013804358208622034
2024-04-12,0.9987385907643876,5.434163634080673e-09,0.0012614038021583663
2024-04-15,0.9956693225314296,4.4020474222910773e-10,0.004330677029792686
2024-04-16,0.9997602833466392,2.01439017142594e-09,0.00023971463982273562
2024-04-17,0.999949551812448,7.805319617716926e-10,5.0447405617922097e-05
2024-04-18,0.9999922851390884,2.1701674620224572e-10,7.714643776191394e-06
2024-04-19,0.9999774236132098,3.985356041520247e-10,2.2575987709578575e-05
2024-04-22,0.9999122375398694,4.4858459046691915e-10,8.77620113950491e-05
2024-04-23,0.9999911554905385,1.7283969490021555e-10,8.844336039347282e-06
2024-04-24,0.9999981663221192,1.2756326645365088e-10,1.8335514920149564e-06
2024-04-25,0.9999976025202704,1.0897864381620768e-10,2.3973698493047594e-06
2024-04-26,0.999997361079139,8.846987631778815e-11,2.6388316311003125e-06
2024-04-29,0.9999972635015336,1.255897132600323e-10,2.736372099164863e-06
2024-04-30,0.9999168342607109,2.655786650951912e-10,8.316547458195785e-05
2024-05-01,0.9999962507460877,1.2487206553544089e-10,3.7491286096919464e-06
2024-05-02,0.999997114439409,8.035479042124713e-11,2.88548044922299e-06
2024-05-03,0.999992772362674,6.177746634081303e-11,7.22757440501625e-06
2024-05-06,0.9999968101779757,7.477143234687426e-11,3.1897480962141737e-06
2024-05-07,0.9999982357200781,1.3847089622434158e-10,1.7641404048726366e-06
2024-05-08,0.9999985394908187,1.2952048482589518e-10,1.4603780108711474e-06
2024-05-09,0.9999971261209253,8.522277885545719e-11,2.8737938745093907e-06
2024-05-10,0.9999978721993912,1.2976720833024444e-10,2.1276698236865413e-06
2024-05-13,0.999997789286396,1.6747559933153342e-10,2.210547289001249e-06
2024-05-14,0.9999984104519072,7.714278034409972e-11,1.589471040615551e-06
2024-05-15,0.9999885543911838,4.856144363851597e-11,1.1445561703500488e-05
2024-05-16,0.9999980898810517,1.7801221822485552e-10,1.9099424584283024e-06
2024-05-17,0.9999928974864205,1.790208847119459e-10,7.102333143976372e-06
2024-05-20,0.9999983620050216,1.4051353036521696e-10,1.6378561607097154e-06
2024-05-21,0.9999978381625345,1.7374443769713304e-10,2.1616632029032087e-06
2024-05-22,0.9999888038336527,5.361670527013305e-10,1.1195629840279223e-05
2024-05-23,0.9999834713873427,3.9785334304723217e-10,1.652821453685035e-05
2024-05-24,0.9999977676295564,1.3180783104239854e-10,2.232240085194894e-06
2024-05-28,0.9999889351923295,2.012215568540952e-10,1.1064607001826511e-05
2024-05-29,0.9999943852902389,1.0829191665623122e-10,5.614601187858635e-06
2024-05-30,0.9999956681479636,2.2889145467302832e-10,4.331621982281488e-06
2024-05-31,0.9999959963031982,1.0380514288046641e-10,4.003591711127285e-06
2024-06-03,0.9999937352927883,1.432016319066308e-10,6.264562636915619e-06
2024-06-04,0.9999934668189463,2.4117343885891176e-10,6.53294089260714e-06
2024-06-05,0.99999429725165,6.790706989341125e-11,5.7026799981312165e-06
2024-06-06,0.9999898979950588,2.7395486889242434e-10,1.0101732414520588e-05
2024-06-07,0.9992335001795855,1.5006680999551668e-09,0.0007664983196534952
2024-06-10,0.9999844344140004,3.2475250845136094e-10,1.5565262116205156e-05
2024-06-11,0.9999975069835426,1.1976900569566216e-10,2.4928976728368807e-06
2024-06-12,0.9999969030079892,1.0038286197142545e-10,3.096890606491724e-06
2024-06-13,0.9999839278334652,3.932515236164858e-10,1.6071774344984522e-05
2024-06-14,0.9999970277720938,1.1503082924826259e-10,2.97211288758192e-06
2024-06-17,0.9999960508653875,2.4773867083605294e-10,3.948888487329181e-06
2024-06-18,0.9999976971074971,1.284260827839652e-10,2.302763152528411e-06
2024-06-20,0.9999959567039582,1.121470425046205e-10,4.043184361593264e-06
2024-06-21,0.9999962019173204,2.449637985303398e-10,3.7978384571778824e-06
2024-06-24,0.9999983634965904,1.296841763504883e-10,1.6363743860655436e-06
2024-06-25,0.9999984947837635,1.2810583999102285e-10,1.5050871853398944e-06
2024-06-26,0.999994644058252,2.427413271010134e-10,5.355698483916559e-06
2024-06-27,0.9999976756580237,1.1905676242320872e-10,2.3242238807607727e-06
2024-06-28,0.9999798374442385,1.9182026090988943e-10,2.0162362506753407e-05
2024-07-01,0.9999893553743207,5.086272448836102e-10,1.064411813297094e-05
2024-07-02,0.9999978499495604,1.8633883607897083e-10,2.1498632565941047e-06
2024-07-03,0.9999965938390035,1.6264571290685342e-10,3.4059979459713072e-06
2024-07-05,0.9999977674949514,1.3404263783558782e-10,2.232371187859468e-06
2024-07-08,0.999997556601813,3.845649438267763e-10,2.4430124678692876e-06
2024-07-09,0.9999989063404952,2.0985678230682373e-10,1.0934488744697863e-06
2024-07-10,0.9999979810329396,1.5376522866608273e-10,2.018814420874031e-06
2024-07-11,0.99998487961574,4.949144918437878e-10,1.5119887930667586e-05
2024-07-12,0.9999985347177974,1.8105737614281793e-10,1.4651007463751737e-06
2024-07-15,0.9999974204035045,2.7881295601324277e-10,2.579318285746846e-06
2024-07-16,0.9999927330764256,1.1796064672771038e-10,7.266805907173379e-06
2024-07-17,0.9999877610701782,4.4380677621348967e-10,1.2238485010720275e-05
2024-07-18,0.9999965096564641,1.7602262630257445e-10,3.4901668955768167e-06
2024-07-19,0.9999928605066293,2.97702419639627e-10,7.139194675480077e-06
2024-07-22,0.9999967879318065,2.453703307379853e-10,3.2118212141840996e-06
2024-07-23,0.9999881127893644,5.825136187788309e-10,1.1886629760046458e-05
2024-07-24,0.9983941796928522,2.637603937931772e-10,0.0016058200428158748
2024-07-25,0.9996294925575021,3.5170225106530323e-09,0.0003705039251649538
2024-07-26,0.9999429758388388,3.2434457628267765e-10,5.702383789701071e-05
2024-07-29,0.9998664141561349,3.4180123136645474e-09,0.0001335824245589715
2024-07-30,0.991876435040299,1.0871524172864854e-07,0.008123456245130778
2024-07-31,0.8047992210306916,9.930958045184767e-08,0.19520067965828833
2024-08-01,0.5154410761378443,4.424564969337774e-06,0.4845544992968139
2024-08-02,1.3792638766148006e-06,6.346003216860343e-08,0.9999985572768713
2024-08-05,8.476480277475527e-28,9.302526087955954e-16,1.0
2024-08-06,4.373416906041619e-13,2.2906867467012483e-09,0.9999999977080734
2024-08-07,2.1925603323056373e-10,1.58041577178821e-08,0.9999999839783414
2024-08-08,4.134528478343817e-08,6.149776616417274e-09,0.9999999525061878
2024-08-09,0.1407740508201029,2.463318928720872e-06,0.8592234858611586
2024-08-12,0.2696220276440506,2.6511259778986927e-06,0.7303753212285803
2024-08-13,0.5608528189798521,7.219121202650845e-07,0.4391464591072022
2024-08-14,0.9886271565161351,4.3408806464166807e-07,0.011372409397240374
2024-08-15,0.9968716862313167,4.606312978524938e-08,0.0031282677042691197
2024-08-16,0.999882955762484,2.6943421162601965e-09,0.00011704154230286946
2024-08-19,0.9999960258107267,3.797360854055589e-10,3.97380916785622e-06
2024-08-20,0.9999982499663781,4.5687791533328564e-10,1.7495778315435164e-06
2024-08-21,0.999998337077632,4.538236213211893e-10,1.662469535901686e-06
2024-08-22,0.9999901346250278,5.618506572215771e-10,9.864814119590346e-06
2024-08-23,0.9999930101538304,3.893385875847158e-10,6.989458390876905e-06
2024-08-26,0.9999984689141354,4.018644645784814e-10,1.5306839417807966e-06
2024-08-27,0.9999989358153676,3.637629769485161e-10,1.0638214626639699e-06
2024-08-28,0.9999919266627627,8.916498879684397e-10,8.072447282435213e-06
2024-08-29,0.9997579342549169,1.949297844886205e-08,0.0002420462510488431
2024-08-30,0.9736308992409,1.2229744473293374e-06,0.026367877783182184
2024-09-03,0.3505980390627044,8.882254186179078e-07,0.6494010727124727
2024-09-04,0.35717822551885314,1.3205594287049875e-06,0.6428204539209198
2024-09-05,0.3856528754815414,2.99585648618596e-06,0.6143441286635852
2024-09-06,0.39024633233614703,4.11967391098003e-07,0.6097532556982789
2024-09-09,0.6816451819010456,1.7063259672630011e-06,0.3183531117747055
2024-09-10,0.9525001710870766,8.067188762227395e-07,0.047499022193418984
2024-09-11,0.9945253952746923,1.0601334590077228e-07,0.0054744987128619825
2024-09-12,0.9988972899356052,1.7909726844831954e-08,0.0011026921533425274
2024-09-13,0.9999715201028428,1.5489400844441366e-09,2.8478346435443925e-05
2024-09-16,0.9999953143015503,6.509491508186011e-10,4.6850474173129494e-06
2024-09-17,0.9999955164267262,7.91109788441095e-10,4.482781947399027e-06
2024-09-18,0.9999721313642856,1.2137007358428976e-09,2.786742238873537e-05
2024-09-19,0.9998289996086134,2.9912185469714208e-09,0.000170997400538848
2024-09-20,0.999992486066766,6.260770929541421e-10,7.51330737510092e-06
2024-09-23,0.9999986394295935,4.208202254076485e-10,1.3601501921361028e-06
2024-09-24,0.9999977180913108,4.0792703308816256e-10,2.2815020458340104e-06
2024-09-25,0.9999984767976234,3.656365435578443e-10,1.5228381434677227e-06
2024-09-26,0.9999986547272737,3.493293791870262e-10,1.34492269169566e-06
2024-09-27,0.9999780531987202,1.8549498269828432e-09,2.194494472296058e-05
2024-09-30,0.9991357654599461,5.37484661636268e-08,0.0008641807907346613
2024-10-01,0.9592973760209828,2.2689931477161935e-06,0.04070035498599474
2024-10-02,0.883257388326743,8.727222717310504e-06,0.11673388445198242
2024-10-03,0.47229455119613345,1.904821973701985e-05,0.5276864005846864
2024-10-04,0.1494574892878603,2.1635349004878903e-05,0.8505208753626976
2024-10-07,0.010125016281472417,2.9678849099560823e-06,0.9898720158341833
2024-10-08,0.00522594928663261,3.0340237018401165e-06,0.9947710166890847
2024-10-09,0.007662128523785378,8.977087880154153e-06,0.9923288943870554
2024-10-10,0.02073096494085047,1.1465157645155344e-05,0.9792575699029404
2024-10-11,0.05013542393020612,1.2443464332692299e-05,0.9498521326064189
2024-10-14,0.18252772794545583,1.5403774631521587e-05,0.8174568682801542
2024-10-15,0.3020783497806284,1.7774594633719613e-05,0.6979038756249635
2024-10-16,0.6163736273369408,1.4068619527668393e-05,0.38361230404230484
2024-10-17,0.7465136432254331,6.416298955278344e-06,0.25347994047493067
2024-10-18,0.9517787759510422,3.132792637905787e-06,0.048218091257908
2024-10-21,0.9720326767620712,5.861235002397149e-07,0.027966737113928216
2024-10-22,0.9830251590756757,6.600924751293666e-07,0.01697418083215178
2024-10-23,0.9817239764561724,4.2392030765771537e-07,0.01827559962489008
2024-10-24,0.9740951915633527,1.1347676356730538e-06,0.02590367366791882
2024-10-25,0.9374048823477814,3.04556337726078e-06,0.06259207208964102
2024-10-28,0.8923845812811797,5.9816905654213026e-06,0.10760943702915222
2024-10-29,0.7867483668667948,1.1083383600056871e-05,0.21324054975052917
2024-10-30,0.47711500582398414,2.362878758930095e-05,0.5228613653895391
2024-10-31,0.0005853229705654651,6.543656776975803e-07,0.999414022665514
2024-11-01,1.6934039525974332e-05,2.922202228539224e-06,0.9999801437595627
2024-11-04,7.929379520451398e-06,2.865821224481537e-06,0.999989204799992
2024-11-05,1.7918556167115306e-05,2.0659123687073025e-06,0.9999800155306401
2024-11-06,1.1469343032453559e-05,1.288376861643439e-07,0.9999884018197486
2024-11-07,0.9528835048045643,1.520470740001568e-06,0.04711497472349756
2024-11-08,0.9985316661490565,1.1627187871974075e-07,0.001468217579490717
2024-11-11,0.9999200807319781,9.297490765080908e-09,7.990996898405975e-05
2024-11-12,0.999994473736287,1.3277107180248048e-09,5.524934396326752e-06
2024-11-13,0.9999985303595053,1.2241644823980745e-09,1.4684173366007797e-06
2024-11-14,0.9999983312823414,1.562286764352977e-09,1.6671553487099965e-06
2024-11-15,0.9999923992325062,1.501461171070019e-09,7.599265365581959e-06
2024-11-18,0.9999941719567442,1.6636463441836946e-09,5.8263793749925945e-06
2024-11-19,0.9999970385732208,1.5313553637097752e-09,2.9598950850694517e-06
2024-11-20,0.9999955696501189,2.4500981199194946e-09,4.427901253154238e-06
2024-11-21,0.9999777597985738,5.3694711756239e-09,2.223483022824893e-05
2024-11-22,0.9995131677038047,7.257060419149763e-08,0.000486759726206679
2024-11-25,0.9663091151626767,3.0957446412017406e-08,0.03369085388117615
2024-11-26,0.9997641551597192,6.76089765119919e-08,0.00023577723078812025
2024-11-27,0.9999972785627248,1.8196733121458013e-09,2.7196188187528154e-06
2024-11-29,0.9999984232684862,6.302311746177331e-10,1.576100327934903e-06
2024-12-02,0.9999990528272003,1.0779564826184424e-09,9.460964172034346e-07
2024-12-03,0.9999989280337392,9.783684575701474e-10,1.0709883655881435e-06
2024-12-04,0.9999984583494612,6.73031707832564e-10,1.5409772399227813e-06
2024-12-05,0.9999991290609769,1.109578185693449e-09,8.698309172736706e-07
2024-12-06,0.9999993965977412,8.233699631765203e-10,6.025806708952947e-07
2024-12-09,0.9999966025046395,8.779724320493332e-10,3.396617808135067e-06
2024-12-10,0.9999976703538629,9.442823461316178e-10,2.328703568045318e-06
2024-12-11,0.999995863946792,2.2619524212136465e-09,4.133792158718406e-06
2024-12-12,0.9999966258531084,1.0906120064689518e-09,3.3730558260329246e-06
2024-12-13,0.9999974749366677,1.5015587415773566e-09,2.52356258547847e-06
2024-12-16,0.9999304772657694,2.5002011455961526e-08,6.949773248354581e-05
2024-12-17,0.9895625931384054,2.4781371309057847e-06,0.01043492872396336
2024-12-18,6.439855562746149e-09,4.856217324196025e-11,0.9999999935098458
2024-12-19,0.0002489804907307776,1.448845307088378e-06,0.999749570662618
2024-12-20,0.5693141479484745,7.6236201353692336e-06,0.4306782284306406
2024-12-23,0.9790341174569824,3.005452885422476e-06,0.020962877089302234
2024-12-24,0.9996200587123146,4.460912687737138e-08,0.000379896680038244
2024-12-26,0.9999953976945513,2.0936115961809814e-09,4.60021265498135e-06
2024-12-27,0.9999466111358413,4.491702514307179e-08,5.3343946198010996e-05
2024-12-30,0.9986585455437591,1.1673175482096029e-05,0.0013297812820532414
