,SPY,TLT,GLD,regime
2006-01-04,0.2000003466074048,0.499999656410825,0.2999999969817875,Bear
2006-01-05,0.20006834811937468,0.49993165525190103,0.2999999966287242,Bear
2006-01-06,0.4374513762881168,0.2625486240057101,0.2999999997061743,Bear
2006-01-09,0.4999987127455452,0.20000128968943098,0.2999999975650238,Bear
2006-01-10,0.49999999288560454,0.20000000687917563,0.3000000002352411,Bear
2006-01-11,0.4999999997392932,0.20000000019545358,0.3000000000652695,Bear
2006-01-12,0.4999999872664861,0.20000001201732806,0.30000000071618654,Bear
2006-01-13,0.49999999103900306,0.20000000739701632,0.3000000015639807,Bear
2006-01-17,0.4999999867799836,0.2000000125463641,0.300000000673655,Bear
2006-01-18,0.49999999972628195,0.20000000019051145,0.3000000000832293,Bear
2006-01-19,0.49999999960216035,0.20000000040077115,0.299999999997069,Bear
2006-01-20,0.4999999936684267,0.20000000418225428,0.30000000214931904,Bear
2006-01-23,0.4999999994397863,0.2000000004744022,0.30000000008581335,Bear
2006-01-24,0.49999999231177,0.20000000487204708,0.3000000028161828,Bear
2006-01-25,0.49999998716016797,0.20000001200340747,0.3000000008364251,Bear
2006-01-26,0.4999999888493794,0.20000001039156687,0.3000000007590537,Bear
2006-01-27,0.49999998623282776,0.20000001242320142,0.3000000013439707,Bear
2006-01-30,0.49999998509302535,0.20000001150269647,0.3000000034042779,Bear
2006-01-31,0.4999999997691802,0.20000000015065117,0.3000000000801559,Bear
2006-02-01,0.49999998728532263,0.20000001175778015,0.3000000009568977,Bear
2006-02-02,0.49999998679203667,0.20000001222551503,0.3000000009824506,Bear
2006-02-03,0.4999999998308822,0.20000000007980132,0.3000000000893229,Bear
2006-02-06,0.4999999990487489,0.20000000080320596,0.300000000148045,Bear
2006-02-07,0.499999998897126,0.20000000093311204,0.30000000016976236,Bear
2006-02-08,0.4999999998266917,0.20000000008510022,0.300000000088208,Bear
2006-02-09,0.49999998667428425,0.2000000122328411,0.30000000109287506,Bear
2006-02-10,0.49999998868080936,0.20000001034656797,0.30000000097262247,Bear
2006-02-13,0.4999999863927979,0.20000001257338135,0.3000000010338236,Bear
2006-02-14,0.4999999931035718,0.20000000579582086,0.30000000110060737,Bear
2006-02-15,0.4999999847477735,0.2000000126843266,0.3000000025678999,Bear
2006-02-16,0.499999984834327,0.20000001394067987,0.30000000122499315,Bear
2006-02-17,0.49999998537905493,0.20000001317993857,0.3000000014410063,Bear
2006-02-21,0.4999999866832736,0.20000001242212803,0.30000000089460205,Bear
2006-02-22,0.49999999240583204,0.20000000468909054,0.30000000290507745,Bear
2006-02-23,0.4999999871374569,0.20000001226884195,0.30000000059369836,Bear
2006-02-24,0.4999999883344648,0.20000001107248205,0.300000000593055,Bear
2006-02-27,0.4999999886491415,0.20000001070955237,0.300000000641306,Bear
2006-02-28,0.49999998996304457,0.20000000925211595,0.3000000007848394,Bear
2006-03-01,0.499999997869278,0.2000000021524089,0.29999999997834204,Bear
2006-03-02,0.49999999963292163,0.20000000028690398,0.30000000008017913,Bear
2006-03-03,0.49999999975354636,0.20000000016473518,0.30000000008171857,Bear
2006-03-06,0.49999999971273806,0.20000000019775283,0.300000000089509,Bear
2006-03-07,0.4999999998829505,0.20000000005620974,0.3000000000608393,Bear
2006-03-08,0.4999999918623096,0.20000000391929243,0.3000000042183979,Bear
2006-03-09,0.49999998886461405,0.2000000103780854,0.3000000007573005,Bear
2006-03-10,0.49999999974091497,0.20000000023251896,0.3000000000265669,Bear
2006-03-13,0.4999999893665681,0.20000000992102474,0.300000000712408,Bear
2006-03-14,0.4999999883873532,0.20000001111349486,0.3000000004991512,Bear
2006-03-15,0.4999999878639113,0.20000001155311753,0.30000000058297127,Bear
2006-03-16,0.49999998368335674,0.20000001338522902,0.3000000029314143,Bear
2006-03-17,0.4999999995766407,0.20000000033538906,0.3000000000879254,Bear
2006-03-20,0.49999999983281085,0.20000000012467797,0.30000000004249966,Bear
2006-03-21,0.4999999836987513,0.20000001271092166,0.30000000359032686,Bear
2006-03-22,0.4999999840493189,0.20000001214163504,0.30000000380904596,Bear
2006-03-23,0.49999998442730165,0.20000001149508198,0.3000000040776164,Bear
2006-03-24,0.4999999997061294,0.20000000020708192,0.30000000008675837,Bear
2006-03-27,0.4999999846784403,0.20000001052996383,0.3000000047915957,Bear
2006-03-28,0.4999999858597176,0.20000001078031274,0.30000000335996946,Bear
2006-03-29,0.4999999997599266,0.20000000014911123,0.3000000000909459,Bear
2006-03-30,0.4999999998368939,0.20000000009435284,0.3000000000687511,Bear
2006-03-31,0.4999999998257766,0.2000000000860391,0.30000000008818317,Bear
2006-04-03,0.4999999998397296,0.20000000007388444,0.30000000008638444,Bear
2006-04-04,0.49999999982283777,0.2000000000836453,0.3000000000935158,Bear
2006-04-05,0.4999999998274425,0.2000000000812241,0.3000000000913321,Bear
2006-04-06,0.49999999982797827,0.20000000007950364,0.30000000009251687,Bear
2006-04-07,0.4999999998138593,0.20000000009298569,0.30000000009315403,Bear
2006-04-10,0.49999999983322085,0.20000000007192076,0.30000000009485694,Bear
2006-04-11,0.49999999982189236,0.2000000000751249,0.30000000010298167,Bear
2006-04-12,0.49999999981729776,0.20000000008187935,0.3000000001008214,Bear
2006-04-13,0.4999999998466058,0.20000000005846902,0.30000000009492367,Bear
2006-04-17,0.4999999998714228,0.20000000004299365,0.30000000008558214,Bear
2006-04-18,0.4999999998943711,0.20000000003033544,0.3000000000752922,Bear
2006-04-19,0.49999999990956384,0.2000000000297685,0.30000000006066635,Bear
2006-04-20,0.49999999990563354,0.2000000000224448,0.3000000000719209,Bear
2006-04-21,0.49999999990955224,0.20000000005169283,0.3000000000387478,Bear
2006-04-24,0.4999999998804685,0.20000000003175722,0.30000000008777356,Bear
2006-04-25,0.4999999999063961,0.20000000003648033,0.30000000005712163,Bear
2006-04-26,0.4999999999031681,0.20000000002740378,0.3000000000694272,Bear
2006-04-27,0.4999999999132167,0.20000000002626392,0.3000000000605182,Bear
2006-04-28,0.499999999914688,0.20000000002737667,0.30000000005793404,Bear
2006-05-01,0.4999999999235087,0.20000000001734586,0.30000000005914457,Bear
2006-05-02,0.49999999989928257,0.200000000018409,0.30000000008230776,Bear
2006-05-03,0.4999999998547629,0.20000000003410862,0.3000000001111279,Bear
2006-05-04,0.4999999998455555,0.20000000003842838,0.30000000011601546,Bear
2006-05-05,0.4999999997851351,0.20000000007780167,0.3000000001370626,Bear
2006-05-08,0.499999999796248,0.20000000007052451,0.30000000013322675,Bear
2006-05-09,0.49999999977209314,0.20000000008895208,0.300000000138954,Bear
2006-05-10,0.49999999968607683,0.2000000001535893,0.3000000001603332,Bear
2006-05-11,0.49999999973368564,0.2000000001144608,0.3000000001518525,Bear
2006-05-12,0.49999999965825104,0.2000000001716384,0.30000000017011,Bear
2006-05-15,0.4999999996608715,0.20000000016518668,0.30000000017394085,Bear
2006-05-16,0.499999999796498,0.20000000006745372,0.3000000001360474,Bear
2006-05-17,0.49999999967526665,0.20000000015952485,0.300000000165208,Bear
2006-05-18,0.4999999996221503,0.20000000020699274,0.3000000001708562,Bear
2006-05-19,0.49999999965698877,0.20000000019679356,0.30000000014621697,Bear
2006-05-22,0.4999999996775829,0.20000000017628639,0.3000000001461299,Bear
2006-05-23,0.4999999997045225,0.2000000001640173,0.3000000001314597,Bear
2006-05-24,0.4999999997752519,0.20000000012127858,0.3000000001034691,Bear
2006-05-25,0.49999999970445713,0.20000000015179473,0.3000000001437476,Bear
2006-05-26,0.4999999997046028,0.20000000014624172,0.30000000014915473,Bear
2006-05-30,0.4999999996870994,0.2000000001612894,0.30000000015161055,Bear
2006-05-31,0.49999999973302495,0.20000000014248262,0.3000000001244919,Bear
2006-06-01,0.4999999997516529,0.20000000010228863,0.3000000001460577,Bear
2006-06-02,0.49999999982137583,0.20000000005299004,0.30000000012563305,Bear
2006-06-05,0.49999999979263987,0.200000000074036,0.3000000001333234,Bear
2006-06-06,0.499999999757447,0.2000000001043605,0.30000000013819167,Bear
2006-06-07,0.49999999978512477,0.2000000000838658,0.3000000001310083,Bear
2006-06-08,0.49999999978376203,0.20000000008452745,0.30000000013170935,Bear
2006-06-09,0.499999999804856,0.20000000007237428,0.3000000001227686,Bear
2006-06-12,0.2499999974161432,0.5999998563769644,0.1500001462068928,Crisis
2006-06-13,0.24999999683660873,0.5999999373133416,0.1500000658500486,Crisis
2006-06-14,0.24999999932525108,0.599999991831321,0.15000000884342476,Crisis
2006-06-15,0.24999999853981408,0.5999999915336636,0.1500000099265223,Crisis
2006-06-16,0.49999999992261973,0.19999999998406093,0.30000000009331923,Bear
2006-06-19,0.4999999998508048,0.20000000006639945,0.30000000008279465,Bear
2006-06-20,0.4999999998465081,0.20000000008298047,0.3000000000705086,Bear
2006-06-21,0.4999999998459154,0.2000000000749114,0.3000000000791712,Bear
2006-06-22,0.4999999998564087,0.200000000061351,0.3000000000822385,Bear
2006-06-23,0.49999999986759475,0.20000000006052396,0.30000000007187866,Bear
2006-06-26,0.49999999987531996,0.2000000000618301,0.30000000006284605,Bear
2006-06-27,0.49999999988415783,0.20000000006317104,0.30000000005266453,Bear
2006-06-28,0.49999999987718946,0.20000000006515595,0.3000000000576501,Bear
2006-06-29,0.49999999987746646,0.20000000005888127,0.300000000063649,Bear
2006-06-30,0.49999999989263316,0.20000000004756066,0.30000000005980343,Bear
2006-07-03,0.4999999999028522,0.2000000000328447,0.3000000000643016,Bear
2006-07-05,0.49999999985704546,0.20000000003933643,0.30000000010361755,Bear
2006-07-06,0.49999999979046933,0.2000000000821974,0.3000000001273327,Bear
2006-07-07,0.49999999980543336,0.20000000006929963,0.3000000001252661,Bear
2006-07-10,0.4999999997828573,0.20000000008932792,0.30000000012781397,Bear
2006-07-11,0.4999999997744219,0.2000000001026175,0.30000000012295985,Bear
2006-07-12,0.4999999997666597,0.20000000011570598,0.30000000011763367,Bear
2006-07-13,0.49999998964276643,0.20000000587519653,0.3000000044820369,Bear
2006-07-14,0.4999999993487953,0.20000000049584973,0.3000000001553531,Bear
2006-07-17,0.4999999972684051,0.2000000024269263,0.3000000003046688,Bear
2006-07-18,0.4999999985083252,0.20000000126865106,0.30000000022302425,Bear
2006-07-19,0.49999999985171345,0.20000000006804672,0.3000000000802403,Bear
2006-07-20,0.4999999998027603,0.2000000001095057,0.30000000008773403,Bear
2006-07-21,0.49999999972330367,0.20000000017393418,0.30000000010276207,Bear
2006-07-24,0.49999999908307347,0.2000000007475863,0.3000000001693401,Bear
2006-07-25,0.4999999956797595,0.20000000120946448,0.30000000311077607,Bear
2006-07-26,0.4999999934412,0.20000000434596607,0.30000000221283385,Bear
2006-07-27,0.4999999953495052,0.20000000053688577,0.3000000041136089,Bear
2006-07-28,0.49999999991624267,0.20000000001653517,0.3000000000672184,Bear
2006-07-31,0.4999999951582349,0.20000000048265248,0.30000000435911256,Bear
2006-08-01,0.4999999951167714,0.19999999980992444,0.30000000507330427,Bear
2006-08-02,0.49999999977409154,0.20000000013032998,0.30000000009557287,Bear
2006-08-03,0.49999999930172534,0.20000000055379835,0.30000000014447603,Bear
2006-08-04,0.49999999985899146,0.20000000006575244,0.30000000007525635,Bear
2006-08-07,0.49999999986984217,0.20000000005869778,0.3000000000714601,Bear
2006-08-08,0.4999999997135961,0.20000000018915617,0.3000000000972476,Bear
2006-08-09,0.499999999629833,0.20000000026186837,0.3000000001082985,Bear
2006-08-10,0.49999999895435066,0.20000000087466602,0.3000000001709834,Bear
2006-08-11,0.49999999985473,0.20000000006995447,0.30000000007531596,Bear
2006-08-14,0.49999999661322136,0.20000000075229654,0.3000000026344822,Bear
2006-08-15,0.4999999877303089,0.20000000747161414,0.3000000047980768,Bear
2006-08-16,0.49999998911095245,0.2000000079782618,0.3000000029107856,Bear
2006-08-17,0.4999999997874322,0.20000000009926497,0.3000000001132527,Bear
2006-08-18,0.49999999982792165,0.20000000008151128,0.3000000000905657,Bear
2006-08-21,0.49999999983172877,0.2000000000731373,0.30000000009513283,Bear
2006-08-22,0.49999999982416,0.2000000000873545,0.3000000000884848,Bear
2006-08-23,0.49999999982683035,0.2000000000858771,0.30000000008729183,Bear
2006-08-24,0.49999999982151655,0.20000000008582147,0.3000000000926611,Bear
2006-08-25,0.4999999998154213,0.2000000000843553,0.30000000010022254,Bear
2006-08-28,0.49999999981709353,0.20000000008345198,0.3000000000994534,Bear
2006-08-29,0.4999999998461464,0.20000000006194482,0.30000000009190764,Bear
2006-08-30,0.49999999983194215,0.20000000007210325,0.30000000009595357,Bear
2006-08-31,0.49999999982280696,0.2000000000730445,0.3000000001041477,Bear
2006-09-01,0.49999999980317245,0.20000000008887006,0.30000000010795674,Bear
2006-09-05,0.49999999983006543,0.20000000007113394,0.30000000009879946,Bear
2006-09-06,0.49999999982531906,0.2000000000692518,0.30000000010542816,Bear
2006-09-07,0.49999999982106974,0.2000000000877057,0.3000000000912238,Bear
2006-09-08,0.4999999864721718,0.20000000819459482,0.3000000053332334,Bear
2006-09-11,0.4999999997912144,0.20000000011047964,0.30000000009829675,Bear
2006-09-12,0.49999999984601495,0.20000000009224814,0.30000000006173394,Bear
2006-09-13,0.49999999985142013,0.20000000009282026,0.30000000005575717,Bear
2006-09-14,0.4999999998664193,0.20000000007689592,0.3000000000566823,Bear
2006-09-15,0.49999999986158666,0.20000000009935326,0.30000000003905125,Bear
2006-09-18,0.4999999998572388,0.20000000010829194,0.30000000003445665,Bear
2006-09-19,0.4999999998537352,0.20000000010255164,0.3000000000437086,Bear
2006-09-20,0.499999999839897,0.20000000013233662,0.3000000000277468,Bear
2006-09-21,0.49999999985835164,0.20000000011149993,0.30000000003013017,Bear
2006-09-22,0.49999999986737453,0.20000000010312347,0.3000000000294855,Bear
2006-09-25,0.49999999985129273,0.2000000001169659,0.3000000000317328,Bear
2006-09-26,0.4999999998463964,0.20000000012435412,0.3000000000292418,Bear
2006-09-27,0.49999999984770677,0.20000000012906322,0.30000000002321325,Bear
2006-09-28,0.4999999998611618,0.20000000010335117,0.30000000003548216,Bear
2006-09-29,0.4999999998594297,0.20000000011241617,0.3000000000281393,Bear
2006-10-02,0.4999999998499501,0.20000000012142408,0.30000000002861515,Bear
2006-10-03,0.4999999998443919,0.2000000001196295,0.30000000003597416,Bear
2006-10-04,0.49999999983411786,0.2000000001495149,0.3000000000163481,Bear
2006-10-05,0.4999999998745795,0.20000000012300864,0.30000000000239585,Bear
2006-10-06,0.4999999999115767,0.20000000007987007,0.30000000000854293,Bear
2006-10-09,0.49999999995610395,0.20000000005206042,0.29999999999183025,Bear
2006-10-10,0.499999999949844,0.20000000005307703,0.29999999999707555,Bear
2006-10-11,0.4999999999919915,0.20000000002483082,0.2999999999831754,Bear
2006-10-12,0.4999999999984394,0.20000000002137927,0.29999999998017957,Bear
2006-10-13,0.4999999999824025,0.2000000000344676,0.2999999999831289,Bear
2006-10-16,0.4999999999639241,0.2000000000381524,0.2999999999979221,Bear
2006-10-17,0.49999999992086225,0.20000000006525756,0.3000000000138779,Bear
2006-10-18,0.4999999999277311,0.20000000006612015,0.3000000000061432,Bear
2006-10-19,0.4999999999465282,0.20000000005480134,0.29999999999866633,Bear
2006-10-20,0.49999999989669053,0.20000000008188723,0.30000000002141836,Bear
2006-10-23,0.49999999992782357,0.2000000000564647,0.30000000001570476,Bear
2006-10-24,0.4999999999827184,0.20000000002020799,0.29999999999707067,Bear
2006-10-25,0.49999999993707617,0.20000000004945606,0.30000000001346655,Bear
2006-10-26,0.499999999934361,0.20000000006614502,0.2999999999994901,Bear
2006-10-27,0.49999999991807387,0.200000000084665,0.29999999999725757,Bear
2006-10-30,0.49999999992976385,0.2000000000812195,0.2999999999890128,Bear
2006-10-31,0.4999999998932526,0.20000000010141467,0.3000000000053283,Bear
2006-11-01,0.49999999987221405,0.20000000011297575,0.3000000000148019,Bear
2006-11-02,0.49999999986608057,0.2000000000957102,0.300000000038207,Bear
2006-11-03,0.4999999998490762,0.20000000009707833,0.3000000000538439,Bear
2006-11-06,0.499999999834962,0.20000000009964636,0.30000000006539035,Bear
2006-11-07,0.49999999985417604,0.20000000008753285,0.3000000000582895,Bear
2006-11-08,0.4999999998623038,0.20000000008640478,0.30000000005128963,Bear
2006-11-09,0.49999999986620713,0.2000000001026849,0.30000000003110344,Bear
2006-11-10,0.4999999998476385,0.20000000009605337,0.3000000000563069,Bear
2006-11-13,0.4999999998483545,0.20000000009537747,0.3000000000562663,Bear
2006-11-14,0.4999999998554538,0.20000000009948987,0.300000000045054,Bear
2006-11-15,0.499999985064919,0.2000000113842397,0.3000000035508414,Bear
2006-11-16,0.4999999996074687,0.20000000031272575,0.3000000000797499,Bear
2006-11-17,0.4999999998628102,0.20000000011834485,0.30000000001881144,Bear
2006-11-20,0.4999999998597893,0.2000000001235132,0.3000000000166849,Bear
2006-11-21,0.4999999998463793,0.2000000001377094,0.3000000000158978,Bear
2006-11-22,0.4999999998408615,0.20000000014304303,0.30000000001608035,Bear
2006-11-24,0.49999999983649623,0.20000000014766603,0.30000000001582183,Bear
2006-11-27,0.4999999836950852,0.20000001284258492,0.30000000346232986,Bear
2006-11-28,0.4999999844673391,0.20000001355951588,0.3000000019731448,Bear
2006-11-29,0.4999999831204896,0.2000000137782545,0.30000000310125585,Bear
2006-11-30,0.4999999994416747,0.20000000048912672,0.30000000006914535,Bear
2006-12-01,0.49999998419726654,0.20000001211781393,0.30000000368491947,Bear
2006-12-04,0.49999998197829454,0.20000001587677452,0.300000002144931,Bear
2006-12-05,0.4999999813309553,0.20000001627296085,0.3000000023960838,Bear
2006-12-06,0.4999999994563234,0.20000000048635364,0.30000000005728483,Bear
2006-12-07,0.49999999980189735,0.20000000019966135,0.29999999999843724,Bear
2006-12-08,0.4999999998250143,0.20000000019157754,0.29999999998339216,Bear
2006-12-11,0.499999999912266,0.2000000001458279,0.2999999999419012,Bear
2006-12-12,0.49999999990836363,0.20000000017591554,0.29999999991572207,Bear
2006-12-13,0.49999999991033284,0.20000000019206085,0.29999999989761067,Bear
2006-12-14,0.49999999985236526,0.20000000017025274,0.29999999997738086,Bear
2006-12-15,0.4999999998682504,0.20000000012396008,0.30000000000777716,Bear
2006-12-18,0.49999999989205074,0.20000000012286553,0.2999999999850741,Bear
2006-12-19,0.4999999998916923,0.2000000001156159,0.299999999992684,Bear
2006-12-20,0.49999999989859123,0.2000000001025408,0.29999999999886,Bear
2006-12-21,0.4999999998767802,0.2000000001093483,0.3000000000138632,Bear
2006-12-22,0.499999999864688,0.2000000001277794,0.300000000007521,Bear
2006-12-26,0.4999999998706441,0.20000000011368171,0.3000000000156605,Bear
2006-12-27,0.49999999988023625,0.200000000102204,0.3000000000175471,Bear
2006-12-28,0.4999999999413389,0.2000000000487181,0.30000000000993354,Bear
2006-12-29,0.4999999999405612,0.20000000005035448,0.30000000000907945,Bear
2007-01-03,0.49999999993778566,0.20000000004856788,0.30000000001364147,Bear
2007-01-04,0.49999999996494543,0.20000000004909566,0.29999999998595567,Bear
2007-01-05,0.5000000000130078,0.20000000004609797,0.2999999999408931,Bear
2007-01-08,0.500000001769825,0.20000000450749605,0.29999999372266895,Bear
2007-01-09,0.5000000000562188,0.20000000019121023,0.2999999997525269,Bear
2007-01-10,0.500000000015691,0.20000000005925647,0.2999999999250377,Bear
2007-01-11,0.5000000007869673,0.2000000044339686,0.29999999477905653,Bear
2007-01-12,0.5000000013729821,0.20000000493720752,0.2999999936897851,Bear
2007-01-16,0.500000000105694,0.20000000016624572,0.29999999972795516,Bear
2007-01-17,0.5000000000301255,0.20000000003354504,0.2999999999362702,Bear
2007-01-18,0.5000000000323014,0.20000000002755058,0.29999999994013277,Bear
2007-01-19,0.5000000000326281,0.20000000002932392,0.2999999999380329,Bear
2007-01-22,0.500000000021282,0.20000000000318488,0.2999999999755247,Bear
2007-01-23,0.5000000000308208,0.20000000002754464,0.29999999994162757,Bear
2007-01-24,0.5000000000331245,0.1999999999955595,0.2999999999713056,Bear
2007-01-25,0.500000000039648,0.20000000000790893,0.29999999995243604,Bear
2007-01-26,0.5000000000347568,0.2000000000003486,0.2999999999648845,Bear
2007-01-29,0.5000000000341273,0.20000000001751325,0.2999999999483504,Bear
2007-01-30,0.5000000000307636,0.20000000001752602,0.29999999995169835,Bear
2007-01-31,0.5000000000238857,0.20000000000820803,0.299999999967898,Bear
2007-02-01,0.500000000025697,0.20000000003147245,0.2999999999428223,Bear
2007-02-02,0.5000000000336826,0.20000000002908602,0.2999999999372184,Bear
2007-02-05,0.5000000024356045,0.20000000490360811,0.29999999266077526,Bear
2007-02-06,0.5000000019475329,0.2000000059105226,0.2999999921419124,Bear
2007-02-07,0.5000000001549831,0.20000000021621075,0.2999999996287322,Bear
2007-02-08,0.5000000000328044,0.20000000006183194,0.29999999990528536,Bear
2007-02-09,0.5000000000136928,0.2000000000300061,0.29999999995629073,Bear
2007-02-12,0.49999999996939704,0.20000000004313695,0.2999999999874653,Bear
2007-02-13,0.5000000000263581,0.20000000001517748,0.29999999995846266,Bear
2007-02-14,0.49999999999160377,0.20000000002859492,0.2999999999797997,Bear
2007-02-15,0.4999999999468747,0.20000000005180563,0.30000000000131893,Bear
2007-02-16,0.4999999999400515,0.20000000006770724,0.2999999999922378,Bear
2007-02-20,0.49999999990947824,0.20000000008164937,0.3000000000088677,Bear
2007-02-21,0.49999999994487543,0.20000000008017144,0.2999999999749485,Bear
2007-02-22,0.49999999992252175,0.20000000006887006,0.300000000008604,Bear
2007-02-23,0.4999999999414607,0.20000000005536564,0.3000000000031676,Bear
2007-02-26,0.4999999999120281,0.20000000007281463,0.30000000001515176,Bear
2007-02-27,0.24999999873493406,0.5999999866538499,0.1500000146112462,Crisis
2007-02-28,0.49999999994396543,0.20000000015694736,0.29999999989908704,Bear
2007-03-01,0.49999999980822696,0.20000000018559355,0.3000000000061822,Bear
2007-03-02,0.4999999998721472,0.20000000015677014,0.2999999999710664,Bear
2007-03-05,0.4999999998959771,0.20000000019727793,0.2999999999067603,Bear
2007-03-06,0.4999999928528421,0.200000851921401,0.299999155225757,Bear
2007-03-07,0.49999999843816517,0.20000000433471204,0.29999999722717313,Bear
2007-03-08,0.4999999906619297,0.2000000099560357,0.29999999938204086,Bear
2007-03-09,0.4999999863220725,0.2000000197448653,0.299999993933062,Bear
2007-03-12,0.4999999988080967,0.20000000133970847,0.299999999852173,Bear
2007-03-13,0.49999999975725584,0.200000000321903,0.2999999999208378,Bear
2007-03-14,0.4999999457780166,0.20000005445198987,0.299999999769992,Bear
2007-03-15,0.49999999077479523,0.20000000970329207,0.2999999995219128,Bear
2007-03-16,0.499999988096465,0.20000001266157685,0.29999999924195797,Bear
2007-03-19,0.46609339043580045,0.23390661291344092,0.29999999665075855,Bear
2007-03-20,0.4999999896579025,0.2000000101022446,0.3000000002398529,Bear
2007-03-21,0.49999999060415995,0.20000000942390264,0.2999999999719357,Bear
2007-03-22,0.4999999992663157,0.2000000008155999,0.2999999999180463,Bear
2007-03-23,0.4999999997658334,0.20000000026111744,0.2999999999730449,Bear
2007-03-26,0.4999999998113651,0.20000000021642655,0.29999999997219073,Bear
2007-03-27,0.4999999997993992,0.2000000002109993,0.2999999999895897,Bear
2007-03-28,0.4999999998344512,0.20000000020474296,0.29999999996079135,Bear
2007-03-29,0.4999999998188956,0.2000000002260095,0.299999999955087,Bear
2007-03-30,0.49999999984492616,0.20000000023032735,0.29999999992474685,Bear
2007-04-02,0.4999999931596715,0.20000001577498033,0.29999999106534336,Bear
2007-04-03,0.4999999981996917,0.20000024422603588,0.2999997575742725,Bear
2007-04-04,0.4999999968573011,0.2000000349012653,0.29999996824143355,Bear
2007-04-05,0.5000000002345604,0.20000000233488124,0.29999999743055844,Bear
2007-04-09,0.4999999989854536,0.20000000364664652,0.29999999736789973,Bear
2007-04-10,0.4999999993818867,0.20000000866850698,0.2999999919496029,Bear
2007-04-11,0.4999999967603577,0.2000000369890682,0.2999999662505741,Bear
2007-04-12,0.49999999764695563,0.20000000979963264,0.29999999255341175,Bear
2007-04-13,0.49999998898693715,0.21733993886022715,0.28266007215283545,Bear
2007-04-16,0.49999999998728983,0.20000000099071524,0.2999999990219964,Bear
2007-04-17,0.49999999470519324,0.2000000126604609,0.29999999263434574,Bear
2007-04-18,0.4999999949257835,0.2228856481109071,0.2771143569633092,Bear
2007-04-19,0.4999999999988847,0.34433271996068643,0.15566728004042868,Bear
2007-04-20,0.5000000000158553,0.399999999875199,0.10000000010894484,Bear
2007-04-23,0.49999999922298133,0.3999999993270149,0.10000000145001563,Bear
2007-04-24,0.49999999772810777,0.3810226796947309,0.11897732257716141,Bear
2007-04-25,0.5000000001054595,0.4000000001103502,0.09999999978418903,Bear
2007-04-26,0.499999999208679,0.3999999263091624,0.10000007448215781,Bear
2007-04-27,0.5000000001403745,0.39999999979494266,0.1000000000646523,Bear
2007-04-30,0.4999999999797653,0.4000000009656077,0.099999999054635,Bear
2007-05-01,0.5000000032084945,0.3999999998884899,0.09999999690301557,Bear
2007-05-02,0.5000000020876306,0.400000000790802,0.09999999712156743,Bear
2007-05-03,0.4999999991415017,0.40000000280038506,0.09999999805811308,Bear
2007-05-04,0.4999999977384039,0.4000000040995614,0.09999999816206111,Bear
2007-05-07,0.4999999970303344,0.40000000486651777,0.09999999810318247,Bear
2007-05-08,0.5000000000806136,0.40000000002228814,0.09999999989709835,Bear
2007-05-09,0.5000000000573009,0.40000000002257835,0.09999999992012244,Bear
2007-05-10,0.49999999863667527,0.4000000035521624,0.0999999978111623,Bear
2007-05-11,0.49999999251478955,0.4000000090290047,0.0999999984562384,Bear
2007-05-14,0.4999999996258802,0.40000000210789793,0.09999999826629226,Bear
2007-05-15,0.5000000005227465,0.40000000119388446,0.09999999828339724,Bear
2007-05-16,0.5000000003050082,0.4000000018311773,0.0999999978638336,Bear
2007-05-17,0.4999999986492976,0.4000000042538518,0.099999997096866,Bear
2007-05-18,0.5000000010708836,0.40000000135058056,0.09999999757857168,Bear
2007-05-21,0.5000000006603926,0.40000000086742704,0.09999999847219389,Bear
2007-05-22,0.5000000013429411,0.399999999358409,0.09999999929866127,Bear
2007-05-23,0.5000000019601545,0.39999999980480133,0.0999999982350546,Bear
2007-05-24,0.5000000026582303,0.39999999849411844,0.09999999884766547,Bear
2007-05-25,0.5000000014286131,0.4000000000184037,0.09999999855298572,Bear
2007-05-29,0.5000000017676038,0.39999999833960037,0.09999999989280249,Bear
2007-05-30,0.5000000027939135,0.39999999888471144,0.09999999832138362,Bear
2007-05-31,0.5000000017179532,0.39999999993430146,0.09999999834775096,Bear
2007-06-01,0.5000000026127872,0.3999999984416627,0.09999999894556424,Bear
2007-06-04,0.5000000000597564,0.39999999996970725,0.0999999999705363,Bear
2007-06-05,0.5000000001074074,0.3999999997403986,0.10000000015219307,Bear
2007-06-06,0.500000000136798,0.39999999965220123,0.10000000021099399,Bear
2007-06-07,0.500000000162012,0.399999999639786,0.10000000019819454,Bear
2007-06-08,0.4999999999985192,0.3999999874205862,0.10000001258089002,Bear
2007-06-11,0.5000000001968292,0.3999999997724613,0.1000000000307096,Bear
2007-06-12,0.5000000000304633,0.2593115319810603,0.24068846798847554,Bear
2007-06-13,0.499999999995574,0.20000000707798113,0.2999999929264425,Bear
2007-06-14,0.5000000000266768,0.20000000057921932,0.2999999993941008,Bear
2007-06-15,0.5000000023873863,0.20000000559575465,0.29999999201684985,Bear
2007-06-18,0.5000000019508791,0.20000000619873942,0.29999999185036036,Bear
2007-06-19,0.5000000009895865,0.2000000074503015,0.29999999156009277,Bear
2007-06-20,0.5000000003913875,0.20000000728616876,0.2999999923224326,Bear
2007-06-21,0.5000000013476457,0.2000000072108638,0.2999999914414717,Bear
2007-06-22,0.5000000004734091,0.20000000784771865,0.29999999167885905,Bear
2007-06-25,0.5000000000572306,0.20000000001986934,0.2999999999228902,Bear
2007-06-26,0.5000000000513182,0.2000000000464889,0.29999999990219206,Bear
2007-06-27,0.4999999997837004,0.2000000552619116,0.29999994495437476,Bear
2007-06-28,0.49999999899936953,0.21093256804737331,0.2890674329532571,Bear
2007-06-29,0.5000000006934168,0.2000000018504683,0.299999997456115,Bear
2007-07-02,0.5000000000089406,0.20000000166701146,0.2999999983240385,Bear
2007-07-03,0.5000000000818994,0.30497914065618636,0.19502085926191426,Bear
2007-07-05,0.500000000061158,0.3999999971894182,0.10000000274942236,Bear
2007-07-06,0.5000000001969415,0.39999999968915906,0.1000000001138467,Bear
2007-07-09,0.5000000001969341,0.39999999966476585,0.10000000013829478,Bear
2007-07-10,0.5000000001911472,0.39999999973378547,0.10000000007506156,Bear
2007-07-11,0.5000000001891594,0.39999999964806626,0.10000000016276926,Bear
2007-07-12,0.4999999998288845,0.3999996177469361,0.10000038242417932,Bear
2007-07-13,0.5000000014383225,0.3999999975983891,0.10000000096328825,Bear
2007-07-16,0.5000000000919792,0.3999999997714042,0.10000000013654609,Bear
2007-07-17,0.5000000000873622,0.399999999950352,0.09999999996228054,Bear
2007-07-18,0.500000000086884,0.39999999995391994,0.09999999995919487,Bear
2007-07-19,0.5000000002171224,0.3999999995753482,0.10000000020752911,Bear
2007-07-20,0.49999999914132176,0.3999962751071948,0.10000372575148353,Bear
2007-07-23,0.5000000023074448,0.39999998498810924,0.1000000127044456,Bear
2007-07-24,0.4999999991931342,0.23120861434661028,0.26879138646025547,Bear
2007-07-25,0.5000000000437933,0.2000002049781947,0.2999997949780121,Bear
2007-07-26,0.24999999604922676,0.5999998470163769,0.15000015693439658,Crisis
2007-07-27,0.2499999980477988,0.5999999238187845,0.1500000781334142,Crisis
2007-07-30,0.24999999888932903,0.5999999645117121,0.1500000365989589,Crisis
2007-07-31,0.24999999959902616,0.5999999615851812,0.1500000388157926,Crisis
2007-08-01,0.2499999997664407,0.5999999599886835,0.15000004024487598,Crisis
2007-08-02,0.24999999976068432,0.5999999591256671,0.1500000411136487,Crisis
2007-08-03,0.2499999996465222,0.5999999578277311,0.15000004252574634,Crisis
2007-08-06,0.24999999888150687,0.5999999547053707,0.1500000464131227,Crisis
2007-08-07,0.24999999884804316,0.5999999509430518,0.1500000502089052,Crisis
2007-08-08,0.24999999826440278,0.5999999502913348,0.15000005144426268,Crisis
2007-08-09,0.24999999884405913,0.5999999421119834,0.15000005904395794,Crisis
2007-08-10,0.2499999984989635,0.5999999768416128,0.15000002465942622,Crisis
2007-08-13,0.24999999684473603,0.5999999722954125,0.15000003085985233,Crisis
2007-08-14,0.24999999554393748,0.599999965485498,0.15000003897056574,Crisis
2007-08-15,0.2499999936967611,0.5999999608459525,0.15000004545728796,Crisis
2007-08-16,0.24999999088194033,0.5999999570229546,0.15000005209510675,Crisis
2007-08-17,0.24999998963717776,0.5999999460280078,0.150000064334816,Crisis
2007-08-20,0.24999999610740345,0.5999999714704439,0.15000003242215432,Crisis
2007-08-21,0.24999998888783106,0.5999999538869925,0.15000005722517692,Crisis
2007-08-22,0.24999998624365313,0.5999999392988656,0.1500000744574826,Crisis
2007-08-23,0.24999999334582718,0.5999999623954794,0.15000004425870725,Crisis
2007-08-24,0.24999998371445242,0.5999999413627374,0.15000007492281076,Crisis
2007-08-27,0.24999999269687018,0.5999999648781995,0.15000004242494897,Crisis
2007-08-28,0.24999998324605474,0.5999999476024492,0.15000006915149686,Crisis
2007-08-29,0.24999999008952295,0.5999999705398076,0.1500000393706873,Crisis
2007-08-30,0.24999997316386174,0.599999960423328,0.15000006641281108,Crisis
2007-08-31,0.2499999657278895,0.5999999470925956,0.15000008717951652,Crisis
2007-09-04,0.24999998313981892,0.599999971569216,0.15000004529098765,Crisis
2007-09-05,0.24999996710762248,0.5999999618672874,0.1500000710250918,Crisis
2007-09-06,0.24999998408701293,0.599999977271384,0.15000003864162567,Crisis
2007-09-07,0.24999997365816196,0.5999999666425423,0.15000005969929708,Crisis
2007-09-10,0.2499999777768506,0.599999947033597,0.15000007518955427,Crisis
2007-09-11,0.24999997536467417,0.5999999240891926,0.15000010054613486,Crisis
2007-09-12,0.2499999900316859,0.5999999553314326,0.1500000546368984,Crisis
2007-09-13,0.24999996925028733,0.5999999183457579,0.15000011240395494,Crisis
2007-09-14,0.24999998761956366,0.5999999384683795,0.15000007391206363,Crisis
2007-09-17,0.24999997506565336,0.5999999060145693,0.1500001189197777,Crisis
2007-09-18,0.2499999650220879,0.5999998618442149,0.15000017313369776,Crisis
2007-09-19,0.24999998114753047,0.5999999025741017,0.1500001162783707,Crisis
2007-09-20,0.2499999614196207,0.5999998670823069,0.1500001714980727,Crisis
2007-09-21,0.4999999999484868,0.20000000002431714,0.30000000002719585,Bear
2007-09-24,0.4999999998748411,0.2000000001052223,0.3000000000199307,Bear
2007-09-25,0.49999999988380733,0.20000000009483196,0.3000000000213487,Bear
2007-09-26,0.49999999990077443,0.20000000007587962,0.3000000000233344,Bear
2007-09-27,0.4999999999092434,0.20000000006610488,0.30000000002464133,Bear
2007-09-28,0.49999999988795674,0.20000000009014687,0.3000000000218867,Bear
2007-10-01,0.49999999987946264,0.20000000010144459,0.3000000000190804,Bear
2007-10-02,0.49999999988499405,0.20000000010008592,0.3000000000149081,Bear
2007-10-03,0.4999999998929098,0.2000000001036719,0.3000000000034077,Bear
2007-10-04,0.4999999999051167,0.20000000008902669,0.3000000000058471,Bear
2007-10-05,0.49999999987283805,0.2000000001083705,0.3000000000187833,Bear
2007-10-08,0.4999999998810679,0.20000000009180835,0.30000000002711313,Bear
2007-10-09,0.4999999998736969,0.20000000010258165,0.3000000000237101,Bear
2007-10-10,0.49999999987565436,0.20000000010419106,0.3000000000201435,Bear
2007-10-11,0.4999999998752488,0.20000000010360366,0.3000000000211364,Bear
2007-10-12,0.4999999998690008,0.20000000010854316,0.30000000002244886,Bear
2007-10-15,0.2499999510218781,0.5994496071923762,0.1505504417857456,Crisis
2007-10-16,0.24999996933239682,0.5994508547927648,0.15054917587483857,Crisis
2007-10-17,0.24999997653829653,0.5994522291877595,0.150547794273944,Crisis
2007-10-18,0.24999998357594683,0.599452262306064,0.1505477541179893,Crisis
2007-10-19,0.2499999896088485,0.5994523018518749,0.15054770853927643,Crisis
2007-10-22,0.2499999932782694,0.5994523203894923,0.15054768633223825,Crisis
2007-10-23,0.24999999509175422,0.5994523350306751,0.15054766987757054,Crisis
2007-10-24,0.24999999557767066,0.5994523474405442,0.15054765698178516,Crisis
2007-10-25,0.24999999553372895,0.5994523547864592,0.15054764967981255,Crisis
2007-10-26,0.24999999557431385,0.5994523612690015,0.15054764315668567,Crisis
2007-10-29,0.24999999454841942,0.5994523745965036,0.15054763085507708,Crisis
2007-10-30,0.24999999362097844,0.599452388905261,0.15054761747376078,Crisis
2007-10-31,0.2499999921083612,0.5994524131606573,0.15054759473098142,Crisis
2007-11-01,0.249999991562942,0.5994524315415024,0.15054757689555534,Crisis
2007-11-02,0.24999999019605026,0.5994524527483308,0.1505475570556189,Crisis
2007-11-05,0.2499999814507589,0.5994525572833471,0.15054746126589397,Crisis
2007-11-06,0.2499999701875352,0.5994528423668959,0.15054718744556897,Crisis
2007-11-07,0.2499999832491188,0.5999998109816383,0.15000020576924278,Crisis
2007-11-08,0.24999994446358711,0.5999998796830991,0.1500001758533137,Crisis
2007-11-09,0.249999791179421,0.5999998098054024,0.1500003990151767,Crisis
2007-11-12,0.24999982853069733,0.5999998458106389,0.1500003256586694,Crisis
2007-11-13,0.2499998501628899,0.5999998984410115,0.15000025139610024,Crisis
2007-11-14,0.24999986389057335,0.5999999567329996,0.15000017937642818,Crisis
2007-11-15,0.24999989063728692,0.5999999753766125,0.15000013398610157,Crisis
2007-11-16,0.24999984108378331,0.5999999594697939,0.15000019944642337,Crisis
2007-11-19,0.24999988304601437,0.599999981297981,0.15000013565600617,Crisis
2007-11-20,0.24999982084949365,0.5999999615981617,0.15000021755234488,Crisis
2007-11-21,0.24999987229433163,0.5999999861147582,0.15000014159091227,Crisis
2007-11-23,0.24999981342858507,0.5999999723185889,0.15000021425282623,Crisis
2007-11-26,0.24999986571391536,0.5999999915723447,0.15000014271374157,Crisis
2007-11-27,0.24999991561500023,0.5999999907146814,0.15000009367031866,Crisis
2007-11-28,0.24999995087155047,0.5999999909360552,0.1500000581923968,Crisis
2007-11-29,0.24999990445467113,0.5999999744659849,0.15000012107934385,Crisis
2007-11-30,0.24999993323868094,0.5999999853887862,0.15000008137253426,Crisis
2007-12-03,0.2499998966552337,0.599999965615613,0.1500001377291538,Crisis
2007-12-04,0.2499999294504009,0.5999999805079699,0.15000009004163098,Crisis
2007-12-05,0.24999988153509886,0.5999999564932919,0.15000016197160948,Crisis
2007-12-06,0.24999993463364042,0.5999999730855868,0.15000009228077524,Crisis
2007-12-07,0.24999990753956625,0.5999999449606191,0.15000014749981527,Crisis
2007-12-10,0.24999994593544947,0.5999999622021669,0.15000009186238553,Crisis
2007-12-11,0.2499999166816851,0.5999999298880857,0.15000015343022974,Crisis
2007-12-12,0.24999994823788177,0.599999946433385,0.1500001053287336,Crisis
2007-12-13,0.24999989823210403,0.5999998778909179,0.15000022387697837,Crisis
2007-12-14,0.24999994994069458,0.5999999133247207,0.15000013673458665,Crisis
2007-12-17,0.24999996583266204,0.5999999488702266,0.15000008529711295,Crisis
2007-12-18,0.24999992909473603,0.5999999137506115,0.15000015715465292,Crisis
2007-12-19,0.2499999587393729,0.5999999448635897,0.15000009639703893,Crisis
2007-12-20,0.24999992871816004,0.5999998807409329,0.15000019054090738,Crisis
2007-12-21,0.24999995985096246,0.5999999143291477,0.1500001258198902,Crisis
2007-12-24,0.2499999231137443,0.5999998160171834,0.1500002608690725,Crisis
2007-12-26,0.24999995782973972,0.5999998590071205,0.15000018316313993,Crisis
2007-12-27,0.2499999717591673,0.5999998933476904,0.1500001348931523,Crisis
2007-12-28,0.24999993388468955,0.59999977892134,0.15000028719397085,Crisis
2007-12-31,0.24999997615214856,0.5999998243484663,0.1500001994993855,Crisis
2008-01-02,0.2499999847198602,0.5999998680244414,0.15000014725570612,Crisis
2008-01-03,0.24999999324244288,0.5999999059645926,0.15000010079296483,Crisis
2008-01-04,0.24999998214176955,0.5999998417436399,0.15000017611459063,Crisis
2008-01-07,0.24999999116408594,0.5999999043501072,0.15000010448580764,Crisis
2008-01-08,0.24999996905877267,0.5999998129736289,0.15000021796759874,Crisis
2008-01-09,0.24999998392870232,0.5999998553068291,0.15000016076447661,Crisis
2008-01-10,0.24999995152380647,0.5999997371873883,0.15000031128880523,Crisis
2008-01-11,0.24999997645569216,0.5999997744624864,0.15000024908182394,Crisis
2008-01-14,0.24999998247761643,0.599999814456056,0.15000020306632844,Crisis
2008-01-15,0.2499999363591241,0.5999995842234814,0.15000047941739472,Crisis
2008-01-16,0.2499999681083883,0.5999996594541422,0.15000037243747286,Crisis
2008-01-17,0.24999997761822992,0.5999997401257351,0.15000028225603768,Crisis
2008-01-18,0.2499999809826653,0.5999997976174297,0.15000022139990596,Crisis
2008-01-22,0.2499999234013748,0.5999995550945115,0.15000052150411405,Crisis
2008-01-23,0.24999996734247315,0.5999996149388028,0.1500004177187262,Crisis
2008-01-24,0.2499999705275578,0.5999996865224513,0.1500003429499913,Crisis
2008-01-25,0.2499998710913337,0.5999987872477772,0.150001341660889,Crisis
2008-01-28,0.24999995309388787,0.5999988247256782,0.15000122218043427,Crisis
2008-01-29,0.24999995958939983,0.5999989337188909,0.15000110669170916,Crisis
2008-01-30,0.24999996449468545,0.5999990289745019,0.1500010065308126,Crisis
2008-01-31,0.2499998478746817,0.599997662864508,0.1500024892608101,Crisis
2008-02-01,0.24999991246623232,0.5999977571589673,0.15000233037480062,Crisis
2008-02-04,0.24999990300705668,0.5999978539297299,0.15000224306321333,Crisis
2008-02-05,0.2499998948058139,0.5999978906718155,0.15000221452237122,Crisis
2008-02-06,0.24999987045422883,0.5999979932317705,0.15000213631400036,Crisis
2008-02-07,0.2499998590022894,0.5999980637803913,0.1500020772173193,Crisis
2008-02-08,0.24999990212781195,0.5999976710464253,0.1500024268257628,Crisis
2008-02-11,0.24999991189431509,0.5999972569646588,0.15000283114102672,Crisis
2008-02-12,0.24999990575001735,0.599997021734164,0.15000307251581865,Crisis
2008-02-13,0.34999999899564604,0.40000000047317374,0.250000000531174,Bull
2008-02-14,0.34999999940973603,0.4000000001733611,0.2500000004168938,Bull
2008-02-15,0.3499999993565451,0.4000000001446081,0.250000000498839,Bull
2008-02-19,0.34999999938567944,0.4000000001834903,0.25000000043082277,Bull
2008-02-20,0.34999999940129084,0.3999999999785876,0.2500000006201128,Bull
2008-02-21,0.3499999994777398,0.3999999998526767,0.2500000006695743,Bull
2008-02-22,0.3499999993374005,0.40000000015504217,0.2500000005075496,Bull
2008-02-25,0.34999999934033776,0.40000000010664405,0.2500000005530096,Bull
2008-02-26,0.3499999995693684,0.3999999997945765,0.2500000006360462,Bull
2008-02-27,0.34999999984333635,0.39999999950166426,0.25000000065499184,Bull
2008-02-28,0.3500000002972707,0.3999999995764039,0.25000000012632423,Bull
2008-02-29,0.24999999981621987,0.5665877480353856,0.18341225214839643,Crisis
2008-03-03,0.24999999364046743,0.5665902627276664,0.18340974363186585,Crisis
2008-03-04,0.24999999426985953,0.5665906119215153,0.18340939380862528,Crisis
2008-03-05,0.24999998991714473,0.5665917315677804,0.1834082785150749,Crisis
2008-03-06,0.24999999732751368,0.5665918862581584,0.18340811641432764,Crisis
2008-03-07,0.24999999447854246,0.5665923244223864,0.1834076810990714,Crisis
2008-03-10,0.24999999331470701,0.5665928833439043,0.183407123341389,Crisis
2008-03-11,0.24999999551890992,0.5665931991223258,0.18340680535876416,Crisis
2008-03-12,0.24999999242884924,0.5665936619574914,0.1834063456136593,Crisis
2008-03-13,0.24999999834561099,0.5665937366053704,0.18340626504901875,Crisis
2008-03-14,0.2499999990549057,0.5665937769834994,0.18340622396159492,Crisis
2008-03-17,0.2499999993869068,0.5665938034412633,0.18340619717183,Crisis
2008-03-18,0.24999999949345356,0.5665938256371468,0.18340617486939997,Crisis
2008-03-19,0.24999999962036273,0.5665938339805882,0.18340616639904986,Crisis
2008-03-20,0.24999999859754338,0.566593888171964,0.18340611323049297,Crisis
2008-03-24,0.24999999890323446,0.5665939299458641,0.18340607115090152,Crisis
2008-03-25,0.2499999995849237,0.5665939436915484,0.1834060567235285,Crisis
2008-03-26,0.24999999901555597,0.5665940049828186,0.1834059960016253,Crisis
2008-03-27,0.24999999934542141,0.5665940327848474,0.18340596786973148,Crisis
2008-03-28,0.24999999946477394,0.5665940549834956,0.18340594555173098,Crisis
2008-03-31,0.24999999938641154,0.5665940835404074,0.18340591707318174,Crisis
2008-04-01,0.24999999939203613,0.5665941109559658,0.18340588965199803,Crisis
2008-04-02,0.349999997951756,0.4000000009570923,0.2500000010911519,Bull
2008-04-03,0.3499999994493681,0.40000000010811254,0.2500000004425057,Bull
2008-04-04,0.3499999994436638,0.4000000001627637,0.25000000039356585,Bull
2008-04-07,0.3499999995043738,0.40000000018812504,0.25000000030749464,Bull
2008-04-08,0.34999999945876664,0.4000000001914824,0.2500000003497445,Bull
2008-04-09,0.34999999952330896,0.40000000018505594,0.25000000029162917,Bull
2008-04-10,0.34999999962487777,0.40000000015325143,0.2500000002218657,Bull
2008-04-11,0.34999999955781474,0.40000000017535164,0.2500000002668287,Bull
2008-04-14,0.3499999997047056,0.4000000001168669,0.25000000017842366,Bull
2008-04-15,0.3499999996405356,0.4000000001530772,0.25000000020638447,Bull
2008-04-16,0.34999999970719603,0.4000000001187209,0.2500000001740796,Bull
2008-04-17,0.3499999993976005,0.4000000001778129,0.25000000042458076,Bull
2008-04-18,0.34999999940126697,0.4000000001760573,0.2500000004226685,Bull
2008-04-21,0.34999999942476506,0.40000000014768916,0.2500000004275385,Bull
2008-04-22,0.34999999962019357,0.40000000015815573,0.25000000022164404,Bull
2008-04-23,0.3499999995546091,0.40000000018023085,0.25000000026515495,Bull
2008-04-24,0.349999999503222,0.400000000195567,0.25000000030120517,Bull
2008-04-25,0.34999999969797124,0.400000000121121,0.25000000018090146,Bull
2008-04-28,0.3499999994955286,0.4000000001970845,0.25000000030738184,Bull
2008-04-29,0.34999999958124745,0.4000000001727349,0.2500000002460113,Bull
2008-04-30,0.349999999557068,0.4000000001814117,0.2500000002615145,Bull
2008-05-01,0.3499999996270443,0.4000000001563958,0.2500000002165544,Bull
2008-05-02,0.3499999997230185,0.40000000011024883,0.2500000001667269,Bull
2008-05-05,0.3499999996811627,0.40000000013694514,0.2500000001818873,Bull
2008-05-06,0.34999999960342226,0.40000000016676135,0.25000000022981134,Bull
2008-05-07,0.34999999944893784,0.4000000001596614,0.2500000003913947,Bull
2008-05-08,0.34999999968557455,0.4000000001350725,0.25000000017934493,Bull
2008-05-09,0.34999999969560636,0.40000000012131726,0.25000000018307206,Bull
2008-05-12,0.3499999994432625,0.4000000002034837,0.25000000035324854,Bull
2008-05-13,0.3499999995143146,0.40000000019283577,0.2500000002928429,Bull
2008-05-14,0.3499999995009902,0.400000000196636,0.25000000030236746,Bull
2008-05-15,0.3499999995436449,0.40000000018574344,0.25000000027060515,Bull
2008-05-16,0.3499999994319111,0.40000000018041487,0.25000000038766756,Bull
2008-05-19,0.34999999940282,0.40000000008522507,0.25000000051194704,Bull
2008-05-20,0.3499999994144687,0.4000000001625138,0.2500000004230104,Bull
2008-05-21,0.3499999993955148,0.4000000001747565,0.2500000004297215,Bull
2008-05-22,0.34999999939167853,0.4000000002123953,0.25000000039591885,Bull
2008-05-23,0.34999999939295845,0.40000000021070525,0.2500000003963293,Bull
2008-05-27,0.349999999377922,0.40000000021286897,0.25000000040920173,Bull
2008-05-28,0.34999999942700527,0.4000000002115773,0.2500000003614104,Bull
2008-05-29,0.3499999993842362,0.40000000020408566,0.250000000411671,Bull
2008-05-30,0.34999999942651616,0.400000000211956,0.25000000036152087,Bull
2008-06-02,0.3499999995046625,0.40000000019624055,0.25000000029909053,Bull
2008-06-03,0.34999999970627643,0.40000000011570186,0.2500000001780167,Bull
2008-06-04,0.3499999996241121,0.4000000001625389,0.25000000021334606,Bull
2008-06-05,0.3499999996950564,0.40000000013523485,0.2500000001697048,Bull
2008-06-06,0.3499999996605956,0.40000000014348797,0.2500000001959119,Bull
2008-06-09,0.34999999969233186,0.40000000011336956,0.25000000019429547,Bull
2008-06-10,0.34999999969864193,0.4000000001176693,0.25000000018368584,Bull
2008-06-11,0.34999999956398914,0.4000000001872118,0.25000000024879604,Bull
2008-06-12,0.34999999956791267,0.4000000001808226,0.2500000002512612,Bull
2008-06-13,0.3499999995628794,0.4000000001875566,0.25000000024956026,Bull
2008-06-16,0.3499999995892368,0.4000000001745153,0.25000000023624414,Bull
2008-06-17,0.3499999996849184,0.4000000001374273,0.25000000017765084,Bull
2008-06-18,0.3499999996125258,0.40000000016418624,0.2500000002232852,Bull
2008-06-19,0.3499999995677203,0.4000000001826694,0.250000000249607,Bull
2008-06-20,0.34999999970319023,0.40000000012251635,0.25000000017428986,Bull
2008-06-23,0.349999999553014,0.400000000187375,0.2500000002596082,Bull
2008-06-24,0.34999999955662725,0.4000000001938395,0.2500000002495297,Bull
2008-06-25,0.34999999956240807,0.40000000018420595,0.2500000002533825,Bull
2008-06-26,0.2499999997749463,0.5746883005071803,0.1753116997178818,Crisis
2008-06-27,0.24999998890374056,0.575559093284252,0.17444091781200757,Crisis
2008-06-30,0.24999997968016785,0.5756190280642928,0.17438099225553935,Crisis
2008-07-01,0.249999976841801,0.5760647816120256,0.17393524154617337,Crisis
2008-07-02,0.2499999756842557,0.5761607438833811,0.1738392804323634,Crisis
2008-07-03,0.2499999780895066,0.5762350050803624,0.17376501683013076,Crisis
2008-07-07,0.24999998551882396,0.5769564232200686,0.1730435912611071,Crisis
2008-07-08,0.24999997696674564,0.5773821884345031,0.17261783459875168,Crisis
2008-07-09,0.24999999652464597,0.5773854592476465,0.17261454422770764,Crisis
2008-07-10,0.249999974354835,0.5775300682374889,0.1724699574076759,Crisis
2008-07-11,0.24999999721127994,0.5790220339071207,0.17097796888159955,Crisis
2008-07-14,0.24999999393884628,0.5790232445022452,0.1709767615589087,Crisis
2008-07-15,0.24999999408869025,0.5790244106526383,0.1709755952586714,Crisis
2008-07-16,0.2499999881080617,0.5790274944015636,0.17097251749037448,Crisis
2008-07-17,0.24999998982960525,0.5790299361752536,0.17097007399514108,Crisis
2008-07-18,0.3499999986438887,0.40000000065550984,0.25000000070059525,Bull
2008-07-21,0.34999999951336586,0.4000000002183834,0.2500000002682437,Bull
2008-07-22,0.3499999995428596,0.40000000019567583,0.2500000002614611,Bull
2008-07-23,0.349999999567048,0.40000000019206966,0.2500000002408791,Bull
2008-07-24,0.3499999995614549,0.40000000019215576,0.2500000002463858,Bull
2008-07-25,0.3499999995280586,0.40000000021362353,0.2500000002583144,Bull
2008-07-28,0.34999999968560336,0.40000000011763887,0.2500000001967541,Bull
2008-07-29,0.3499999996844978,0.40000000011723075,0.25000000019826896,Bull
2008-07-30,0.34999999969809836,0.400000000119092,0.25000000018280716,Bull
2008-07-31,0.34999999963507616,0.4000000001515848,0.2500000002133351,Bull
2008-08-01,0.34999999970383394,0.4000000001200743,0.25000000017608853,Bull
2008-08-04,0.34999999961850464,0.40000000016114,0.2500000002203529,Bull
2008-08-05,0.34999999966469314,0.4000000001462426,0.2500000001890609,Bull
2008-08-06,0.3499999996079309,0.4000000001703459,0.2500000002217199,Bull
2008-08-07,0.349999999634542,0.4000000001590341,0.2500000002064201,Bull
2008-08-08,0.3499999992707042,0.40000000034685906,0.25000000038243236,Bull
2008-08-11,0.34999999960578365,0.4000000001817256,0.25000000021248436,Bull
2008-08-12,0.3499999994220822,0.40000000027606775,0.2500000003018453,Bull
2008-08-13,0.34999999924989994,0.40000000036619143,0.25000000038390197,Bull
2008-08-14,0.3499999994471755,0.40000000026236043,0.2500000002904564,Bull
2008-08-15,0.3499999993670065,0.4000000003079559,0.2500000003250308,Bull
2008-08-18,0.34999999936052395,0.40000000031095484,0.2500000003285137,Bull
2008-08-19,0.34999999914614927,0.40000000042433714,0.2500000004295063,Bull
2008-08-20,0.3499999992093801,0.400000000386136,0.2500000004044758,Bull
2008-08-21,0.3499999992188733,0.4000000003813234,0.2500000003997956,Bull
2008-08-22,0.3499999992908205,0.4000000003401655,0.2500000003690071,Bull
2008-08-25,0.34999999934630194,0.40000000031286737,0.25000000034082404,Bull
2008-08-26,0.3499999990053017,0.400000000497983,0.2500000004967077,Bull
2008-08-27,0.349999999142582,0.4000000004211404,0.2500000004362687,Bull
2008-08-28,0.34999999941960114,0.40000000027586513,0.25000000030452546,Bull
2008-08-29,0.34999999936291654,0.4000000003046081,0.25000000033246966,Bull
2008-09-02,0.3499999993813698,0.40000000029409005,0.25000000032453396,Bull
2008-09-03,0.3499999989998466,0.40000000050532936,0.25000000049481613,Bull
2008-09-04,0.24999999974493176,0.5732660117427361,0.17673398851233904,Crisis
2008-09-05,0.24999998670781856,0.5741452734875574,0.17585473980462385,Crisis
2008-09-08,0.24999997398360935,0.5742095893121695,0.17579043670422143,Crisis
2008-09-09,0.24999997904165255,0.5742531545620088,0.17574686639633852,Crisis
2008-09-10,0.24999997626139084,0.577384238571443,0.1726157851671661,Crisis
2008-09-11,0.24999999688267094,0.5788402031349257,0.17115979998240335,Crisis
2008-09-12,0.24999997055035922,0.5789830392526826,0.17101699019695837,Crisis
2008-09-15,0.24999998697866632,0.579002641661566,0.1709973713597675,Crisis
2008-09-16,0.2499999991184432,0.5790029697118556,0.1709970311697014,Crisis
2008-09-17,0.24999997964609397,0.5790084743371673,0.170991546016739,Crisis
2008-09-18,0.2499999965708546,0.5840369991079581,0.16596300432118746,Crisis
2008-09-19,0.2499999977667369,0.5852037308564064,0.16479627137685687,Crisis
2008-09-22,0.24999999803740616,0.5862946833746996,0.16370531858789455,Crisis
2008-09-23,0.2499999886719263,0.5867049985296675,0.1632950127984062,Crisis
2008-09-24,0.2499999926052033,0.5872453529687588,0.16275465442603781,Crisis
2008-09-25,0.24999998411007357,0.5873721974551473,0.16262781843477953,Crisis
2008-09-26,0.24999998554047148,0.5874463356344541,0.16255367882507452,Crisis
2008-09-29,0.2499999949758323,0.5874544388328635,0.1625455661913038,Crisis
2008-09-30,0.24999998804093682,0.5874587173604802,0.16254129459858335,Crisis
2008-10-01,0.2499999970985218,0.5881645813070999,0.1618354215943785,Crisis
2008-10-02,0.24999999692554628,0.5881700371179402,0.16182996595651364,Crisis
2008-10-03,0.24999999456564514,0.5927262063026381,0.15727379913171707,Crisis
2008-10-06,0.2499999981903082,0.5927289576448334,0.15727104416485788,Crisis
2008-10-07,0.24999999834604852,0.5927314351142396,0.1572685665397113,Crisis
2008-10-08,0.24999999385123506,0.5927321699170348,0.1572678362317302,Crisis
2008-10-09,0.24999999765164965,0.5927321705282397,0.15726783182011111,Crisis
2008-10-10,0.2499999907407706,0.5927314773252405,0.15726853193398865,Crisis
2008-10-13,0.24999999735910297,0.5941753224360564,0.1558246802048405,Crisis
2008-10-14,0.24999996566777036,0.5941776564860272,0.15582237784620262,Crisis
2008-10-15,0.24999997254490378,0.594178939224551,0.15582108823054522,Crisis
2008-10-16,0.24999993173219776,0.5941791705766903,0.15582089769111188,Crisis
2008-10-17,0.24999991776823963,0.5941795563578662,0.1558205258738943,Crisis
2008-10-20,0.24999991065330773,0.594180298720232,0.15581979062646029,Crisis
2008-10-21,0.24999953498749675,0.5941836332929105,0.15581683171959299,Crisis
2008-10-22,0.24999956884472035,0.5942527300087648,0.15574770114651473,Crisis
2008-10-23,0.24999925781270077,0.5998283342713804,0.15017240791591863,Crisis
2008-10-24,0.24999918709192206,0.599829490242556,0.15017132266552247,Crisis
2008-10-27,0.24982094518101539,0.5999999249843259,0.15017912983465892,Crisis
2008-10-28,0.24858707312495967,0.5999995139143024,0.1514134129607377,Crisis
2008-10-29,0.2407556659292535,0.5999999078933955,0.1592444261773509,Crisis
2008-10-30,0.24053130448925972,0.5999999236845296,0.15946877182621044,Crisis
2008-10-31,0.24042526521347513,0.5999999123453702,0.15957482244115476,Crisis
2008-11-03,0.2404243983136494,0.5999999843382126,0.15957561734813805,Crisis
2008-11-04,0.24041630104461462,0.5999999637686487,0.15958373518673685,Crisis
2008-11-05,0.24041632354348136,0.5999999959202827,0.159583680536242,Crisis
2008-11-06,0.24041632506644117,0.5999999988641131,0.15958367606944637,Crisis
2008-11-07,0.24024507943816584,0.5999999783636815,0.15975494219815242,Crisis
2008-11-10,0.23977466414339618,0.5999999907858746,0.1602253450707293,Crisis
2008-11-11,0.23973628504906114,0.5999999835035722,0.16026373144736666,Crisis
2008-11-12,0.23851155550931144,0.5999999985852406,0.16148844590544803,Crisis
2008-11-13,0.2383674893787263,0.5999999827992712,0.16163252782200227,Crisis
2008-11-14,0.23761399637397407,0.5999999974818675,0.1623860061441584,Crisis
2008-11-17,0.23760999056480028,0.5999999960028927,0.16239001343230672,Crisis
2008-11-18,0.2376063285784583,0.5999999962688711,0.1623936751526704,Crisis
2008-11-19,0.23707903432622934,0.5999999943402825,0.16292097133348832,Crisis
2008-11-20,0.23644465196752149,0.5999999958586494,0.16355535217382883,Crisis
2008-11-21,0.23645079775535263,0.5999999003165859,0.16354930192806147,Crisis
2008-11-24,0.23645607083906092,0.5999999885598334,0.1635439406011059,Crisis
2008-11-25,0.2364561149719393,0.5999999989782915,0.1635438860497695,Crisis
2008-11-26,0.2364560566702355,0.59999999910658,0.1635439442231849,Crisis
2008-11-28,0.23644984454447648,0.5999999798778362,0.16355017557768747,Crisis
2008-12-01,0.23644891138040627,0.5999999983634525,0.16355109025614112,Crisis
2008-12-02,0.23575353558125908,0.5999999978315774,0.16424646658716335,Crisis
2008-12-03,0.23432855830333482,0.5999999996839257,0.16567144201273937,Crisis
2008-12-04,0.23361714464479025,0.5999999984241982,0.1663828569310115,Crisis
2008-12-05,0.2333262752879724,0.5999999923523357,0.16667373235969213,Crisis
2008-12-08,0.23332601839267877,0.5999999995716188,0.1666739820357023,Crisis
2008-12-09,0.23319374915080368,0.5999999906181762,0.16680626023102,Crisis
2008-12-10,0.23319160118780194,0.5999999981613338,0.16680840065086464,Crisis
2008-12-11,0.23318993847819613,0.5999999968884759,0.16681006463332831,Crisis
2008-12-12,0.23318388867463896,0.5999999921499399,0.16681611917542133,Crisis
2008-12-15,0.23302332896437358,0.5999999924477879,0.16697667858783824,Crisis
2008-12-16,0.2330195224964767,0.5999999942278021,0.16698048327572126,Crisis
2008-12-17,0.23151516764570426,0.5999999839793758,0.16848484837492017,Crisis
2008-12-18,0.23150622351625783,0.5999999860187408,0.16849379046500151,Crisis
2008-12-19,0.2314985656004202,0.5999999861370501,0.16850144826252966,Crisis
2008-12-22,0.2314929572875157,0.5999999891501773,0.16850705356230708,Crisis
2008-12-23,0.2314916163492382,0.5999999987695388,0.16850838488122277,Crisis
2008-12-24,0.23149016718966045,0.5999999987684178,0.1685098340419216,Crisis
2008-12-26,0.23148956432817033,0.5999999994013043,0.1685104362705255,Crisis
2008-12-29,0.23148329915275534,0.599999991967007,0.16851670888023787,Crisis
2008-12-30,0.23146807032614236,0.5999999957209461,0.1685319339529114,Crisis
2008-12-31,0.23069622299519713,0.5999999991318027,0.16930377787299986,Crisis
2009-01-02,0.22962604568115544,0.5999999994958379,0.1703739548230065,Crisis
2009-01-05,0.22962347826529225,0.5999999922773346,0.17037652945737322,Crisis
2009-01-06,0.22962348485781098,0.5999999996181243,0.17037651552407518,Crisis
2009-01-07,0.22962349154631087,0.5999999997760297,0.17037650867765988,Crisis
2009-01-08,0.22962350006159848,0.5999999997824554,0.17037650015594577,Crisis
2009-01-09,0.22962353307490707,0.5999999994844587,0.17037646744063406,Crisis
2009-01-12,0.22962355545548646,0.5999999996418006,0.17037644490271298,Crisis
2009-01-13,0.2296236002356465,0.5999999995300852,0.17037640023426845,Crisis
2009-01-14,0.2296236400248773,0.5999999995499792,0.17037636042514354,Crisis
2009-01-15,0.2296236822818052,0.5999999995037667,0.1703763182144278,Crisis
2009-01-16,0.22962370379613492,0.5999999996851796,0.17037629651868583,Crisis
2009-01-20,0.22962371002167817,0.5999999998476299,0.17037629013069275,Crisis
2009-01-21,0.22961858320223572,0.5999999882863033,0.17038142851146124,Crisis
2009-01-22,0.22961854692895356,0.5999999995026245,0.17038145356842443,Crisis
2009-01-23,0.2296183589543037,0.5999999985298251,0.17038164251587112,Crisis
2009-01-26,0.22961812571641513,0.5999999909486241,0.17038188333496054,Crisis
2009-01-27,0.22961808447149348,0.5999999995296111,0.17038191599889654,Crisis
2009-01-28,0.22961712575412407,0.599999995231558,0.1703828790143183,Crisis
2009-01-29,0.2296169733782663,0.5999999858278657,0.1703830407938682,Crisis
2009-01-30,0.22914177519847376,0.5999999901381816,0.17085823466334482,Crisis
2009-02-02,0.2291300277454677,0.5999999829645468,0.1708699892899852,Crisis
2009-02-03,0.2291153896309638,0.5999999768379516,0.1708846335310844,Crisis
2009-02-04,0.2291142564621161,0.5999999780787008,0.17088576545918308,Crisis
2009-02-05,0.22911342397382603,0.5999999778883981,0.17088659813777587,Crisis
2009-02-06,0.22911244519878998,0.5999999787151938,0.17088757608601632,Crisis
2009-02-09,0.22910771159600327,0.5999999606042318,0.170892327799765,Crisis
2009-02-10,0.2291064787885145,0.5999999951580319,0.17089352605345323,Crisis
2009-02-11,0.2291063639543603,0.5999999955727164,0.1708936404729237,Crisis
2009-02-12,0.22910627791324734,0.5999999965453018,0.17089372554145063,Crisis
2009-02-13,0.22910606925340776,0.5999999940594515,0.1708939366871405,Crisis
2009-02-17,0.22910596724459883,0.5999999942453876,0.1708940385100137,Crisis
2009-02-18,0.2291145007953478,0.5999999514562397,0.17088554774841241,Crisis
2009-02-19,0.22911822722328617,0.5999999658768308,0.17088180689988333,Crisis
2009-02-20,0.2291191370230055,0.5999999805768537,0.17088088240014054,Crisis
2009-02-23,0.2292036547405624,0.5999998838973151,0.17079646136212226,Crisis
2009-02-24,0.22920651498121963,0.5999999614870833,0.17079352353169705,Crisis
2009-02-25,0.2292075988289075,0.5999999273778573,0.1707924737932354,Crisis
2009-02-26,0.22921297598295304,0.5999997997415945,0.17078722427545254,Crisis
2009-02-27,0.22921393287028383,0.599999891051698,0.17078617607801824,Crisis
2009-03-02,0.22921395662802466,0.5999999650537587,0.17078607831821718,Crisis
2009-03-03,0.2292138639056491,0.5999999899839303,0.17078614611042214,Crisis
2009-03-04,0.22921383195198838,0.5999999958263296,0.17078617222168369,Crisis
2009-03-05,0.2292132984847415,0.5999999789743405,0.1707867225409179,Crisis
2009-03-06,0.22922058781985732,0.5999997696858024,0.1707796424943405,Crisis
2009-03-09,0.2292303512117458,0.5999996709115419,0.17076997787671203,Crisis
2009-03-10,0.22923447973799987,0.5999999051165843,0.1707656151454159,Crisis
2009-03-11,0.2293359679536754,0.5999998798806756,0.17066415216564876,Crisis
2009-03-12,0.22976860055309803,0.5999999599368765,0.17023143951002556,Crisis
2009-03-13,0.22976893034524074,0.5999999798347555,0.17023108982000393,Crisis
2009-03-16,0.22976935564550313,0.5999999787515399,0.1702306656029571,Crisis
2009-03-17,0.2297696402390781,0.5999999811822645,0.17023037857865714,Crisis
2009-03-18,0.22976971199875565,0.5999999907292186,0.170230297272026,Crisis
2009-03-19,0.22977051036254226,0.5999999890847623,0.17022950055269517,Crisis
2009-03-20,0.22977109369258913,0.5999999900075325,0.1702289162998778,Crisis
2009-03-23,0.22977654337128156,0.5999998525160082,0.17022360411271042,Crisis
2009-03-24,0.22977588618000985,0.5999999745096131,0.17022413931037728,Crisis
2009-03-25,0.22977164357665875,0.5999999432784783,0.17022841314486298,Crisis
2009-03-26,0.22977020228615383,0.5999999649705297,0.17022983274331652,Crisis
2009-03-27,0.22976456267581444,0.5999999780188158,0.1702354593053696,Crisis
2009-03-30,0.22975947775346972,0.5999999809491492,0.170240541297381,Crisis
2009-03-31,0.22955696738562534,0.5999999615657883,0.1704430710485864,Crisis
2009-04-01,0.22745765522131578,0.5999999628782342,0.1725423819004499,Crisis
2009-04-02,0.2265652640186752,0.5999999937014768,0.17343474227984756,Crisis
2009-04-03,0.226560662032609,0.5999999364745554,0.17343940149283563,Crisis
2009-04-06,0.22656037642802196,0.599999976813298,0.17343964675867993,Crisis
2009-04-07,0.2265599608871403,0.5999999015009894,0.17344013761187008,Crisis
2009-04-08,0.22655978864922502,0.5999999780270513,0.17344023332372344,Crisis
2009-04-09,0.22655753740633353,0.5999999536146207,0.1734425089790458,Crisis
2009-04-13,0.22655210682263996,0.5999999154758769,0.17344797770148274,Crisis
2009-04-14,0.22655142313462737,0.5999999715240089,0.1734486053413639,Crisis
2009-04-15,0.22655073894796993,0.5999999769055138,0.17344928414651645,Crisis
2009-04-16,0.22655002369784075,0.5999999807440982,0.17344999555806126,Crisis
2009-04-17,0.22654994337945292,0.5999999922714148,0.173450064349133,Crisis
2009-04-20,0.22654992048373637,0.5999999962209964,0.17345008329526926,Crisis
2009-04-21,0.22654992366231108,0.5999999974778525,0.17345007885984592,Crisis
2009-04-22,0.22654993339486004,0.5999999964190138,0.1734500701861278,Crisis
2009-04-23,0.2265499370586674,0.5999999972089795,0.17345006573236063,Crisis
2009-04-24,0.22655003146442354,0.5999998983558966,0.17345007017967973,Crisis
2009-04-27,0.22654968425403968,0.599999965905984,0.1734503498399772,Crisis
2009-04-28,0.22654948894589408,0.5999999828817456,0.1734505281723606,Crisis
2009-04-29,0.22654871235621826,0.5999997756484571,0.1734515119953247,Crisis
2009-04-30,0.22654835390982508,0.5999999319887397,0.17345171410143526,Crisis
2009-05-01,0.22654821310304488,0.5999999752220786,0.1734518116748794,Crisis
2009-05-04,0.22654815051465138,0.599999988160209,0.1734518613251416,Crisis
2009-05-05,0.22654775542551034,0.5999999856558101,0.1734522589186798,Crisis
2009-05-06,0.22654696484254297,0.5999999780840187,0.1734530570734381,Crisis
2009-05-07,0.22654571667505785,0.5999999768758888,0.17345430644905377,Crisis
2009-05-08,0.2265451590423038,0.5999999928496911,0.17345484810800504,Crisis
2009-05-11,0.2262794163147393,0.5999999557172341,0.17372062796802734,Crisis
2009-05-12,0.22625581965281752,0.5999999351918927,0.17374424515529002,Crisis
2009-05-13,0.22625224032226293,0.5999999752306326,0.17374778444710426,Crisis
2009-05-14,0.22611440134566316,0.5999999194191956,0.17388567923514123,Crisis
2009-05-15,0.2259823130103832,0.5999999151029339,0.17401777188668313,Crisis
2009-05-18,0.22575068926123593,0.5999999298523525,0.17424938088641165,Crisis
2009-05-19,0.22574937883115415,0.5999999736796715,0.1742506474891745,Crisis
2009-05-20,0.2257485354619408,0.5999999851431393,0.17425147939491975,Crisis
2009-05-21,0.225748186688906,0.599999991206919,0.17425182210417528,Crisis
2009-05-22,0.22515016495541854,0.5999999626245429,0.17484987242003877,Crisis
2009-05-26,0.22476162449151596,0.5999998926420157,0.17523848286646854,Crisis
2009-05-27,0.2247575005233416,0.599999865905118,0.17524263357154057,Crisis
2009-05-28,0.2240374731754919,0.5999998846810519,0.1759626421434559,Crisis
2009-05-29,0.22363459977658767,0.5999997925681412,0.17636560765527096,Crisis
2009-06-01,0.2228173789318131,0.5999997849350097,0.1771828361331775,Crisis
2009-06-02,0.22281730043415968,0.5999982824928105,0.17718441707302976,Crisis
2009-06-03,0.22281720667751642,0.5999976341943205,0.1771851591281635,Crisis
2009-06-04,0.22281708723694002,0.5999972260400158,0.17718568672304413,Crisis
2009-06-05,0.2228170399090996,0.5999938948294854,0.17718906526141495,Crisis
2009-06-08,0.22281710242548824,0.5999930402894208,0.17718985728509082,Crisis
2009-06-09,0.22281596793617342,0.5999841700797647,0.1771998619840616,Crisis
2009-06-10,0.222814105574827,0.5999770742604954,0.17720882016467768,Crisis
2009-06-11,0.22281060198297384,0.5988564127937167,0.17833298522330973,Crisis
2009-06-12,0.22280928604413128,0.5984651877270819,0.17872552622878668,Crisis
2009-06-15,0.2223668082666251,0.5978614082434198,0.17977178348995493,Crisis
2009-06-16,0.22234139177880782,0.5978474229931535,0.17981118522803793,Crisis
2009-06-17,0.22234066737883684,0.5972743803506074,0.18038495227055507,Crisis
2009-06-18,0.22234054302181763,0.5971074290553833,0.18055202792279892,Crisis
2009-06-19,0.2223402412271117,0.5965995101970348,0.18106024857585376,Crisis
2009-06-22,0.2223399905259349,0.5961068945130029,0.18155311496106194,Crisis
2009-06-23,0.22233940625562004,0.5960905481781732,0.18157004556620696,Crisis
2009-06-24,0.2223393165925954,0.5958693532382741,0.18179133016913038,Crisis
2009-06-25,0.22233847528259837,0.595575818222317,0.18208570649508438,Crisis
2009-06-26,0.34999999804869336,0.40000000096271565,0.250000000988591,Bull
2009-06-29,0.34999999979162555,0.40000000010521686,0.25000000010314133,Bull
2009-06-30,0.34999999979217966,0.40000000010510467,0.2500000001027134,Bull
2009-07-01,0.34999999979333696,0.40000000010471176,0.2500000001019491,Bull
2009-07-02,0.22106648257162656,0.5848083591711016,0.19412515825728222,Crisis
2009-07-06,0.22057139078802018,0.5856124277952264,0.19381618141675327,Crisis
2009-07-07,0.22052235489793703,0.585666208711664,0.19381143639039924,Crisis
2009-07-08,0.22047175907374522,0.5857394368903004,0.1937888040359539,Crisis
2009-07-09,0.22047167156248845,0.5857396169486127,0.19378871148889865,Crisis
2009-07-10,0.2204703777174766,0.5857423793345408,0.19378724294798286,Crisis
2009-07-13,0.22047004706819903,0.5857428429700374,0.19378710996176352,Crisis
2009-07-14,0.22046998528274925,0.585743124642293,0.19378689007495736,Crisis
2009-07-15,0.220469242048955,0.5857446024390571,0.1937861555119878,Crisis
2009-07-16,0.34999999956010824,0.4000000002248193,0.2500000002150702,Bull
2009-07-17,0.349999999740898,0.4000000001329717,0.2500000001261257,Bull
2009-07-20,0.3499999997943709,0.40000000010453984,0.250000000101086,Bull
2009-07-21,0.3499999997596879,0.40000000012223,0.2500000001180793,Bull
2009-07-22,0.34999999967871953,0.4000000001654937,0.25000000015578416,Bull
2009-07-23,0.349999999731925,0.40000000013625786,0.2500000001318138,Bull
2009-07-24,0.3499999996727673,0.40000000016644677,0.25000000016078305,Bull
2009-07-27,0.34999999976259766,0.40000000011945974,0.25000000011793805,Bull
2009-07-28,0.34999999975945256,0.4000000001210724,0.25000000011947154,Bull
2009-07-29,0.34999999982327157,0.40000000008905806,0.2500000000876652,Bull
2009-07-30,0.34999999979838786,0.4000000001017587,0.2500000000998507,Bull
2009-07-31,0.34999999979037266,0.400000000105714,0.2500000001039104,Bull
2009-08-03,0.34999999974763973,0.40000000012715065,0.2500000001252068,Bull
2009-08-04,0.3499999997450049,0.4000000001280112,0.25000000012698,Bull
2009-08-05,0.34999999932534026,0.4000000003485549,0.2500000003261003,Bull
2009-08-06,0.3499999991646092,0.400000000433812,0.25000000040157155,Bull
2009-08-07,0.3499999992319357,0.40000000040097755,0.25000000036707926,Bull
2009-08-10,0.3499999991861308,0.4000000004177915,0.25000000039606984,Bull
2009-08-11,0.3499999991496528,0.40000000044008643,0.2500000004102528,Bull
2009-08-12,0.349999999038791,0.40000000050094303,0.2500000004602576,Bull
2009-08-13,0.34999999906778717,0.40000000047393863,0.25000000045826526,Bull
2009-08-14,0.34999999906160434,0.4000000004826482,0.2500000004557381,Bull
2009-08-17,0.3499999990259176,0.40000000049880186,0.25000000047527154,Bull
2009-08-18,0.3499999989750601,0.4000000005301293,0.2500000004948017,Bull
2009-08-19,0.3499999990219069,0.40000000050104384,0.2500000004770399,Bull
2009-08-20,0.3499999990544567,0.40000000048841267,0.2500000004571211,Bull
2009-08-21,0.3499999990679503,0.40000000048170026,0.25000000045034027,Bull
2009-08-24,0.3499999989606439,0.400000000534831,0.25000000050451454,Bull
2009-08-25,0.34999999910192836,0.4000000004653034,0.25000000043275855,Bull
2009-08-26,0.3499999988150593,0.4000000006166324,0.2500000005682966,Bull
2009-08-27,0.34999999888507577,0.40000000058121227,0.25000000053369936,Bull
2009-08-28,0.34999999900168055,0.40000000051541934,0.25000000048288895,Bull
2009-08-31,0.3499999990875579,0.4000000004719656,0.25000000044046705,Bull
2009-09-01,0.3499999991056988,0.4000000004632399,0.25000000043105236,Bull
2009-09-02,0.34999999903224505,0.4000000004941854,0.25000000047356047,Bull
2009-09-03,0.34999999906824547,0.4000000004725446,0.2500000004592011,Bull
2009-09-04,0.3499999992105903,0.4000000003861451,0.2500000004032566,Bull
2009-09-08,0.34999999931796283,0.4000000003283415,0.2500000003536884,Bull
2009-09-09,0.34999999935583864,0.40000000030852667,0.2500000003356283,Bull
2009-09-10,0.34999999971927837,0.4000000001296241,0.25000000015109075,Bull
2009-09-11,0.34999999968268825,0.4000000001399932,0.25000000017731583,Bull
2009-09-14,0.34999999967082335,0.4000000001425979,0.25000000018657587,Bull
2009-09-15,0.34999999957250766,0.4000000001973293,0.2500000002301597,Bull
2009-09-16,0.34999999963854983,0.40000000015362674,0.2500000002078179,Bull
2009-09-17,0.34999999951265703,0.4000000001905799,0.25000000029675784,Bull
2009-09-18,0.3499999997138952,0.40000000012929304,0.25000000015679963,Bull
2009-09-21,0.3499999996983599,0.4000000001415858,0.2500000001600493,Bull
2009-09-22,0.34999999857536823,0.40000000073254605,0.25000000069207406,Bull
2009-09-23,0.3499999983999254,0.4000000008254429,0.2500000007746074,Bull
2009-09-24,0.34999999856493164,0.4000000007378669,0.25000000069717704,Bull
2009-09-25,0.3499999984967468,0.40000000077579084,0.25000000072744,Bull
2009-09-28,0.3499999983687204,0.40000000085620724,0.2500000007750475,Bull
2009-09-29,0.34999999848483865,0.4000000007926673,0.25000000072246903,Bull
2009-09-30,0.3499999990906908,0.4000000004518557,0.2500000004574185,Bull
2009-10-01,0.3499999991442371,0.4000000004235944,0.2500000004321569,Bull
2009-10-02,0.34999999870997744,0.400000000664361,0.25000000062564726,Bull
2009-10-05,0.3499999995632718,0.4000000002073426,0.2500000002293692,Bull
2009-10-06,0.3499999998136374,0.40000000007933634,0.2500000001070147,Bull
2009-10-07,0.35000000011170757,0.39999999984802526,0.2500000000402611,Bull
2009-10-08,0.35000007334691663,0.39999992684860775,0.24999999980455,Bull
2009-10-09,0.4345684962473625,0.3154315036940809,0.250000000058557,Bull
2009-10-12,0.6499999997657714,0.10000000067091099,0.24999999956331748,Bull
2009-10-13,0.6499999997671095,0.10000000001011906,0.25000000022276914,Bull
2009-10-14,0.35000002770939376,0.39999997287848743,0.24999999941212053,Bull
2009-10-15,0.462918715742863,0.2870812841841244,0.2500000000730128,Bull
2009-10-16,0.6499999998432691,0.09999999989935811,0.2500000002573752,Bull
2009-10-19,0.6499999714692402,0.10000002940591864,0.2499999991248411,Bull
2009-10-20,0.6499999892931688,0.10000001164478359,0.24999999906204767,Bull
2009-10-21,0.4934310923453895,0.2565689040494869,0.2500000036051236,Bull
2009-10-22,0.6192814572345179,0.13071854306405561,0.24999999970141712,Bull
2009-10-23,0.6499999947235225,0.1000000011293381,0.25000000414713947,Bull
2009-10-26,0.6499999984780325,0.10000000108764476,0.25000000043430554,Bull
2009-10-27,0.6499999995736485,0.09999999994973707,0.25000000047661186,Bull
2009-10-28,0.23181791921102457,0.5241242984452709,0.24405778234370437,Crisis
2009-10-29,0.23893752462449153,0.5241238823473324,0.23693859302817566,Crisis
2009-10-30,0.23917801274577938,0.5241230398812543,0.23669894737296668,Crisis
2009-11-02,0.23918478642623123,0.5241228349346403,0.2366923786391285,Crisis
2009-11-03,0.23918583683235936,0.5241227579852852,0.236691405182356,Crisis
2009-11-04,0.4473283060502334,0.3026716922512676,0.25000000169849895,Bull
2009-11-05,0.44732138937034416,0.3026786117100163,0.2499999989196395,Bull
2009-11-06,0.649999998258989,0.100000001719926,0.2500000000210901,Bull
2009-11-09,0.6499999983376008,0.10000000120161154,0.2500000004607837,Bull
2009-11-10,0.6499999986009852,0.10000000112805658,0.25000000027095326,Bull
2009-11-11,0.6499999984369287,0.10000000107771367,0.25000000048535465,Bull
2009-11-12,0.6499999987825336,0.10000000060982255,0.2500000006076426,Bull
2009-11-13,0.6499999995305583,0.09999999993271129,0.250000000536733,Bull
2009-11-16,0.6499999983111022,0.10000000123132134,0.25000000045757703,Bull
2009-11-17,0.6499999996573405,0.09999999987611326,0.25000000046654597,Bull
2009-11-18,0.6499999997691547,0.09999999981002533,0.2500000004208245,Bull
2009-11-19,0.649999999648135,0.09999999985145076,0.25000000050041976,Bull
2009-11-20,0.6500000000164418,0.09999999988979623,0.25000000009376033,Bull
2009-11-23,0.6500000005184557,0.09999999959736777,0.24999999988418045,Bull
2009-11-24,0.6500000004679023,0.0999999995958792,0.24999999993622496,Bull
2009-11-25,0.6500000001065033,0.09999999979023276,0.2500000001032677,Bull
2009-11-27,0.6500000001031874,0.09999999978161046,0.2500000001152043,Bull
2009-11-30,0.650000000000148,0.0999999998844858,0.2500000001153679,Bull
2009-12-01,0.6499999999978127,0.09999999981528161,0.25000000018690754,Bull
2009-12-02,0.6500000002013718,0.0999999997256215,0.25000000007300877,Bull
2009-12-03,0.6500000001121629,0.09999999976281754,0.25000000012502194,Bull
2009-12-04,0.6500000000493383,0.0999999998116858,0.25000000013897733,Bull
2009-12-07,0.650000000156554,0.09999999972759767,0.25000000011585033,Bull
2009-12-08,0.6500000000820051,0.09999999976374409,0.25000000015425305,Bull
2009-12-09,0.6500000000310515,0.0999999998043272,0.2500000001646228,Bull
2009-12-10,0.6500000000837206,0.09999999974593862,0.2500000001703425,Bull
2009-12-11,0.6500000000848544,0.0999999997628589,0.2500000001522883,Bull
2009-12-14,0.6500000001305113,0.09999999974896927,0.25000000012052154,Bull
2009-12-15,0.6500000001083815,0.09999999976801384,0.25000000012360674,Bull
2009-12-16,0.6500000001284277,0.09999999975483467,0.2500000001167401,Bull
2009-12-17,0.6500000000597925,0.09999999980933769,0.25000000013087165,Bull
2009-12-18,0.6500000000735721,0.09999999979231478,0.25000000013411505,Bull
2009-12-21,0.6500000001033452,0.09999999977307172,0.2500000001235849,Bull
2009-12-22,0.6500000001027384,0.09999999977163673,0.2500000001256276,Bull
2009-12-23,0.6500019451655757,0.10000000073854985,0.24999805409587422,Bull
2009-12-24,0.6500018438428457,0.09999999902466317,0.24999815713249102,Bull
2009-12-28,0.6500000021298413,0.0999999950607713,0.2500000028093875,Bull
2009-12-29,0.6999999979814178,0.09999999918076369,0.20000000283781852,Bull
2009-12-30,0.7000000001524899,0.09999999973655924,0.20000000011097296,Bull
2009-12-31,0.6999999944820152,0.0999999998300662,0.20000000568792445,Bull
2010-01-04,0.6500000008707734,0.09999999917597166,0.24999999995325498,Bull
2010-01-05,0.6500000000802778,0.09999999978725643,0.2500000001324767,Bull
2010-01-06,0.650000000078476,0.0999999997916035,0.25000000012992224,Bull
2010-01-07,0.6500000000644278,0.09999999980496839,0.2500000001306052,Bull
2010-01-08,0.6500000001146377,0.09999999976670522,0.2500000001186588,Bull
2010-01-11,0.6500000001229486,0.09999999975536299,0.25000000012169094,Bull
2010-01-12,0.6500000001566794,0.09999999973421828,0.2500000001091054,Bull
2010-01-13,0.6500000001747633,0.09999999972601505,0.250000000099225,Bull
2010-01-14,0.6500000001880587,0.09999999971997096,0.2500000000919739,Bull
2010-01-15,0.6500000001959586,0.09999999972512717,0.25000000007891787,Bull
2010-01-19,0.6500000001538782,0.0999999997494223,0.2500000000967031,Bull
2010-01-20,0.6500000002526722,0.09999999982297325,0.249999999924358,Bull
2010-01-21,0.7000000003746664,0.09999999883744626,0.20000000078788732,Bull
2010-01-22,0.7000000000616438,0.09999999965790785,0.20000000028045675,Bull
2010-01-25,0.7000000000526752,0.0999999996401874,0.2000000003071428,Bull
2010-01-26,0.7000000000403303,0.09999999978712543,0.20000000017254788,Bull
2010-01-27,0.7000000000359815,0.09999999977130831,0.20000000019271272,Bull
2010-01-28,0.7000000000381233,0.09999999977326167,0.20000000018861788,Bull
2010-01-29,0.7000000004287653,0.09999999949573567,0.2000000000755025,Bull
2010-02-01,0.7000000000678055,0.0999999998021672,0.20000000013002894,Bull
2010-02-02,0.7000000000715211,0.0999999999196271,0.20000000000885426,Bull
2010-02-03,0.7000000000376153,0.09999999978936233,0.2000000001730232,Bull
2010-02-04,0.7000000000314621,0.09999999972778204,0.20000000024075895,Bull
2010-02-05,0.7000000000774463,0.09999999990787872,0.20000000001467985,Bull
2010-02-08,0.7000000000789454,0.0999999999036611,0.20000000001739413,Bull
2010-02-09,0.7000000001142044,0.09999999975937757,0.2000000001264195,Bull
2010-02-10,0.7000000001357004,0.09999999965177182,0.20000000021253195,Bull
2010-02-11,0.7000000000680833,0.09999999992303203,0.20000000000888926,Bull
2010-02-12,0.7000000000563927,0.09999999993886108,0.20000000000474652,Bull
2010-02-16,0.7000000020817069,0.09999999773749134,0.2000000001808016,Bull
2010-02-17,0.7000000042185461,0.09999999550939714,0.20000000027205683,Bull
2010-02-18,0.700000001297858,0.09999999975270635,0.19999999894944784,Bull
2010-02-19,0.7000000016189427,0.09999999820727722,0.20000000017381356,Bull
2010-02-22,0.7000000000729507,0.09999999993431116,0.19999999999274054,Bull
2010-02-23,0.7000000001461579,0.09999999988413583,0.19999999996970677,Bull
2010-02-24,0.7000000002671873,0.09999999984279395,0.1999999998900198,Bull
2010-02-25,0.700000000110904,0.09999999990523897,0.1999999999838563,Bull
2010-02-26,0.7000000000731442,0.09999999993371661,0.19999999999313917,Bull
2010-03-01,0.7000000001179594,0.09999999989743828,0.1999999999846026,Bull
2010-03-02,0.7000000001948482,0.0999999998519119,0.19999999995324066,Bull
2010-03-03,0.7000000001123142,0.0999999999015314,0.19999999998615436,Bull
2010-03-04,0.7000000000825973,0.0999999999245621,0.1999999999928407,Bull
2010-03-05,0.7000000040100623,0.09999999623568837,0.19999999975424926,Bull
2010-03-08,0.7000000001864456,0.09999999985708435,0.19999999995647008,Bull
2010-03-09,0.700000000220965,0.09999999984581162,0.1999999999332244,Bull
2010-03-10,0.7000000002024351,0.09999999985103511,0.19999999994653062,Bull
2010-03-11,0.7000000000873242,0.09999999992106694,0.19999999999160867,Bull
2010-03-12,0.700000000103919,0.09999999990851724,0.1999999999875639,Bull
2010-03-15,0.700000000126586,0.09999999989295309,0.1999999999804613,Bull
2010-03-16,0.7000000001150649,0.09999999990065948,0.19999999998427578,Bull
2010-03-17,0.7000000001121003,0.09999999990124182,0.19999999998665804,Bull
2010-03-18,0.700000000076841,0.09999999992943857,0.1999999999937204,Bull
2010-03-19,0.7000000009819506,0.09999999911358844,0.19999999990446096,Bull
2010-03-22,0.7000000001660555,0.09999999987049367,0.19999999996345072,Bull
2010-03-23,0.7000000002355714,0.09999999984210216,0.19999999992232703,Bull
2010-03-24,0.7000000011146703,0.09999999891146961,0.1999999999738771,Bull
2010-03-25,0.7000000014934054,0.09999999825592377,0.20000000025070605,Bull
2010-03-26,0.7000000011709229,0.09999999893823831,0.19999999989085593,Bull
2010-03-29,0.7000000006856597,0.0999999993460029,0.19999999996834425,Bull
2010-03-30,0.7000000006803099,0.0999999991180107,0.2000000002016793,Bull
2010-03-31,0.7000000010727839,0.09999999970986595,0.19999999921736095,Bull
2010-04-01,0.7000000006091841,0.09999999937963118,0.2000000000111898,Bull
2010-04-05,0.7000000007905572,0.09999999889996249,0.20000000030948026,Bull
2010-04-06,0.7000000000671117,0.09999999992492328,0.20000000000796905,Bull
2010-04-07,0.7000000000778173,0.09999999987655277,0.2000000000456305,Bull
2010-04-08,0.6999999999245643,0.099999999711008,0.2000000003644301,Bull
2010-04-09,0.7000000000747324,0.09999999986938295,0.20000000005588767,Bull
2010-04-12,0.7000000000334412,0.09999999981206283,0.20000000015449693,Bull
2010-04-13,0.6999999999306374,0.09999999970668216,0.20000000036268326,Bull
2010-04-14,0.700000000036982,0.09999999980732507,0.2000000001556961,Bull
2010-04-15,0.7000000000669021,0.09999999985091076,0.20000000008218888,Bull
2010-04-16,0.7000000000305678,0.09999999980588224,0.20000000016355146,Bull
2010-04-19,0.6999999999430053,0.09999999971629597,0.2000000003407016,Bull
2010-04-20,0.6999999999594456,0.099999999684595,0.20000000035596407,Bull
2010-04-21,0.7000000000717577,0.09999999991680711,0.20000000001143903,Bull
2010-04-22,0.7000000000658357,0.09999999984843719,0.2000000000857277,Bull
2010-04-23,0.7000000000734161,0.09999999991387397,0.20000000001271087,Bull
2010-04-26,0.700000000071713,0.09999999991718886,0.20000000001109816,Bull
2010-04-27,0.7000000000623244,0.09999999993193107,0.2000000000057449,Bull
2010-04-28,0.7000000000093828,0.09999999978530126,0.20000000020531697,Bull
2010-04-29,0.6999999999894587,0.09999999977429037,0.20000000023625333,Bull
2010-04-30,0.7000000000127965,0.09999999979418374,0.20000000019302241,Bull
2010-05-03,0.6999999999056892,0.09999999960394476,0.20000000049037095,Bull
2010-05-04,0.6999999998854987,0.09999999960499971,0.20000000050950836,Bull
2010-05-05,0.7000000002821701,0.09999999928823362,0.20000000042959612,Bull
2010-05-06,0.24999999999372638,0.4891751693119706,0.26082483069430284,Crisis
2010-05-07,0.2499999999909993,0.4891751671758752,0.2608248328331291,Crisis
2010-05-10,0.24999999999112363,0.48917516886644896,0.26082483114242777,Crisis
2010-05-11,0.2500000000014013,0.4891751694273173,0.2608248305712823,Crisis
2010-05-12,0.24999999992112115,0.48917517440856034,0.2608248256703173,Crisis
2010-05-13,0.24999999994045827,0.48917517865205923,0.2608248214074828,Crisis
2010-05-14,0.24999999989470667,0.4891751852589387,0.26082481484635467,Crisis
2010-05-17,0.24999999993299638,0.48917518902677876,0.2608248110402253,Crisis
2010-05-18,0.2499999998887505,0.4891751947878866,0.2608248053233633,Crisis
2010-05-19,0.24999999994231062,0.4891751979807267,0.2608248020769633,Crisis
2010-05-20,0.2499999993131257,0.4891752440317196,0.26082475665515487,Crisis
2010-05-21,0.24999999945501997,0.48917530341034815,0.26082469713463186,Crisis
2010-05-24,0.24999998677621876,0.48991941412830226,0.26008059909547954,Crisis
2010-05-25,0.24999998631657805,0.49061416059412516,0.2593858530892965,Crisis
2010-05-26,0.24999998129263779,0.49114435116265215,0.2588556675447099,Crisis
2010-05-27,0.24999997864888782,0.49412424691233414,0.2558757744387783,Crisis
2010-05-28,0.24999996691043297,0.4942350599822226,0.2557649731073444,Crisis
2010-06-01,0.24999999768940825,0.4959274897256648,0.2540725125849272,Crisis
2010-06-02,0.24999999406700738,0.5000631054178923,0.2499369005151003,Crisis
2010-06-03,0.24999998649415978,0.5002207926813955,0.24977922082444448,Crisis
2010-06-04,0.2499999976617138,0.5002239201386588,0.2497760821996276,Crisis
2010-06-07,0.24999998841539603,0.5002493505374624,0.24975066104714147,Crisis
2010-06-08,0.24999999208023457,0.5002526475314519,0.2497473603883133,Crisis
2010-06-09,0.2499999917977675,0.5002559462276767,0.24974406197455554,Crisis
2010-06-10,0.2499999909386398,0.5002597722129092,0.24974023684845098,Crisis
2010-06-11,0.24999999766036446,0.5002619731047273,0.24973802923490823,Crisis
2010-06-14,0.2499999912449527,0.5002759013940793,0.24972410736096792,Crisis
2010-06-15,0.24999998884405514,0.5002962747042587,0.24970373645168611,Crisis
2010-06-16,0.6499999997269865,0.10000000010588715,0.25000000016712626,Bull
2010-06-17,0.6499999999246218,0.09999999971159709,0.2500000003637844,Bull
2010-06-18,0.649999999712018,0.0999999998467529,0.25000000044123427,Bull
2010-06-21,0.6499999991113387,0.10000000039708178,0.2500000004915811,Bull
2010-06-22,0.6499999995468004,0.0999999999788697,0.250000000474328,Bull
2010-06-23,0.6499999996326994,0.09999999991498351,0.25000000045231896,Bull
2010-06-24,0.24999999461500633,0.5034493024388313,0.24655070294616233,Crisis
2010-06-25,0.2499999827736732,0.5034974452926441,0.24650257193368316,Crisis
2010-06-28,0.24999997192586423,0.5062495008038715,0.2437505272702646,Crisis
2010-06-29,0.24999996896777826,0.5064052236498341,0.243594807382388,Crisis
2010-06-30,0.24999997380254774,0.5066936433590984,0.24330638283835354,Crisis
2010-07-01,0.24999999333583608,0.5067011810847506,0.24329882557941385,Crisis
2010-07-02,0.2499999952267568,0.5115806210666476,0.23841938370659563,Crisis
2010-07-06,0.2499999773690949,0.5115851039566571,0.23841491867424852,Crisis
2010-07-07,0.24999998917909005,0.5115866684797828,0.23841334234112735,Crisis
2010-07-08,0.6499999999744813,0.10000000006527604,0.24999999996024377,Bull
2010-07-09,0.6499999999736867,0.09999999976832168,0.25000000025799457,Bull
2010-07-12,0.6499999999580498,0.0999999997433984,0.25000000029855585,Bull
2010-07-13,0.6500000000012203,0.09999999991085552,0.2500000000879239,Bull
2010-07-14,0.6499999999892953,0.09999999982604857,0.2500000001846584,Bull
2010-07-15,0.6499999997284133,0.09999999983326988,0.25000000043832205,Bull
2010-07-16,0.6499999993292483,0.10000000056337609,0.2500000001073709,Bull
2010-07-19,0.6499999540817494,0.10000004614720961,0.24999999977103396,Bull
2010-07-20,0.5130478347203754,0.23695216524947527,0.2500000000301493,Bull
2010-07-21,0.5279188067176036,0.22208119512584693,0.24999999815654944,Bull
2010-07-22,0.3803648865087894,0.36963511379842373,0.24999999969279632,Bull
2010-07-23,0.6445821165791052,0.10541788442495878,0.24999999899593592,Bull
2010-07-26,0.4263475418389475,0.32365246425729327,0.24999999390375924,Bull
2010-07-27,0.5469255596353082,0.20307444110194056,0.24999999926275135,Bull
2010-07-28,0.5240169198300274,0.22598308089301367,0.24999999927695887,Bull
2010-07-29,0.5342798389997429,0.21572016609065392,0.24999999490960323,Bull
2010-07-30,0.5757775948957989,0.17422240520651372,0.24999999989768795,Bull
2010-08-02,0.46593930493310204,0.28406069346161816,0.2500000016052797,Bull
2010-08-03,0.6499999988174563,0.10000000090501632,0.25000000027752745,Bull
2010-08-04,0.6124855406559814,0.13751446060055367,0.2499999987434648,Bull
2010-08-05,0.6216164001349084,0.12838360394220424,0.24999999592288727,Bull
2010-08-06,0.43748366037766784,0.31251634277099133,0.24999999685134097,Bull
2010-08-09,0.3601923842461981,0.3898076181526645,0.24999999760113753,Bull
2010-08-10,0.35000000232318684,0.3999999976688685,0.2500000000079501,Bull
2010-08-11,0.35000002197090235,0.3999999789078963,0.24999999912120124,Bull
2010-08-12,0.35000000053619645,0.39999999937886227,0.25000000008494133,Bull
2010-08-13,0.3500000004314231,0.39999999932345875,0.2500000002451211,Bull
2010-08-16,0.3500000001928597,0.39999999954215815,0.2500000002649838,Bull
2010-08-17,0.35000000002668263,0.3999999997232504,0.25000000025006613,Bull
2010-08-18,0.3500001130547887,0.3999998841181447,0.2500000028270666,Bull
2010-08-19,0.3500000011514941,0.39999999861948027,0.2500000002290258,Bull
2010-08-20,0.3500000003225438,0.3999999994011529,0.2500000002763091,Bull
2010-08-23,0.35000000023917716,0.3999999994501669,0.2500000003106558,Bull
2010-08-24,0.3499999997072031,0.4000000001166489,0.2500000001761494,Bull
2010-08-25,0.3499999996475728,0.40000000013413545,0.25000000021828744,Bull
2010-08-26,0.34999999964590944,0.400000000072348,0.2500000002817377,Bull
2010-08-27,0.34999999963192585,0.4000000001383183,0.25000000022975066,Bull
2010-08-30,0.3499999998672193,0.39999999977936324,0.2500000003534121,Bull
2010-08-31,0.3499999996202823,0.4000000001320975,0.2500000002476169,Bull
2010-09-01,0.34999999963205497,0.40000000010502956,0.2500000002629102,Bull
2010-09-02,0.35000000054878927,0.3999999992253931,0.25000000022581376,Bull
2010-09-03,0.350000027166083,0.39999997400951565,0.24999999882440127,Bull
2010-09-07,0.3877596750599504,0.3622403257440347,0.24999999919601484,Bull
2010-09-08,0.3499999978322091,0.4000000002188549,0.250000001948936,Bull
2010-09-09,0.3500000001010358,0.39999999966661337,0.25000000023233,Bull
2010-09-10,0.35000000035888923,0.3999999994215449,0.25000000021956575,Bull
2010-09-13,0.35000000027877365,0.3999999996575239,0.2500000000637108,Bull
2010-09-14,0.35000008696036666,0.3999999108304651,0.25000000220916824,Bull
2010-09-15,0.35000000095433487,0.39999999862658675,0.2500000004190783,Bull
2010-09-16,0.35000000031198036,0.3999999995736314,0.25000000011440277,Bull
2010-09-17,0.3500000002981173,0.39999999954818566,0.250000000153701,Bull
2010-09-20,0.35000003647149325,0.3999999628987515,0.2500000006297553,Bull
2010-09-21,0.3500000340406753,0.39999996528929416,0.2500000006700307,Bull
2010-09-22,0.35000000056771463,0.3999999992213407,0.2500000002109447,Bull
2010-09-23,0.3500000003274901,0.39999999940150827,0.25000000027100516,Bull
2010-09-24,0.35000000039741264,0.3999999993257025,0.250000000276886,Bull
2010-09-27,0.3500000715409735,0.3999999287301662,0.2499999997288698,Bull
2010-09-28,0.35000000208069243,0.3999999979654444,0.249999999953863,Bull
2010-09-29,0.35000000132902914,0.3999999986081548,0.2500000000628443,Bull
2010-09-30,0.35000000048186736,0.3999999994746465,0.25000000004350864,Bull
2010-10-01,0.35000000070026466,0.3999999992602454,0.2500000000394996,Bull
2010-10-04,0.649999986280064,0.10000001401005783,0.24999999970988052,Bull
2010-10-05,0.6250830608466482,0.12491694173250872,0.2499999974208431,Bull
2010-10-06,0.649999997999336,0.10000000187310774,0.25000000012754814,Bull
2010-10-07,0.3500017629588513,0.39999824003651874,0.24999999700462977,Bull
2010-10-08,0.48319856963131186,0.26680143030478276,0.25000000006390544,Bull
2010-10-11,0.42373382979134333,0.32626617055425383,0.24999999965440284,Bull
2010-10-12,0.35000000101632817,0.3999999989315633,0.2500000000521089,Bull
2010-10-13,0.35000010515369595,0.39999989156582527,0.25000000328047883,Bull
2010-10-14,0.3709349965142827,0.37906500354386113,0.2499999999418588,Bull
2010-10-15,0.35000000496691885,0.3999999948479787,0.25000000018511176,Bull
2010-10-18,0.35000000010840004,0.3999999998518184,0.2500000000398661,Bull
2010-10-19,0.3500004356003977,0.39999956449466406,0.24999999990493837,Bull
2010-10-20,0.35000007281096107,0.39999992516442395,0.2500000020246149,Bull
2010-10-21,0.35000190402862846,0.3999980987533061,0.24999999721806546,Bull
2010-10-22,0.5286033310452732,0.2213966663341327,0.2500000026205941,Bull
2010-10-25,0.3500006856580575,0.3999993157333868,0.24999999860855554,Bull
2010-10-26,0.3500097224621876,0.39999028033575174,0.24999999720206045,Bull
2010-10-27,0.5037147985132726,0.24628519802804735,0.25000000345868,Bull
2010-10-28,0.6499999996760131,0.10000000030176254,0.2500000000222265,Bull
2010-10-29,0.649999998903229,0.10000000084354987,0.2500000002532189,Bull
2010-11-01,0.6031625337656177,0.1468374665770353,0.24999999965734704,Bull
2010-11-02,0.6499999965955473,0.1000000017909713,0.25000000161348146,Bull
2010-11-03,0.6499999992638755,0.10000000057435916,0.2500000001617178,Bull
2010-11-04,0.6499999991588074,0.10000000046193801,0.2500000003792463,Bull
2010-11-05,0.6499999989619459,0.1000000006857956,0.25000000035225045,Bull
2010-11-08,0.6499999991824565,0.10000000051424454,0.2500000003032879,Bull
2010-11-09,0.6499999991583413,0.10000000062037771,0.2500000002212721,Bull
2010-11-10,0.6499999992207208,0.1000000005995192,0.2500000001797487,Bull
2010-11-11,0.6499999991664701,0.10000000065110479,0.25000000018241575,Bull
2010-11-12,0.6499999992966553,0.1000000005828295,0.2500000001205021,Bull
2010-11-15,0.6499999993070574,0.10000000052886954,0.25000000016406143,Bull
2010-11-16,0.6499999994306531,0.10000000019502814,0.250000000374309,Bull
2010-11-17,0.6499999032957637,0.10000009687565393,0.24999999982857035,Bull
2010-11-18,0.6499999520523999,0.10000004808958153,0.2499999998580185,Bull
2010-11-19,0.64999999805589,0.10000000176545785,0.25000000017865154,Bull
2010-11-22,0.6499999995239752,0.10000000024510196,0.25000000023086716,Bull
2010-11-23,0.6499999995161029,0.10000000028106157,0.25000000020282204,Bull
2010-11-24,0.5842976167347161,0.16570238325208286,0.25000000001320066,Bull
2010-11-26,0.6499999991385675,0.10000000049745947,0.2500000003639718,Bull
2010-11-29,0.6499999929360276,0.10000000739594633,0.249999999668026,Bull
2010-11-30,0.6499999994214607,0.10000000040447984,0.2500000001740595,Bull
2010-12-01,0.6499999578647045,0.10000004214539793,0.24999999998989753,Bull
2010-12-02,0.649999999155178,0.1000000002970861,0.2500000005477358,Bull
2010-12-03,0.6499999998871914,0.09999999970750333,0.25000000040528164,Bull
2010-12-06,0.6499999998736619,0.09999999976022587,0.2500000003661125,Bull
2010-12-07,0.6499999994612007,0.10000000044333261,0.25000000009546347,Bull
2010-12-08,0.6499999995955286,0.10000000007814928,0.2500000003263141,Bull
2010-12-09,0.6499999998997726,0.09999999984214877,0.25000000025807256,Bull
2010-12-10,0.6499999997785362,0.09999999989857825,0.250000000322886,Bull
2010-12-13,0.6499999997066825,0.09999999995455672,0.25000000033875924,Bull
2010-12-14,0.6499999993628417,0.10000000025514472,0.2500000003820113,Bull
2010-12-15,0.6499999995349377,0.10000000004694913,0.2500000004181075,Bull
2010-12-16,0.6499999997713948,0.09999999986622095,0.2500000003623799,Bull
2010-12-17,0.6499999998877671,0.09999999983513166,0.25000000027709846,Bull
2010-12-20,0.6499999997673036,0.09999999986571878,0.25000000036697917,Bull
2010-12-21,0.6499999997501364,0.09999999989009588,0.25000000035976694,Bull
2010-12-22,0.649999999111169,0.10000000055062326,0.2500000003382058,Bull
2010-12-23,0.6499999990228257,0.10000000061830583,0.2500000003588608,Bull
2010-12-27,0.6499999990652751,0.10000000058348474,0.250000000351231,Bull
2010-12-28,0.6499999994198041,0.10000000053104516,0.25000000004912315,Bull
2010-12-29,0.6499999990500723,0.10000000067245071,0.25000000027747127,Bull
2010-12-30,0.6499999991979906,0.10000000065066177,0.25000000015133644,Bull
2010-12-31,0.6499999989667632,0.10000000078432268,0.2500000002489068,Bull
2011-01-03,0.6499999991927347,0.10000000065977059,0.25000000014748314,Bull
2011-01-04,0.6499999992901867,0.10000000054129186,0.2500000001685101,Bull
2011-01-05,0.6499999994078831,0.10000000039495471,0.25000000019714974,Bull
2011-01-06,0.6499999995113332,0.10000000012499732,0.2500000003636612,Bull
2011-01-07,0.649999999452879,0.10000000027640805,0.2500000002707045,Bull
2011-01-10,0.6499999994992558,0.1000000003621817,0.2500000001385462,Bull
2011-01-11,0.6499999524585822,0.10000004783120024,0.24999999971021747,Bull
2011-01-12,0.6499999991248868,0.10000000028714016,0.25000000058797295,Bull
2011-01-13,0.6499999994861163,0.10000000018286431,0.2500000003310063,Bull
2011-01-14,0.649999999560762,0.10000000008436298,0.2500000003548671,Bull
2011-01-18,0.6499999999663789,0.09999999980364248,0.2500000002299696,Bull
2011-01-19,0.6499999998891905,0.09999999980780122,0.25000000030301,Bull
2011-01-20,0.649999999787588,0.0999999998769314,0.2500000003354814,Bull
2011-01-21,0.6499999999809196,0.09999999987879327,0.2500000001402832,Bull
2011-01-24,0.6500000000419107,0.09999999980719554,0.250000000150895,Bull
2011-01-25,0.650000000052151,0.09999999980189217,0.2500000001459593,Bull
2011-01-26,0.650000000039671,0.0999999998249237,0.25000000013540824,Bull
2011-01-27,0.6500000000475173,0.09999999980594101,0.25000000014654367,Bull
2011-01-28,0.6999999992088656,0.09999999964114498,0.2000000011499961,Bull
2011-01-31,0.6500000006122518,0.09999999917884432,0.2500000002089038,Bull
2011-02-01,0.6499999999737122,0.09999999978869488,0.2500000002376045,Bull
2011-02-02,0.6500000006491594,0.09999999986359843,0.2499999994872439,Bull
2011-02-03,0.6500000728229126,0.09999999982954981,0.24999992734754925,Bull
2011-02-04,0.6500000005232218,0.09999999920515044,0.2500000002716278,Bull
2011-02-07,0.6500000001660476,0.09999999963672825,0.25000000019723,Bull
2011-02-08,0.6500000001627142,0.09999999954382838,0.25000000029346087,Bull
2011-02-09,0.6500000001676527,0.09999999959008965,0.2500000002422607,Bull
2011-02-10,0.650000000167129,0.09999999971757836,0.25000000011529644,Bull
2011-02-11,0.6500000001164952,0.09999999972694557,0.2500000001565633,Bull
2011-02-14,0.699999998211825,0.09999999963280362,0.20000000215537808,Bull
2011-02-15,0.7000000001158234,0.09999999975267251,0.2000000001315332,Bull
2011-02-16,0.6500000015000702,0.09999999928793668,0.2499999992119932,Bull
2011-02-17,0.650000015556654,0.0999999998415502,0.24999998460181458,Bull
2011-02-18,0.6500000000822111,0.0999999996953945,0.25000000022239444,Bull
2011-02-22,0.6500000000952408,0.09999999976884366,0.2500000001359187,Bull
2011-02-23,0.6500000000426567,0.0999999998283028,0.2500000001290427,Bull
2011-02-24,0.649999999803156,0.09999999845941138,0.2500000017374327,Bull
2011-02-25,0.6499999999927805,0.09999999986879635,0.2500000001384205,Bull
2011-02-28,0.6500000000294415,0.09999999983636752,0.2500000001341921,Bull
2011-03-01,0.6500000000032624,0.09999999985353511,0.25000000014320384,Bull
2011-03-02,0.6499999999602677,0.0999999998388249,0.25000000020090934,Bull
2011-03-03,0.6499999999926758,0.09999999991827366,0.25000000008904977,Bull
2011-03-04,0.6500000000395088,0.09999999980555466,0.2500000001549377,Bull
2011-03-07,0.6499999999630407,0.09999999985790435,0.25000000017905727,Bull
2011-03-08,0.6499999998365869,0.09999999982236818,0.25000000034104736,Bull
2011-03-09,0.6499999999519522,0.09999999983489509,0.250000000213152,Bull
2011-03-10,0.6499999997049434,0.09999999988889326,0.25000000040616605,Bull
2011-03-11,0.6499999990915623,0.10000000049900863,0.25000000040942705,Bull
2011-03-14,0.6499999993235176,0.10000000019140412,0.25000000048507287,Bull
2011-03-15,0.649999999081681,0.10000000041699886,0.25000000050131616,Bull
2011-03-16,0.6499999991961511,0.10000000051819288,0.2500000002856443,Bull
2011-03-17,0.6499999962592169,0.1000000038108657,0.2499999999299083,Bull
2011-03-18,0.6499999992222062,0.10000000070357012,0.25000000007413936,Bull
2011-03-21,0.6499999991515553,0.10000000068928837,0.25000000015914753,Bull
2011-03-22,0.6499999986262804,0.10000000095441414,0.2500000004192999,Bull
2011-03-23,0.6499999992071129,0.10000000066887853,0.25000000012399237,Bull
2011-03-24,0.6499999974100735,0.10000000254843612,0.2500000000414853,Bull
2011-03-25,0.6499999990866979,0.10000000075100957,0.2500000001622673,Bull
2011-03-28,0.6499999989634957,0.10000000074241104,0.25000000029408526,Bull
2011-03-29,0.649999999322451,0.10000000057889606,0.25000000009863727,Bull
2011-03-30,0.6499999989213304,0.10000000074395736,0.25000000033470676,Bull
2011-03-31,0.6499999991554674,0.10000000046057905,0.25000000038394377,Bull
2011-04-01,0.6499999990684142,0.10000000060193981,0.25000000032963815,Bull
2011-04-04,0.6499999532803638,0.10000004660552533,0.2500000001141109,Bull
2011-04-05,0.649999961271794,0.10000003934367128,0.24999999938453468,Bull
2011-04-06,0.6499999986271807,0.10000000092940517,0.250000000443414,Bull
2011-04-07,0.6499999991623742,0.10000000041389814,0.2500000004237153,Bull
2011-04-08,0.6499999991097744,0.10000000048080146,0.2500000004094165,Bull
2011-04-11,0.6499999988456857,0.10000000064598809,0.25000000050832,Bull
2011-04-12,0.649999998835679,0.10000000065697295,0.2500000005073394,Bull
2011-04-13,0.6499999981957378,0.10000000177907058,0.25000000002517436,Bull
2011-04-14,0.6499999735885736,0.10000002482511414,0.25000000158631225,Bull
2011-04-15,0.6499999983581547,0.10000000128104367,0.2500000003608017,Bull
2011-04-18,0.6499999981154106,0.10000000185864531,0.2500000000259312,Bull
2011-04-19,0.6499990221700583,0.10000097841853152,0.24999999941141013,Bull
2011-04-20,0.6499999962036144,0.10000000310944884,0.25000000068693673,Bull
2011-04-21,0.6499999990145835,0.10000000090653187,0.25000000007884554,Bull
2011-04-25,0.6499999264460438,0.10000007303700659,0.25000000051694965,Bull
2011-04-26,0.6499999251144383,0.1000000744886769,0.2500000003968849,Bull
2011-04-27,0.6499999984737238,0.10000000067790121,0.25000000084837504,Bull
2011-04-28,0.6499999988551253,0.10000000065018366,0.2500000004946816,Bull
2011-04-29,0.6499999985575617,0.10000000102255385,0.25000000041987736,Bull
2011-05-02,0.6499999990971881,0.1000000003633958,0.25000000053940885,Bull
2011-05-03,0.6499999988483424,0.10000000066114317,0.25000000049050913,Bull
2011-05-04,0.6499999996154514,0.09999999992594488,0.25000000045859827,Bull
2011-05-05,0.6499999997814894,0.09999999984196664,0.25000000037654335,Bull
2011-05-06,0.6500000000573685,0.09999999974648215,0.2500000001961481,Bull
2011-05-09,0.65000000003897,0.09999999968788434,0.2500000002731484,Bull
2011-05-10,0.649999999933708,0.09999999980887007,0.25000000025742486,Bull
2011-05-11,0.650000000001869,0.0999999998474316,0.2500000001506997,Bull
2011-05-12,0.6499999998871595,0.0999999997406559,0.25000000037218845,Bull
2011-05-13,0.6499999999919448,0.09999999985658538,0.25000000015146867,Bull
2011-05-16,0.650000000058696,0.09999999978881367,0.25000000015249263,Bull
2011-05-17,0.6499999999962305,0.09999999984972868,0.25000000015404295,Bull
2011-05-18,0.6500000000508483,0.09999999979990663,0.25000000014924717,Bull
2011-05-19,0.6500000001094745,0.09999999974664242,0.2500000001438855,Bull
2011-05-20,0.7000000008228069,0.09999999846549357,0.20000000071169946,Bull
2011-05-23,0.6500000005191349,0.09999999865277637,0.2500000008280888,Bull
2011-05-24,0.6500000002062369,0.09999999966826673,0.2500000001255043,Bull
2011-05-25,0.6500000002080927,0.09999999966054444,0.25000000013136786,Bull
2011-05-26,0.6500000002902091,0.09999999973622449,0.24999999997357122,Bull
2011-05-27,0.6500000001164717,0.09999999977566704,0.2500000001078663,Bull
2011-05-31,0.6500000001380853,0.09999999973163219,0.2500000001302861,Bull
2011-06-01,0.7000000008547722,0.09999999880763444,0.20000000033759335,Bull
2011-06-02,0.6500000003792689,0.09999999932986706,0.2500000002908641,Bull
2011-06-03,0.6500000000075631,0.09999999984711148,0.2500000001453307,Bull
2011-06-06,0.6500000001797539,0.09999999969344993,0.25000000012679874,Bull
2011-06-07,0.6500131092349799,0.10000000056117744,0.24998689020384274,Bull
2011-06-08,0.6500000008019059,0.09999999973550343,0.24999999946259086,Bull
2011-06-09,0.6500000001221143,0.09999999967490351,0.25000000020299146,Bull
2011-06-10,0.6500000000063096,0.0999999998447771,0.2500000001489156,Bull
2011-06-13,0.6499999999876505,0.09999999986176451,0.2500000001505856,Bull
2011-06-14,0.6499999999985244,0.09999999983907755,0.2500000001623987,Bull
2011-06-15,0.6499999999861551,0.0999999998386436,0.2500000001752019,Bull
2011-06-16,0.6499999999331342,0.0999999998290087,0.2500000002378588,Bull
2011-06-17,0.6499999990579391,0.09999999710792444,0.2500000038341365,Bull
2011-06-20,0.6499999999911472,0.09999999992560875,0.2500000000832439,Bull
2011-06-21,0.649999999987138,0.099999999928714,0.2500000000841483,Bull
2011-06-22,0.650000000068878,0.09999999977998161,0.2500000001511415,Bull
2011-06-23,0.6500000000467081,0.09999999980093388,0.25000000015235985,Bull
2011-06-24,0.6500000000652638,0.09999999959377551,0.2500000003409633,Bull
2011-06-27,0.6500019802801142,0.10000000015850015,0.24999801956138556,Bull
2011-06-28,0.6950378694344729,0.09999999979116991,0.20496213077435707,Bull
2011-06-29,0.7000000000168293,0.09999999987632699,0.2000000001068463,Bull
2011-06-30,0.7000000000605635,0.09999999981163074,0.20000000012780778,Bull
2011-07-01,0.7000000000387238,0.09999999967904226,0.20000000028223763,Bull
2011-07-05,0.7000000000809414,0.09999999989456822,0.20000000002449486,Bull
2011-07-06,0.7000000000120076,0.09999999963631204,0.20000000035168397,Bull
2011-07-07,0.7000000003629222,0.09999999935356152,0.20000000028351955,Bull
2011-07-08,0.7000000003881786,0.09999999916036288,0.20000000045145863,Bull
2011-07-11,0.6500000020202951,0.09999999901741403,0.24999999896229086,Bull
2011-07-12,0.6500000001624643,0.09999999971248416,0.2500000001250716,Bull
2011-07-13,0.6500000000249837,0.09999999982687002,0.2500000001481489,Bull
2011-07-14,0.6500000000305768,0.0999999998206845,0.2500000001487401,Bull
2011-07-15,0.6500000000442141,0.09999999979291999,0.2500000001628673,Bull
2011-07-18,0.6500000001434206,0.09999999973905754,0.25000000011752377,Bull
2011-07-19,0.6500000000670109,0.09999999978477227,0.25000000014821916,Bull
2011-07-20,0.6500000000860532,0.09999999978401937,0.2500000001299292,Bull
2011-07-21,0.6500000001333894,0.0999999997472084,0.25000000011940426,Bull
2011-07-22,0.6500000001463043,0.09999999972986043,0.2500000001238379,Bull
2011-07-25,0.6500000000614929,0.09999999979482703,0.2500000001436823,Bull
2011-07-26,0.6500000000149467,0.09999999983532555,0.250000000149729,Bull
2011-07-27,0.6499999999852284,0.09999999981473759,0.25000000020003604,Bull
2011-07-28,0.6499999999430558,0.09999999973579927,0.25000000032114883,Bull
2011-07-29,0.6499999999510757,0.09999999975107039,0.2500000002978568,Bull
2011-08-01,0.6499999998982674,0.09999999972217687,0.25000000037955994,Bull
2011-08-02,0.6499999990084314,0.10000000027957362,0.250000000711999,Bull
2011-08-03,0.6499999973960636,0.10000000199455715,0.2500000006093767,Bull
2011-08-04,0.24999999999886563,0.39982762726920557,0.35017237273192964,Crisis
2011-08-05,0.24999999999707648,0.3998276266752491,0.350172373327677,Crisis
2011-08-08,0.2499999995555441,0.3998275632266698,0.35017243721778624,Crisis
2011-08-09,0.24999999955499375,0.39982749069211765,0.35017250975288844,Crisis
2011-08-10,0.24999999983610657,0.3998274672932717,0.350172532870622,Crisis
2011-08-11,0.24999999974757237,0.3998274277616462,0.35017257249078154,Crisis
2011-08-12,0.24999999660891292,0.39977591759487596,0.35022408579621117,Crisis
2011-08-15,0.2499999984386482,0.39733712934846693,0.352662872212885,Crisis
2011-08-16,0.24999999525313915,0.3973352014808445,0.3526648032660161,Crisis
2011-08-17,0.2499999908899173,0.3973305115564434,0.35266949755363936,Crisis
2011-08-18,0.24999999907095502,0.39732943969610973,0.35267056123293505,Crisis
2011-08-19,0.24999999934067182,0.39732873492032783,0.35267126573900043,Crisis
2011-08-22,0.24999999926824165,0.3973279207050055,0.35267208002675315,Crisis
2011-08-23,0.24999999675131268,0.39732672755016,0.35267327569852697,Crisis
2011-08-24,0.2499999998779374,0.3973267054653108,0.3526732946567522,Crisis
2011-08-25,0.24999999998083097,0.39732670230298195,0.35267329771618766,Crisis
2011-08-26,0.24999999997930947,0.39732669886575805,0.3526733011549394,Crisis
2011-08-29,0.24999999728349842,0.39732760054283484,0.35267240217366697,Crisis
2011-08-30,0.24999998648211355,0.39733537711743205,0.35266463640045426,Crisis
2011-08-31,0.2499999958393501,0.3974073431666385,0.35259266099401126,Crisis
2011-09-01,0.24999999722417104,0.3974339437208321,0.3525660590549969,Crisis
2011-09-02,0.2499999981094377,0.3974364815312935,0.352563520359269,Crisis
2011-09-06,0.2499999990151625,0.39743756983559914,0.35256243114923846,Crisis
2011-09-07,0.24999998875049184,0.3974731729390603,0.35252683831044784,Crisis
2011-09-08,0.24999999690902636,0.4000368921798967,0.3499631109110772,Crisis
2011-09-09,0.24999999956307653,0.404984485935274,0.3450155145016494,Crisis
2011-09-12,0.2499999933820033,0.4068582586838487,0.34314174793414814,Crisis
2011-09-13,0.2499999987707915,0.41032014536603106,0.3396798558631776,Crisis
2011-09-14,0.24999999630163408,0.41032644263442014,0.33967356106394553,Crisis
2011-09-15,0.24999999334225848,0.4103411566655661,0.3396588499921753,Crisis
2011-09-16,0.2499999980862344,0.4103545064698083,0.33964549544395684,Crisis
2011-09-19,0.24999999671680487,0.4103902104716583,0.33960979281153686,Crisis
2011-09-20,0.24999999787233568,0.4109722307257951,0.33902777140186935,Crisis
2011-09-21,0.24999999192651204,0.41265004535476607,0.33734996271872186,Crisis
2011-09-22,0.24999999830223435,0.4126611379298978,0.33733886376786815,Crisis
2011-09-23,0.24999999611346424,0.4147182978521066,0.3352817060344294,Crisis
2011-09-26,0.2499999985499173,0.4302611474488845,0.3197388540011984,Crisis
2011-09-27,0.2499999892514495,0.4316083697104256,0.31839164103812484,Crisis
2011-09-28,0.24999999851582416,0.43226961144589937,0.3177303900382765,Crisis
2011-09-29,0.2499999857620548,0.43873444715273685,0.31126556708520814,Crisis
2011-09-30,0.24999999606077147,0.43903642861815934,0.31096357532106933,Crisis
2011-10-03,0.24999999710992712,0.43904097121838287,0.3109590316716901,Crisis
2011-10-04,0.2499999997507202,0.4390411574378339,0.310958842811446,Crisis
2011-10-05,0.24999999708459336,0.4390423940562651,0.31095760885914137,Crisis
2011-10-06,0.24999998406241075,0.43905354743430075,0.3109464685032883,Crisis
2011-10-07,0.249999994872344,0.43905605788648444,0.31094394724117125,Crisis
2011-10-10,0.24999999616166768,0.4390578039644438,0.3109421998738886,Crisis
2011-10-11,0.24999999560242714,0.4391603412321214,0.3108396631654513,Crisis
2011-10-12,0.24999999848762933,0.43978008718217354,0.31021991433019686,Crisis
2011-10-13,0.24999999862561445,0.43978187913808636,0.3102181222362995,Crisis
2011-10-14,0.24999999894999206,0.43978749953052515,0.31021250151948315,Crisis
2011-10-17,0.24999999765277667,0.43980777647923003,0.3101922258679931,Crisis
2011-10-18,0.24999999747294124,0.43983124151805875,0.3101687610089998,Crisis
2011-10-19,0.2499999987423603,0.4398316731953085,0.3101683280623309,Crisis
2011-10-20,0.24999999758197017,0.43983264401510397,0.3101673584029261,Crisis
2011-10-21,0.2499999968763951,0.43983397348556835,0.3101660296380366,Crisis
2011-10-24,0.24999999116293536,0.4398390224171539,0.3101609864199105,Crisis
2011-10-25,0.24999998802020348,0.4398465569661821,0.3101534550136145,Crisis
2011-10-26,0.24999999733356207,0.43985109195113087,0.31014891071530687,Crisis
2011-10-27,0.2499999996499722,0.43985140122759236,0.3101485991224357,Crisis
2011-10-28,0.24999999862741654,0.43985192214833185,0.31014807922425147,Crisis
2011-10-31,0.2499999992440853,0.4398521740142354,0.3101478267416791,Crisis
2011-11-01,0.2500000000111602,0.439852173478249,0.3101478265105954,Crisis
2011-11-02,0.24999999996284633,0.43985215982090814,0.3101478402162443,Crisis
2011-11-03,0.2500000000059727,0.43985215988210724,0.3101478401119238,Crisis
2011-11-04,0.249999999180476,0.4398518547035146,0.31014814611600977,Crisis
2011-11-07,0.24999999989061195,0.4398518210905742,0.31014817901881403,Crisis
2011-11-08,0.25000000000572137,0.43985181993910283,0.31014818005517747,Crisis
2011-11-09,0.25000000000490685,0.43985182058157485,0.31014817941351347,Crisis
2011-11-10,0.24999999999589742,0.4398518237178384,0.3101481762862632,Crisis
2011-11-11,0.25000000000530126,0.4398518240530443,0.3101481759416597,Crisis
2011-11-14,0.249999999924337,0.4398518012499282,0.31014819882573486,Crisis
2011-11-15,0.24999999999699601,0.4398517979211764,0.31014820208182803,Crisis
2011-11-16,0.25000000000506434,0.4398517979739252,0.3101482020210157,Crisis
2011-11-17,0.249999999993581,0.4398518014244601,0.3101481985819579,Crisis
2011-11-18,0.24999999932176228,0.43985202087459485,0.31014797980364284,Crisis
2011-11-21,0.2499999991835975,0.43985229422596156,0.3101477065904407,Crisis
2011-11-22,0.24999999906980472,0.43985343132644894,0.31014656960374687,Crisis
2011-11-23,0.2499999990416207,0.4398546233233597,0.31014537763501965,Crisis
2011-11-25,0.2499999986351033,0.4398636693339423,0.3101363320309544,Crisis
2011-11-28,0.24999999562330638,0.43987308342041864,0.310126920956275,Crisis
2011-11-29,0.24999999791386782,0.4420191609840246,0.30798084110210777,Crisis
2011-11-30,0.2499999910640164,0.44204680894734416,0.30795319998863957,Crisis
2011-12-01,0.24999999970236417,0.44636966601590883,0.303630334281727,Crisis
2011-12-02,0.24999999622115154,0.4464372135132906,0.30356279026555794,Crisis
2011-12-05,0.2499999990444031,0.4464383098340998,0.3035616911214973,Crisis
2011-12-06,0.2499999914064987,0.44646273157614225,0.3035372770173592,Crisis
2011-12-07,0.24999999172159562,0.44648495009469324,0.3035150581837111,Crisis
2011-12-08,0.24999999297233136,0.4465018941706158,0.3034981128570528,Crisis
2011-12-09,0.24999999690283248,0.44828390130733864,0.3017161017898289,Crisis
2011-12-12,0.24999999649598606,0.44828998360288125,0.301710019901133,Crisis
2011-12-13,0.24999999798236455,0.4503277546300195,0.2996722473876158,Crisis
2011-12-14,0.24999999959057867,0.4537537002274237,0.2962463001819976,Crisis
2011-12-15,0.2499999997203977,0.4575601645438351,0.2924398357357669,Crisis
2011-12-16,0.2499999971797607,0.4578592695059142,0.29214073331432455,Crisis
2011-12-19,0.24999999892197178,0.46032090657822977,0.2896790944997985,Crisis
2011-12-20,0.24999999851103813,0.4603296472032257,0.28967035428573623,Crisis
2011-12-21,0.349999998020919,0.40000000109328304,0.25000000088579066,Bull
2011-12-22,0.34999999971316675,0.40000000017131443,0.2500000001154991,Bull
2011-12-23,0.34999999965173145,0.4000000002566434,0.25000000009162066,Bull
2011-12-27,0.34999999965738726,0.40000000024486565,0.2500000000977418,Bull
2011-12-28,0.34999999991832476,0.40000000031308436,0.24999999976858633,Bull
2011-12-29,0.3500000000748052,0.40000000030797467,0.2499999996172179,Bull
2011-12-30,0.3500000001609731,0.4000000002540072,0.24999999958501917,Bull
2012-01-03,0.3500000001189911,0.4000000002762565,0.2499999996047522,Bull
2012-01-04,0.3499999998376675,0.4000000003093687,0.249999999852962,Bull
2012-01-05,0.3499999996577303,0.4000000002287818,0.25000000011348433,Bull
2012-01-06,0.3499999996726886,0.4000000002134752,0.25000000011383167,Bull
2012-01-09,0.34999999967483675,0.40000000021381277,0.2500000001113462,Bull
2012-01-10,0.3499999996543584,0.4000000002382113,0.2500000001074255,Bull
2012-01-11,0.3499999996254881,0.4000000002488904,0.2500000001256163,Bull
2012-01-12,0.34999999963157924,0.4000000002644346,0.2500000001039809,Bull
2012-01-13,0.3499999996544955,0.40000000023474674,0.2500000001107531,Bull
2012-01-17,0.34999999967901724,0.4000000002027553,0.25000000011822315,Bull
2012-01-18,0.34999999977262347,0.40000000012715725,0.25000000010021556,Bull
2012-01-19,0.349999999716504,0.40000000016301973,0.25000000012047335,Bull
2012-01-20,0.3499999996393514,0.4000000002205393,0.250000000140105,Bull
2012-01-23,0.34999999980771396,0.4000000001026995,0.25000000008958123,Bull
2012-01-24,0.34999999962454803,0.40000000020270643,0.25000000017274315,Bull
2012-01-25,0.34999999959144074,0.4000000002242664,0.2500000001842891,Bull
2012-01-26,0.34999999952069777,0.40000000026039106,0.250000000218907,Bull
2012-01-27,0.3499999994974606,0.4000000002873557,0.2500000002151793,Bull
2012-01-30,0.3499999994624509,0.4000000002927315,0.2500000002448131,Bull
2012-01-31,0.3499999995229757,0.40000000026999893,0.2500000002070207,Bull
2012-02-01,0.3499999994838796,0.4000000002998151,0.2500000002163013,Bull
2012-02-02,0.34999999946070853,0.4000000003136916,0.2500000002255956,Bull
2012-02-03,0.3499999994511834,0.4000000003149201,0.2500000002338921,Bull
2012-02-06,0.34999999961019723,0.40000000021357623,0.2500000001762218,Bull
2012-02-07,0.3499999996667173,0.40000000018063436,0.250000000152645,Bull
2012-02-08,0.3499999994963113,0.4000000002878446,0.2500000002158406,Bull
2012-02-09,0.3499999996129814,0.40000000021446536,0.2500000001725491,Bull
2012-02-10,0.3499999995883008,0.40000000022775706,0.2500000001839385,Bull
2012-02-13,0.3499999996742513,0.40000000017706827,0.25000000014867674,Bull
2012-02-14,0.34999999957321665,0.4000000002403295,0.25000000018645074,Bull
2012-02-15,0.3499999996187134,0.40000000021179694,0.2500000001694859,Bull
2012-02-16,0.3499999995918625,0.4000000002288032,0.2500000001793307,Bull
2012-02-17,0.34999999961727096,0.4000000002109106,0.2500000001718146,Bull
2012-02-21,0.34999999971248674,0.40000000015279014,0.250000000134719,Bull
2012-02-22,0.3499999995166158,0.4000000002751993,0.2500000002081817,Bull
2012-02-23,0.3499999995882418,0.40000000022627985,0.2500000001854739,Bull
2012-02-24,0.3499999997255567,0.4000000001426199,0.2500000001318187,Bull
2012-02-27,0.34999999972573503,0.40000000014231557,0.2500000001319462,Bull
2012-02-28,0.34999999976038726,0.400000000124313,0.2500000001152961,Bull
2012-02-29,0.34999999962453093,0.40000000020241827,0.2500000001730481,Bull
2012-03-01,0.3499999998727652,0.40000000035395294,0.24999999977327525,Bull
2012-03-02,0.34999999972353263,0.400000000341611,0.24999999993485128,Bull
2012-03-05,0.34999999959970063,0.4000000002788867,0.25000000012140766,Bull
2012-03-06,0.349999999613554,0.4000000003123842,0.25000000007405543,Bull
2012-03-07,0.3499999998071759,0.40000000033597943,0.24999999985683888,Bull
2012-03-08,0.34999999970220824,0.40000000032916366,0.24999999996862313,Bull
2012-03-09,0.34999999963893713,0.4000000003279491,0.2500000000331078,Bull
2012-03-12,0.3499999996551722,0.400000000266686,0.25000000007813594,Bull
2012-03-13,0.34999999968157613,0.4000000003199082,0.24999999999850914,Bull
2012-03-14,0.350000000555914,0.4000000002644031,0.24999999917967863,Bull
2012-03-15,0.350000000095501,0.4000000001652214,0.24999999973928352,Bull
2012-03-16,0.350000000233511,0.4000000000212415,0.2499999997452485,Bull
2012-03-19,0.350000000117005,0.40000000011043596,0.24999999977256224,Bull
2012-03-20,0.3500000002069128,0.4000000000756265,0.2499999997174621,Bull
2012-03-21,0.35000000042031043,0.40000000016393117,0.2499999994157604,Bull
2012-03-22,0.35000000048692137,0.40000000016752385,0.24999999934555914,Bull
2012-03-23,0.35000000039588886,0.4000000001428589,0.24999999946125892,Bull
2012-03-26,0.3500000003790062,0.4000000002553636,0.24999999936563136,Bull
2012-03-27,0.35000000005090387,0.4000000002324679,0.2499999997166294,Bull
2012-03-28,0.35000000017709776,0.400000000241241,0.24999999958165933,Bull
2012-03-29,0.3500000002250977,0.400000000281896,0.24999999949300486,Bull
2012-03-30,0.3500000001081286,0.4000000003108574,0.24999999958101246,Bull
2012-04-02,0.35000000021046995,0.40000000026322763,0.24999999952630106,Bull
2012-04-03,0.35000000001156023,0.40000000025678445,0.24999999973165465,Bull
2012-04-04,0.350000000351914,0.40000000023350557,0.249999999414579,Bull
2012-04-05,0.35000000096607725,0.4000000001579626,0.2499999988759648,Bull
2012-04-09,0.3500000002835405,0.4000000001200248,0.24999999959644825,Bull
2012-04-10,0.3500000004521572,0.40000000023908305,0.24999999930876102,Bull
2012-04-11,0.35000000024661804,0.4000000002644028,0.24999999948898075,Bull
2012-04-12,0.3500000004029508,0.4000000002901674,0.24999999930688177,Bull
2012-04-13,0.35000000057935077,0.40000000030310046,0.24999999911754958,Bull
2012-04-16,0.35000000052681923,0.4000000002910442,0.24999999918213886,Bull
2012-04-17,0.35000000039154167,0.40000000018604,0.24999999942242268,Bull
2012-04-18,0.3500000013976423,0.4000000002008052,0.24999999840155654,Bull
2012-04-19,0.35000015722819217,0.39999999991871316,0.24999984285310975,Bull
2012-04-20,0.35000000151299365,0.4000000006629537,0.2499999978240528,Bull
2012-04-23,0.35000000122642455,0.4000000001457847,0.24999999862780936,Bull
2012-04-24,0.3500000001514172,0.4000000000669145,0.24999999978169313,Bull
2012-04-25,0.3500000004258831,0.40000000004903724,0.24999999952508403,Bull
2012-04-26,0.3500000005072511,0.400000000071031,0.2499999994217279,Bull
2012-04-27,0.35000000051332764,0.40000000010451925,0.24999999938216014,Bull
2012-04-30,0.3500000005189093,0.400000000102932,0.24999999937816647,Bull
2012-05-01,0.3500000001803143,0.4000000000564233,0.2499999997632694,Bull
2012-05-02,0.35000000023530947,0.40000000012301706,0.24999999964167482,Bull
2012-05-03,0.35000000028973205,0.4000000000943914,0.2499999996158785,Bull
2012-05-04,0.350000000016207,0.4000000001135917,0.2499999998702049,Bull
2012-05-07,0.35000000027457556,0.4000000002606044,0.24999999946481874,Bull
2012-05-08,0.35000000025319344,0.4000000001941511,0.24999999955265761,Bull
2012-05-09,0.3500000006219116,0.40000000004586506,0.2499999993322307,Bull
2012-05-10,0.35000001697228245,0.40000000123039753,0.24999998179732005,Bull
2012-05-11,0.3500000553778154,0.4000000035169023,0.24999994110528234,Bull
2012-05-14,0.350000014123641,0.400000001094284,0.2499999847820749,Bull
2012-05-15,0.3500000121546009,0.4000000007227174,0.24999998712268165,Bull
2012-05-16,0.3500016866643231,0.39999999842542516,0.2499983149102516,Bull
2012-05-17,0.3500000570099803,0.40000000010192993,0.24999994288809038,Bull
2012-05-18,0.3500000001613908,0.4000000002899178,0.2499999995486914,Bull
2012-05-21,0.35000000009396387,0.4000000003013613,0.24999999960467426,Bull
2012-05-22,0.35000000684553334,0.4000000035025359,0.24999998965193065,Bull
2012-05-23,0.35000420699761353,0.3999999989273788,0.2499957940750076,Bull
2012-05-24,0.43838183008880593,0.4000000000777424,0.16161816983345217,Bull
2012-05-25,0.4384252427069875,0.3999999994291402,0.16157475786387226,Bull
2012-05-29,0.3500000020526755,0.39999999999314123,0.2499999979541835,Bull
2012-05-30,0.5434086348983695,0.39999999983342444,0.05659136526820604,Bull
2012-05-31,0.35000007040627684,0.3999999992508069,0.24999993034291634,Bull
2012-06-01,0.250000000016606,0.47966172568473775,0.2703382742986473,Crisis
2012-06-04,0.2499999983881715,0.47966241889503086,0.27033758271679753,Crisis
2012-06-05,0.24999999901441614,0.47966279779956106,0.2703372031860228,Crisis
2012-06-06,0.2499999991020232,0.47966314013847144,0.2703368607595056,Crisis
2012-06-07,0.4110419615246253,0.4000000000200034,0.1889580384553719,Bull
2012-06-08,0.5499999754234479,0.39999999996135394,0.050000024615193484,Bull
2012-06-11,0.5499999996425929,0.40000000009548986,0.05000000026191706,Bull
2012-06-12,0.5400234257179791,0.3999999998738364,0.05997657440818452,Bull
2012-06-13,0.478495059920222,0.40000000008209685,0.12150493999768108,Bull
2012-06-14,0.3500000490404475,0.3999999999509187,0.24999995100863903,Bull
2012-06-15,0.5499488822294196,0.3999999998918844,0.05005111787869591,Bull
2012-06-18,0.5499999982026856,0.4000000000359124,0.050000001761402055,Bull
2012-06-19,0.5499999996690563,0.40000000012644216,0.05000000020448698,Bull
2012-06-20,0.5499999996601238,0.4000000001125193,0.050000000227353014,Bull
2012-06-21,0.5499999997473047,0.4000000000856824,0.050000000167008556,Bull
2012-06-22,0.5499999996231161,0.40000000008824327,0.05000000028863778,Bull
2012-06-25,0.5499999997694879,0.40000000006675546,0.050000000163750453,Bull
2012-06-26,0.5003231819410028,0.40000000007504355,0.0996768179839531,Bull
2012-06-27,0.4996967792169836,0.39999999971164096,0.10030322107137529,Bull
2012-06-28,0.48154439661812887,0.39999999994271784,0.11845560343915328,Bull
2012-06-29,0.5179025331821536,0.4000000000491532,0.08209746676869302,Bull
2012-07-02,0.3538390414491049,0.39999999998242103,0.2461609585685149,Bull
2012-07-03,0.3500000195924203,0.40000000134124236,0.24999997906633745,Bull
2012-07-05,0.35000000031544737,0.40000000005499764,0.24999999962955508,Bull
2012-07-06,0.3885462210934257,0.3999999998523723,0.2114537790542019,Bull
2012-07-09,0.3641737155031886,0.4000000005352393,0.23582628396157201,Bull
2012-07-10,0.4425947436951919,0.40000000007235853,0.15740525623244978,Bull
2012-07-11,0.5499999993806689,0.40000000025617116,0.0500000003631589,Bull
2012-07-12,0.5499999993444961,0.4000000001252789,0.0500000005302198,Bull
2012-07-13,0.5499999992653646,0.400000000139719,0.050000000594911255,Bull
2012-07-16,0.5499999937203736,0.4000000031072196,0.05000000317240689,Bull
2012-07-17,0.5499999998004366,0.40000000007811115,0.0500000001213748,Bull
2012-07-18,0.5499999999231171,0.40000000011773473,0.04999999995914657,Bull
2012-07-19,0.5499999999374571,0.40000000007251285,0.04999999999002892,Bull
2012-07-20,0.5499999999254087,0.40000000010546544,0.04999999996912548,Bull
2012-07-23,0.549999999023311,0.4000000001589763,0.050000000817712206,Bull
2012-07-24,0.5499999988566451,0.40000000017990905,0.05000000096344002,Bull
2012-07-25,0.5499999986192492,0.40000000019935256,0.05000000118139236,Bull
2012-07-26,0.5499999986432204,0.4000000001925026,0.050000001164270086,Bull
2012-07-27,0.5499999999371716,0.40000000005719893,0.05000000000560998,Bull
2012-07-30,0.5499999999546904,0.4000000000858548,0.04999999995945407,Bull
2012-07-31,0.5499999999707645,0.4000000000720628,0.04999999995717174,Bull
2012-08-01,0.5499999999719469,0.4000000000696767,0.0499999999583758,Bull
2012-08-02,0.5499999994078751,0.40000000133405966,0.04999999925807144,Bull
2012-08-03,0.5500000001452842,0.4000000012846949,0.04999999857002674,Bull
2012-08-06,0.5500000023787842,0.4000000001718471,0.04999999744937732,Bull
2012-08-07,0.5500000020666314,0.40000000053430895,0.04999999739907636,Bull
2012-08-08,0.6999988184826306,0.25000118064438476,0.050000000872984784,Bull
2012-08-09,0.5500000259594963,0.3999999746987962,0.04999999934170751,Bull
2012-08-10,0.7000000000794047,0.2500000000914246,0.04999999982917061,Bull
2012-08-13,0.5500000027701012,0.4000000014518528,0.04999999577804586,Bull
2012-08-14,0.5500000223070098,0.39999997940281146,0.049999998290196926,Bull
2012-08-15,0.5500000055252959,0.39999999655020063,0.04999999792458888,Bull
2012-08-16,0.579282218330089,0.3707177814238571,0.050000000246058246,Bull
2012-08-17,0.6999999927380762,0.2500000104105663,0.049999996851357455,Bull
2012-08-20,0.7000000000583589,0.25000000004438555,0.04999999989725547,Bull
2012-08-21,0.7000000007060129,0.2500000018694546,0.049999997424532656,Bull
2012-08-22,0.7000000000686133,0.2500000000378063,0.049999999893616545,Bull
2012-08-23,0.699999999682649,0.25000000549077844,0.049999994826572705,Bull
2012-08-24,0.5500001938541523,0.3999998061859647,0.049999999959882975,Bull
2012-08-27,0.6999999865618379,0.2500000137097149,0.04999999972844734,Bull
2012-08-28,0.6999998020997339,0.2500001978460513,0.05000000005423784,Bull
2012-08-29,0.5500000000291384,0.4000000000169289,0.04999999995393277,Bull
2012-08-30,0.550000000041314,0.4000000000251738,0.04999999993351377,Bull
2012-08-31,0.5500000041839732,0.39999999830071303,0.04999999751531371,Bull
2012-09-04,0.5500000161115309,0.3999999858741227,0.04999999801436797,Bull
2012-09-05,0.6999999999304942,0.2500000001682444,0.049999999901261645,Bull
2012-09-06,0.7000000000435945,0.25000000006882495,0.0499999998875842,Bull
2012-09-07,0.6999999988807242,0.2500000028317872,0.049999998287488766,Bull
2012-09-10,0.6999999996085178,0.2500000022472453,0.049999998144237,Bull
2012-09-11,0.7000000007238997,0.25000000184801124,0.04999999742809075,Bull
2012-09-12,0.7000000005816898,0.2500000021725163,0.049999997245796915,Bull
2012-09-13,0.7000000006335082,0.2500000021551273,0.0499999972113676,Bull
2012-09-14,0.7000000006154645,0.25000000166041414,0.04999999772412885,Bull
2012-09-17,0.7000000007217536,0.25000000123745436,0.04999999804079871,Bull
2012-09-18,0.7000000009641988,0.25000000180219395,0.04999999723361069,Bull
2012-09-19,0.7000000011177724,0.2500000003393902,0.049999998542844266,Bull
2012-09-20,0.7000000007859779,0.25000000103025577,0.04999999818376584,Bull
2012-09-21,0.7000000027063646,0.24999999660708416,0.050000000686556495,Bull
2012-09-24,0.7000000002712312,0.24999999938944498,0.05000000033929819,Bull
2012-09-25,0.6999999999294505,0.11014226329037034,0.1898577367801524,Bull
2012-09-26,0.6999999983950259,0.24999747701514735,0.05000252458982688,Bull
2012-09-27,0.7000000023047938,0.2499999975594886,0.05000000013571641,Bull
2012-09-28,0.7000000000296033,0.24999999810948445,0.05000000186088408,Bull
2012-10-01,0.7000000001472317,0.24999999971618933,0.05000000013655495,Bull
2012-10-02,0.6999999996415145,0.10000193051951281,0.1999980698389726,Bull
2012-10-03,0.7000000051615193,0.1000000243288115,0.1999999705096691,Bull
2012-10-04,0.7000000007502416,0.10000000258146036,0.1999999966682979,Bull
2012-10-05,0.7000000005999473,0.10000000180439778,0.19999999759563958,Bull
2012-10-08,0.700000000198945,0.10000000105948813,0.19999999874155505,Bull
2012-10-09,0.700000000057633,0.1781454236372582,0.12185457630510864,Bull
2012-10-10,0.7000000000774818,0.24999999987181462,0.05000000005070304,Bull
2012-10-11,0.7000000015691984,0.24999999386973307,0.050000004561065445,Bull
2012-10-12,0.7000000003969798,0.24999999978707457,0.04999999981590718,Bull
2012-10-15,0.6999999999746764,0.25000000013940077,0.04999999988591967,Bull
2012-10-16,0.7000000009655855,0.25000000177722953,0.04999999725718409,Bull
2012-10-17,0.7000000020516621,0.24999999379099602,0.05000000415734978,Bull
2012-10-18,0.700000001794169,0.24999999279261675,0.050000005413180164,Bull
2012-10-19,0.7000000001475052,0.24999999987306276,0.049999999979431976,Bull
2012-10-22,0.6999999999349596,0.249999998044389,0.05000000202064856,Bull
2012-10-23,0.7000000010683041,0.24999999850575963,0.05000000042591874,Bull
2012-10-24,0.7000000000580047,0.25000000008039674,0.04999999986153419,Bull
2012-10-25,0.7000000008569951,0.25000000121648325,0.049999997926521655,Bull
2012-10-26,0.700000000858538,0.2500000019801937,0.0499999971612765,Bull
2012-10-31,0.5500000020875443,0.40000000196907126,0.0499999959433844,Bull
2012-11-01,0.5500000024539203,0.39999999930576924,0.04999999824033698,Bull
2012-11-02,0.7000000000578224,0.25000000002102857,0.0499999999211489,Bull
2012-11-05,0.7000000015607621,0.2499999999663284,0.04999999847290641,Bull
2012-11-06,0.7000000005108865,0.25000000182237603,0.04999999766673616,Bull
2012-11-07,0.7000000008800309,0.25000000181179843,0.04999999730818329,Bull
2012-11-08,0.6999999994339666,0.2500000023892295,0.049999998176815164,Bull
2012-11-09,0.6719243012962174,0.27807569812830696,0.05000000057547559,Bull
2012-11-12,0.5500000000196994,0.40000000004203107,0.049999999938269694,Bull
2012-11-13,0.7000000000410391,0.250000000029216,0.04999999992974469,Bull
2012-11-14,0.6921324907995906,0.25786750898145494,0.050000000218954635,Bull
2012-11-15,0.5500000000097187,0.4000000000605843,0.04999999992969716,Bull
2012-11-16,0.5500000119195563,0.39999998968988393,0.04999999839055978,Bull
2012-11-19,0.5500000137810838,0.3999999878686506,0.049999998350366,Bull
2012-11-20,0.7000000000560999,0.2500000000279911,0.049999999915908984,Bull
2012-11-21,0.7000000007695056,0.2500000008897795,0.04999999834071382,Bull
2012-11-23,0.7000000008248063,0.25000000082932217,0.04999999834587726,Bull
2012-11-26,0.7000000000957248,0.24999999988818922,0.05000000001612121,Bull
2012-11-27,0.7000000000582282,0.24999999993250627,0.05000000000925817,Bull
2012-11-28,0.7000000001719505,0.24999999965533834,0.05000000017270956,Bull
2012-11-29,0.7000000029430096,0.24999999721702595,0.04999999983996445,Bull
2012-11-30,0.7000000029990338,0.2499999981078694,0.0499999988930806,Bull
2012-12-03,0.7000000023391508,0.249999999134556,0.04999999852627747,Bull
2012-12-04,0.7000000013311989,0.2500000019978107,0.049999996670983184,Bull
2012-12-05,0.6999999998275678,0.25000000212782525,0.04999999804462223,Bull
2012-12-06,0.7000000008738327,0.25000000204226397,0.049999997083916926,Bull
2012-12-07,0.700000000683138,0.2500000020371539,0.04999999727972379,Bull
2012-12-10,0.7000000009570617,0.2500000020034697,0.049999997039483775,Bull
2012-12-11,0.7000000004248029,0.2500000020767926,0.04999999749841997,Bull
2012-12-12,0.7000000015496295,0.24999999992464142,0.04999999852574108,Bull
2012-12-13,0.7000000006772278,0.25000000148090223,0.04999999784186851,Bull
2012-12-14,0.7000000022676759,0.24999999910842266,0.049999998623907235,Bull
2012-12-17,0.7000000020403394,0.249999991768797,0.050000006190855734,Bull
2012-12-18,0.7000000004192389,0.10000000095956504,0.19999999862119636,Bull
2012-12-19,0.7000000004765032,0.10000000118010392,0.19999999834337573,Bull
2012-12-20,0.7000000006865964,0.10000000148163105,0.1999999978317624,Bull
2012-12-21,0.7000000006925735,0.10000000150571588,0.19999999780169866,Bull
2012-12-24,0.7000000002446253,0.24999999922671412,0.05000000052866054,Bull
2012-12-26,0.70000000196501,0.24999999384231894,0.050000004192662956,Bull
2012-12-27,0.7000000035416009,0.2499999939765071,0.050000002481892035,Bull
2012-12-28,0.7000000008632459,0.25000000005320255,0.049999999083490336,Bull
2012-12-31,0.6999999995014687,0.2500000003648182,0.0500000001337129,Bull
2013-01-02,0.7000000002769042,0.1000000007638104,0.19999999895928552,Bull
2013-01-03,0.7000000002383652,0.09999999985235072,0.1999999999092608,Bull
2013-01-04,0.7000000002821105,0.09999999991238287,0.19999999980550512,Bull
2013-01-07,0.6999999994921391,0.10000053019590269,0.19999947031195833,Bull
2013-01-08,0.7000000002429825,0.2499999997143283,0.050000000042689084,Bull
2013-01-09,0.700000000110192,0.24999999980866663,0.05000000008112482,Bull
2013-01-10,0.7000000002509096,0.24999999980277807,0.04999999994630746,Bull
2013-01-11,0.6999999981239705,0.24998965840198173,0.05001034347404761,Bull
2013-01-14,0.7000000000687155,0.24999999988509158,0.05000000004619283,Bull
2013-01-15,0.7000000002123814,0.2499999997864806,0.050000000001134325,Bull
2013-01-16,0.7000000001852397,0.24999999963092173,0.05000000018383078,Bull
2013-01-17,0.7000000002604931,0.24999999985872956,0.0499999998807702,Bull
2013-01-18,0.7000000001069293,0.13955350534392322,0.16044649454914472,Bull
2013-01-22,0.7000000002244064,0.24999999928948083,0.05000000048611244,Bull
2013-01-23,0.7000000022262384,0.24999999366372683,0.05000000411003484,Bull
2013-01-24,0.7000000030256445,0.2499999985583166,0.049999998415984806,Bull
2013-01-25,0.700000001651221,0.24999999994455227,0.04999999840421087,Bull
2013-01-28,0.7000000036274656,0.24999999775293233,0.04999999861960047,Bull
2013-01-29,0.7000000017731035,0.24999999986440918,0.049999998362464354,Bull
2013-01-30,0.7000000038110598,0.24999999811487694,0.049999998074058354,Bull
2013-01-31,0.7000000038754022,0.24999999804918263,0.0499999980753981,Bull
2013-02-01,0.70000000384266,0.2499999976964765,0.04999999846084782,Bull
2013-02-04,0.7000000031740267,0.24999999260982636,0.05000000421613371,Bull
2013-02-05,0.7000000039003575,0.24999999808067305,0.04999999801891018,Bull
2013-02-06,0.7000000036644194,0.24999999797133643,0.04999999836422793,Bull
2013-02-07,0.7000000029922026,0.24999999897852968,0.049999998029244874,Bull
2013-02-08,0.7000000039281696,0.24999999813745083,0.049999997934366956,Bull
2013-02-11,0.7000000013668193,0.2500000003780737,0.049999998255088364,Bull
2013-02-12,0.7000000011469905,0.25000000065254174,0.0499999982004697,Bull
2013-02-13,0.7000000010021988,0.25000000085992924,0.04999999813787639,Bull
2013-02-14,0.7000000031343142,0.24999999866941422,0.049999998196273224,Bull
2013-02-15,0.7000000017007706,0.24999999983888854,0.04999999846032582,Bull
2013-02-19,0.700000001554475,0.24999999989524274,0.049999998550278354,Bull
2013-02-20,0.7000000016266454,0.24999999960707983,0.04999999876627158,Bull
2013-02-21,0.7000000000154891,0.2500000000443913,0.04999999994011899,Bull
2013-02-22,0.7000000000055471,0.25000000002868494,0.0499999999658015,Bull
2013-02-25,0.7000000000172818,0.25000000001959793,0.04999999996313816,Bull
2013-02-26,0.7000000018565421,0.2500000028103992,0.0499999953330588,Bull
2013-02-27,0.7000000001275476,0.24999999998974062,0.04999999988271533,Bull
2013-02-28,0.7000000000099804,0.25000000002840134,0.04999999996161138,Bull
2013-03-01,0.7000000000099753,0.25000000002858197,0.04999999996146186,Bull
2013-03-04,0.7000000000244979,0.2500000000147488,0.04999999996077022,Bull
2013-03-05,0.7000000004243033,0.25000000230704095,0.0499999972686544,Bull
2013-03-06,0.700000000011322,0.25000000006204876,0.04999999992663179,Bull
2013-03-07,0.7000000010426035,0.2500000010846028,0.04999999787279273,Bull
2013-03-08,0.7000000011337041,0.2500000008539264,0.049999998012376604,Bull
2013-03-11,0.7000000034874813,0.24999999808404105,0.04999999842847968,Bull
2013-03-12,0.7000000028389686,0.2499999985837985,0.04999999857721629,Bull
2013-03-13,0.700000001413078,0.25000000029367725,0.04999999829323131,Bull
2013-03-14,0.7000000012150804,0.2500000006370861,0.049999998147834304,Bull
2013-03-15,0.7000000016685842,0.2499999997708409,0.04999999856057733,Bull
2013-03-18,0.7000000005364097,0.2500000018008088,0.049999997662778385,Bull
2013-03-19,0.7000000013900239,0.25000000195094757,0.0499999966590434,Bull
2013-03-20,0.7000000004451942,0.2500000020311284,0.04999999752369596,Bull
2013-03-21,0.7000000012589177,0.2500000016917026,0.049999997049394895,Bull
2013-03-22,0.6999999996464707,0.2500000017446326,0.04999999860890955,Bull
2013-03-25,0.699999999905795,0.25000000206556294,0.04999999802865871,Bull
2013-03-26,0.7000000010028108,0.2500000019570739,0.0499999970401331,Bull
2013-03-27,0.700000000942766,0.2500000017156879,0.04999999734156162,Bull
2013-03-28,0.7000000011836206,0.25000000173957937,0.0499999970768114,Bull
2013-04-01,0.7000000005820848,0.2500000022601044,0.04999999715781973,Bull
2013-04-02,0.7000000011933631,0.25000000179384557,0.04999999701280307,Bull
2013-04-03,0.7000000000480855,0.25000000003097445,0.04999999992094227,Bull
2013-04-04,0.7000000003984636,0.25000000254403354,0.049999997057499905,Bull
2013-04-05,0.6999999999032215,0.2500000001873023,0.049999999909476234,Bull
2013-04-08,0.5500002891258224,0.39999971099170784,0.04999999988246959,Bull
2013-04-09,0.5500000535462523,0.39999994698443686,0.0499999994693194,Bull
2013-04-10,0.7000000032699291,0.2500000021329098,0.04999999459716113,Bull
2013-04-11,0.7000000012427203,0.25000000194427346,0.04999999681301472,Bull
2013-04-12,0.25000000000747447,0.46960449475564275,0.2803955052368826,Crisis
2013-04-15,0.24999999827556854,0.46960469209082806,0.28039530963360343,Crisis
2013-04-16,0.7000000001865151,0.2500000004202635,0.0499999993932219,Bull
2013-04-17,0.7000000000769849,0.25000000029784847,0.049999999625170634,Bull
2013-04-18,0.700000000139964,0.2500000001720054,0.049999999688033946,Bull
2013-04-19,0.7000000001193633,0.2500000002431482,0.049999999637490536,Bull
2013-04-22,0.7000000001132628,0.2500000002547796,0.04999999963196074,Bull
2013-04-23,0.7000000001661546,0.250000000097501,0.0499999997363501,Bull
2013-04-24,0.7000000000499899,0.2500000000331171,0.049999999916899296,Bull
2013-04-25,0.7000000000546247,0.2500000000339423,0.04999999991143499,Bull
2013-04-26,0.700000000014671,0.2500000000144051,0.04999999997093977,Bull
2013-04-29,0.700000001328452,0.2500000023805174,0.04999999629103071,Bull
2013-04-30,0.7000000000377271,0.2500000000430431,0.04999999991922991,Bull
2013-05-01,0.7000000025399432,0.2500000031676618,0.04999999429239497,Bull
2013-05-02,0.7000000001895884,0.2500000001607176,0.04999999964975596,Bull
2013-05-03,0.7000000001151094,0.25000000005517564,0.04999999982971982,Bull
2013-05-06,0.7000000000334067,0.249999999999861,0.04999999996675852,Bull
2013-05-07,0.700000000010663,0.2500000000195097,0.049999999969827146,Bull
2013-05-08,0.7000000000064397,0.25000000002170786,0.04999999997186132,Bull
2013-05-09,0.7000000009347132,0.2500000011541128,0.04999999791117156,Bull
2013-05-10,0.7000000009104203,0.25000000134911454,0.04999999774046767,Bull
2013-05-13,0.7000000014618405,0.249999999998343,0.04999999853982146,Bull
2013-05-14,0.7000000016882224,0.24999999931896305,0.04999999899281294,Bull
2013-05-15,0.7000000018101848,0.24999999900983919,0.04999999917997169,Bull
2013-05-16,0.7000000016569317,0.24999999917467433,0.04999999916838889,Bull
2013-05-17,0.7000000019798405,0.2499999986498007,0.04999999937035499,Bull
2013-05-20,0.7000000023497552,0.24999999816882143,0.049999999481420664,Bull
2013-05-21,0.7000000027844585,0.24999999774166826,0.04999999947386687,Bull
2013-05-22,0.7000000026234798,0.24999999788878732,0.04999999948772991,Bull
2013-05-23,0.700000002556171,0.24999999830186964,0.04999999914195993,Bull
2013-05-24,0.7000000026599349,0.24999999810134352,0.049999999238721775,Bull
2013-05-28,0.7000000026268146,0.24999999791893432,0.04999999945424806,Bull
2013-05-29,0.7000000019465212,0.24999999786873534,0.05000000018473897,Bull
2013-05-30,0.700000002520036,0.2499999976828431,0.04999999979711685,Bull
2013-05-31,0.7000000021454136,0.2499999976040606,0.05000000025051951,Bull
2013-06-03,0.7000000025079751,0.24999999797159467,0.0499999995204264,Bull
2013-06-04,0.7000000014625068,0.2499999973094477,0.05000000122803982,Bull
2013-06-05,0.700000001860128,0.24999999454027155,0.050000003599594514,Bull
2013-06-06,0.7000000000819829,0.24999999994737002,0.049999999970646906,Bull
2013-06-07,0.700000004234079,0.24999999654467805,0.049999999221242826,Bull
2013-06-10,0.7000000000755706,0.24999999996031877,0.04999999996402241,Bull
2013-06-11,0.7000000027933441,0.24999999764011305,0.049999999566542976,Bull
2013-06-12,0.7000000021475921,0.24999999794683744,0.04999999990557046,Bull
2013-06-13,0.7000000054702424,0.24999999661140218,0.04999999791835531,Bull
2013-06-14,0.7000000023965992,0.24999999777331866,0.04999999983008201,Bull
2013-06-17,0.7000000022840162,0.24999999833658046,0.049999999379400514,Bull
2013-06-18,0.7000000029470803,0.24999999753239038,0.0499999995205293,Bull
2013-06-19,0.700000002147972,0.24999999835240214,0.04999999949962054,Bull
2013-06-20,0.24999999997110167,0.533783731418007,0.21621626861089183,Crisis
2013-06-21,0.7000000039751545,0.24999999976416723,0.049999996260678276,Bull
2013-06-24,0.7000000026733821,0.24999999903355793,0.04999999829306798,Bull
2013-06-25,0.7000000026744521,0.24999999895388425,0.04999999837166977,Bull
2013-06-26,0.7000000001516625,0.24999999994128863,0.049999999907028726,Bull
2013-06-27,0.7000000025443941,0.24999999911695886,0.049999998338655295,Bull
2013-06-28,0.7000000024259908,0.24999999908649298,0.049999998487521534,Bull
2013-07-01,0.7000000026732965,0.24999999927816216,0.049999998048547205,Bull
2013-07-02,0.7000000027912963,0.24999999930447483,0.04999999790423573,Bull
2013-07-03,0.7000000027310315,0.24999999912789078,0.04999999814108333,Bull
2013-07-05,0.7000000023804646,0.24999999889449115,0.049999998725046985,Bull
2013-07-08,0.7000000022719336,0.24999999887109384,0.04999999885697627,Bull
2013-07-09,0.7000000024379642,0.24999999887296898,0.04999999868907136,Bull
2013-07-10,0.7000000023096145,0.249999998854241,0.04999999883614677,Bull
2013-07-11,0.7000000001302042,0.24999999995191524,0.04999999991786106,Bull
2013-07-12,0.7000000002076369,0.2499999998820525,0.04999999991031001,Bull
2013-07-15,0.700000000198937,0.24999999983932625,0.049999999961735514,Bull
2013-07-16,0.7000000001994556,0.24999999986685056,0.049999999933692196,Bull
2013-07-17,0.7000000001804417,0.24999999984441318,0.04999999997514371,Bull
2013-07-18,0.7000000001830246,0.24999999991589225,0.04999999990108133,Bull
2013-07-19,0.7000000002353108,0.24999999980023455,0.049999999964453826,Bull
2013-07-22,0.700000000189731,0.24999999989118282,0.049999999919083986,Bull
2013-07-23,0.7000000001019034,0.2499999998527492,0.05000000004534495,Bull
2013-07-24,0.7000000001494627,0.24999999965977118,0.05000000019076357,Bull
2013-07-25,0.7000000002767792,0.24999999871055487,0.05000000101266248,Bull
2013-07-26,0.7000000002622186,0.249999999059659,0.05000000067811175,Bull
2013-07-29,0.7000000002659104,0.24999999900835743,0.050000000725725094,Bull
2013-07-30,0.7000000003369571,0.24999999873628886,0.050000000926746474,Bull
2013-07-31,0.7000000002625069,0.24999999912922014,0.05000000060825999,Bull
2013-08-01,0.7000000002414991,0.24999999983618665,0.04999999992230425,Bull
2013-08-02,0.7000000001897487,0.2499999997678296,0.05000000004241952,Bull
2013-08-05,0.7000000002052268,0.24999999977852314,0.05000000001624737,Bull
2013-08-06,0.7000000001628691,0.24999999977787749,0.05000000005925038,Bull
2013-08-07,0.700000000198892,0.24999999977081905,0.050000000030286304,Bull
2013-08-08,0.7000000001842327,0.24999999991623337,0.049999999899531,Bull
2013-08-09,0.7000000002319369,0.24999999985612853,0.04999999991193374,Bull
2013-08-12,0.7000000001594866,0.2499999999368041,0.04999999990370674,Bull
2013-08-13,0.700000000208287,0.24999999987960403,0.04999999991210803,Bull
2013-08-14,0.7000000002406528,0.24999999984601717,0.04999999991332859,Bull
2013-08-15,0.7000000002392625,0.24999999979807763,0.04999999996265817,Bull
2013-08-16,0.7000000002955631,0.2499999993999711,0.05000000030446312,Bull
2013-08-19,0.7000000002522999,0.24999999949077523,0.05000000025691702,Bull
2013-08-20,0.7000000003124836,0.24999999852135635,0.05000000116615256,Bull
2013-08-21,0.7000000001834759,0.24999999983569574,0.0499999999807959,Bull
2013-08-22,0.7000000002253052,0.2499999994487462,0.0500000003259454,Bull
2013-08-23,0.7000000001489592,0.24999999978239823,0.05000000006862785,Bull
2013-08-26,0.7000000001309739,0.24999999981009285,0.05000000005892723,Bull
2013-08-27,0.7000000002102755,0.24999999952275676,0.05000000026696404,Bull
2013-08-28,0.700000000164094,0.24999999983204607,0.05000000000384801,Bull
2013-08-29,0.7000000001822694,0.24999999967129333,0.0500000001464332,Bull
2013-08-30,0.7000000001375996,0.2499999998333705,0.05000000002901978,Bull
2013-09-03,0.7000000001803901,0.249999999849164,0.04999999997044242,Bull
2013-09-04,0.7000000003195643,0.24999999857997068,0.05000000110046244,Bull
2013-09-05,0.7000000003590109,0.24999999784592108,0.050000001795051346,Bull
2013-09-06,0.700000000251243,0.24999999917008928,0.050000000578641755,Bull
2013-09-09,0.7000000003377358,0.24999999825873595,0.05000000140351925,Bull
2013-09-10,0.7000000002970095,0.2499999989698442,0.05000000073312537,Bull
2013-09-11,0.7000000001766993,0.24999999988609006,0.04999999993719623,Bull
2013-09-12,0.7000000056371318,0.2499999972936895,0.049999997069178605,Bull
2013-09-13,0.7000000020104866,0.24999999832853514,0.049999999660978255,Bull
2013-09-16,0.7000000022952434,0.2499999987510264,0.04999999895373247,Bull
2013-09-17,0.7000000024255008,0.24999999869838516,0.04999999887611818,Bull
2013-09-18,0.7000000020692351,0.2499999984512178,0.04999999947954565,Bull
2013-09-19,0.7000000018762876,0.2499999989532314,0.049999999170477684,Bull
2013-09-20,0.7000000023803556,0.24999999880841342,0.04999999881123397,Bull
2013-09-23,0.7000000017243011,0.2499999988589247,0.049999999416771336,Bull
2013-09-24,0.7000000017017504,0.24999999896825278,0.0499999993299933,Bull
2013-09-25,0.7000000016079169,0.24999999919685828,0.049999999195220725,Bull
2013-09-26,0.70000000161972,0.2499999991673694,0.04999999921290721,Bull
2013-09-27,0.7000000018229894,0.24999999873819045,0.04999999943881882,Bull
2013-09-30,0.7000000022222445,0.2499999985748997,0.04999999920285627,Bull
2013-10-01,0.7000000023993665,0.24999999856057648,0.04999999904005909,Bull
2013-10-02,0.7000000018532464,0.24999999868784265,0.04999999945890724,Bull
2013-10-03,0.7000000020794277,0.24999999851358962,0.0499999994069818,Bull
2013-10-04,0.7000000020635767,0.24999999840081244,0.049999999535608686,Bull
2013-10-07,0.7000000020517817,0.24999999844370205,0.049999999504514205,Bull
2013-10-08,0.7000000019411754,0.24999999848369556,0.04999999957512544,Bull
2013-10-09,0.7000000017562822,0.24999999912769705,0.04999999911601408,Bull
2013-10-10,0.7000000016204802,0.2499999994020916,0.04999999897742352,Bull
2013-10-11,0.7000000017169011,0.24999999905563416,0.04999999922746172,Bull
2013-10-14,0.7000000016679213,0.24999999905484505,0.049999999277230416,Bull
2013-10-15,0.7000000018928964,0.2499999986061362,0.049999999500966744,Bull
2013-10-16,0.7000000020328316,0.2499999984473638,0.049999999519803426,Bull
2013-10-17,0.700000002054876,0.24999999863262556,0.049999999312498156,Bull
2013-10-18,0.700000002346194,0.24999999889538557,0.04999999875842353,Bull
2013-10-21,0.7000000019132889,0.2499999988852193,0.04999999920149132,Bull
2013-10-22,0.7000000017196758,0.24999999900882458,0.04999999927149751,Bull
2013-10-23,0.700000001810004,0.249999999138105,0.04999999905188993,Bull
2013-10-24,0.7000000022707649,0.2499999990373726,0.0499999986918648,Bull
2013-10-25,0.7000000023555553,0.24999999906963638,0.04999999857481072,Bull
2013-10-28,0.7000000028256346,0.249999999398209,0.04999999777616217,Bull
2013-10-29,0.7000000027556299,0.24999999938095768,0.049999997863419285,Bull
2013-10-30,0.7000000027135095,0.24999999922774502,0.04999999805874983,Bull
2013-10-31,0.7000000027526244,0.24999999936832565,0.04999999787905619,Bull
2013-11-01,0.7000000025588589,0.24999999930956887,0.04999999813157875,Bull
2013-11-04,0.700000002513089,0.2499999992544416,0.049999998232475626,Bull
2013-11-05,0.7000000026707236,0.24999999925980543,0.04999999806947654,Bull
2013-11-06,0.7000000025287767,0.2499999983693267,0.04999999910189661,Bull
2013-11-07,0.7000000025172133,0.2499999992991407,0.049999998183650085,Bull
2013-11-08,0.700000002367527,0.24999999918845678,0.04999999844402119,Bull
2013-11-11,0.7000000000828576,0.24999999997242334,0.04999999994470483,Bull
2013-11-12,0.7000000000874459,0.24999999997109437,0.04999999994145925,Bull
2013-11-13,0.7000000048630539,0.2499999980817173,0.049999997055228694,Bull
2013-11-14,0.7000000000874428,0.249999999971157,0.049999999941367765,Bull
2013-11-15,0.7000000001105174,0.24999999996390565,0.04999999992557655,Bull
2013-11-18,0.7000000001182192,0.24999999995967392,0.04999999992210638,Bull
2013-11-19,0.7000000056816189,0.24999999796180433,0.049999996356576655,Bull
2013-11-20,0.70000000230997,0.2499999985813745,0.049999999108655664,Bull
2013-11-21,0.700000001831963,0.24999999896370972,0.049999999204327294,Bull
2013-11-22,0.7000000018727194,0.24999999903715128,0.04999999909013056,Bull
2013-11-25,0.7000000021266963,0.24999999914088233,0.04999999873242134,Bull
2013-11-26,0.7000000021165274,0.2499999991916791,0.049999998691793585,Bull
2013-11-27,0.7000000020988875,0.24999999921842747,0.04999999868268514,Bull
2013-11-29,0.7000000020875158,0.2499999991997377,0.04999999871275114,Bull
2013-12-02,0.7000000020806505,0.24999999916830304,0.04999999875105072,Bull
2013-12-03,0.7000000021023461,0.24999999911901896,0.04999999877863496,Bull
2013-12-04,0.7000000021189489,0.2499999991339636,0.049999998747087465,Bull
2013-12-05,0.7000000037590822,0.24999999823312624,0.04999999800779133,Bull
2013-12-06,0.7000000020771135,0.2499999986439568,0.04999999927892977,Bull
2013-12-09,0.7000000021306524,0.24999999864471778,0.04999999922463003,Bull
2013-12-10,0.7000000018807278,0.24999999894808758,0.04999999917118481,Bull
2013-12-11,0.7000000020029522,0.24999999869942494,0.049999999297622895,Bull
2013-12-12,0.7000000020828803,0.2499999990611121,0.04999999885601057,Bull
2013-12-13,0.7000000021705022,0.2499999988657706,0.04999999896373165,Bull
2013-12-16,0.700000002231002,0.2499999990983259,0.04999999867067686,Bull
2013-12-17,0.7000000020034814,0.24999999903731057,0.04999999895921043,Bull
2013-12-18,0.7000000021755363,0.24999999891883512,0.049999998905632566,Bull
2013-12-19,0.7000000022019376,0.2499999990054528,0.049999998792613465,Bull
2013-12-20,0.7000000020828702,0.24999999891524705,0.049999999001885884,Bull
2013-12-23,0.7000000021416062,0.24999999901773204,0.04999999884066485,Bull
2013-12-24,0.7000000022178462,0.24999999919627688,0.049999998585876684,Bull
2013-12-26,0.7000000021930088,0.24999999926480831,0.04999999854218291,Bull
2013-12-27,0.7000000019816964,0.2499999990576184,0.04999999896068746,Bull
2013-12-30,0.7000000020635188,0.2499999987315486,0.049999999204932456,Bull
2013-12-31,0.7000000018467881,0.24999999896185582,0.049999999191355886,Bull
2014-01-02,0.7000000021582675,0.24999999928219466,0.049999998559537746,Bull
2014-01-03,0.7000000021593772,0.2499999989717777,0.04999999886884939,Bull
2014-01-06,0.7000000022703763,0.249999999101044,0.049999998628583564,Bull
2014-01-07,0.7000000022977109,0.2499999990880189,0.049999998614274385,Bull
2014-01-08,0.7000000023333665,0.24999999915565638,0.049999998510981664,Bull
2014-01-09,0.7000000022869666,0.24999999914343224,0.049999998569606185,Bull
2014-01-10,0.7000000022607381,0.24999999910471404,0.049999998634552206,Bull
2014-01-13,0.700000002123949,0.24999999905825185,0.04999999881780145,Bull
2014-01-14,0.7000000022249953,0.24999999902836992,0.0499999987466377,Bull
2014-01-15,0.7000000021778531,0.24999999904659295,0.049999998775556824,Bull
2014-01-16,0.7000000021803257,0.2499999990497267,0.0499999987699508,Bull
2014-01-17,0.700000002122735,0.24999999903730352,0.04999999883996397,Bull
2014-01-21,0.7000000018622401,0.24999999909396314,0.049999999043796726,Bull
2014-01-22,0.7000000018725099,0.2499999990443037,0.04999999908318668,Bull
2014-01-23,0.7000000017961573,0.24999999901804354,0.04999999918579902,Bull
2014-01-24,0.700000001723388,0.249999999145652,0.04999999913095887,Bull
2014-01-27,0.7000000014013821,0.24999999937244158,0.04999999922617363,Bull
2014-01-28,0.7000000013841513,0.2499999997988964,0.04999999881694901,Bull
2014-01-29,0.7000000013655509,0.24999999986300467,0.04999999877144247,Bull
2014-01-30,0.7000000012731105,0.250000000276741,0.04999999845014557,Bull
2014-01-31,0.7000000011799139,0.250000000386,0.049999998434083724,Bull
2014-02-03,0.7000000011972058,0.2500000003849484,0.049999998417843874,Bull
2014-02-04,0.7000000005264532,0.2500000014724813,0.04999999800106345,Bull
2014-02-05,0.7000000010109328,0.25000000068668493,0.049999998302383136,Bull
2014-02-06,0.7000000008877759,0.25000000086696766,0.049999998245255174,Bull
2014-02-07,0.7000000012342699,0.2500000002518192,0.04999999851391067,Bull
2014-02-10,0.7000000013489373,0.2500000000176234,0.04999999863343814,Bull
2014-02-11,0.7000000013517593,0.2499999999676002,0.04999999868063875,Bull
2014-02-12,0.7000000015596629,0.24999999938316858,0.049999999057169335,Bull
2014-02-13,0.7000000016100101,0.2499999993322898,0.04999999905769915,Bull
2014-02-14,0.7000000015554994,0.24999999947716114,0.04999999896733776,Bull
2014-02-18,0.7000000023604035,0.24999999896177502,0.04999999867782339,Bull
2014-02-19,0.7000000025281954,0.24999999892858643,0.049999998543218835,Bull
2014-02-20,0.7000000023132367,0.2499999989683147,0.049999998718447784,Bull
2014-02-21,0.700000002711262,0.24999999913543802,0.049999998153306094,Bull
2014-02-24,0.7000000026963853,0.24999999916969073,0.0499999981339305,Bull
2014-02-25,0.700000002687314,0.24999999907906345,0.04999999823362922,Bull
2014-02-26,0.7000000021960223,0.24999999846595206,0.04999999933802638,Bull
2014-02-27,0.7000000026507059,0.24999999920289753,0.0499999981463996,Bull
2014-02-28,0.7000000026073107,0.24999999910875687,0.0499999982839371,Bull
2014-03-03,0.7000000026468685,0.24999999911762796,0.049999998235509234,Bull
2014-03-04,0.7000000026777246,0.2499999989205488,0.049999998401732734,Bull
2014-03-05,0.7000000025393392,0.24999999886582433,0.04999999859484095,Bull
2014-03-06,0.7000000026985174,0.24999999907527223,0.04999999822621604,Bull
2014-03-07,0.7000000026433505,0.24999999894924252,0.04999999840741274,Bull
2014-03-10,0.7000000027085039,0.24999999909364712,0.04999999819785478,Bull
2014-03-11,0.700000002604276,0.24999999902316195,0.04999999837256609,Bull
2014-03-12,0.7000000025894203,0.24999999902193995,0.04999999838864263,Bull
2014-03-13,0.7000000026586259,0.24999999899573172,0.04999999834564653,Bull
2014-03-14,0.7000000023075469,0.24999999893624966,0.04999999875620276,Bull
2014-03-17,0.7000000022281979,0.2499999989627276,0.049999998809072174,Bull
2014-03-18,0.700000002496877,0.24999999897721267,0.0499999985259112,Bull
2014-03-19,0.7000000024637758,0.24999999900634037,0.04999999852988502,Bull
2014-03-20,0.7000000026532457,0.24999999890184055,0.049999998444914845,Bull
2014-03-21,0.700000002470394,0.24999999887518665,0.04999999865441881,Bull
2014-03-24,0.7000000024258298,0.2499999989103238,0.049999998663845836,Bull
2014-03-25,0.7000000017294287,0.2499999994358945,0.049999998834673376,Bull
2014-03-26,0.7000000021982372,0.24999999908761572,0.049999998714147446,Bull
2014-03-27,0.7000000013890912,0.24999999967791342,0.04999999893299166,Bull
2014-03-28,0.700000001307376,0.2499999997726846,0.04999999891993778,Bull
2014-03-31,0.7000000014039014,0.24999999963571637,0.04999999896038166,Bull
2014-04-01,0.7000000018158903,0.24999999931312705,0.04999999887098296,Bull
2014-04-02,0.7000000023649966,0.24999999894552682,0.049999998689477576,Bull
2014-04-03,0.7000000028039594,0.24999999932745065,0.04999999786859572,Bull
2014-04-04,0.7000000028787469,0.24999999934297065,0.04999999777828976,Bull
2014-04-07,0.7000000028445895,0.24999999898064285,0.04999999817477287,Bull
2014-04-08,0.7000000028754687,0.24999999925911828,0.04999999786541673,Bull
2014-04-09,0.7000000028221326,0.24999999917316526,0.04999999800470568,Bull
2014-04-10,0.7000000000634549,0.24999999998351682,0.04999999995302808,Bull
2014-04-11,0.7000000025336901,0.24999999884103274,0.04999999862528081,Bull
2014-04-14,0.7000000027687934,0.2499999980223632,0.0499999992088425,Bull
2014-04-15,0.7000000002217637,0.10000000007801035,0.19999999970022603,Bull
2014-04-16,0.6999999988109166,0.10113671957146722,0.19886328161761646,Bull
2014-04-17,0.7000000003415913,0.10000001055423732,0.19999998910403238,Bull
2014-04-21,0.6999999999336456,0.10000011928148735,0.19999988078483885,Bull
2014-04-22,0.7000000040032925,0.2499999836768707,0.0500000123198367,Bull
2014-04-23,0.7000000019272393,0.2499999946513954,0.05000000342130661,Bull
2014-04-24,0.7000000020835107,0.24999999592083563,0.050000001995653826,Bull
2014-04-25,0.7000000024894306,0.24999999606124487,0.0500000014493245,Bull
2014-04-28,0.7000000029377346,0.24999999717360313,0.0499999998886623,Bull
2014-04-29,0.7000000000758999,0.2499999999456601,0.049999999978440055,Bull
2014-04-30,0.7000000059475209,0.24999999633188058,0.04999999772059853,Bull
2014-05-01,0.7000000032129879,0.2499999972779785,0.04999999950903373,Bull
2014-05-02,0.7000000042101931,0.24999999677658438,0.04999999901322227,Bull
2014-05-05,0.7000000027829687,0.24999999741068393,0.04999999980634722,Bull
2014-05-06,0.7000000028792549,0.24999999862418124,0.04999999849656062,Bull
2014-05-07,0.7000000028524799,0.2499999989192192,0.049999998228302034,Bull
2014-05-08,0.7000000028167844,0.24999999892680116,0.049999998256416676,Bull
2014-05-09,0.7000000027838872,0.24999999906817644,0.049999998147936556,Bull
2014-05-12,0.7000000029443149,0.24999999906574105,0.04999999798994896,Bull
2014-05-13,0.7000000029195746,0.24999999859380773,0.04999999848662129,Bull
2014-05-14,0.7000000025960761,0.2499999984979349,0.04999999890598526,Bull
2014-05-15,0.7000000016115709,0.2499999991919304,0.04999999919648712,Bull
2014-05-16,0.7000000015864211,0.2499999992036721,0.04999999920989899,Bull
2014-05-19,0.7000000024845828,0.24999999832711087,0.04999999918830124,Bull
2014-05-20,0.7000000033446392,0.24999999770461712,0.049999998950729194,Bull
2014-05-21,0.7000000016973126,0.24999999917460633,0.04999999912806035,Bull
2014-05-22,0.7000000026641809,0.24999999809348195,0.04999999924233104,Bull
2014-05-23,0.7000000035004319,0.24999999784971358,0.0499999986498394,Bull
2014-05-27,0.700000002270518,0.24999999850635032,0.04999999922311599,Bull
2014-05-28,0.700000001709005,0.24999999903330686,0.049999999257677466,Bull
2014-05-29,0.7000000006773077,0.25000000163683694,0.04999999768584753,Bull
2014-05-30,0.7000000012062801,0.2500000004775134,0.04999999831621476,Bull
2014-06-02,0.7000000010839266,0.2500000011058917,0.04999999781018212,Bull
2014-06-03,0.7000000013979936,0.24999999999127176,0.04999999861073948,Bull
2014-06-04,0.7000000013420943,0.2499999997320241,0.0499999989258809,Bull
2014-06-05,0.700000001404823,0.24999999978312296,0.04999999881205121,Bull
2014-06-06,0.7000000019889561,0.249999998652516,0.04999999935852762,Bull
2014-06-09,0.7000000017731326,0.24999999896043967,0.0499999992664215,Bull
2014-06-10,0.700000001733612,0.24999999920245508,0.04999999906392551,Bull
2014-06-11,0.7000000017433277,0.24999999920883792,0.04999999904782826,Bull
2014-06-12,0.7000000023508244,0.2499999984470319,0.049999999202138476,Bull
2014-06-13,0.7000000017941265,0.24999999932439765,0.0499999988814646,Bull
2014-06-16,0.7000000023279073,0.24999999868596734,0.04999999898611938,Bull
2014-06-17,0.7000000018921796,0.24999999906658832,0.049999999041222806,Bull
2014-06-18,0.7000000019646703,0.24999999895706576,0.04999999907825649,Bull
2014-06-19,0.7000000026236962,0.24999999866802744,0.049999998708267095,Bull
2014-06-20,0.7000000030458331,0.24999999612490745,0.050000000829259476,Bull
2014-06-23,0.7000000003771163,0.24999999939731632,0.050000000225525816,Bull
2014-06-24,0.700000000142871,0.24999999977631762,0.0500000000807987,Bull
2014-06-25,0.7000000001989148,0.24999999955831037,0.05000000024277126,Bull
2014-06-26,0.7000000000861298,0.24999999991471042,0.04999999999914574,Bull
2014-06-27,0.7000000002411261,0.2499999997818073,0.04999999997706518,Bull
2014-06-30,0.7000000015287374,0.10000000242485708,0.19999999604640561,Bull
2014-07-01,0.7000000011042248,0.10000000246478663,0.19999999643098845,Bull
2014-07-02,0.6999999989197802,0.10000178435772303,0.19999821672249699,Bull
2014-07-03,0.7000000004475442,0.10000000131975162,0.1999999982327029,Bull
2014-07-07,0.7000000014107628,0.10000000295395976,0.19999999563527734,Bull
2014-07-08,0.7000000003987068,0.24999999936570785,0.050000000235584985,Bull
2014-07-09,0.7000000002146071,0.24999999978308463,0.050000000002296326,Bull
2014-07-10,0.7000000001775838,0.249999999813866,0.05000000000854535,Bull
2014-07-11,0.7000000000725656,0.24999999997576536,0.04999999995166009,Bull
2014-07-14,0.7000000020079845,0.24999999774015555,0.050000000251859696,Bull
2014-07-15,0.7000000025726338,0.24999999883052035,0.04999999859682743,Bull
2014-07-16,0.7000000026977197,0.24999999890192479,0.04999999840034328,Bull
2014-07-17,0.7000000027217596,0.24999999886111046,0.04999999841711882,Bull
2014-07-18,0.7000000018954322,0.2499999991422916,0.049999998962263,Bull
2014-07-21,0.700000000664357,0.25000000076114404,0.049999998574491306,Bull
2014-07-22,0.7000000010476388,0.25000000030194836,0.049999998650415885,Bull
2014-07-23,0.7000000003676735,0.250000001823783,0.04999999780854357,Bull
2014-07-24,0.7000000002381621,0.2500000021188678,0.04999999764297933,Bull
2014-07-25,0.7000000002718452,0.2500000020610775,0.04999999766708828,Bull
2014-07-28,0.7000000016100685,0.2500000019832491,0.04999999640669199,Bull
2014-07-29,0.7000000010813741,0.25000000186965565,0.04999999704898062,Bull
2014-07-30,0.7000000013629851,0.2500000020329305,0.04999999660409331,Bull
2014-07-31,0.7000000008353858,0.2500000017791139,0.04999999738551183,Bull
2014-08-01,0.700000000881466,0.2500000021048405,0.04999999701370382,Bull
2014-08-04,0.6999999938140298,0.2500000089559171,0.04999999723005475,Bull
2014-08-05,0.7000000007265911,0.25000000226985625,0.0499999970035527,Bull
2014-08-06,0.6999999839253928,0.25000001936582134,0.04999999670879319,Bull
2014-08-07,0.6999999996377824,0.250000000702599,0.04999999965963354,Bull
2014-08-08,0.6999999884075505,0.2500000161517439,0.049999995440705824,Bull
2014-08-11,0.7000000010223845,0.2500000028080407,0.0499999961695748,Bull
2014-08-12,0.7000000005717876,0.2500000020782859,0.04999999734992667,Bull
2014-08-13,0.7000000005213413,0.25000000207499407,0.049999997403664696,Bull
2014-08-14,0.6999999952803417,0.2500000080654979,0.049999996654157615,Bull
2014-08-15,0.6999999998283849,0.25000000412964046,0.049999996041974755,Bull
2014-08-18,0.7000000019784758,0.2500000037750999,0.04999999424642441,Bull
2014-08-19,0.700000001543775,0.25000000313884163,0.04999999531738343,Bull
2014-08-20,0.7000000002549788,0.2500000025634134,0.04999999718160795,Bull
2014-08-21,0.7000000002915786,0.2500000027557792,0.0499999969526422,Bull
2014-08-22,0.7000000000394548,0.25000000004635065,0.049999999914286365,Bull
2014-08-25,0.7000000000480895,0.25000000005800277,0.04999999989390913,Bull
2014-08-26,0.7000000000761625,0.25000000009602896,0.049999999827809505,Bull
2014-08-27,0.7000000000640636,0.2500000000502656,0.04999999988567312,Bull
2014-08-28,0.7000000029994188,0.25000000290661833,0.04999999409396278,Bull
2014-08-29,0.7000000000772725,0.2500000000618231,0.04999999986096655,Bull
2014-09-02,0.700000000031598,0.2500000000320094,0.04999999993639519,Bull
2014-09-03,0.700000000430237,0.2500000018766925,0.04999999769307045,Bull
2014-09-04,0.7000000000934059,0.2500000000756902,0.04999999983093539,Bull
2014-09-05,0.7000000000748638,0.25000000005185485,0.049999999873282845,Bull
2014-09-08,0.7000000000354424,0.25000000003782713,0.04999999992673239,Bull
2014-09-09,0.7000000000911022,0.25000000008571677,0.04999999982318173,Bull
2014-09-10,0.7000000000756912,0.25000000016548996,0.049999999758820066,Bull
2014-09-11,0.7000000000697739,0.25000000012837353,0.049999999801855564,Bull
2014-09-12,0.7000000000947235,0.2500000000972565,0.049999999808022444,Bull
2014-09-15,0.7000000019946817,0.2500000034127364,0.04999999459258182,Bull
2014-09-16,0.7000000017491749,0.25000000340534034,0.04999999484548473,Bull
2014-09-17,0.6999999999486514,0.2500000026386072,0.04999999741274118,Bull
2014-09-18,0.7000000002384724,0.25000000254045435,0.049999997221073254,Bull
2014-09-19,0.7000000001096536,0.2500000000605338,0.04999999982987974,Bull
2014-09-22,0.7000000001057198,0.2500000002328762,0.049999999661404684,Bull
2014-09-23,0.7000000000888541,0.2500000000688808,0.04999999984227141,Bull
2014-09-24,0.7000000000583381,0.25000000004857736,0.04999999989308733,Bull
2014-09-25,0.7000000012111293,0.25000000149192964,0.04999999729693486,Bull
2014-09-26,0.700000000091541,0.2500000000632089,0.04999999984529547,Bull
2014-09-29,0.7000000000739255,0.25000000005525463,0.049999999870821765,Bull
2014-09-30,0.700000000102288,0.25000000009395024,0.049999999803763025,Bull
2014-10-01,0.7000000000915879,0.25000000006375006,0.04999999984466438,Bull
2014-10-02,0.6999999939837855,0.25000000770510483,0.049999998311109545,Bull
2014-10-03,0.6999999999973958,0.25000000023835545,0.049999999764248716,Bull
2014-10-06,0.7000000000504413,0.25000000023717633,0.04999999971238579,Bull
2014-10-07,0.7000000000286732,0.25000000017808754,0.04999999979324411,Bull
2014-10-08,0.6999999339487446,0.2500000695783958,0.04999999647285951,Bull
2014-10-09,0.70000000018955,0.25000000024571245,0.04999999956473781,Bull
2014-10-10,0.6999999981310594,0.25000000748323087,0.049999994385709665,Bull
2014-10-13,0.5500000000316304,0.4000000000474378,0.04999999992093183,Bull
2014-10-14,0.5500000020426502,0.4000000012061019,0.049999996751257506,Bull
2014-10-15,0.5500000017527346,0.40000000127854046,0.04999999696874612,Bull
2014-10-16,0.5500000015949014,0.4000000011506144,0.04999999725450261,Bull
2014-10-17,0.5500000012224984,0.400000001295776,0.049999997481744114,Bull
2014-10-20,0.5500000021668698,0.40000000056683904,0.04999999726630107,Bull
2014-10-21,0.5500000020864713,0.40000000033372846,0.049999997579818156,Bull
2014-10-22,0.5500000029389872,0.39999999935448816,0.04999999770654024,Bull
2014-10-23,0.550000004410882,0.39999999887258164,0.049999996716536335,Bull
2014-10-24,0.5500000001096004,0.4000000000137559,0.04999999987664373,Bull
2014-10-27,0.5500000000805715,0.4000000000418349,0.04999999987759942,Bull
2014-10-28,0.5500000005338355,0.3999999995599042,0.04999999990626727,Bull
2014-10-29,0.6514640108633213,0.29853598934071635,0.049999999795963354,Bull
2014-10-30,0.550000002281198,0.3999999978757349,0.04999999984306812,Bull
2014-10-31,0.5500096643535806,0.399990335049641,0.05000000059677839,Bull
2014-11-03,0.6999999986265784,0.25000000193519467,0.04999999943822761,Bull
2014-11-04,0.699999999792624,0.25000000049122056,0.04999999971619157,Bull
2014-11-05,0.5500357296065894,0.39996426998202894,0.05000000041138183,Bull
2014-11-06,0.550000004608708,0.39999999563417077,0.04999999975712122,Bull
2014-11-07,0.5993107403236758,0.35068925944917384,0.050000000227150496,Bull
2014-11-10,0.6999999981972704,0.2500000019554411,0.0499999998472892,Bull
2014-11-11,0.5500000005396815,0.39999999958660487,0.049999999873713875,Bull
2014-11-12,0.5500000207043193,0.39999998256521746,0.04999999673046734,Bull
2014-11-13,0.5500000011779261,0.39999999898429756,0.04999999983777674,Bull
2014-11-14,0.5500000221952972,0.39999998115859176,0.04999999664611821,Bull
2014-11-17,0.5500000097870584,0.3999999930460058,0.049999997166935525,Bull
2014-11-18,0.5500000115208625,0.3999999913362601,0.049999997142877284,Bull
2014-11-19,0.5500000216004817,0.39999998057704544,0.049999997822540415,Bull
2014-11-20,0.5500000004644984,0.39999999969158045,0.04999999984392243,Bull
2014-11-21,0.550000002199253,0.3999999992434286,0.04999999855732236,Bull
2014-11-24,0.5500000022243666,0.3999999994822304,0.049999998293415136,Bull
2014-11-25,0.5500000020021316,0.3999999994866445,0.04999999851123598,Bull
2014-11-26,0.550000001973724,0.39999999948274295,0.049999998543548224,Bull
2014-11-28,0.5500000019469387,0.3999999995889295,0.04999999846414229,Bull
2014-12-01,0.5500000027887543,0.39999999946391657,0.04999999774734183,Bull
2014-12-02,0.550000002451492,0.3999999998148567,0.04999999773367157,Bull
2014-12-03,0.5500000099017982,0.3999999929973339,0.049999997100880524,Bull
2014-12-04,0.5500000001738156,0.3999999999285161,0.04999999989766832,Bull
2014-12-05,0.5500000026891282,0.3999999993754518,0.04999999793542501,Bull
2014-12-08,0.5500000036341297,0.3999999986961124,0.04999999766977685,Bull
2014-12-09,0.5500000025942943,0.40000000049403556,0.04999999691169368,Bull
2014-12-10,0.5500000024997312,0.40000000085018456,0.04999999665010346,Bull
2014-12-11,0.5500000020981103,0.4000000012038104,0.049999996698100464,Bull
2014-12-12,0.5500000023118836,0.4000000009677828,0.04999999672035058,Bull
2014-12-15,0.5500000007440093,0.40000000104004496,0.049999998215962516,Bull
2014-12-16,0.5500000015164171,0.4000000010142841,0.049999997469310165,Bull
2014-12-17,0.5500000000672205,0.40000000114245626,0.04999999879033425,Bull
2014-12-18,0.550000001809891,0.4000000010146004,0.04999999717551788,Bull
2014-12-19,0.5500000022114533,0.400000001106111,0.04999999668245204,Bull
2014-12-22,0.5500000019537858,0.40000000098949495,0.049999997056736904,Bull
2014-12-23,0.5500000022987219,0.40000000095339655,0.04999999674789804,Bull
2014-12-24,0.5500000024471654,0.40000000076194303,0.04999999679090972,Bull
2014-12-26,0.550000002193512,0.4000000011128404,0.04999999669366703,Bull
2014-12-29,0.5500000019158415,0.4000000011234669,0.04999999696070997,Bull
2014-12-30,0.5500000018683182,0.4000000010477753,0.049999997083923275,Bull
2014-12-31,0.5500000009202494,0.4000000009995095,0.04999999808025659,Bull
2015-01-02,0.5500000000788724,0.4000000010598632,0.049999998861273556,Bull
2015-01-05,0.5500000006654392,0.4000000011027366,0.04999999823183082,Bull
2015-01-06,0.5499999993177389,0.4000000012482686,0.04999999943400022,Bull
2015-01-07,0.5499999999348317,0.4000000013274623,0.04999999873771145,Bull
2015-01-08,0.549999999228194,0.4000000013155395,0.04999999945627246,Bull
2015-01-09,0.5499999999240399,0.40000000094432825,0.04999999913163455,Bull
2015-01-12,0.5499999990930311,0.40000000123210455,0.049999999674869934,Bull
2015-01-13,0.549999999140252,0.40000000135058844,0.04999999950916289,Bull
2015-01-14,0.5499999997345252,0.4000000010591439,0.049999999206333336,Bull
2015-01-15,0.5499999998665637,0.4000000013926705,0.04999999874077269,Bull
2015-01-16,0.5499999977499553,0.4000000052403097,0.04999999700973482,Bull
2015-01-20,0.5499999983949831,0.40000000169691785,0.04999999990809642,Bull
2015-01-21,0.549999998422226,0.4000000016841229,0.04999999989365104,Bull
2015-01-22,0.5499999980604925,0.40000000210148035,0.0499999998380283,Bull
2015-01-23,0.5499999978336335,0.4000000023750506,0.049999999791316405,Bull
2015-01-26,0.5499999988180074,0.4000000012401192,0.04999999994187079,Bull
2015-01-27,0.55000000127585,0.40000000081874115,0.04999999790541161,Bull
2015-01-28,0.5499999990844574,0.4000000008213061,0.05000000009424578,Bull
2015-01-29,0.5499999991888768,0.4000000015991198,0.04999999921200819,Bull
2015-01-30,0.5500000007090144,0.4000000009492398,0.04999999834174904,Bull
2015-02-02,0.5499999985145053,0.4000000020915182,0.04999999939398716,Bull
2015-02-03,0.5499999988990719,0.40000000103766614,0.05000000006326162,Bull
2015-02-04,0.550000003826833,0.3999999992806425,0.04999999689252158,Bull
2015-02-05,0.550000002283809,0.4000000007559952,0.04999999696021744,Bull
2015-02-06,0.5500000029807103,0.400000000090163,0.0499999969291391,Bull
2015-02-09,0.550000002445343,0.40000000065010566,0.0499999969045699,Bull
2015-02-10,0.5500000020779368,0.40000000108489747,0.04999999683718464,Bull
2015-02-11,0.5500000023633649,0.4000000006320156,0.049999997004635845,Bull
2015-02-12,0.5500000022263299,0.4000000004667733,0.04999999730691352,Bull
2015-02-13,0.5500000023776281,0.40000000041490563,0.04999999720748256,Bull
2015-02-17,0.5500000025226238,0.39999999973906175,0.0499999977383296,Bull
2015-02-18,0.5500000029951327,0.39999999926112784,0.04999999774375128,Bull
2015-02-19,0.5500000026386708,0.3999999998324884,0.049999997528853965,Bull
2015-02-20,0.5500000030949755,0.3999999990456604,0.04999999785937671,Bull
2015-02-23,0.5500000033086715,0.39999999916577544,0.04999999752555296,Bull
2015-02-24,0.5500000027918734,0.3999999995028511,0.04999999770528916,Bull
2015-02-25,0.5500000021788062,0.40000000045836664,0.04999999736283666,Bull
2015-02-26,0.5500000022314459,0.40000000036769556,0.04999999740086626,Bull
2015-02-27,0.5500000030155365,0.39999999920730633,0.04999999777716727,Bull
2015-03-02,0.5500000023026228,0.4000000003901998,0.04999999730718966,Bull
2015-03-03,0.5500000044736422,0.3999999992285667,0.04999999629779113,Bull
2015-03-04,0.5500000001335367,0.40000000000980773,0.04999999985665563,Bull
2015-03-05,0.550000002287991,0.4000000004612565,0.049999997250753096,Bull
2015-03-06,0.5500000028088258,0.39999999982798257,0.04999999736320253,Bull
2015-03-09,0.5500000033629769,0.4000000000390216,0.04999999659800169,Bull
2015-03-10,0.5500000000465604,0.40000000003511943,0.04999999991832132,Bull
2015-03-11,0.5500000000206157,0.40000000001014463,0.049999999969256664,Bull
2015-03-12,0.5500000000201681,0.4000000000113938,0.04999999996844517,Bull
2015-03-13,0.5500000000179344,0.40000000001808955,0.049999999963983015,Bull
2015-03-16,0.5500000043215872,0.40000000130890595,0.049999994369507056,Bull
2015-03-17,0.5500000000792161,0.40000000008279146,0.04999999983799242,Bull
2015-03-18,0.550000002058689,0.40000000117448686,0.04999999676682473,Bull
2015-03-19,0.5500000000371928,0.40000000002967345,0.04999999993313426,Bull
2015-03-20,0.5500000018822658,0.4000000008426994,0.04999999727503482,Bull
2015-03-23,0.5500000021707694,0.4000000003829356,0.04999999744630232,Bull
2015-03-24,0.5500000020485779,0.40000000069547337,0.04999999725595651,Bull
2015-03-25,0.5500000023549808,0.4000000001069855,0.049999997538043725,Bull
2015-03-26,0.5500000017891074,0.4000000002029735,0.04999999800793192,Bull
2015-03-27,0.5500000022704719,0.4000000001898114,0.04999999753972747,Bull
2015-03-30,0.5500000022668424,0.4000000000738493,0.04999999765932166,Bull
2015-03-31,0.5500000023611621,0.4000000003195547,0.049999997319293964,Bull
2015-04-01,0.550000001790102,0.40000000022650206,0.0499999979834099,Bull
2015-04-02,0.5500000003115576,0.40000000136706676,0.049999998321388725,Bull
2015-04-06,0.5500000007722512,0.40000000121566553,0.04999999801209058,Bull
2015-04-07,0.5500000012560224,0.40000000104504146,0.04999999769894658,Bull
2015-04-08,0.5500000018091624,0.4000000003568394,0.04999999783400778,Bull
2015-04-09,0.5500000024736837,0.39999999996873425,0.0499999975575928,Bull
2015-04-10,0.5500000023722156,0.4000000003068472,0.049999997320947835,Bull
2015-04-13,0.5500000024262415,0.40000000021509724,0.04999999735867324,Bull
2015-04-14,0.5500000037691665,0.39999999911929557,0.04999999711153787,Bull
2015-04-15,0.55000000007602,0.4000000000124741,0.049999999911505714,Bull
2015-04-16,0.5500000000506536,0.4000000000076442,0.04999999994170664,Bull
2015-04-17,0.5500000046173724,0.39999999845190337,0.04999999693072427,Bull
2015-04-20,0.5500000024296035,0.4000000002740035,0.049999997296415924,Bull
2015-04-21,0.5500000024431286,0.40000000026191684,0.04999999729496645,Bull
2015-04-22,0.5500000024891006,0.40000000010394066,0.04999999740697286,Bull
2015-04-23,0.5500000031113073,0.39999999930985625,0.04999999757884975,Bull
2015-04-24,0.550000003511424,0.3999999986644218,0.04999999782417154,Bull
2015-04-27,0.5500000044091381,0.399999999087625,0.049999996503236936,Bull
2015-04-28,0.5500000042912307,0.39999999849879886,0.049999997209970545,Bull
2015-04-29,0.5500000046608557,0.39999999747377757,0.04999999786536657,Bull
2015-04-30,0.5500000061019626,0.3999999967645063,0.04999999713353106,Bull
2015-05-01,0.5500000050545039,0.39999999880506243,0.04999999614043365,Bull
2015-05-04,0.5500187973185349,0.39998120151515865,0.050000001166306485,Bull
2015-05-05,0.699999999579676,0.25000000077209855,0.04999999964822578,Bull
2015-05-06,0.662082461223126,0.2879175378560578,0.05000000092081622,Bull
2015-05-07,0.7000000004828015,0.25000000165949865,0.049999997857699874,Bull
2015-05-08,0.6999999995659483,0.2500000005374254,0.04999999989662629,Bull
2015-05-11,0.6999999799430625,0.25000002327268633,0.04999999678425327,Bull
2015-05-12,0.7000000001134891,0.2500000002743688,0.049999999612142056,Bull
2015-05-13,0.6999999992543771,0.25000000082136264,0.049999999924295095,Bull
2015-05-14,0.700000000054268,0.25000000008444323,0.04999999986133755,Bull
2015-05-15,0.7000000003927845,0.2500000027099004,0.04999999689731494,Bull
2015-05-18,0.6999999999645697,0.25000000245531184,0.049999997580133626,Bull
2015-05-19,0.7000000015875776,0.2500000015344614,0.04999999687797139,Bull
2015-05-20,0.7000000018077223,0.2500000012552998,0.04999999693697957,Bull
2015-05-21,0.700000000049515,0.25000000002601613,0.04999999992446997,Bull
2015-05-22,0.7000000000471566,0.2500000000502614,0.049999999902583685,Bull
2015-05-26,0.7000000000731597,0.25000000007915485,0.04999999984768769,Bull
2015-05-27,0.6999999999625048,0.2500000001051452,0.04999999993235729,Bull
2015-05-28,0.6999999894597739,0.2500000127888533,0.04999999775137402,Bull
2015-05-29,0.7000000000558873,0.2500000001089984,0.04999999983511459,Bull
2015-06-01,0.6999999823153107,0.25000002022311274,0.04999999746159137,Bull
2015-06-02,0.6999999999933918,0.2500000001975002,0.04999999980910856,Bull
2015-06-03,0.6999999994027687,0.2500000034027585,0.049999997194473095,Bull
2015-06-04,0.6999999999135036,0.2500000042278112,0.0499999958586851,Bull
2015-06-05,0.6999999781707399,0.2500000242360735,0.04999999759324289,Bull
2015-06-08,0.6999999963338932,0.25000000409695494,0.04999999956917477,Bull
2015-06-09,0.699998749123012,0.2500012501690846,0.05000000070790356,Bull
2015-06-10,0.6999999411825334,0.25000006167370825,0.049999997143776384,Bull
2015-06-11,0.7000000002262804,0.25000000039184267,0.0499999993818776,Bull
2015-06-12,0.6999999787416525,0.2500000253259063,0.04999999593243541,Bull
2015-06-15,0.7000000000059995,0.2500000003956799,0.049999999598320764,Bull
2015-06-16,0.6999999992897136,0.25000000076256346,0.04999999994772332,Bull
2015-06-17,0.6999999992348332,0.2500000008213375,0.04999999994382936,Bull
2015-06-18,0.6999999993313176,0.25000000071757206,0.04999999995111061,Bull
2015-06-19,0.7000000000448973,0.2500000000815762,0.049999999873593916,Bull
2015-06-22,0.5500000008317083,0.3999999992241732,0.04999999994411917,Bull
2015-06-23,0.700000000017554,0.2500000004504839,0.049999999531962186,Bull
2015-06-24,0.7000000000781171,0.25000000026203606,0.049999999659859025,Bull
2015-06-25,0.700000000073841,0.25000000025392344,0.04999999967224225,Bull
2015-06-26,0.7000000000655905,0.2500000002133343,0.04999999972108291,Bull
2015-06-29,0.7000000000954955,0.2500000000598061,0.049999999844710104,Bull
2015-06-30,0.5500000381281668,0.3999999635586835,0.04999999831314967,Bull
2015-07-01,0.6971948681445015,0.25280513180049896,0.0500000000549994,Bull
2015-07-02,0.6999999943196067,0.25000000616312695,0.04999999951729856,Bull
2015-07-06,0.5599233833090688,0.39007661651074677,0.050000000180217524,Bull
2015-07-07,0.5500000008904099,0.40000000003066544,0.04999999907893207,Bull
2015-07-08,0.5500000000956353,0.39999999997321956,0.04999999993125002,Bull
2015-07-09,0.5500000054743681,0.39999999875796927,0.04999999576766278,Bull
2015-07-10,0.5500000147807326,0.3999999882445065,0.049999996974795444,Bull
2015-07-13,0.6999999998609191,0.25000000028999053,0.04999999984909052,Bull
2015-07-14,0.7000000000768367,0.2500000000977262,0.049999999825446055,Bull
2015-07-15,0.7000000000560379,0.25000000015462004,0.049999999789345335,Bull
2015-07-16,0.6999999810138432,0.25000002311888925,0.049999995867267465,Bull
2015-07-17,0.6999999997338727,0.25000000049587984,0.04999999977024775,Bull
2015-07-20,0.7000000000903627,0.25000000016791046,0.04999999974173683,Bull
2015-07-21,0.7000000000276995,0.2500000001440062,0.04999999982829802,Bull
2015-07-22,0.7000000000145693,0.25000000012991574,0.04999999985551816,Bull
2015-07-23,0.6999999929990528,0.25000000923682003,0.04999999776412722,Bull
2015-07-24,0.5616052836826594,0.38839471612283166,0.0500000001945088,Bull
2015-07-27,0.5500000013404248,0.3999999993337646,0.049999999325817876,Bull
2015-07-28,0.5500000093845905,0.39999999306578443,0.0499999975496336,Bull
2015-07-29,0.5500225785869756,0.39997742037233686,0.0500000010406875,Bull
2015-07-30,0.6999999998044415,0.2500000003447059,0.0499999998508527,Bull
2015-07-31,0.5500165869768946,0.3999834102603569,0.050000002762748366,Bull
2015-08-03,0.6538786552753374,0.2961213448481117,0.049999999876551175,Bull
2015-08-04,0.6522309769603987,0.2977690224121331,0.05000000062746811,Bull
2015-08-05,0.5755220243070717,0.3744779758670088,0.04999999982592019,Bull
2015-08-06,0.6999999994597661,0.2500000008592538,0.049999999680980574,Bull
2015-08-07,0.6999975876697357,0.2500024108573009,0.050000001472963504,Bull
2015-08-10,0.6999974815180865,0.2500025183592494,0.05000000012266402,Bull
2015-08-11,0.699999967838594,0.25000003468970666,0.04999999747170066,Bull
2015-08-12,0.5500000427114472,0.39999996223157913,0.04999999505697356,Bull
2015-08-13,0.5500000011489973,0.3999999991170225,0.049999999733980685,Bull
2015-08-14,0.5500000000656945,0.3999999999955313,0.04999999993885616,Bull
2015-08-17,0.550000000833915,0.3999999992146928,0.04999999995139587,Bull
2015-08-18,0.6999996243466245,0.2500003765876163,0.04999999906575918,Bull
2015-08-19,0.550000162091101,0.39999983895071084,0.04999999895818837,Bull
2015-08-20,0.5500000009523239,0.39999999992844143,0.04999999911923745,Bull
2015-08-21,0.2499999986809771,0.41739366780521603,0.33260633351380703,Crisis
2015-08-24,0.24999999998782793,0.4173936639302078,0.33260633608196444,Crisis
2015-08-25,0.2500000000009774,0.41739366353621754,0.33260633646280635,Crisis
2015-08-26,0.24999999999465156,0.41739366165571506,0.33260633834963266,Crisis
2015-08-27,0.24999999998179268,0.41739365820293395,0.3326063418152761,Crisis
2015-08-28,0.2499999999946491,0.4173936563765054,0.33260634362884545,Crisis
2015-08-31,0.2499999999999014,0.4173936553720603,0.33260634462804506,Crisis
2015-09-01,0.24999999998764919,0.4173936526878577,0.3326063473244933,Crisis
2015-09-02,0.24999999999255515,0.41739365068141904,0.33260634932603445,Crisis
2015-09-03,0.2499999999923826,0.4173936486697401,0.3326063513378826,Crisis
2015-09-04,0.25000000000199635,0.41739364817036023,0.33260635182764386,Crisis
2015-09-08,0.2500000000019436,0.4173936476265394,0.33260635237151354,Crisis
2015-09-09,0.2499999999956761,0.41739364605309526,0.3326063539512273,Crisis
2015-09-10,0.5500000000143991,0.40000000023936283,0.04999999974623875,Bull
2015-09-11,0.5500000000194424,0.4000000015676507,0.04999999841291071,Bull
2015-09-14,0.5499999997750796,0.40000000179439155,0.04999999843053236,Bull
2015-09-15,0.5499999992299156,0.40000000229712485,0.049999998472961195,Bull
2015-09-16,0.5500000012460631,0.4000000008008138,0.049999997953118,Bull
2015-09-17,0.5500000011122708,0.4000000008629368,0.049999998024808,Bull
2015-09-18,0.5499999991978985,0.4000000021562595,0.04999999864585857,Bull
2015-09-21,0.5499999999572774,0.40000000006833547,0.04999999997438576,Bull
2015-09-22,0.5499999983455535,0.40000000273020053,0.04999999892424816,Bull
2015-09-23,0.5499999999357471,0.4000000000840819,0.049999999980166146,Bull
2015-09-24,0.5499999983203666,0.40000000282305387,0.0499999988565821,Bull
2015-09-25,0.5499999999489886,0.4000000000763195,0.04999999997469062,Bull
2015-09-28,0.5499999982708607,0.4000000027028787,0.049999999026262315,Bull
2015-09-29,0.5499999999503798,0.4000000000816551,0.04999999996796163,Bull
2015-09-30,0.549999999992283,0.40000000003467084,0.04999999997299538,Bull
2015-10-01,0.5499999999750951,0.40000000003337205,0.049999999991524366,Bull
2015-10-02,0.5499999998612917,0.4000000015166573,0.04999999862205283,Bull
2015-10-05,0.5499999995695745,0.40000000178089073,0.04999999864953498,Bull
2015-10-06,0.5500000004748229,0.4000000010007386,0.04999999852443062,Bull
2015-10-07,0.5500000000892853,0.40000000112602263,0.049999998784702994,Bull
2015-10-08,0.5500000095162161,0.3999999937505413,0.04999999673324511,Bull
2015-10-09,0.5500000185854778,0.3999999843106477,0.0499999971039991,Bull
2015-10-12,0.6137309766882753,0.3362690233874573,0.04999999992426768,Bull
2015-10-13,0.7000000000371122,0.25000000008315215,0.049999999879736405,Bull
2015-10-14,0.7000000000509211,0.2500000036281763,0.0499999963209026,Bull
2015-10-15,0.6999999997146555,0.25000000229919034,0.04999999798620524,Bull
2015-10-16,0.7000000002222081,0.25000000241702913,0.04999999736078905,Bull
2015-10-19,0.7000000016404117,0.25000000097373987,0.049999997385870625,Bull
2015-10-20,0.7000000000505967,0.25000000002523304,0.049999999924172624,Bull
2015-10-21,0.7000000000289957,0.2500000000035678,0.04999999996746617,Bull
2015-10-22,0.593577675960354,0.35642232410808067,0.04999999993156544,Bull
2015-10-23,0.6999999999868256,0.2500000001725541,0.04999999984062104,Bull
2015-10-26,0.6999999949015128,0.2500000099139145,0.04999999518457266,Bull
2015-10-27,0.6954391631547719,0.25456083273717345,0.050000004108054656,Bull
2015-10-28,0.6761731276062297,0.2738268690019938,0.05000000339177655,Bull
2015-10-29,0.6393764679111893,0.31062353189076414,0.05000000019804898,Bull
2015-10-30,0.7000000001438574,0.2500000001310002,0.04999999972514376,Bull
2015-11-02,0.6699166525137148,0.280083346602997,0.050000000883288355,Bull
2015-11-03,0.6699215824754329,0.2800784159623915,0.05000000156217564,Bull
2015-11-04,0.6999999996842915,0.2500000007875029,0.049999999528209084,Bull
2015-11-05,0.6999999999262426,0.2500000001340941,0.04999999993966432,Bull
2015-11-06,0.6999999965396836,0.2500000050167354,0.04999999844358785,Bull
2015-11-09,0.6999999996895687,0.2500000004592595,0.04999999985120746,Bull
2015-11-10,0.6999999992493551,0.2500000027631137,0.0499999979875357,Bull
2015-11-11,0.6999999932857001,0.2500000084088935,0.04999999830544903,Bull
2015-11-12,0.6999997769398156,0.25000022359889323,0.04999999946129116,Bull
2015-11-13,0.5500000013475385,0.3999999997302699,0.049999998922191674,Bull
2015-11-16,0.5500000005889862,0.4000000010617916,0.049999998349250264,Bull
2015-11-17,0.5500000199065702,0.39999998059681163,0.04999999949661819,Bull
2015-11-18,0.5500000009999565,0.399999999779977,0.04999999922006631,Bull
2015-11-19,0.5537172510992703,0.39628274530487945,0.050000003595850315,Bull
2015-11-20,0.5500000020979808,0.3999999985959488,0.049999999306128154,Bull
2015-11-23,0.5500000365346325,0.39999996343850963,0.05000000002689177,Bull
2015-11-24,0.550000021462172,0.3999999793209722,0.04999999921685596,Bull
2015-11-25,0.5500000070891604,0.39999999380882884,0.04999999910201072,Bull
2015-11-27,0.5584923903462056,0.3915076094322451,0.050000000221549344,Bull
2015-11-30,0.5942062701323935,0.3557937298902332,0.049999999977372235,Bull
2015-12-01,0.6232397285191582,0.3267602715114345,0.049999999969402784,Bull
2015-12-02,0.6232343764607504,0.3267656225481039,0.050000000991145606,Bull
2015-12-03,0.5500000000340582,0.4000000000952004,0.04999999987074192,Bull
2015-12-04,0.5500000000770233,0.39999999997205105,0.049999999950930234,Bull
2015-12-07,0.684229873194295,0.26577012660444654,0.05000000020132148,Bull
2015-12-08,0.5500000015269005,0.400000001073193,0.04999999739990642,Bull
2015-12-09,0.5500010333067664,0.39999896645778055,0.05000000023545297,Bull
2015-12-10,0.5500002802120708,0.3999997212895464,0.049999998498384324,Bull
2015-12-11,0.7000000012876316,0.2500000014479771,0.0499999972643913,Bull
2015-12-14,0.5500000163277845,0.3999999849998639,0.04999999867235157,Bull
2015-12-15,0.7000000034186945,0.25000000232266184,0.049999994258643654,Bull
2015-12-16,0.7000000014472763,0.25000000158385766,0.04999999696888361,Bull
2015-12-17,0.7000000008444535,0.250000001262275,0.04999999789328805,Bull
2015-12-18,0.699999999929466,0.2500000021357722,0.049999997934761696,Bull
2015-12-21,0.5500000000229363,0.40000000004907754,0.049999999927986524,Bull
2015-12-22,0.5500000048727711,0.39999999820340854,0.049999996923820074,Bull
2015-12-23,0.5540952499067169,0.3959047463824861,0.050000003710797,Bull
2015-12-24,0.5540948695926347,0.39590513211919764,0.04999999828816779,Bull
2015-12-28,0.550000225703807,0.3999997742642089,0.05000000003198407,Bull
2015-12-29,0.5500000024518937,0.39999999880921966,0.04999999873888968,Bull
2015-12-30,0.7000000005583735,0.2500000037103808,0.04999999573124557,Bull
2015-12-31,0.6999999830000807,0.25000001986120407,0.04999999713873955,Bull
2016-01-04,0.6999999804291838,0.25000002254444936,0.04999999702636693,Bull
2016-01-05,0.7000000000461424,0.25000000025091124,0.0499999997029467,Bull
2016-01-06,0.700000001469917,0.250000001158819,0.04999999737126741,Bull
2016-01-07,0.2499999895005368,0.38596054221273945,0.36403946828672384,Crisis
2016-01-08,0.24999999989155242,0.3859605286573208,0.3640394714511326,Crisis
2016-01-11,0.24999999998690006,0.38596052782916307,0.3640394721839443,Crisis
2016-01-12,0.2499999999868937,0.3859605267905393,0.3640394732225678,Crisis
2016-01-13,0.24999999994859257,0.38596052085794585,0.36403947919346547,Crisis
2016-01-14,0.2499999999475875,0.3859605147938062,0.36403948525860635,Crisis
2016-01-15,0.2499999999655529,0.3859605108889025,0.36403948914554496,Crisis
2016-01-19,0.24999999986684998,0.3859604941406083,0.3640395059925438,Crisis
2016-01-20,0.24999999969602357,0.3859604500544414,0.3640395502495349,Crisis
2016-01-21,0.24999999971731846,0.3859604097029193,0.36403959057976226,Crisis
2016-01-22,0.2499999997853329,0.385960380744448,0.36403961947021957,Crisis
2016-01-25,0.24999999960833777,0.38596032056822716,0.3640396798234351,Crisis
2016-01-26,0.24999999972795864,0.38596028205445865,0.3640397182175831,Crisis
2016-01-27,0.24999999985107163,0.3859602631446921,0.3640397370042363,Crisis
2016-01-28,0.24999999982381188,0.38596024020588676,0.3640397599703016,Crisis
2016-01-29,0.24999999986404223,0.3859602233544269,0.3640397767815308,Crisis
2016-02-01,0.2499999993125007,0.385960145723999,0.36403985496350055,Crisis
2016-02-02,0.249999999032699,0.3859600682382919,0.36403993272900925,Crisis
2016-02-03,0.24999999838446546,0.38595990298747784,0.36404009862805675,Crisis
2016-02-04,0.24999999939886733,0.38595987013578986,0.364040130465343,Crisis
2016-02-05,0.2499999996009837,0.38595985069843725,0.36404014970057946,Crisis
2016-02-08,0.24999999967883674,0.38595983676349255,0.3640401635576705,Crisis
2016-02-09,0.2499999984039045,0.38595970221043463,0.3640402993856611,Crisis
2016-02-10,0.2499999984173907,0.3859595689154434,0.364040432667166,Crisis
2016-02-11,0.24999999842724158,0.38595943632329016,0.36404056524946826,Crisis
2016-02-12,0.2499999999116977,0.38595943178806025,0.3640405683002422,Crisis
2016-02-16,0.24999999992828825,0.3859594273396675,0.36404057273204476,Crisis
2016-02-17,0.24999999889353258,0.38595943912165465,0.3640405619848129,Crisis
2016-02-18,0.24999999852153648,0.3859594836592769,0.3640405178191869,Crisis
2016-02-19,0.3499999940278627,0.4000000026737302,0.25000000329837074,Bull
2016-02-22,0.3499999995175938,0.40000000024174664,0.25000000024065966,Bull
2016-02-23,0.34999999981204527,0.4000000000975075,0.2500000000903458,Bull
2016-02-24,0.34999999962916,0.4000000001850994,0.2500000001857261,Bull
2016-02-25,0.34999999772329365,0.40000000133060076,0.25000000094607744,Bull
2016-02-26,0.3499999909149737,0.4000000045319297,0.2500000045530967,Bull
2016-02-29,0.34999999956953304,0.4000000002153258,0.25000000021514074,Bull
2016-03-01,0.34999999748630534,0.40000000126101515,0.25000000125265176,Bull
2016-03-02,0.34999999967160567,0.40000000015740445,0.25000000017098967,Bull
2016-03-03,0.3499999997201722,0.400000000132246,0.2500000001475064,Bull
2016-03-04,0.34999999967994877,0.4000000001632751,0.25000000015672624,Bull
2016-03-07,0.3499999995059201,0.4000000002514711,0.2500000002425687,Bull
2016-03-08,0.3499999995517492,0.4000000002212013,0.25000000022701857,Bull
2016-03-09,0.34999999940966264,0.40000000029593746,0.25000000029437724,Bull
2016-03-10,0.3499999997243453,0.40000000012850834,0.25000000014706814,Bull
2016-03-11,0.34999999961076533,0.40000000013140535,0.25000000025781616,Bull
2016-03-14,0.3499999997329413,0.40000000003232394,0.2500000002347065,Bull
2016-03-15,0.34999999984949065,0.4000000000574181,0.2500000000930132,Bull
2016-03-16,0.3499999998559485,0.4000000000573502,0.2500000000866532,Bull
2016-03-17,0.35000000002180115,0.39999999981148854,0.2500000001666994,Bull
2016-03-18,0.35000000050300056,0.3999999994602342,0.2500000000367842,Bull
2016-03-21,0.35000004460727996,0.3999999523149992,0.2500000030777209,Bull
2016-03-22,0.3500000094990081,0.39999998843142676,0.250000002069565,Bull
2016-03-23,0.350000014066113,0.3999999844453539,0.2500000014885333,Bull
2016-03-24,0.3499999999836391,0.3999999998832023,0.25000000013316287,Bull
2016-03-28,0.3500000548733796,0.39999994673949957,0.2499999983871525,Bull
2016-03-29,0.37131693356049683,0.3999999988474379,0.22868306759206528,Bull
2016-03-30,0.34999999976873597,0.400000000145984,0.25000000008528,Bull
2016-03-31,0.3500000000004044,0.3999999999767207,0.250000000022871,Bull
2016-04-01,0.35000000007464493,0.39999999992195834,0.2500000000033966,Bull
2016-04-04,0.6132923699108583,0.3367076016789991,0.05000002841025746,Bull
2016-04-05,0.5499999994168717,0.39999999889765203,0.050000001685476476,Bull
2016-04-06,0.35000006479856394,0.3999999996192104,0.24999993558222552,Bull
2016-04-07,0.5182623425937576,0.3999999993469502,0.081737658059292,Bull
2016-04-08,0.34999999985742036,0.4000000001149573,0.2500000000276221,Bull
2016-04-11,0.3499999996275636,0.40000000020215776,0.25000000017024343,Bull
2016-04-12,0.34999999968047224,0.4000000001695805,0.25000000014983886,Bull
2016-04-13,0.3499999998143786,0.40000000007761016,0.2500000001080109,Bull
2016-04-14,0.34999999699221357,0.40000000177362705,0.250000001234124,Bull
2016-04-15,0.3500000055874645,0.40000000225785315,0.24999999215468224,Bull
2016-04-18,0.34999999982794566,0.4000000001616815,0.25000000001038686,Bull
2016-04-19,0.5012220401242738,0.39999999951947407,0.09877796035624287,Bull
2016-04-20,0.3500000112625622,0.3999999887167701,0.2500000000206677,Bull
2016-04-21,0.3562178086067515,0.39378219159559985,0.24999999979772253,Bull
2016-04-22,0.34999999913698937,0.40000000028930743,0.25000000057370575,Bull
2016-04-25,0.34999999441816265,0.4000000023743742,0.2500000032074222,Bull
2016-04-26,0.350000000438555,0.3999999994623066,0.2500000000991175,Bull
2016-04-27,0.3711563676339689,0.3788436328980863,0.2499999994680072,Bull
2016-04-28,0.34999999912892765,0.40000000055940205,0.25000000031167097,Bull
2016-04-29,0.34999999969271717,0.4000000001589119,0.25000000014837065,Bull
2016-05-02,0.3499999998575593,0.40000000005587044,0.2500000000865148,Bull
2016-05-03,0.34999999994951764,0.3999999999995271,0.2500000000509545,Bull
2016-05-04,0.34999999957189426,0.40000000021610843,0.25000000021199337,Bull
2016-05-05,0.34999999952780453,0.4000000002457449,0.25000000022642505,Bull
2016-05-06,0.34999999428934964,0.40000000352019033,0.25000000219046004,Bull
2016-05-09,0.3499999994711883,0.40000000026967664,0.250000000259135,Bull
2016-05-10,0.3499999996106777,0.40000000021011106,0.25000000017917895,Bull
2016-05-11,0.3499999998116875,0.40000000011281756,0.25000000007546347,Bull
2016-05-12,0.3499999949981067,0.4000000033764307,0.25000000162546276,Bull
2016-05-13,0.34999999983345476,0.40000000023629945,0.24999999993024585,Bull
2016-05-16,0.3499999996472536,0.400000000262936,0.2500000000898048,Bull
2016-05-17,0.3499999997006048,0.40000000020527066,0.2500000000941045,Bull
2016-05-18,0.3499999996477914,0.40000000021398796,0.25000000013820867,Bull
2016-05-19,0.3499999996411698,0.4000000002235044,0.2500000001353112,Bull
2016-05-20,0.34999999961881273,0.4000000002503177,0.25000000013085716,Bull
2016-05-23,0.34999999968896833,0.40000000018547055,0.25000000012553947,Bull
2016-05-24,0.3499999996517197,0.40000000022112814,0.25000000012713747,Bull
2016-05-25,0.3499999999698521,0.40000000012829207,0.2499999999018122,Bull
2016-05-26,0.34999999994449565,0.40000000013082565,0.2499999999246738,Bull
2016-05-27,0.35000000011858007,0.4000000000598245,0.24999999982158225,Bull
2016-05-31,0.4144547227370654,0.40000000008526954,0.18554527717766622,Bull
2016-06-01,0.35000002240070277,0.39999999997373287,0.24999997762557122,Bull
2016-06-02,0.4061856850443675,0.40000000003056607,0.19381431492506998,Bull
2016-06-03,0.38049005208242265,0.40000000037980976,0.21950994753776756,Bull
2016-06-06,0.35000000008828164,0.4000000006731563,0.2499999992385693,Bull
2016-06-07,0.3500000000882825,0.4000000001889441,0.2499999997227757,Bull
2016-06-08,0.350000000412192,0.4000000000300905,0.24999999955773905,Bull
2016-06-09,0.35000000022395455,0.40000000016896653,0.2499999996070897,Bull
2016-06-10,0.3500000000371314,0.4000000001952056,0.24999999976766699,Bull
2016-06-13,0.34999999971054063,0.40000000023428206,0.25000000005517653,Bull
2016-06-14,0.34999999968906337,0.4000000002142377,0.250000000096691,Bull
2016-06-15,0.34999999970464135,0.40000000022781895,0.2500000000675315,Bull
2016-06-16,0.3499999998826914,0.40000000006834907,0.25000000004893813,Bull
2016-06-17,0.34999999971185053,0.4000000002525656,0.2500000000355801,Bull
2016-06-20,0.3499999996485097,0.4000000002262136,0.25000000012526963,Bull
2016-06-21,0.3499999996913599,0.4000000002038463,0.2500000001047824,Bull
2016-06-22,0.34999999973208196,0.40000000025867366,0.25000000000923717,Bull
2016-06-23,0.34999999967148976,0.40000000025873983,0.25000000006976414,Bull
2016-06-24,0.24999999967049472,0.48723217619831666,0.2627678241311892,Crisis
2016-06-27,0.24999999964889555,0.48723222467924315,0.2627677756718611,Crisis
2016-06-28,0.24999999986316646,0.4872322415157062,0.2627677586211272,Crisis
2016-06-29,0.24999999939702433,0.4872323374838218,0.262767663119154,Crisis
2016-06-30,0.19999999991393538,0.5000000000757118,0.3000000000103528,Bear
2016-07-01,0.19999999990627357,0.5000000002211059,0.2999999998726177,Bear
2016-07-05,0.19999999976703725,0.50000000023784,0.29999999999511956,Bear
2016-07-06,0.1999999996899667,0.5000000002124989,0.3000000000975294,Bear
2016-07-07,0.1999999999008702,0.5000000000538671,0.3000000000452475,Bear
2016-07-08,0.19999999980946512,0.5000000001106769,0.3000000000798547,Bear
2016-07-11,0.1999999998286462,0.5000000001907137,0.2999999999806363,Bear
2016-07-12,0.19999999991070663,0.5000000002242644,0.29999999986502524,Bear
2016-07-13,0.19999999998502938,0.5000000002015978,0.2999999998133704,Bear
2016-07-14,0.19999999979558547,0.5000000002342175,0.2999999999701948,Bear
2016-07-15,0.19999999979741004,0.5000000001753512,0.30000000002723426,Bear
2016-07-18,0.19999999979980135,0.5000000001174227,0.30000000008276984,Bear
2016-07-19,0.19999999671779198,0.5000000017212499,0.3000000015609315,Bear
2016-07-20,0.19999999979146937,0.5000000001042573,0.3000000001041705,Bear
2016-07-21,0.19999999411881075,0.5000000029032938,0.30000000297789536,Bear
2016-07-22,0.19999999624368872,0.5000000017349818,0.3000000020213294,Bear
2016-07-25,0.19999999991100365,0.5000000000339021,0.3000000000550943,Bear
2016-07-26,0.19999999990524325,0.500000000043161,0.30000000005159083,Bear
2016-07-27,0.19999999988416572,0.5000000000504257,0.3000000000654056,Bear
2016-07-28,0.1999999982383812,0.5000000000323668,0.30000000172925206,Bear
2016-07-29,0.19999999888862552,0.4999999998215957,0.3000000012897553,Bear
2016-08-01,0.19999999698735302,0.5000000007384257,0.30000000227422147,Bear
2016-08-02,0.19999999978819205,0.5000000000821018,0.300000000129649,Bear
2016-08-03,0.19999999997293297,0.4999999998487403,0.3000000001783237,Bear
2016-08-04,0.19999999989105105,0.4999999999511389,0.3000000001578089,Bear
2016-08-05,0.19999999979322958,0.5000000000643876,0.30000000014238043,Bear
2016-08-08,0.20000000000814747,0.4999999999012299,0.3000000000906188,Bear
2016-08-09,0.2000000001292555,0.49999999983195503,0.30000000003878974,Bear
2016-08-10,0.19999999984692363,0.5000000000615468,0.3000000000915322,Bear
2016-08-11,0.19999999993832104,0.49999999997097166,0.3000000000907037,Bear
2016-08-12,0.19999999997429135,0.4999999999933144,0.30000000003239186,Bear
2016-08-15,0.19999999990148315,0.5000000000454666,0.300000000053049,Bear
2016-08-16,0.19999999998535523,0.4999999999602258,0.30000000005441607,Bear
2016-08-17,0.19999999995081538,0.4999999999531476,0.3000000000960362,Bear
2016-08-18,0.19999999988286038,0.5000000000357985,0.30000000008133965,Bear
2016-08-19,0.20000000003989712,0.4999999999385584,0.3000000000215403,Bear
2016-08-22,0.20381963729112507,0.4961803686835621,0.299999994025313,Bear
2016-08-23,0.337265199634656,0.36273483477855517,0.299999965586789,Bear
2016-08-24,0.4999999912111694,0.20000049765330818,0.2999995111355225,Bear
2016-08-25,0.4999999994720426,0.29774949348595725,0.20225050704200015,Bear
2016-08-26,0.27598439470648195,0.47491467851800234,0.24910092677553738,Bear
2016-08-29,0.20000019506084565,0.4999998777073069,0.29999992723184743,Bear
2016-08-30,0.20000130250065573,0.49999998462042694,0.2999987128789172,Bear
2016-08-31,0.2841638833896809,0.5000000001023804,0.2158361165079386,Bear
2016-09-01,0.40000004808243605,0.49999991276201666,0.10000003915554742,Bear
2016-09-02,0.3292150409227945,0.5000000001816551,0.17078495889555015,Bear
2016-09-06,0.2622317267344745,0.47113561817740596,0.26663265508814993,Bear
2016-09-07,0.3671129904285287,0.33288701460405346,0.29999999496741775,Bear
2016-09-08,0.20000012544449802,0.49999993290200856,0.2999999416534934,Bear
2016-09-09,0.30876865666758757,0.391231343524319,0.29999999980809333,Bear
2016-09-12,0.20305966620619934,0.49694033560307804,0.29999999819072254,Bear
2016-09-13,0.2790295557877695,0.4209704442214841,0.2999999999907465,Bear
2016-09-14,0.29221120227623887,0.40778880047717503,0.29999999724658616,Bear
2016-09-15,0.20000002786842644,0.4999999809093912,0.2999999912221823,Bear
2016-09-16,0.20000001573374926,0.49999998676931023,0.29999999749694045,Bear
2016-09-19,0.2000000140386839,0.4999999928860014,0.29999999307531466,Bear
2016-09-20,0.32460207214264464,0.3753979280287927,0.2999999998285626,Bear
2016-09-21,0.20000007219524824,0.4999999510681088,0.2999999767366682,Bear
2016-09-22,0.3544694709103412,0.34553052925554467,0.29999999983411396,Bear
2016-09-23,0.3545218445080611,0.34547818881616454,0.2999999666757742,Bear
2016-09-26,0.39057532697184255,0.3094249861474787,0.2999996868806788,Bear
2016-09-27,0.26797428860955,0.47392190373983295,0.25810380765062374,Bear
2016-09-28,0.4999991741190878,0.2000011520275084,0.2999996738534039,Bear
2016-09-29,0.49999998897372716,0.2000000271986299,0.2999999838276431,Bear
2016-09-30,0.3774204400653427,0.32257956784836,0.2999999920862971,Bear
2016-10-03,0.47956847191201424,0.22043152922759612,0.2999999988603897,Bear
2016-10-04,0.44909332855993056,0.2509066737792291,0.29999999766084046,Bear
2016-10-05,0.36089225967411886,0.4999999603413086,0.13910777998457272,Bear
2016-10-06,0.4118882663123132,0.48811170669961923,0.10000002698806752,Bear
2016-10-07,0.40000053694712906,0.4999994607569617,0.10000000229590914,Bear
2016-10-10,0.3783502068536706,0.4999999941798962,0.12164979896643312,Bear
2016-10-11,0.4000000000377919,0.4999999995702201,0.10000000039198796,Bear
2016-10-12,0.4000000000564275,0.4999999999791718,0.09999999996440874,Bear
2016-10-13,0.39999999984894063,0.5000000001113157,0.10000000003974918,Bear
2016-10-14,0.4000000759505801,0.4999999238873638,0.100000000162089,Bear
2016-10-17,0.4000000004216554,0.49999999933808936,0.10000000024025774,Bear
2016-10-18,0.3999999957770724,0.4999999998625457,0.10000000436041592,Bear
2016-10-19,0.39737393274980576,0.499999989841187,0.10262607740900724,Bear
2016-10-20,0.3999999676221237,0.4999999996786279,0.10000003269924838,Bear
2016-10-21,0.39999994071210737,0.4999999983356751,0.10000006095221757,Bear
2016-10-24,0.31650532909058987,0.5000000000942565,0.18349467081515325,Bear
2016-10-25,0.28067021246929597,0.4999999999883105,0.2193297875423936,Bear
2016-10-26,0.2282565658045927,0.4999999900437612,0.27174344415164614,Bear
2016-10-27,0.2563405290808783,0.49999999756344893,0.24365947335567295,Bear
2016-10-28,0.20000005248373232,0.49999995533712505,0.29999999217914275,Bear
2016-10-31,0.34999999969323553,0.4000000001331623,0.2500000001736006,Bull
2016-11-01,0.3499999999611334,0.400000000008838,0.2500000000299103,Bull
2016-11-02,0.3499999997830735,0.40000000009833236,0.2500000001185915,Bull
2016-11-03,0.3499999996705054,0.40000000014847276,0.2500000001810152,Bull
2016-11-04,0.3499999998506068,0.4000000000600868,0.25000000008928785,Bull
2016-11-07,0.34999999983611607,0.4000000000755716,0.25000000008830486,Bull
2016-11-08,0.34999999421471517,0.4000000018350034,0.25000000395028155,Bull
2016-11-09,0.3499999998480834,0.40000000005935477,0.2500000000925618,Bull
2016-11-10,0.3500000011978103,0.39999999873771475,0.25000000006446615,Bull
2016-11-11,0.5076599764724379,0.2423400212691463,0.2500000022584158,Bull
2016-11-14,0.6499999989519404,0.10000000091627344,0.2500000001317859,Bull
2016-11-15,0.6499999999150151,0.09999999984143805,0.2500000002434808,Bull
2016-11-16,0.6499999997109098,0.10000000005248218,0.25000000023660385,Bull
2016-11-17,0.6499999995236799,0.10000000030649092,0.25000000016981383,Bull
2016-11-18,0.6499999995257548,0.10000000019297116,0.2500000002812553,Bull
2016-11-21,0.6499999998557046,0.09999999991654164,0.25000000022771923,Bull
2016-11-22,0.6499999997861042,0.09999999996214942,0.25000000025173896,Bull
2016-11-23,0.6499999998120498,0.09999999990796951,0.2500000002799722,Bull
2016-11-25,0.6500000086871612,0.0999999970692052,0.24999999424366035,Bull
2016-11-28,0.6499999999504726,0.09999999985010384,0.2500000001994239,Bull
2016-11-29,0.6499999997640827,0.0999999999738711,0.2500000002620442,Bull
2016-11-30,0.6499999999317769,0.09999999988867353,0.2500000001795271,Bull
2016-12-01,0.649999999971996,0.09999999987506436,0.25000000015293317,Bull
2016-12-02,0.6499999999774284,0.09999999984147585,0.2500000001810941,Bull
2016-12-05,0.6499999999405801,0.09999999985556256,0.25000000020385627,Bull
2016-12-06,0.6500000004938744,0.09999999992396214,0.24999999958215605,Bull
2016-12-07,0.6499999999825495,0.09999999974188203,0.2500000002756054,Bull
2016-12-08,0.7000000000699593,0.09999999981703055,0.20000000011301275,Bull
2016-12-09,0.7000000000989469,0.09999999986548636,0.2000000000355758,Bull
2016-12-12,0.7000000021679786,0.09999999677694127,0.20000000105508026,Bull
2016-12-13,0.7000000008144007,0.09999999872941093,0.2000000004562048,Bull
2016-12-14,0.7000000002476362,0.09999999887773557,0.20000000087463918,Bull
2016-12-15,0.7000000002700526,0.09999999854262169,0.20000000118734135,Bull
2016-12-16,0.7000000000666474,0.09999999994962243,0.19999999998373014,Bull
2016-12-19,0.7000000010852999,0.09999999770951966,0.20000000120518036,Bull
2016-12-20,0.700000002759602,0.09999999695387846,0.20000000028657144,Bull
2016-12-21,0.7000000001513372,0.09999999987776274,0.1999999999709162,Bull
2016-12-22,0.7000000000876112,0.0999999999285818,0.1999999999838039,Bull
2016-12-23,0.7000000023666542,0.09999999830098727,0.19999999933237192,Bull
2016-12-27,0.7000000000926304,0.09999999992653262,0.199999999980837,Bull
2016-12-28,0.7000000015218091,0.09999999985823059,0.19999999861996437,Bull
2016-12-29,0.7000000001956598,0.09999999894341664,0.20000000086091596,Bull
2016-12-30,0.7000000001268127,0.09999999985743534,0.20000000001582532,Bull
2017-01-03,0.7000000030714276,0.09999999578391783,0.20000000114465452,Bull
2017-01-04,0.7000000019198366,0.09999999860624778,0.19999999947393796,Bull
2017-01-05,0.7000000001192336,0.09999999990375658,0.19999999997697507,Bull
2017-01-06,0.7000000001876895,0.0999999998632285,0.19999999994908133,Bull
2017-01-09,0.7000000001836089,0.10000000002792528,0.1999999997884647,Bull
2017-01-10,0.7000000002825698,0.09999999994102497,0.19999999977640204,Bull
2017-01-11,0.7000000002791152,0.09999999989364783,0.19999999982723352,Bull
2017-01-12,0.7000000001757944,0.09999999986095517,0.19999999996324636,Bull
2017-01-13,0.7000000002230284,0.09999999983763137,0.19999999993933984,Bull
2017-01-17,0.7000000016024778,0.09999999738763524,0.20000000100993026,Bull
2017-01-18,0.7000000016182844,0.09999999869380508,0.19999999968791057,Bull
2017-01-19,0.7000000034667562,0.09999999708880208,0.19999999944444188,Bull
2017-01-20,0.7000000001191108,0.09999999989780521,0.19999999998306914,Bull
2017-01-23,0.7000000001166771,0.09999999990029895,0.1999999999830235,Bull
2017-01-24,0.7000000018991994,0.09999999727745676,0.20000000082338812,Bull
2017-01-25,0.700000000162826,0.099999999865895,0.19999999997129572,Bull
2017-01-26,0.7000000001909648,0.0999999998564998,0.1999999999525352,Bull
2017-01-27,0.7000000003290718,0.09999999984820886,0.1999999998227193,Bull
2017-01-30,0.7000000002443932,0.09999999983536931,0.1999999999202352,Bull
2017-01-31,0.7000000027385267,0.09999999808991854,0.199999999171555,Bull
2017-02-01,0.7000000000886732,0.09999999992579446,0.19999999998548787,Bull
2017-02-02,0.7000000021530667,0.09999999860620817,0.19999999924072517,Bull
2017-02-03,0.700000000092772,0.09999999992430772,0.19999999998288845,Bull
2017-02-06,0.7000000001289942,0.09999999989960819,0.1999999999713972,Bull
2017-02-07,0.7000000002408526,0.09999999984877596,0.19999999991037118,Bull
2017-02-08,0.7000000002637772,0.09999999986520357,0.19999999987101855,Bull
2017-02-09,0.7000000003150268,0.09999999985815844,0.1999999998268138,Bull
2017-02-10,0.7000000002600316,0.09999999987774237,0.1999999998622244,Bull
2017-02-13,0.7000000003647405,0.10000000006505086,0.1999999995702079,Bull
2017-02-14,0.7000000003323752,0.10000000016983261,0.19999999949778838,Bull
2017-02-15,0.7000000003241772,0.09999999989625223,0.19999999977956584,Bull
2017-02-16,0.7000000003080658,0.09999999989039496,0.1999999998015372,Bull
2017-02-17,0.7000000003293267,0.09999999996114198,0.1999999997095294,Bull
2017-02-21,0.7000000003564657,0.09999999999015421,0.19999999965337759,Bull
2017-02-22,0.7000000002635407,0.09999999987730698,0.19999999985914801,Bull
2017-02-23,0.7000000003339405,0.09999999993858606,0.1999999997274727,Bull
2017-02-24,0.700000000340832,0.09999999992582423,0.19999999973334132,Bull
2017-02-27,0.7000000003470181,0.09999999991949594,0.19999999973348315,Bull
2017-02-28,0.7000000003655114,0.09999999994399929,0.1999999996904869,Bull
2017-03-01,0.7000000003466788,0.10000000007355019,0.19999999957976802,Bull
2017-03-02,0.7000000003627956,0.0999999999836521,0.19999999965354784,Bull
2017-03-03,0.7000000003272584,0.10000000004985954,0.19999999962287773,Bull
2017-03-06,0.7000000001832147,0.10000000018799984,0.19999999962877751,Bull
2017-03-07,0.700000000114256,0.10000000057301082,0.19999999931271806,Bull
2017-03-08,0.7000000002001624,0.10000000102716962,0.19999999877265262,Bull
2017-03-09,0.7000000002687029,0.10000000028742793,0.19999999944385108,Bull
2017-03-10,0.7000000002864214,0.10000000019996465,0.1999999995136058,Bull
2017-03-13,0.7000000001803177,0.10000000069724932,0.19999999912242272,Bull
2017-03-14,0.7000000002391809,0.10000000019603664,0.19999999956476594,Bull
2017-03-15,0.7000000002606969,0.10000000008552322,0.19999999965377221,Bull
2017-03-16,0.7000000002822964,0.10000000009285588,0.19999999962484238,Bull
2017-03-17,0.7000000002435443,0.10000000012254649,0.19999999963390244,Bull
2017-03-20,0.7000000002633592,0.10000000005414814,0.19999999968248575,Bull
2017-03-21,0.7000000002712832,0.09999999999620467,0.19999999973250568,Bull
2017-03-22,0.7000000002863533,0.09999999997867628,0.19999999973496443,Bull
2017-03-23,0.7000000002125004,0.10000000006574512,0.19999999972174684,Bull
2017-03-24,0.7000000001951299,0.0999999998779868,0.1999999999268754,Bull
2017-03-27,0.7000000002018315,0.09999999987048501,0.1999999999276815,Bull
2017-03-28,0.7000000002058397,0.09999999986482738,0.19999999992933112,Bull
2017-03-29,0.700000000129121,0.09999999993032467,0.1999999999405514,Bull
2017-03-30,0.7000000002146339,0.09999999986650748,0.1999999999188569,Bull
2017-03-31,0.7000000001374818,0.09999999991968188,0.19999999994283327,Bull
2017-04-03,0.7000000000612033,0.09999999996687098,0.1999999999719193,Bull
2017-04-04,0.7000000000954687,0.09999999993194625,0.1999999999725835,Bull
2017-04-05,0.7000000043044338,0.09999999816521486,0.19999999753035136,Bull
2017-04-06,0.7000000048394952,0.09999999733790087,0.19999999782260391,Bull
2017-04-07,0.7000000000912296,0.09999999995849859,0.19999999995027148,Bull
2017-04-10,0.7000000049790639,0.09999999813013763,0.19999999689079842,Bull
2017-04-11,0.700000000192985,0.09999999991355961,0.1999999998934552,Bull
2017-04-12,0.7000000002541218,0.0999999998728514,0.19999999987302428,Bull
2017-04-13,0.7000000000948289,0.09999999993228104,0.1999999999728799,Bull
2017-04-17,0.7000000031846934,0.09999999697005553,0.19999999984529587,Bull
2017-04-18,0.7000000028308813,0.09999999832026124,0.19999999884887884,Bull
2017-04-19,0.7000000000754769,0.09999999994465,0.19999999997987292,Bull
2017-04-20,0.7000000002311324,0.09999999985480733,0.19999999991405973,Bull
2017-04-21,0.7000000002754796,0.09999999984112458,0.1999999998833933,Bull
2017-04-24,0.7000000002975666,0.09999999988391532,0.19999999981851502,Bull
2017-04-25,0.7000000003061864,0.09999999985025196,0.19999999984355757,Bull
2017-04-26,0.5000000001285886,0.2000000000937185,0.299999999777692,Bear
2017-04-27,0.5000000024555207,0.2000000097705374,0.299999987773942,Bear
2017-04-28,0.5000000029860925,0.20000001282702498,0.2999999841868824,Bear
2017-05-01,0.500000001230613,0.20000000881338958,0.2999999899559905,Bear
2017-05-02,0.49999999998679157,0.20000000700905363,0.299999993004155,Bear
2017-05-03,0.500000001592034,0.3526511978834675,0.14734880052449856,Bear
2017-05-04,0.4999999979778178,0.3530686227652671,0.14693137925691507,Bear
2017-05-05,0.50000000010201,0.2820454247809406,0.2179545751170502,Bear
2017-05-08,0.5000000000034638,0.2000000035866101,0.29999999640992686,Bear
2017-05-09,0.49999999958656893,0.2452615530621946,0.2547384473512363,Bear
2017-05-10,0.5000000001472467,0.2000000005931576,0.29999999925959603,Bear
2017-05-11,0.5000000000845266,0.2000000000504359,0.2999999998650417,Bear
2017-05-12,0.5000000001028492,0.20000000009094376,0.29999999980620684,Bear
2017-05-15,0.5000000000605713,0.20000000005328006,0.29999999988614856,Bear
2017-05-16,0.500000000049363,0.20000000000673432,0.29999999994390175,Bear
2017-05-17,0.5000000000549006,0.20000000004111254,0.2999999999039859,Bear
2017-05-18,0.5000000012685776,0.20000000473692744,0.29999999399449157,Bear
2017-05-19,0.5000000015261556,0.20000000556379716,0.2999999929100471,Bear
2017-05-22,0.5000000009022514,0.2000000049294156,0.29999999416833234,Bear
2017-05-23,0.500000001894668,0.20000001258521793,0.2999999855201142,Bear
2017-05-24,0.5000000025462971,0.20000001543367923,0.2999999820200236,Bear
2017-05-25,0.5000000001628006,0.20000000050571698,0.29999999933136234,Bear
2017-05-26,0.5000000036910791,0.20000001123843128,0.2999999850704896,Bear
2017-05-30,0.5000000002669506,0.20000000067413168,0.299999999058876,Bear
2017-05-31,0.5000000000595114,0.2000000001327078,0.2999999998077538,Bear
2017-06-01,0.5000000000448864,0.20000000010154734,0.29999999985352566,Bear
2017-06-02,0.5000000000471168,0.20000000009593097,0.2999999998569227,Bear
2017-06-05,0.5000000000514636,0.20000000008148208,0.2999999998670249,Bear
2017-06-06,0.5000000000482572,0.20000000011788163,0.299999999833838,Bear
2017-06-07,0.5000000000485912,0.20000000010347332,0.2999999998479011,Bear
2017-06-08,0.500000000051628,0.20000000010677335,0.2999999998415677,Bear
2017-06-09,0.5000000000489319,0.20000000014471192,0.29999999980633835,Bear
2017-06-12,0.5000000000437934,0.2000000001856591,0.2999999997705253,Bear
2017-06-13,0.5000000000402829,0.20000000020082917,0.29999999975886243,Bear
2017-06-14,0.5000000000355892,0.20000000020948214,0.29999999975490815,Bear
2017-06-15,0.5000000014169048,0.20000000411527064,0.2999999944678246,Bear
2017-06-16,0.5000000000692808,0.2000000000906195,0.29999999984010084,Bear
2017-06-19,0.5000000019305411,0.2000000161584296,0.2999999819110259,Bear
2017-06-20,0.49999999955190005,0.2000017108112758,0.2999982896368243,Bear
2017-06-21,0.5000000003142092,0.399999998365459,0.1000000013203339,Bear
2017-06-22,0.5000000000027577,0.25422038035309863,0.24577961964414458,Bear
2017-06-23,0.4999999988566271,0.20109315112683068,0.2989068500165423,Bear
2017-06-26,0.4999999994757703,0.20109077962930638,0.2989092208949233,Bear
2017-06-27,0.5000000004034343,0.39999999723993573,0.10000000235663002,Bear
2017-06-28,0.49999999987365645,0.2036314838085412,0.2963685163178022,Bear
2017-06-29,0.5000000000840689,0.2000000004129379,0.2999999995029926,Bear
2017-06-30,0.5000000001577497,0.20000000053685746,0.29999999930539634,Bear
2017-07-03,0.5000000001591349,0.20000000054639644,0.2999999992944733,Bear
2017-07-05,0.5000000000719067,0.31677454512487596,0.18322545480321717,Bear
2017-07-06,0.49999999994369976,0.2032917874800178,0.29670821257628255,Bear
2017-07-07,0.5000000001154311,0.20000000388375608,0.2999999960008147,Bear
2017-07-10,0.5000000002508295,0.20000000186333497,0.29999999788586335,Bear
2017-07-11,0.5000000001489906,0.20000000020216546,0.2999999996488617,Bear
2017-07-12,0.5000000001518297,0.2000000002292075,0.2999999996189644,Bear
2017-07-13,0.5000000001092196,0.2000000052991056,0.2999999945916778,Bear
2017-07-14,0.5000000002948195,0.20000000159579634,0.299999998109421,Bear
2017-07-17,0.5000000002547119,0.20000000124490022,0.29999999850039877,Bear
2017-07-18,0.5000000001469357,0.20000000032655346,0.2999999995265232,Bear
2017-07-19,0.5000000000512761,0.20000000835064569,0.29999999159808266,Bear
2017-07-20,0.5000000001376913,0.20000000025296383,0.29999999960934537,Bear
2017-07-21,0.5000000002020563,0.20000000045549068,0.29999999934245375,Bear
2017-07-24,0.5000000000776966,0.2000000001910635,0.29999999973124597,Bear
2017-07-25,0.5000000001974649,0.2000000002418194,0.29999999956071577,Bear
2017-07-26,0.5000000000738988,0.1999999999733068,0.29999999995278515,Bear
2017-07-27,0.5000000048334149,0.2000000076389044,0.2999999875276806,Bear
2017-07-28,0.5000000001409072,0.19999999997188686,0.29999999988716675,Bear
2017-07-31,0.5000000000557371,0.20000000009483593,0.299999999849418,Bear
2017-08-01,0.500000000082429,0.19999999999820242,0.2999999999193657,Bear
2017-08-02,0.5000000002622886,0.2000000006484113,0.29999999908929953,Bear
2017-08-03,0.49999999992705507,0.2238306617298915,0.2761693383430574,Bear
2017-08-04,0.5000000000663949,0.30929508039791226,0.19070491953569302,Bear
2017-08-07,0.49999999978121024,0.22047990448610022,0.27952009573268943,Bear
2017-08-08,0.5000000013566845,0.20000002347301019,0.29999997517030547,Bear
2017-08-09,0.500000000335364,0.20000000080805122,0.2999999988565862,Bear
2017-08-10,0.5000000001260353,0.19999999996966383,0.2999999999042901,Bear
2017-08-11,0.5000000001097752,0.19999999996008852,0.2999999999301335,Bear
2017-08-14,0.5000000037775585,0.20000000720750927,0.2999999890149321,Bear
2017-08-15,0.5000000001447606,0.20000000053174585,0.29999999932343485,Bear
2017-08-16,0.5000000001801734,0.20000000009772187,0.2999999997221039,Bear
2017-08-17,0.5000000001798929,0.20000000020526493,0.299999999614841,Bear
2017-08-18,0.5000000001359544,0.19999999999069862,0.2999999998733433,Bear
2017-08-21,0.5000000001876284,0.20000000014159067,0.2999999996707792,Bear
2017-08-22,0.5000000000940429,0.19999999997336754,0.2999999999325833,Bear
2017-08-23,0.5000000045513944,0.19999999970255192,0.2999999957460538,Bear
2017-08-24,0.5000000040040982,0.20000000375487348,0.29999999224102836,Bear
2017-08-25,0.5000000001879169,0.20000000092121056,0.29999999889079754,Bear
2017-08-28,0.5000000000680584,0.20000000036543644,0.2999999995664982,Bear
2017-08-29,0.5000000000724238,0.200000000233732,0.2999999996938383,Bear
2017-08-30,0.500000000083122,0.20000000021508035,0.2999999997017375,Bear
2017-08-31,0.5000000000807263,0.20000000017787972,0.2999999997413333,Bear
2017-09-01,0.5000000000792815,0.20000000012771046,0.2999999997929565,Bear
2017-09-05,0.500000000082994,0.20000000011520355,0.29999999980176234,Bear
2017-09-06,0.5000000000682422,0.20000000015651792,0.29999999977519265,Bear
2017-09-07,0.5000000000681545,0.2000000002293035,0.299999999702499,Bear
2017-09-08,0.5000000000679902,0.2000000001901665,0.2999999997417896,Bear
2017-09-11,0.5000000000582772,0.20000000018054673,0.2999999997611422,Bear
2017-09-12,0.5000000027556524,0.20000001792823852,0.29999997931610933,Bear
2017-09-13,0.5000000002002964,0.2000000007702898,0.2999999990293341,Bear
2017-09-14,0.5000000030948478,0.20000001698641492,0.2999999799187374,Bear
2017-09-15,0.5000000029722369,0.20000001703489717,0.2999999799928659,Bear
2017-09-18,0.5000000025925959,0.20000001619568922,0.29999998121171484,Bear
2017-09-19,0.5000000033755737,0.20000001993548155,0.29999997668894474,Bear
2017-09-20,0.5000000032551872,0.20000002013786355,0.2999999766069492,Bear
2017-09-21,0.5000000027413456,0.20000001839118597,0.29999997886746455,Bear
2017-09-22,0.5000000001639371,0.20000000011373045,0.29999999972233676,Bear
2017-09-25,0.5000000000665347,0.19999999999915793,0.2999999999343039,Bear
2017-09-26,0.5000000019510759,0.2000000126747199,0.2999999853742012,Bear
2017-09-27,0.5000000001172249,0.2000000000123,0.2999999998704752,Bear
2017-09-28,0.5000000035005192,0.20000001765401756,0.29999997884545965,Bear
2017-09-29,0.5000000003443255,0.20000000159087564,0.2999999980646879,Bear
2017-10-02,0.500000000059516,0.20000000031603749,0.2999999996244392,Bear
2017-10-03,0.5000000038032226,0.19999999917926306,0.2999999970175142,Bear
2017-10-04,0.5000000029233312,0.20000000108045113,0.29999999599621757,Bear
2017-10-05,0.5000000000927508,0.20000000020422037,0.29999999970300706,Bear
2017-10-06,0.5000000000636546,0.20000000015786798,0.2999999997784648,Bear
2017-10-09,0.5000000000650255,0.20000000012556812,0.2999999998093934,Bear
2017-10-10,0.5000000000617485,0.20000000011502256,0.2999999998232148,Bear
2017-10-11,0.5000000000600974,0.20000000011950334,0.2999999998203888,Bear
2017-10-12,0.5000000000564623,0.20000000010389116,0.2999999998396382,Bear
2017-10-13,0.5000000000554168,0.20000000010628044,0.29999999983829534,Bear
2017-10-16,0.5000000000530576,0.2000000000995157,0.2999999998474195,Bear
2017-10-17,0.5000000044716147,0.20000000981715002,0.29999998571123515,Bear
2017-10-18,0.500000004628249,0.20000001146246144,0.2999999839092895,Bear
2017-10-19,0.5000000001086654,0.2000000003063611,0.29999999958493634,Bear
2017-10-20,0.5000000047912557,0.20000001326109265,0.29999998194765143,Bear
2017-10-23,0.5000000001301099,0.20000000031823678,0.2999999995516089,Bear
2017-10-24,0.500000000058228,0.20000000013601216,0.2999999998057462,Bear
2017-10-25,0.5000000000581394,0.20000000013693411,0.29999999980492026,Bear
2017-10-26,0.5000000000599221,0.20000000015088762,0.29999999978918357,Bear
2017-10-27,0.5000000000520869,0.2000000001647986,0.2999999997831079,Bear
2017-10-30,0.5000000029825824,0.2000000156378902,0.29999998137952755,Bear
2017-10-31,0.5000000009969728,0.20000000502095452,0.2999999939820864,Bear
2017-11-01,0.5000000012585438,0.2000000062843358,0.2999999924571252,Bear
2017-11-02,0.5000000031447495,0.20000000717093736,0.2999999896843132,Bear
2017-11-03,0.4999999998762408,0.20000012869475442,0.2999998714290143,Bear
2017-11-06,0.5000000003493277,0.3999999989945923,0.1000000006560816,Bear
2017-11-07,0.4999999998501168,0.39999976513252683,0.1000002350173564,Bear
2017-11-08,0.49999999856778116,0.39452655744137405,0.10547344399084474,Bear
2017-11-09,0.499999999978814,0.22124401662940826,0.2787559833917804,Bear
2017-11-10,0.5000000001643864,0.3999999998255076,0.10000000001010606,Bear
2017-11-13,0.5000000001729308,0.39999999941355835,0.10000000041350655,Bear
2017-11-14,0.5000000002768515,0.3999999996238066,0.1000000000993334,Bear
2017-11-15,0.5000000003172994,0.39999999950809156,0.10000000017460346,Bear
2017-11-16,0.5000000002135466,0.3999999993759813,0.1000000004104597,Bear
2017-11-17,0.5000000002624219,0.39999999975096495,0.09999999998660497,Bear
2017-11-20,0.5000000003185621,0.3999999995551623,0.10000000012627112,Bear
2017-11-21,0.5000000003077182,0.3999999993192687,0.10000000037300519,Bear
2017-11-22,0.5000000003270582,0.3999999987707894,0.1000000009021402,Bear
2017-11-24,0.5000000003158466,0.3999999996020276,0.100000000082104,Bear
2017-11-27,0.5000000000618767,0.27928516781281,0.22071483212531295,Bear
2017-11-28,0.5000000007319411,0.20000000107499338,0.2999999981930655,Bear
2017-11-29,0.5000000002526174,0.20000000022867284,0.2999999995187,Bear
2017-11-30,0.500000000290328,0.2000000006395431,0.2999999990701253,Bear
2017-12-01,0.500000000383403,0.20000000150362826,0.29999999811296446,Bear
2017-12-04,0.5000000000257734,0.3474178155950683,0.15258218437915821,Bear
2017-12-05,0.4999999984099324,0.3999961860850078,0.10000381550505966,Bear
2017-12-06,0.5000000000776367,0.39999999965480537,0.10000000026755788,Bear
2017-12-07,0.5000000002506729,0.399999999328837,0.10000000042048306,Bear
2017-12-08,0.5000000003029815,0.3999999990183823,0.10000000067862319,Bear
2017-12-11,0.5000000001180983,0.399999999741177,0.10000000014068469,Bear
2017-12-12,0.5000000020810342,0.3999999956606723,0.10000000225829365,Bear
2017-12-13,0.5000000021287782,0.39999999487675314,0.10000000299446865,Bear
2017-12-14,0.5000000020026683,0.3999999855583693,0.1000000124389352,Bear
2017-12-15,0.5000000009761333,0.3999999948564521,0.1000000041673362,Bear
2017-12-18,0.5000000001676806,0.3999999997342443,0.10000000009807496,Bear
2017-12-19,0.5000000000576056,0.39999999978872053,0.10000000015366649,Bear
2017-12-20,0.5000000003148914,0.2000000009905345,0.2999999986945736,Bear
2017-12-21,0.5000000003797881,0.20000002091331567,0.29999997870688805,Bear
2017-12-22,0.500000001214468,0.20000002824310284,0.2999999705424004,Bear
2017-12-26,0.5000000023727464,0.20000001421975686,0.29999998340749684,Bear
2017-12-27,0.5000000000871266,0.2000000002260219,0.29999999968680474,Bear
2017-12-28,0.500000000066018,0.2000000000089471,0.29999999992502674,Bear
2017-12-29,0.5000000007212105,0.20000001816982435,0.2999999811089585,Bear
2018-01-02,0.500000001601676,0.20000001212891538,0.2999999862694086,Bear
2018-01-03,0.5000000000723399,0.2000000001652751,0.29999999976232655,Bear
2018-01-04,0.5000000031581461,0.2000000093772277,0.2999999874646263,Bear
2018-01-05,0.5000000000712158,0.20000000016349598,0.29999999976524155,Bear
2018-01-08,0.5000000000359465,0.20000000009579447,0.2999999998682484,Bear
2018-01-09,0.5000000000346966,0.20000000009064856,0.2999999998746495,Bear
2018-01-10,0.5000000000386651,0.20000000007287874,0.29999999988845205,Bear
2018-01-11,0.5000000000386292,0.20000000007533633,0.2999999998860305,Bear
2018-01-12,0.5000000000380435,0.2000000000786765,0.2999999998832761,Bear
2018-01-16,0.5000000000378721,0.20000000007137705,0.29999999989074755,Bear
2018-01-17,0.5000000031839325,0.20000001079292362,0.29999998602314404,Bear
2018-01-18,0.5000000001251571,0.19999999997255566,0.29999999990227244,Bear
2018-01-19,0.5000000000518122,0.19999999997640985,0.29999999997177584,Bear
2018-01-22,0.5000000035720198,0.2000000009284626,0.29999999549951767,Bear
2018-01-23,0.5000000001026563,0.19999999997215037,0.29999999992514004,Bear
2018-01-24,0.5000000000499789,0.19999999998551007,0.2999999999645097,Bear
2018-01-25,0.5000000036422602,0.2000000071900987,0.2999999891676411,Bear
2018-01-26,0.5000000034690258,0.20000000139733884,0.2999999951336352,Bear
2018-01-29,0.5000000033989067,0.20000000766734014,0.2999999889337531,Bear
2018-01-30,0.5000000037487482,0.2000000069555066,0.2999999892957453,Bear
2018-01-31,0.5000000035132521,0.20000000853218408,0.29999998795456373,Bear
2018-02-01,0.5000000026629522,0.20000001383764496,0.29999998349940277,Bear
2018-02-02,0.2500000003060538,0.3952916243780843,0.35470837531587146,Crisis
2018-02-05,0.2500000000329301,0.39529162197063755,0.3547083779964256,Crisis
2018-02-06,0.2499999999990587,0.39529162088190545,0.3547083791190329,Crisis
2018-02-07,0.2500000000082266,0.39529161934098944,0.3547083806507871,Crisis
2018-02-08,0.250000000010713,0.39529161757785697,0.35470838241141583,Crisis
2018-02-09,0.2500000000011617,0.39529161680023134,0.35470838319860537,Crisis
2018-02-12,0.2499999999969449,0.39529161623430464,0.35470838376874647,Crisis
2018-02-13,0.2499999999974831,0.3952916156915373,0.3547083843109929,Crisis
2018-02-14,0.24999999999856246,0.39529161512297906,0.3547083848784693,Crisis
2018-02-15,0.24999999996699745,0.3952916153401325,0.35470838469287636,Crisis
2018-02-16,0.24999999996953315,0.3952916153818795,0.3547083846486026,Crisis
2018-02-20,0.249999999970764,0.395291615386172,0.35470838464308013,Crisis
2018-02-21,0.249999999942685,0.3952916164291318,0.3547083836281847,Crisis
2018-02-22,0.24999999996444852,0.39529161668224133,0.35470838335331106,Crisis
2018-02-23,0.24999999996392938,0.39529161699815235,0.35470838303792585,Crisis
2018-02-26,0.24999999998637512,0.39529161676095265,0.35470838325269494,Crisis
2018-02-27,0.24999999997855427,0.39529161667651724,0.354708383344941,Crisis
2018-02-28,0.2499999956710511,0.3952916631161035,0.35470834121284567,Crisis
2018-03-01,0.24999999963164438,0.395291664302475,0.35470833606588154,Crisis
2018-03-02,0.2499999844621302,0.39529187651305076,0.35470813902481874,Crisis
2018-03-05,0.2499999984893265,0.3952918790507399,0.35470812245993555,Crisis
2018-03-06,0.5000000004900874,0.20000000069729065,0.29999999881262235,Bear
2018-03-07,0.5000000000605802,0.20000000012016544,0.29999999981921105,Bear
2018-03-08,0.5000000000404577,0.20000000008026447,0.2999999998792415,Bear
2018-03-09,0.5000000000380795,0.2000000000811696,0.2999999998807403,Bear
2018-03-12,0.500000000037828,0.200000000075056,0.2999999998871087,Bear
2018-03-13,0.5000000000372595,0.20000000008126154,0.2999999998814715,Bear
2018-03-14,0.5000000000327154,0.20000000009865032,0.2999999998686252,Bear
2018-03-15,0.5000000000325545,0.2000000000900099,0.2999999998774266,Bear
2018-03-16,0.5000000018354067,0.20000001389103386,0.2999999842735539,Bear
2018-03-19,0.5000000001744628,0.20000000002260276,0.29999999980292263,Bear
2018-03-20,0.5000000000260053,0.20000000017774058,0.29999999979619413,Bear
2018-03-21,0.5000000021484055,0.20000001262749562,0.2999999852240928,Bear
2018-03-22,0.25000000002141376,0.41885557705663173,0.33114442292195345,Crisis
2018-03-23,0.24999999997862643,0.4188555770002367,0.33114442302112546,Crisis
2018-03-26,0.24999999998280123,0.41885557687423264,0.3311444231429749,Crisis
2018-03-27,0.24999999998741682,0.4188555768339347,0.33114442317865717,Crisis
2018-03-28,0.24999999998493092,0.4188555768858205,0.3311444231292519,Crisis
2018-03-29,0.24999999996276243,0.41885557740374635,0.3311444226334953,Crisis
2018-04-02,0.24999999996865266,0.41885557783891103,0.3311444221924376,Crisis
2018-04-03,0.24999999997783337,0.41885557822807035,0.3311444217940974,Crisis
2018-04-04,0.24999999997736497,0.4188555786181648,0.33114442140447886,Crisis
2018-04-05,0.24999999996944605,0.41885557930003425,0.33114442073052375,Crisis
2018-04-06,0.24999999996551514,0.41885558004495627,0.3311444199895327,Crisis
2018-04-09,0.24999999996842842,0.4188555807796572,0.3311444192519193,Crisis
2018-04-10,0.24999999996856956,0.41885558152782865,0.3311444185036059,Crisis
2018-04-11,0.24999999996118366,0.41885558260621225,0.33114441743260653,Crisis
2018-04-12,0.24999999994980915,0.41885558404644163,0.33114441600375094,Crisis
2018-04-13,0.5000000034269582,0.2000000008629816,0.29999999571006025,Bear
2018-04-16,0.5000000000845243,0.20000000039379073,0.2999999995215807,Bear
2018-04-17,0.5000000022909947,0.2000000138217474,0.29999998388724924,Bear
2018-04-18,0.5000000021365225,0.20000000613128519,0.29999999173219233,Bear
2018-04-19,0.5000000000895927,0.20000000018535644,0.2999999997249795,Bear
2018-04-20,0.5000000000451067,0.200000000086522,0.2999999998683198,Bear
2018-04-23,0.5000000000458716,0.20000000008581204,0.2999999998682801,Bear
2018-04-24,0.5000000000404462,0.20000000009046295,0.2999999998690782,Bear
2018-04-25,0.5000000000601141,0.20000000006388743,0.29999999987595344,Bear
2018-04-26,0.5000000000596168,0.20000000006316246,0.2999999998771736,Bear
2018-04-27,0.5000000000425996,0.20000000009238508,0.29999999986499004,Bear
2018-04-30,0.5000000000417463,0.20000000009613939,0.2999999998620858,Bear
2018-05-01,0.5000000000337042,0.2000000001283605,0.29999999983789283,Bear
2018-05-02,0.5000000023018539,0.20000001398742517,0.29999998371070796,Bear
2018-05-03,0.5000000002608277,0.20000000076703767,0.29999999897209034,Bear
2018-05-04,0.500000000084674,0.20000000009040758,0.2999999998248621,Bear
2018-05-07,0.5000000000567285,0.20000000006056265,0.299999999882648,Bear
2018-05-08,0.5000000000567737,0.20000000005635254,0.29999999988683274,Bear
2018-05-09,0.5000000000533065,0.2000000000609394,0.2999999998857142,Bear
2018-05-10,0.5000000000581741,0.2000000000515525,0.2999999998902384,Bear
2018-05-11,0.5000000000510506,0.20000000006210525,0.2999999998868119,Bear
2018-05-14,0.5000000000379714,0.20000000008365582,0.29999999987834514,Bear
2018-05-15,0.5000000000456273,0.20000000007549626,0.2999999998788452,Bear
2018-05-16,0.5000000000438355,0.20000000008587904,0.2999999998702573,Bear
2018-05-17,0.5000000000436771,0.20000000008639732,0.29999999986989684,Bear
2018-05-18,0.5000000000430045,0.20000000010290928,0.29999999985406695,Bear
2018-05-21,0.5000000000451128,0.20000000009276933,0.2999999998620832,Bear
2018-05-22,0.5000000000412442,0.20000000009955665,0.29999999985916925,Bear
2018-05-23,0.5000000000402849,0.20000000010040112,0.2999999998592898,Bear
2018-05-24,0.5000000000398467,0.20000000009407035,0.29999999986607107,Bear
2018-05-25,0.5000000000416625,0.2000000000923563,0.29999999986596704,Bear
2018-05-29,0.5000000031535811,0.20000001165769235,0.29999998518872656,Bear
2018-05-30,0.5000000000028102,0.2000000382248666,0.29999996177229304,Bear
2018-05-31,0.5000000002489943,0.1999999999897926,0.2999999997611432,Bear
2018-06-01,0.5000000000821814,0.1999999999971143,0.299999999920694,Bear
2018-06-04,0.5000000000641192,0.20000000000507254,0.29999999993080456,Bear
2018-06-05,0.5000000029518883,0.2000000089017446,0.2999999881463671,Bear
2018-06-06,0.5000000016928505,0.200000011428663,0.2999999868784554,Bear
2018-06-07,0.5000000026784454,0.2000000097683666,0.2999999875531882,Bear
2018-06-08,0.5000000031810088,0.20000000304567903,0.29999999377331216,Bear
2018-06-11,0.5000000015856152,0.20000001194738132,0.29999998646698167,Bear
2018-06-12,0.5000000036449562,0.2000000095831404,0.2999999867719034,Bear
2018-06-13,0.5000000033170126,0.20000001014481325,0.299999986538174,Bear
2018-06-14,0.5000000037682344,0.2000000095003317,0.2999999867314338,Bear
2018-06-15,0.5000000002493226,0.20000000059141604,0.2999999991592133,Bear
2018-06-18,0.500000003534044,0.20000000899748463,0.29999998746847134,Bear
2018-06-19,0.5000000035733151,0.20000000926100975,0.2999999871656751,Bear
2018-06-20,0.5000000037020444,0.20000000969566667,0.29999998660228894,Bear
2018-06-21,0.5000000002656376,0.20000000068000617,0.2999999990543151,Bear
2018-06-22,0.5000000000508745,0.20000000013627067,0.29999999981283704,Bear
2018-06-25,0.5000000000429295,0.20000000011354843,0.2999999998434933,Bear
2018-06-26,0.5000000035027458,0.2000000107807599,0.29999998571649455,Bear
2018-06-27,0.5000000002151701,0.20000000062932669,0.2999999991554759,Bear
2018-06-28,0.5000000000545953,0.2000000006303514,0.29999999931505017,Bear
2018-06-29,0.49999999980866194,0.20128589501561236,0.2987141051757258,Bear
2018-07-02,0.5000000006858483,0.20000189359287052,0.29999810572128116,Bear
2018-07-03,0.500000003664444,0.3430276677124462,0.15697232862310992,Bear
2018-07-05,0.5000000001527279,0.2000000003353483,0.2999999995119239,Bear
2018-07-06,0.5000000001591848,0.20000000007491014,0.29999999976589975,Bear
2018-07-09,0.5000000000829787,0.2846553642536486,0.21534463566337275,Bear
2018-07-10,0.5000000001736926,0.2000000014371196,0.29999999838918723,Bear
2018-07-11,0.5000000001552353,0.2000000001127558,0.29999999973200175,Bear
2018-07-12,0.4999999999630465,0.3691649967909773,0.13083500324596534,Bear
2018-07-13,0.5000000000655235,0.2581871905221227,0.24181280941235345,Bear
2018-07-16,0.5000000000647365,0.3999999965501794,0.1000000033850836,Bear
2018-07-17,0.5000000002581984,0.3999999997598884,0.09999999998182062,Bear
2018-07-18,0.5000000001200954,0.3999999995945008,0.10000000028539092,Bear
2018-07-19,0.5000000001506129,0.39999999936098246,0.10000000048838846,Bear
2018-07-20,0.5000000042961061,0.3999999938983581,0.10000000180553581,Bear
2018-07-23,0.5000000000540354,0.39999999039226963,0.10000000955369481,Bear
2018-07-24,0.49999999956340374,0.3917321831165057,0.10826781732009033,Bear
2018-07-25,0.50000000083989,0.39999998860650754,0.10000001055351061,Bear
2018-07-26,0.5000000001825708,0.3999999996280295,0.10000000018939971,Bear
2018-07-27,0.5000000045588612,0.39999999079651327,0.10000000464462541,Bear
2018-07-30,0.5000000001280656,0.39999999989691565,0.09999999997501872,Bear
2018-07-31,0.5000000001100049,0.3999999999051877,0.09999999998480226,Bear
2018-08-01,0.5000000001103085,0.3999999999152054,0.09999999997448158,Bear
2018-08-02,0.5000000033810812,0.39999998478991255,0.1000000118290061,Bear
2018-08-03,0.5000000001577515,0.3999999997592728,0.1000000000829755,Bear
2018-08-06,0.5000000001195385,0.3999999993806323,0.10000000049981904,Bear
2018-08-07,0.5000000000683569,0.39999999987070783,0.10000000006088969,Bear
2018-08-08,0.500000000133534,0.3999999991673816,0.10000000069907972,Bear
2018-08-09,0.5000000000687187,0.3999999996426372,0.10000000028857879,Bear
2018-08-10,0.500000000176208,0.39999999986919804,0.09999999995458454,Bear
2018-08-13,0.500000000211962,0.3999999998569258,0.09999999993110964,Bear
2018-08-14,0.5000000002178401,0.3999999999147874,0.09999999986736956,Bear
2018-08-15,0.500000000211104,0.3999999999109006,0.09999999987799316,Bear
2018-08-16,0.5000000000627127,0.39999999997287683,0.09999999996440165,Bear
2018-08-17,0.5000000000768665,0.3999999999728982,0.09999999995023333,Bear
2018-08-20,0.5000000002090674,0.3999999999221555,0.09999999986877672,Bear
2018-08-21,0.5000000001867391,0.39999999993121926,0.09999999988204024,Bear
2018-08-22,0.5000000002270519,0.39999999989884827,0.09999999987409879,Bear
2018-08-23,0.5000000001704853,0.3999999999384596,0.09999999989105264,Bear
2018-08-24,0.5000000001695909,0.3999999999463263,0.0999999998840815,Bear
2018-08-27,0.5000000001962456,0.39999999990734403,0.09999999989640966,Bear
2018-08-28,0.5000000002318169,0.3999999998356158,0.099999999932566,Bear
2018-08-29,0.5000000002587269,0.3999999998791125,0.09999999986215845,Bear
2018-08-30,0.5000000002831453,0.39999999982137546,0.09999999989547813,Bear
2018-08-31,0.5000000002525922,0.3999999998844469,0.09999999986295827,Bear
2018-09-04,0.5000000002369216,0.3999999999145718,0.09999999984850487,Bear
2018-09-05,0.5000000001752515,0.3999999999516576,0.0999999998730892,Bear
2018-09-06,0.5000000003176825,0.39999999985783224,0.099999999824485,Bear
2018-09-07,0.5000000002460169,0.39999999991529783,0.09999999983868298,Bear
2018-09-10,0.5000000003478913,0.3999999998373547,0.09999999981475344,Bear
2018-09-11,0.5000000003017924,0.3999999998813055,0.0999999998169001,Bear
2018-09-12,0.5000000003211749,0.39999999984899953,0.09999999982982423,Bear
2018-09-13,0.5000000002691876,0.3999999998954361,0.09999999983537389,Bear
2018-09-14,0.5000000002515037,0.39999999990356827,0.09999999984492632,Bear
2018-09-17,0.5000000002813415,0.3999999998892655,0.09999999982939176,Bear
2018-09-18,0.500000000314804,0.3999999998419843,0.09999999984321022,Bear
2018-09-19,0.5000000003414138,0.39999999971561107,0.09999999994297326,Bear
2018-09-20,0.5000000003216392,0.3999999996687122,0.1000000000096446,Bear
2018-09-21,0.5000000001915359,0.39999999973032224,0.10000000007813466,Bear
2018-09-24,0.5000000001749175,0.3999999997403948,0.10000000008468148,Bear
2018-09-25,0.5000000001756771,0.3999999997194982,0.10000000010481835,Bear
2018-09-26,0.5000000002157081,0.3999999996566646,0.10000000012762178,Bear
2018-09-27,0.5000000002585681,0.3999999996785442,0.10000000006288165,Bear
2018-09-28,0.5000000002929422,0.39999999981659834,0.0999999998904545,Bear
2018-10-01,0.5000000002839398,0.3999999998021226,0.09999999991393489,Bear
2018-10-02,0.5000000002162617,0.39999999973780576,0.10000000004592836,Bear
2018-10-03,0.5000000001016275,0.39999999965097977,0.1000000002473804,Bear
2018-10-04,0.5000000001847986,0.399999999750136,0.10000000006505892,Bear
2018-10-05,0.5000000000362791,0.39999999837296957,0.10000000159074385,Bear
2018-10-08,0.4999999999486694,0.20000006866443346,0.29999993138690584,Bear
2018-10-09,0.5000000000702803,0.3999999990019267,0.10000000092779396,Bear
2018-10-10,0.24999999853633864,0.41771374897433483,0.33228625248932653,Crisis
2018-10-11,0.24999994804953835,0.4177137533815786,0.3322862985688827,Crisis
2018-10-12,0.249999962569569,0.4177137470043024,0.3322862904261294,Crisis
2018-10-15,0.24999997515700226,0.417713741630336,0.3322862832126605,Crisis
2018-10-16,0.2499999818162955,0.41771373908627657,0.3322862790974344,Crisis
2018-10-17,0.2499999574120654,0.4177137482949265,0.33228629429300965,Crisis
2018-10-18,0.24999996415657094,0.4177137437375632,0.3322862921058669,Crisis
2018-10-19,0.24999993002029325,0.41771375284943907,0.33228631713026985,Crisis
2018-10-22,0.24999993778466117,0.4177137473622327,0.3322863148531111,Crisis
2018-10-23,0.2499999421021561,0.4177137450897772,0.3322863128080759,Crisis
2018-10-24,0.24999994654856675,0.4177137429771214,0.3322863104743222,Crisis
2018-10-25,0.24999981013305506,0.41771382493471376,0.33228636493223107,Crisis
2018-10-26,0.2499998156144439,0.41771382665549356,0.3322863577300898,Crisis
2018-10-29,0.24999981933042292,0.41771382758525044,0.33228635308434495,Crisis
2018-10-30,0.24999982275680635,0.41771382995466666,0.33228634728854445,Crisis
2018-10-31,0.24999982476993818,0.4177138345759491,0.3322863406541208,Crisis
2018-11-01,0.249999827489625,0.41771383882793905,0.3322863336824466,Crisis
2018-11-02,0.24999982892194286,0.4177138521467992,0.33228631893125987,Crisis
2018-11-05,0.24999982968842513,0.4177138577928569,0.33228631251872304,Crisis
2018-11-06,0.2499998302485036,0.41771386257389426,0.3322863071776068,Crisis
2018-11-07,0.24999982995476427,0.4177138660106659,0.33228630403457327,Crisis
2018-11-08,0.24999982386589728,0.41771387137723354,0.3322863047568698,Crisis
2018-11-09,0.2499998178674502,0.417713876676882,0.33228630545566845,Crisis
2018-11-12,0.24999980804722102,0.41771388721923736,0.33228630473354176,Crisis
2018-11-13,0.24999971228401188,0.41771398386796443,0.33228630384802416,Crisis
2018-11-14,0.24999961435725684,0.4177140843251915,0.3322863013175526,Crisis
2018-11-15,0.2499994980990468,0.41771420978033785,0.3322862921206157,Crisis
2018-11-16,0.2499992382920031,0.4177144860258655,0.3322862756821314,Crisis
2018-11-19,0.2499989728127284,0.4177147857082773,0.3322862414789946,Crisis
2018-11-20,0.24999772185116192,0.4177160289902931,0.3322862491585448,Crisis
2018-11-21,0.24999005308723513,0.41772342884304486,0.3322865180697201,Crisis
2018-11-23,0.24998628057232852,0.417727033931274,0.3322866854963974,Crisis
2018-11-26,0.24997733813833709,0.4177355347518854,0.33228712710977754,Crisis
2018-11-27,0.2499769005043632,0.4177358712688499,0.33228722822678725,Crisis
2018-11-28,0.2499764802194026,0.4177361917337691,0.3322873280468285,Crisis
2018-11-29,0.2499024851573597,0.41780972788145704,0.3322877869611833,Crisis
2018-11-30,0.2497326417179037,0.4179794525351964,0.3322879057469001,Crisis
2018-12-03,0.24921365892977615,0.41849836389409445,0.3322879771761294,Crisis
2018-12-04,0.24537579085062816,0.42233621637611435,0.3322879927732573,Crisis
2018-12-06,0.24537230231303106,0.422339661096283,0.33228803659068606,Crisis
2018-12-07,0.24537098662437654,0.42234095172917746,0.33228806164644603,Crisis
2018-12-10,0.24530472647221327,0.42240683583677346,0.3322884376910131,Crisis
2018-12-11,0.24416939845215993,0.4235417642726253,0.33228883727521463,Crisis
2018-12-12,0.24401381824008178,0.42369645987782745,0.33228972188209044,Crisis
2018-12-13,0.24385050141184922,0.42385884610100305,0.3322906524871476,Crisis
2018-12-14,0.24376988148066586,0.4239387177312992,0.33229140078803493,Crisis
2018-12-17,0.24099403797346272,0.4267145143321771,0.3322914476943602,Crisis
2018-12-18,0.24080399543757633,0.42690350839505364,0.3322924961673699,Crisis
2018-12-19,0.24079730738392582,0.42691000614095187,0.33229268647512233,Crisis
2018-12-20,0.2407855605652434,0.42692149302597454,0.3322929464087817,Crisis
2018-12-21,0.2403777772618314,0.4273288060755089,0.33229341666265955,Crisis
2018-12-24,0.23669001083659474,0.4310160670078868,0.3322939221555186,Crisis
2018-12-26,0.23616779209953,0.43153802660512935,0.33229418129534105,Crisis
2018-12-27,0.22915139438904158,0.4385542766550858,0.33229432895587246,Crisis
2018-12-28,0.22819687481896647,0.43950859173034706,0.33229453345068616,Crisis
2018-12-31,0.22733490958421895,0.4403703873420503,0.3322947030737308,Crisis
2019-01-02,0.22694959041380705,0.4407552422536808,0.3322951673325122,Crisis
2019-01-03,0.22679533464340682,0.44090886741617996,0.3322957979404135,Crisis
2019-01-04,0.22678238610679477,0.440921117994164,0.3322964958990412,Crisis
2019-01-07,0.22677643413055787,0.4409267398926261,0.33229682597681637,Crisis
2019-01-08,0.22676931067422712,0.44093346630706964,0.33229722301870346,Crisis
2019-01-09,0.2267619211377727,0.4409404450302911,0.3322976338319362,Crisis
2019-01-10,0.19999999934021953,0.500000000763149,0.29999999989663784,Bear
2019-01-11,0.1999999999380043,0.5000000000513785,0.30000000001061594,Bear
2019-01-14,0.20000000000362644,0.5000000000735472,0.29999999992277054,Bear
2019-01-15,0.1999999997355158,0.5000000001524135,0.30000000011207173,Bear
2019-01-16,0.20000000474844198,0.5000000017500844,0.2999999935014706,Bear
2019-01-17,0.20000009724468748,0.49999999957531505,0.29999990317999753,Bear
2019-01-18,0.2000000013817007,0.5000000010743614,0.29999999754406703,Bear
2019-01-22,0.2887329326085175,0.500000003928322,0.21126706346316035,Bear
2019-01-23,0.2000001644208212,0.5000000010429564,0.29999983453622237,Bear
2019-01-24,0.2000000054857408,0.500000000223556,0.2999999942907042,Bear
2019-01-25,0.20000030295167504,0.5000000000115857,0.29999969703673945,Bear
2019-01-28,0.22020834470748757,0.4999999997557845,0.2797916555367278,Bear
2019-01-29,0.19999999899298398,0.5000000009740979,0.3000000000329156,Bear
2019-01-30,0.19999999988820621,0.5000000000658434,0.3000000000459483,Bear
2019-01-31,0.19999999991677858,0.500000000039068,0.30000000004401867,Bear
2019-02-01,0.20000000032107787,0.5000000000607973,0.29999999961800117,Bear
2019-02-04,0.20389523323747727,0.4999999982733791,0.2961047684891437,Bear
2019-02-05,0.32997585625822484,0.5000000000819733,0.17002414365980167,Bear
2019-02-06,0.39999998134887554,0.4999999999613756,0.10000001868970315,Bear
2019-02-07,0.42100913833754183,0.47899085806852093,0.10000000359393707,Bear
2019-02-08,0.39999999981134604,0.5000000006344618,0.099999999554192,Bear
2019-02-11,0.3999999990754371,0.5000000011091578,0.09999999981540864,Bear
2019-02-12,0.4000000421373444,0.4999999576020772,0.10000000026061172,Bear
2019-02-13,0.4000000004683647,0.49999999981973153,0.09999999971192755,Bear
2019-02-14,0.40000000279007464,0.49999999802916556,0.099999999180783,Bear
2019-02-15,0.3999999996608319,0.5000000012922345,0.09999999904704283,Bear
2019-02-19,0.39999999876571646,0.5000000019602816,0.09999999927399365,Bear
2019-02-20,0.4000000003447547,0.5000000014807331,0.09999999817448871,Bear
2019-02-21,0.39999999868967046,0.5000000016257762,0.09999999968456456,Bear
2019-02-22,0.3999999987320092,0.5000000015017817,0.09999999976615485,Bear
2019-02-25,0.39999999853784096,0.5000000014323419,0.10000000002978708,Bear
2019-02-26,0.3999999988481741,0.5000000015526561,0.09999999959912571,Bear
2019-02-27,0.40000000034025535,0.5000000017358741,0.09999999792385027,Bear
2019-02-28,0.4000000007283336,0.5000000016775098,0.09999999759418089,Bear
2019-03-01,0.3999999987847889,0.5000000014904026,0.09999999972484114,Bear
2019-03-04,0.44821762949129784,0.45178237227844015,0.09999999823029128,Bear
2019-03-05,0.4999999940234425,0.400000006131285,0.09999999984527987,Bear
2019-03-06,0.4207185479733222,0.4792814527406165,0.09999999928606114,Bear
2019-03-07,0.400000000028589,0.5000000003906536,0.09999999958076465,Bear
2019-03-08,0.39999999875968095,0.5000000019262576,0.09999999931406227,Bear
2019-03-11,0.4000000014516252,0.5000000013900459,0.09999999715830753,Bear
2019-03-12,0.3999999985322213,0.5000000019528935,0.09999999951493801,Bear
2019-03-13,0.399999999401089,0.5000000025531164,0.09999999804578721,Bear
2019-03-14,0.4000000010414411,0.5000000015470957,0.09999999741145701,Bear
2019-03-15,0.3999999993235518,0.5000000016506596,0.09999999902584747,Bear
2019-03-18,0.40000000043476597,0.500000000212188,0.09999999935301039,Bear
2019-03-19,0.40000005125987576,0.49999994870934816,0.10000000003077623,Bear
2019-03-20,0.4000000060955182,0.49999999443217796,0.09999999947230388,Bear
2019-03-21,0.4000000020359254,0.5000000002410008,0.0999999977230737,Bear
2019-03-22,0.40000000020328075,0.49999999982739596,0.09999999996932364,Bear
2019-03-25,0.3999999994121653,0.5000000014509999,0.09999999913684184,Bear
2019-03-26,0.40000000141449665,0.499999998613013,0.09999999997249033,Bear
2019-03-27,0.5000000000280467,0.4000000000794922,0.0999999998924618,Bear
2019-03-28,0.4000000001827936,0.5000000018434714,0.0999999979737349,Bear
2019-03-29,0.46499043968516607,0.4350095604290678,0.09999999988576704,Bear
2019-04-01,0.4999999990398407,0.4000000013150413,0.09999999964512116,Bear
2019-04-02,0.4999999969850319,0.4000000061808701,0.09999999683411853,Bear
2019-04-03,0.5000000017954083,0.4000000002949032,0.09999999790976105,Bear
2019-04-04,0.5000000015776549,0.4000000005508837,0.09999999787147038,Bear
2019-04-05,0.49999999639401377,0.4000000069011202,0.09999999670487736,Bear
2019-04-08,0.500000000088293,0.400000000049492,0.09999999986221561,Bear
2019-04-09,0.5000000013607572,0.399999999758656,0.09999999888059186,Bear
2019-04-10,0.5000000016282776,0.4000000000835246,0.09999999828819972,Bear
2019-04-11,0.49999999612438184,0.40000000718255196,0.09999999669307269,Bear
2019-04-12,0.5000000018884039,0.40000000074894937,0.0999999973627446,Bear
2019-04-15,0.5000000018076458,0.40000000049775913,0.09999999769461221,Bear
2019-04-16,0.5000000018274496,0.40000000066220653,0.09999999751036055,Bear
2019-04-17,0.500000001695905,0.40000000054348234,0.09999999776063476,Bear
2019-04-18,0.5000000013260044,0.40000000033118494,0.09999999834283137,Bear
2019-04-22,0.5000000004359356,0.4000000006232523,0.09999999894082397,Bear
2019-04-23,0.5000000007518762,0.4000000007250946,0.09999999852304957,Bear
2019-04-24,0.4999999988550519,0.4000000033339479,0.09999999781101088,Bear
2019-04-25,0.5000000004685302,0.4000000025945156,0.0999999969369541,Bear
2019-04-26,0.4999999937457543,0.40000000965100824,0.09999999660326639,Bear
2019-04-29,0.5000000001046914,0.4000000000482466,0.09999999984706219,Bear
2019-04-30,0.49999999598556244,0.40000000683538633,0.09999999717905998,Bear
2019-05-01,0.4999999946111871,0.40000000886057707,0.09999999652830725,Bear
2019-05-02,0.499999995542143,0.4000000074970254,0.0999999969609245,Bear
2019-05-03,0.4999999984913936,0.40000000443142647,0.09999999707723796,Bear
2019-05-06,0.49999999666765255,0.400000006636713,0.09999999669567813,Bear
2019-05-07,0.4999999966015707,0.40000000683750947,0.09999999656098316,Bear
2019-05-08,0.49999962163788914,0.4000003776458525,0.10000000071625827,Bear
2019-05-09,0.49997569802588954,0.40002430038415365,0.10000000158995695,Bear
2019-05-10,0.4319527243631155,0.46804727578510963,0.09999999985177555,Bear
2019-05-13,0.4000000085086472,0.4999999920862594,0.09999999940510416,Bear
2019-05-14,0.3999999994528742,0.5000000014820741,0.09999999906505164,Bear
2019-05-15,0.3999999994704591,0.5000000018116455,0.09999999871788842,Bear
2019-05-16,0.3999999999294386,0.5000000012301533,0.09999999884040342,Bear
2019-05-17,0.40000000347830617,0.4999999985713033,0.09999999795039645,Bear
2019-05-20,0.40000000008777276,0.5000000008530594,0.09999999905921722,Bear
2019-05-21,0.3999999992232127,0.5000000012653363,0.09999999951145785,Bear
2019-05-22,0.40000000056691987,0.5000000009656059,0.0999999984674672,Bear
2019-05-23,0.399999999862837,0.5000000010428897,0.09999999909428606,Bear
2019-05-24,0.4000000000162352,0.5000000000314136,0.0999999999523511,Bear
2019-05-28,0.4000000000143857,0.5000000000144722,0.09999999997115984,Bear
2019-05-29,0.4000000000201653,0.5000000000120034,0.09999999996784617,Bear
2019-05-30,0.40000000000803415,0.5000000000223678,0.0999999999696198,Bear
2019-05-31,0.39999999905931827,0.5000000013962022,0.09999999954448444,Bear
2019-06-03,0.3999999882075349,0.5000000011128833,0.10000001067958014,Bear
2019-06-04,0.39999996511501196,0.49999999992301913,0.10000003496196902,Bear
2019-06-05,0.39999999107359036,0.5000000004572581,0.1000000084691515,Bear
2019-06-06,0.39999999325801877,0.5000000005059438,0.10000000623603741,Bear
2019-06-07,0.3999999970413802,0.50000000051335,0.10000000244521373,Bear
2019-06-10,0.39999998535384845,0.5000000012687665,0.10000001337738483,Bear
2019-06-11,0.3999999973183077,0.5000000022499983,0.10000000043169392,Bear
2019-06-12,0.39999999706065426,0.5000000018616021,0.10000000107772544,Bear
2019-06-13,0.39999999663537594,0.5000000013594411,0.10000000200516426,Bear
2019-06-14,0.3999999884740562,0.5000000003805555,0.10000001114535464,Bear
2019-06-17,0.399999996320173,0.5000000009927952,0.10000000268694352,Bear
2019-06-18,0.39999999667430514,0.5000000011525778,0.1000000021730911,Bear
2019-06-19,0.39999998827988076,0.5000000000034222,0.10000001171669728,Bear
2019-06-20,0.39999969445825406,0.4999999975635924,0.10000030797815365,Bear
2019-06-21,0.3163196692678719,0.5000000000482554,0.1836803306838728,Bear
2019-06-24,0.20000001269673395,0.49999999962164715,0.29999998768162317,Bear
2019-06-25,0.20000002339291462,0.4999999948056143,0.29999998180147125,Bear
2019-06-26,0.2000000000267827,0.49999999998206857,0.2999999999911489,Bear
2019-06-27,0.20000002930773236,0.500000000132951,0.2999999705593167,Bear
2019-06-28,0.20000005276883864,0.4999999991894335,0.29999994804172786,Bear
2019-07-01,0.200000192047278,0.49999981261607096,0.29999999533665095,Bear
2019-07-02,0.32149876102864916,0.4999999991944333,0.17850123977691762,Bear
2019-07-03,0.20572704310155418,0.49999961290156153,0.2942733439968842,Bear
2019-07-05,0.20000007348915327,0.49999996025000365,0.29999996626084313,Bear
2019-07-08,0.34163341035535616,0.47345029778341013,0.18491629186123382,Bear
2019-07-09,0.3177375783935407,0.4999998720654663,0.18226254954099302,Bear
2019-07-10,0.2215502146848504,0.49999979333087474,0.2784499919842748,Bear
2019-07-11,0.20000002275779605,0.49999997872592566,0.2999999985162782,Bear
2019-07-12,0.24840924914725537,0.4515907509531434,0.29999999989960374,Bear
2019-07-15,0.3681982012192331,0.3318017973261733,0.3000000014545937,Bear
2019-07-16,0.27452942602387365,0.42547057438002983,0.29999999959609674,Bear
2019-07-17,0.2745299781786627,0.42547002492811203,0.2999999968932252,Bear
2019-07-18,0.20000002425634256,0.4999999784113004,0.2999999973323571,Bear
2019-07-19,0.20000002224220997,0.49999997876617075,0.2999999989916192,Bear
2019-07-22,0.20000000019664174,0.499999999727555,0.30000000007580346,Bear
2019-07-23,0.20000001848056717,0.499999982575293,0.29999999894413987,Bear
2019-07-24,0.20000002565985733,0.49999997540389124,0.29999999893625146,Bear
2019-07-25,0.20000000018277528,0.4999999998751674,0.29999999994205734,Bear
2019-07-26,0.20000000003463494,0.4999999999690436,0.2999999999963292,Bear
2019-07-29,0.19999999997086962,0.5000000000298607,0.2999999999992709,Bear
2019-07-30,0.1999999999488212,0.5000000000076179,0.30000000004355953,Bear
2019-07-31,0.20000000000202303,0.49999999996781097,0.30000000003016397,Bear
2019-08-01,0.19999999991887266,0.5000000000370073,0.30000000004411986,Bear
2019-08-02,0.19999999808976282,0.49999999948755436,0.3000000024226512,Bear
2019-08-05,0.24999999279606167,0.49999995097216665,0.2500000562317718,Crisis
2019-08-06,0.2499999998239154,0.4999999617246051,0.25000003845147994,Crisis
2019-08-07,0.2499999999814308,0.49999996321775814,0.2500000368008116,Crisis
2019-08-08,0.24999999996819308,0.4999999654591338,0.25000003457267317,Crisis
2019-08-09,0.24999999992236677,0.4999999687563366,0.25000003132129656,Crisis
2019-08-12,0.2499999999096749,0.4999999723640151,0.2500000277263108,Crisis
2019-08-13,0.24999999998982164,0.49999997386762546,0.2500000261425532,Crisis
2019-08-14,0.24999999998989908,0.49999997529051954,0.2500000247195819,Crisis
2019-08-15,0.2500000000144163,0.49999997559605397,0.25000002438953806,Crisis
2019-08-16,0.25000000001576206,0.4999999758171677,0.2500000241670677,Crisis
2019-08-19,0.1999999995825813,0.5000000001856932,0.30000000023172574,Bear
2019-08-20,0.19999999975921706,0.500000000112952,0.3000000001278243,Bear
2019-08-21,0.1999999997455005,0.5000000001234609,0.3000000001310348,Bear
2019-08-22,0.19999999981203567,0.5000000000897881,0.300000000098171,Bear
2019-08-23,0.24999999281483457,0.4904929178781836,0.25950708930698185,Crisis
2019-08-26,0.25000000027337194,0.4904929173867479,0.259507082339886,Crisis
2019-08-27,0.2500000000306458,0.49049291769624787,0.2595070822730943,Crisis
2019-08-28,0.19999999440059427,0.5000000027346738,0.300000002864732,Bear
2019-08-29,0.19999999953165526,0.5000000002345559,0.3000000002337363,Bear
2019-08-30,0.19999999962126425,0.5000000001889094,0.30000000018982065,Bear
2019-09-03,0.19999999956697473,0.5000000002188137,0.300000000214207,Bear
2019-09-04,0.19999999964311416,0.5000000001749643,0.30000000018191647,Bear
2019-09-05,0.19999999971249197,0.5000000001394432,0.30000000014806033,Bear
2019-09-06,0.19999999980686864,0.5000000000933825,0.3000000000997432,Bear
2019-09-09,0.19999999969420076,0.5000000001536475,0.3000000001521487,Bear
2019-09-10,0.1999999998380872,0.5000000000780264,0.30000000008387867,Bear
2019-09-11,0.19999999982259914,0.5000000000844982,0.30000000009289834,Bear
2019-09-12,0.19999999084424347,0.500000004488535,0.3000000046672217,Bear
2019-09-13,0.1999999903076812,0.5000000047488301,0.3000000049434886,Bear
2019-09-16,0.1999999998581976,0.500000000055202,0.3000000000866004,Bear
2019-09-17,0.19999999671385071,0.5000000012648459,0.30000000202130356,Bear
2019-09-18,0.1999999998507751,0.5000000000720937,0.30000000007701855,Bear
2019-09-19,0.19999999983630243,0.5000000000779052,0.3000000000857883,Bear
2019-09-20,0.1999999998400078,0.5000000000771995,0.3000000000827885,Bear
2019-09-23,0.19999999971554042,0.5000000001417431,0.3000000001427138,Bear
2019-09-24,0.19999999971300225,0.5000000001416995,0.3000000001452939,Bear
2019-09-25,0.1999999996504501,0.5000000001740855,0.3000000001754606,Bear
2019-09-26,0.19999999969837956,0.5000000001504263,0.30000000015118866,Bear
2019-09-27,0.1999999996437578,0.500000000181287,0.3000000001749509,Bear
2019-09-30,0.1999999996484982,0.500000000177428,0.30000000017406864,Bear
2019-10-01,0.19999999964114878,0.500000000183702,0.3000000001751443,Bear
2019-10-02,0.19999999956701273,0.5000000002259052,0.3000000002070777,Bear
2019-10-03,0.19999999948350383,0.5000000002701275,0.3000000002463641,Bear
2019-10-04,0.19999999949737882,0.5000000002672617,0.30000000023535395,Bear
2019-10-07,0.19999999952175448,0.500000000263644,0.30000000021459666,Bear
2019-10-08,0.19999999957015285,0.5000000002349324,0.3000000001949099,Bear
2019-10-09,0.19999999951861894,0.500000000270053,0.3000000002113239,Bear
2019-10-10,0.199999999522641,0.5000000002636141,0.3000000002137402,Bear
2019-10-11,0.1999999995821364,0.500000000222207,0.3000000001956514,Bear
2019-10-14,0.19999999486377273,0.5000000025739746,0.3000000025622526,Bear
2019-10-15,0.1999999997988166,0.5000000001327726,0.30000000006834066,Bear
2019-10-16,0.19999999982055844,0.5000000001051131,0.30000000007432465,Bear
2019-10-17,0.19999999983835773,0.5000000001045608,0.30000000005707816,Bear
2019-10-18,0.19999999411912542,0.5000000032684097,0.30000000261246484,Bear
2019-10-21,0.1999999941589445,0.5000000032993566,0.30000000254169873,Bear
2019-10-22,0.19999999981490865,0.5000000001169974,0.3000000000680077,Bear
2019-10-23,0.19999999982265107,0.5000000001159404,0.30000000006140515,Bear
2019-10-24,0.1999999998473844,0.5000000001031012,0.3000000000495114,Bear
2019-10-25,0.19999999988712938,0.5000000000677233,0.30000000004514443,Bear
2019-10-28,0.2000000001904972,0.4999999999382637,0.2999999998712355,Bear
2019-10-29,0.20000000015574165,0.4999999999192193,0.2999999999250426,Bear
2019-10-30,0.2000000208229065,0.49999999573991344,0.2999999834371801,Bear
2019-10-31,0.20000000034031978,0.4999999999411539,0.29999999971852637,Bear
2019-11-01,0.20000000023903602,0.49999999989185423,0.2999999998691129,Bear
2019-11-04,0.20000000015585823,0.4999999998948513,0.29999999994929216,Bear
2019-11-05,0.20000000018910008,0.4999999999029147,0.2999999999079863,Bear
2019-11-06,0.2000000445950789,0.49999999607464035,0.29999995933028073,Bear
2019-11-07,0.20000000049499225,0.4999999999431894,0.2999999995618184,Bear
2019-11-08,0.20000003128735439,0.49999999508923243,0.2999999736234131,Bear
2019-11-11,0.20000000028818374,0.4999999999809552,0.2999999997308612,Bear
2019-11-12,0.2000000001834411,0.49999999999317823,0.29999999982338477,Bear
2019-11-13,0.20000000014682595,0.49999999991964794,0.2999999999335291,Bear
2019-11-14,0.20000002087945282,0.4999999947300284,0.2999999843905186,Bear
2019-11-15,0.2000000003871348,0.4999999998959949,0.29999999971687025,Bear
2019-11-18,0.20000001936317863,0.4999999993587575,0.29999998127807226,Bear
2019-11-19,0.20000000119757225,0.49999999995870936,0.2999999988437184,Bear
2019-11-20,0.20000000010235264,0.4999999999461223,0.2999999999515456,Bear
2019-11-21,0.21329232603064174,0.4999999997823947,0.2867076741869684,Bear
2019-11-22,0.3848557825219594,0.49999999957157104,0.11514421790646975,Bear
2019-11-25,0.3999942499128058,0.49999999722681615,0.100005752860378,Bear
2019-11-26,0.3999999954433124,0.49999999995370215,0.10000000460298486,Bear
2019-11-27,0.3999991133021483,0.4999999971489809,0.1000008895488708,Bear
2019-11-29,0.39999897188577876,0.4999999973424412,0.1000010307717801,Bear
2019-12-02,0.20340869083072582,0.49999999703821785,0.29659131213105633,Bear
2019-12-03,0.2000002875371592,0.4999999892767308,0.29999972318611007,Bear
2019-12-04,0.2000000018333742,0.49999999983238513,0.29999999833424074,Bear
2019-12-05,0.20000000024809478,0.4999999999569697,0.29999999979497904,Bear
2019-12-06,0.30118998470809194,0.49999999972682485,0.19881001556508332,Bear
2019-12-09,0.39999999977014444,0.49999999927935,0.10000000095050532,Bear
2019-12-10,0.49368298477241934,0.4063170147887302,0.10000000043890739,Bear
2019-12-11,0.4999969207312093,0.4000030772232844,0.10000000204550648,Bear
2019-12-12,0.4846982023704456,0.4153017968637722,0.10000000076578595,Bear
2019-12-13,0.49999999681794927,0.3999999988900747,0.1000000042919792,Bear
2019-12-16,0.4999981314467849,0.4000018591673184,0.10000000938589679,Bear
2019-12-17,0.4999999931634651,0.39999887247141436,0.10000113436512038,Bear
2019-12-18,0.499999998148885,0.39999876166235987,0.10000124018875499,Bear
2019-12-19,0.49999999392806643,0.2000023615209031,0.2999976445510304,Bear
2019-12-20,0.5000000000408216,0.20000000034961157,0.2999999996094586,Bear
2019-12-23,0.5000000000240475,0.20000000271955956,0.29999999725639154,Bear
2019-12-24,0.5000000002078704,0.20000000193600284,0.2999999978561188,Bear
2019-12-26,0.5000000002414446,0.2000000026532138,0.299999997105337,Bear
2019-12-27,0.5000000001268825,0.2000000022573914,0.2999999976157164,Bear
2019-12-30,0.49999999991297966,0.20000001339589685,0.299999986691118,Bear
2019-12-31,0.5000000001863605,0.20000000217303196,0.29999999764056273,Bear
2020-01-02,0.5000000000884995,0.20000000005808827,0.29999999985339204,Bear
2020-01-03,0.5000000000976017,0.20000000010561939,0.29999999979677755,Bear
2020-01-06,0.5000000000896042,0.20000000009717347,0.29999999981322073,Bear
2020-01-07,0.5000000000523727,0.20000000005183513,0.29999999989578974,Bear
2020-01-08,0.500000002818943,0.20000000816266394,0.29999998901839303,Bear
2020-01-09,0.5000000020141949,0.2000000104236639,0.2999999875621414,Bear
2020-01-10,0.5000000001713814,0.20000000090182346,0.2999999989267379,Bear
2020-01-13,0.5000000000449853,0.20000000198185083,0.29999999797316,Bear
2020-01-14,0.5000000000843569,0.20000000221020708,0.29999999770542946,Bear
2020-01-15,0.4999999999571454,0.20000000139017815,0.2999999986526687,Bear
2020-01-16,0.49999999991405975,0.20000000172136814,0.29999999836456875,Bear
2020-01-17,0.4999999999179516,0.2000000031104812,0.29999999697156376,Bear
2020-01-21,0.49999999996371564,0.20000000321191544,0.2999999968243608,Bear
2020-01-22,0.49999999974716147,0.2000000026793852,0.2999999975734466,Bear
2020-01-23,0.4999999998056083,0.20000000336708454,0.29999999682730183,Bear
2020-01-24,0.4999999998587146,0.2000000011715215,0.2999999989697569,Bear
2020-01-27,0.4999999997398903,0.20000000260595174,0.2999999976541562,Bear
2020-01-28,0.49999999968149206,0.39999999988540935,0.10000000043309859,Bear
2020-01-29,0.500000000049442,0.3999999999254326,0.10000000002512308,Bear
2020-01-30,0.5000000000484099,0.399999999651825,0.10000000029976289,Bear
2020-01-31,0.5000000000962749,0.39999999975758366,0.10000000014613754,Bear
2020-02-03,0.4317968979303931,0.4682031007537135,0.10000000131589348,Bear
2020-02-04,0.43179691607504167,0.4682030820079885,0.10000000191696656,Bear
2020-02-05,0.49999999733642275,0.4000000024868252,0.10000000017675548,Bear
2020-02-06,0.5000000000788704,0.39999999950298815,0.10000000041821137,Bear
2020-02-07,0.5000000000318168,0.3999999998424175,0.10000000012575647,Bear
2020-02-10,0.5000000000363842,0.3999999999591241,0.100000000004488,Bear
2020-02-11,0.5000000000614685,0.39999999988977236,0.10000000004875839,Bear
2020-02-12,0.5000000000673843,0.39999999981510165,0.10000000011751192,Bear
2020-02-13,0.5000000000653418,0.3999999998478817,0.10000000008677308,Bear
2020-02-14,0.4999999999962357,0.3999999999546008,0.10000000004916006,Bear
2020-02-18,0.5000000000264915,0.3999999998664688,0.10000000010703876,Bear
2020-02-19,0.49999997927070117,0.4000000124108609,0.10000000831843804,Bear
2020-02-20,0.4999999988791868,0.3999999753938281,0.10000002572698517,Bear
2020-02-21,0.49999915489212426,0.4000008296697892,0.10000001543808654,Bear
2020-02-24,0.24999999958519295,0.40000087929827916,0.34999912111652853,Crisis
2020-02-25,0.24999999974817536,0.40000083880609255,0.34999916144573234,Crisis
2020-02-26,0.24999999998170302,0.40000083687406657,0.34999916314423535,Crisis
2020-02-27,0.24999999998493042,0.40000083475160275,0.34999916526348346,Crisis
2020-02-28,0.24999999997539257,0.4000008347044407,0.34999916532016784,Crisis
2020-03-02,0.24999999903776157,0.40000098760330943,0.34999901335892863,Crisis
2020-03-03,0.24999999875783774,0.4000012186759605,0.3499987825662015,Crisis
2020-03-04,0.24999998533396092,0.40000847081368135,0.34999154385235787,Crisis
2020-03-05,0.2499999989600705,0.4000094569806838,0.34999054405924596,Crisis
2020-03-06,0.24999997155455364,0.40002961192301345,0.3499704165224329,Crisis
2020-03-09,0.24999999976908843,0.40002956934716905,0.3499704308837429,Crisis
2020-03-10,0.24999999934093897,0.40002957078408097,0.3499704298749799,Crisis
2020-03-11,0.249999999523677,0.400029478143927,0.349970522332396,Crisis
2020-03-12,0.2499999999600929,0.3782375085194098,0.3717624915204973,Crisis
2020-03-13,0.24999999878658907,0.3818387354660289,0.36816126574738234,Crisis
2020-03-16,0.24999998944223067,0.3818770016272314,0.368123008930538,Crisis
2020-03-17,0.2499999983971397,0.4001680363428703,0.34983196525998983,Crisis
2020-03-18,0.24999999992357266,0.40016803328838607,0.34983196678804485,Crisis
2020-03-19,0.24999999976584547,0.38117314302512245,0.368826857209032,Crisis
2020-03-20,0.24999999861041666,0.37839982734173766,0.3716001740478458,Crisis
2020-03-23,0.24999999570843093,0.35525488729517357,0.3947451169963958,Crisis
2020-03-24,0.24999999955049546,0.3552546370276726,0.39474536342183214,Crisis
2020-03-25,0.24999999478538557,0.36641615228586893,0.3835838529287457,Crisis
2020-03-26,0.24999996937338212,0.36699983142717785,0.3830001991994398,Crisis
2020-03-27,0.24999999559588132,0.36964281857586273,0.3803571858282556,Crisis
2020-03-30,0.24999995710218662,0.3696891906603978,0.3803108522374153,Crisis
2020-03-31,0.24999994959277888,0.37035662424142857,0.37964342616579255,Crisis
2020-04-01,0.2499999903621813,0.37898029408671413,0.3710197155511048,Crisis
2020-04-02,0.24999993478592206,0.3792909782991462,0.37070908691493165,Crisis
2020-04-03,0.24999999180644075,0.3819776442001229,0.368022363993436,Crisis
2020-04-06,0.24999992964467496,0.3821548026827701,0.36784526767255504,Crisis
2020-04-07,0.24999998304573912,0.3939530851044036,0.3560469318498573,Crisis
2020-04-08,0.24999992514279082,0.39400044885603863,0.3559996260011704,Crisis
2020-04-09,0.24999993587463842,0.3940303867784434,0.35596967734691815,Crisis
2020-04-13,0.2499999568747093,0.398296456588391,0.35170358653689987,Crisis
2020-04-14,0.24999997895169446,0.39830155716777493,0.35169846388053055,Crisis
2020-04-15,0.2499998727735858,0.3986218545899163,0.35137827263649796,Crisis
2020-04-16,0.24999996997770868,0.3986265897539163,0.3513734402683747,Crisis
2020-04-17,0.249999824091537,0.39864082583331695,0.35135935007514624,Crisis
2020-04-20,0.2499999708966076,0.39864405053318575,0.3513559785702067,Crisis
2020-04-21,0.24999999232243958,0.39864506818149625,0.35135493949606433,Crisis
2020-04-22,0.24999987890906808,0.3989218922875183,0.35107822880341344,Crisis
2020-04-23,0.24999989889006963,0.4021866933837493,0.3478134077261812,Crisis
2020-04-24,0.24999992092189835,0.40276969080092156,0.34723038827717995,Crisis
2020-04-27,0.2499998848474534,0.40288777005808,0.34711234509446637,Crisis
2020-04-28,0.24999997964917195,0.4028901808159055,0.34710983953492275,Crisis
2020-04-29,0.24999999430551462,0.4028908490567212,0.3471091566377643,Crisis
2020-04-30,0.2499999727038961,0.4028980145777526,0.3471020127183512,Crisis
2020-05-01,0.24999989976600726,0.4030029956028072,0.3469971046311859,Crisis
2020-05-04,0.24999989086515736,0.40311397888103134,0.3468861302538113,Crisis
2020-05-05,0.24999994107875934,0.4031396912409826,0.3468603676802583,Crisis
2020-05-06,0.24999994128368289,0.4031662974767428,0.34683376123957466,Crisis
2020-05-07,0.2499999871733191,0.4031685975067024,0.3468314153199787,Crisis
2020-05-08,0.24999999342190554,0.4031697214376639,0.34683028514043046,Crisis
2020-05-11,0.24999983708714518,0.4031922812567054,0.3468078816561495,Crisis
2020-05-12,0.24999986875541835,0.40320851791863027,0.34679161332595115,Crisis
2020-05-13,0.2499998632819724,0.4032261762916633,0.3467739604263643,Crisis
2020-05-14,0.24999986270125918,0.40324422500800106,0.3467559122907397,Crisis
2020-05-15,0.24999984000018402,0.4032669342694081,0.3467332257304077,Crisis
2020-05-18,0.2499998376579622,0.4032890151555997,0.3467111471864384,Crisis
2020-05-19,0.24999996617583478,0.4032910490434186,0.3467089847807466,Crisis
2020-05-20,0.24999997160205797,0.40329314986010745,0.34670687853783483,Crisis
2020-05-21,0.24999997175848246,0.40329507865426506,0.34670494958725234,Crisis
2020-05-22,0.2499999946262609,0.4032959422789321,0.3467040630948068,Crisis
2020-05-26,0.2499999956632279,0.4032967673141929,0.34670323702257905,Crisis
2020-05-27,0.2499999955166433,0.40329782984037094,0.34670217464298625,Crisis
2020-05-28,0.24999999658504746,0.4032985404259314,0.3467014629890216,Crisis
2020-05-29,0.24999986519188913,0.40332287409479967,0.34667726071331084,Crisis
2020-06-01,0.2499999843680388,0.40332551381705484,0.34667450181490644,Crisis
2020-06-02,0.24999986235332883,0.4033470733087207,0.3466530643379507,Crisis
2020-06-03,0.24999992078297836,0.40335537252956927,0.34664470668745245,Crisis
2020-06-04,0.24999999047988009,0.4033570460187855,0.3466429635013343,Crisis
2020-06-05,0.24999996729029705,0.4033601412592619,0.346639891450441,Crisis
2020-06-08,0.24999992827224915,0.403371880744559,0.346628190983192,Crisis
2020-06-09,0.24999999116676083,0.40337465113099247,0.34662535770224684,Crisis
2020-06-10,0.2499999957303726,0.40337585089139444,0.3466241533782331,Crisis
2020-06-11,0.2499999970930044,0.4033766782972055,0.34662332460979023,Crisis
2020-06-12,0.24999999758599528,0.4055496842651093,0.34445031814889526,Crisis
2020-06-15,0.24999993404988533,0.405618301314224,0.3443817646358906,Crisis
2020-06-16,0.24999994269558234,0.4056647299222728,0.3443353273821449,Crisis
2020-06-17,0.24999998342502316,0.40567039350077627,0.34432962307420095,Crisis
2020-06-18,0.24999998483182798,0.40567582448079076,0.3443241906873812,Crisis
2020-06-19,0.24999999648244123,0.4056764622741854,0.34432354124337367,Crisis
2020-06-22,0.24999999291261946,0.4056767435849963,0.3443232635023844,Crisis
2020-06-23,0.24999998202106877,0.40567782150038767,0.34432219647854373,Crisis
2020-06-24,0.24999998859390274,0.4056783118442316,0.3443216995618654,Crisis
2020-06-25,0.2499999759572324,0.4056796612882032,0.3443203627545641,Crisis
2020-06-26,0.2499999820604368,0.40568044802027897,0.3443195699192839,Crisis
2020-06-29,0.24999997491519807,0.40568172158374843,0.3443183035010537,Crisis
2020-06-30,0.24999997354340056,0.4056830495829805,0.3443169768736187,Crisis
2020-07-01,0.24999998626441083,0.4056834102923279,0.3443166034432616,Crisis
2020-07-02,0.24999999386007676,0.40568348330751114,0.3443165228324122,Crisis
2020-07-06,0.24999999472631404,0.40568356178742515,0.34431644348626084,Crisis
2020-07-07,0.249999991332021,0.4056837143765849,0.3443162942913943,Crisis
2020-07-08,0.24999999405725107,0.40568379214218375,0.3443162138005652,Crisis
2020-07-09,0.24999999412394472,0.4056838763036529,0.3443161295724023,Crisis
2020-07-10,0.2499999971632005,0.4056838954757698,0.3443161073610313,Crisis
2020-07-13,0.2499999970697816,0.40568392059131947,0.34431608233889943,Crisis
2020-07-14,0.24999999723211747,0.40568394245144956,0.34431606031643325,Crisis
2020-07-15,0.24999999668737508,0.40568397121505434,0.3443160320975708,Crisis
2020-07-16,0.2499999970624411,0.4056839918074319,0.3443160111301277,Crisis
2020-07-17,0.2499999966613481,0.4056840127783722,0.3443159905602802,Crisis
2020-07-20,0.2499999972108796,0.4056840251211852,0.34431597766793703,Crisis
2020-07-21,0.2499999143647006,0.4056842668680753,0.34431581876722417,Crisis
2020-07-22,0.24999997249791722,0.40568431141646594,0.3443157160856175,Crisis
2020-07-23,0.24999998861257572,0.4056843583661301,0.3443156530212945,Crisis
2020-07-24,0.249999994477839,0.4056843832514435,0.34431562227071755,Crisis
2020-07-27,0.24999999642629336,0.40568439950076435,0.34431560407294454,Crisis
2020-07-28,0.2499999935207309,0.4056844714386942,0.34431553504057505,Crisis
2020-07-29,0.24999999306308418,0.40568454742061305,0.3443154595163026,Crisis
2020-07-30,0.24999999092184955,0.4056846629955692,0.34431534608258135,Crisis
2020-07-31,0.24999999384914193,0.4056847128793098,0.34431529327154836,Crisis
2020-08-03,0.2499999922251959,0.4056847551227943,0.3443152526520103,Crisis
2020-08-04,0.2499999920570834,0.4056847951141736,0.3443152128287433,Crisis
2020-08-05,0.24999998336911408,0.4056849757557148,0.34431504087517123,Crisis
2020-08-06,0.2499999806732281,0.40568519525894653,0.34431482406782543,Crisis
2020-08-07,0.24999998048777128,0.40568539858083547,0.3443146209313933,Crisis
2020-08-10,0.24999997749042252,0.4056858298626359,0.3443141926469417,Crisis
2020-08-11,0.24999997851796363,0.40568622901285156,0.3443137924691848,Crisis
2020-08-12,0.24999999703836406,0.4183239689163662,0.33167603404527,Crisis
2020-08-13,0.24999993274537247,0.4184355930595492,0.3315644741950785,Crisis
2020-08-14,0.2499999898905842,0.4198746774654764,0.33012533264393934,Crisis
2020-08-17,0.24999995306760966,0.4204158058740839,0.3295842410583062,Crisis
2020-08-18,0.2499999009765468,0.4225094639330078,0.3274906350904454,Crisis
2020-08-19,0.24999993694960446,0.42290277771615603,0.32709728533423943,Crisis
2020-08-20,0.24999999131711412,0.4283057829622242,0.3216942257206621,Crisis
2020-08-21,0.24999994379789298,0.4284447945313265,0.3215552616707808,Crisis
2020-08-24,0.24999994172372594,0.428613470315285,0.3213865879609888,Crisis
2020-08-25,0.24999994322271504,0.4286836113189694,0.3213164454583161,Crisis
2020-08-26,0.2499999726216762,0.4287001686754537,0.3212998587028701,Crisis
2020-08-27,0.2499999680625982,0.4294441431804849,0.3205558887569169,Crisis
2020-08-28,0.249999976649068,0.4294582330979671,0.3205417902529651,Crisis
2020-08-31,0.2499999640329883,0.4300706257467937,0.319929410220218,Crisis
2020-09-01,0.24999994352391225,0.4301644006446062,0.3198356558314819,Crisis
2020-09-02,0.2499999939626012,0.430165578793181,0.3198344272442177,Crisis
2020-09-03,0.24999996485424164,0.4301694673676663,0.3198305677780921,Crisis
2020-09-04,0.2499998810336584,0.43017907867458677,0.3198210402917546,Crisis
2020-09-08,0.2499999723718999,0.43017957265658063,0.3198204549715197,Crisis
2020-09-09,0.2499999265923119,0.430182986108795,0.31981708729889297,Crisis
2020-09-10,0.24999993423334782,0.4301983186880151,0.31980174707863734,Crisis
2020-09-11,0.24999989648943613,0.43023168614855445,0.3197684173620095,Crisis
2020-09-14,0.2499998598367473,0.4302962298179343,0.31970391034531853,Crisis
2020-09-15,0.24999972445057983,0.43266933036049143,0.31733094518892874,Crisis
2020-09-16,0.24999983896095795,0.4331273782981972,0.3168727827408449,Crisis
2020-09-17,0.24999979826611315,0.4332784508164966,0.3167217509173903,Crisis
2020-09-18,0.24999979229581976,0.4334963605656327,0.3165038471385477,Crisis
2020-09-21,0.24999984385574817,0.43354433385148206,0.31645582229276975,Crisis
2020-09-22,0.24999966623818898,0.4358564413242319,0.31414389243757895,Crisis
2020-09-23,0.24999977337177096,0.43600120876165477,0.3139990178665744,Crisis
2020-09-24,0.24999987709973334,0.44002896580292084,0.3099711570973458,Crisis
2020-09-25,0.24999984897985386,0.44005543323605784,0.3099447177840884,Crisis
2020-09-28,0.24999983984291504,0.44008199907082196,0.30991816108626324,Crisis
2020-09-29,0.24999969839762712,0.44025536186150777,0.30974493974086514,Crisis
2020-09-30,0.2499998625741261,0.44026647822969367,0.3097336591961804,Crisis
2020-10-01,0.2499999345457312,0.44027123599739676,0.30972882945687186,Crisis
2020-10-02,0.24999985678100872,0.4402950930256977,0.30970505019329325,Crisis
2020-10-05,0.24999977453032304,0.4403531912949739,0.30964703417470285,Crisis
2020-10-06,0.2499999109187809,0.44036173888513336,0.30963835019608554,Crisis
2020-10-07,0.2499997551591104,0.4406897462326411,0.3093104986082487,Crisis
2020-10-08,0.24999972234646925,0.4408655267392834,0.30913475091424697,Crisis
2020-10-09,0.24999975657877294,0.44093958026042906,0.30906066316079783,Crisis
2020-10-12,0.24999990089383065,0.442815387731457,0.3071847113747122,Crisis
2020-10-13,0.249999686362493,0.4430746536252155,0.30692566001229105,Crisis
2020-10-14,0.24999985553936951,0.4443299865177093,0.30567015794292124,Crisis
2020-10-15,0.24999972932921585,0.4447587256815086,0.30524154498927547,Crisis
2020-10-16,0.24999965934459573,0.4448704167931058,0.3051299238622986,Crisis
2020-10-19,0.24999966441221125,0.4449682047062808,0.30503213088150855,Crisis
2020-10-20,0.24999980309668482,0.44498701313181965,0.30501318377149605,Crisis
2020-10-21,0.2499998849798367,0.44499319973599827,0.3050069152841654,Crisis
2020-10-22,0.24999990886388623,0.44499857486605787,0.3050015162700561,Crisis
2020-10-23,0.24999992916608757,0.4450030346994029,0.3049970361345096,Crisis
2020-10-26,0.24999995548971995,0.44500482147480797,0.30499522303547216,Crisis
2020-10-27,0.24999994550285468,0.4450078686391562,0.30499218585798915,Crisis
2020-10-28,0.2499999513179622,0.44501002945919005,0.3049900192228471,Crisis
2020-10-29,0.24999995528224325,0.44669612718813123,0.3033039175296254,Crisis
2020-10-30,0.24999980337634042,0.44743637235601186,0.30256382426764783,Crisis
2020-11-02,0.24999976869273993,0.44744832364155424,0.302551907665706,Crisis
2020-11-03,0.2499996847425684,0.44746927673255904,0.3025310385248728,Crisis
2020-11-04,0.249999593335338,0.4480655680106996,0.3019348386539624,Crisis
2020-11-05,0.24999932070948572,0.4480664250840992,0.3019342542064153,Crisis
2020-11-06,0.2499993720816224,0.4480694953031071,0.3019311326152704,Crisis
2020-11-09,0.24999933833829363,0.44807048817487183,0.3019301734868346,Crisis
2020-11-10,0.24999952048113122,0.45181752911474604,0.2981829504041229,Crisis
2020-11-11,0.24999967128194084,0.45186645339001197,0.2981338753280473,Crisis
2020-11-12,0.2499997421270128,0.4518964066013811,0.2981038512716063,Crisis
2020-11-13,0.24999986465033952,0.4519013521592646,0.2980987831903963,Crisis
2020-11-16,0.24999976615806863,0.4519345407259726,0.2980656931159586,Crisis
2020-11-17,0.24999975518257758,0.4519661378525664,0.298034106964856,Crisis
2020-11-18,0.24999976071860705,0.45199556517161915,0.29800467410977366,Crisis
2020-11-19,0.24999964325599475,0.45230642037970376,0.2976939363643013,Crisis
2020-11-20,0.24999959285089948,0.45254961708226354,0.2974507900668367,Crisis
2020-11-23,0.24999963124671082,0.4526189990975348,0.29738136965575446,Crisis
2020-11-24,0.2499998103107181,0.4536368800014284,0.2963633096878536,Crisis
2020-11-25,0.2499998246199394,0.45414401865719145,0.2958561567228692,Crisis
2020-11-27,0.2499997281836649,0.4542921140110921,0.29570815780524284,Crisis
2020-11-30,0.24999985856622098,0.45430902338793067,0.29569111804584836,Crisis
2020-12-01,0.24999976883930722,0.4543752930414244,0.2956249381192685,Crisis
2020-12-02,0.24999990102371217,0.4560313628583649,0.29396873611792285,Crisis
2020-12-03,0.24999994196096323,0.4571581331082476,0.29284192493078914,Crisis
2020-12-04,0.24999980378107653,0.4575801264521078,0.29242006976681545,Crisis
2020-12-07,0.24999990644047965,0.457588744422737,0.2924113491367836,Crisis
2020-12-08,0.2499998697009909,0.45761070542996896,0.2923894248690402,Crisis
2020-12-09,0.2499998939978298,0.4576248536513531,0.29237525235081707,Crisis
2020-12-10,0.249999947551789,0.4585837671460648,0.29141628530214614,Crisis
2020-12-11,0.24999980936521998,0.4586456258971225,0.2913545647376574,Crisis
2020-12-14,0.24999990676650066,0.4594217460646392,0.2905783471688605,Crisis
2020-12-15,0.24999990032240246,0.4601302444807009,0.28986985519689656,Crisis
2020-12-16,0.249999947984784,0.461488322820083,0.28851172919513296,Crisis
2020-12-17,0.24999974957185894,0.46165877911178255,0.2883414713163588,Crisis
2020-12-18,0.24999987642859262,0.46232495646229915,0.2876751671091079,Crisis
2020-12-21,0.24999975054870202,0.462454852575316,0.2875453968759819,Crisis
2020-12-22,0.249999748687568,0.4625606253682561,0.2874396259441759,Crisis
2020-12-23,0.2499997430932321,0.4626883330292798,0.2873119238774881,Crisis
2020-12-24,0.2499998846391463,0.46269950628470186,0.28730060907615146,Crisis
2020-12-28,0.24999994227997377,0.4627035138668771,0.28729654385314896,Crisis
2020-12-29,0.24999996075509548,0.462706253165577,0.2872937860793277,Crisis
2020-12-30,0.2499999431317682,0.4627116578075483,0.28728839906068354,Crisis
2020-12-31,0.2499997631190534,0.4628151903352365,0.28718504654570975,Crisis
2021-01-04,0.24999977624900618,0.4631510787383742,0.2868491450126198,Crisis
2021-01-05,0.2499998566102917,0.46377414895630664,0.28622599443340146,Crisis
2021-01-06,0.24999978481199414,0.4638267718378237,0.2861734433501821,Crisis
2021-01-07,0.24999992136319338,0.4638352745177543,0.28616480411905243,Crisis
2021-01-08,0.24999996520540144,0.46383826350661195,0.2861617712879869,Crisis
2021-01-11,0.2499999301578327,0.4668310309820468,0.28316903886012046,Crisis
2021-01-12,0.2499998589526751,0.46711014420608304,0.28288999684124205,Crisis
2021-01-13,0.24999984897387442,0.46721781161665416,0.2827823394094714,Crisis
2021-01-14,0.24999995720921678,0.4672234494061092,0.28277659338467365,Crisis
2021-01-15,0.24999998534878812,0.4672245344345632,0.2827754802166486,Crisis
2021-01-19,0.2499999437582564,0.4672365648339465,0.282763491407797,Crisis
2021-01-20,0.24999983977846216,0.4673954082945317,0.28260475192700596,Crisis
2021-01-21,0.24999995623036644,0.4690493586998268,0.28095068506980675,Crisis
2021-01-22,0.2499998629434731,0.4691270753345928,0.2808730617219339,Crisis
2021-01-25,0.2499998524467398,0.4694066594175305,0.2805934881357299,Crisis
2021-01-26,0.24999995161738572,0.4694141620999833,0.2805858862826314,Crisis
2021-01-27,0.2499998541271665,0.4694790789937377,0.2805210668790957,Crisis
2021-01-28,0.24999983054813696,0.4698672600754362,0.2801329093764269,Crisis
2021-01-29,0.2499997950109092,0.47014715946311114,0.27985304552597967,Crisis
2021-02-01,0.2499998864491006,0.47016169218460974,0.27983842136628995,Crisis
2021-02-02,0.24999973440631684,0.47033146635758866,0.27966879923609456,Crisis
2021-02-03,0.2499997389477488,0.4704983658948934,0.2795018951573579,Crisis
2021-02-04,0.24999982235020107,0.47052324357006786,0.27947693407973145,Crisis
2021-02-05,0.6499999998073206,0.10000000547732804,0.24999999471535844,Bull
2021-02-08,0.6499999994085843,0.10000000027489168,0.2500000003165211,Bull
2021-02-09,0.6499999996864578,0.10000000004168848,0.2500000002718474,Bull
2021-02-10,0.6499999996608093,0.09999999997189055,0.2500000003672975,Bull
2021-02-11,0.6499999996218625,0.10000000014058637,0.25000000023754426,Bull
2021-02-12,0.649999999630372,0.1000000001798811,0.2500000001897364,Bull
2021-02-16,0.649999999716767,0.09999999996707448,0.2500000003161554,Bull
2021-02-17,0.6500000076538229,0.09999999997886994,0.24999999236731324,Bull
2021-02-18,0.700000000205044,0.0999999997876911,0.20000000000726895,Bull
2021-02-19,0.6999999987301314,0.09999999996496924,0.20000000130490045,Bull
2021-02-22,0.7000000002819124,0.09999999975102698,0.1999999999670945,Bull
2021-02-23,0.7000000001404827,0.09999999987566302,0.1999999999838542,Bull
2021-02-24,0.6999999980358353,0.09999999860797898,0.20000000335621507,Bull
2021-02-25,0.2499999996767448,0.4762444246316124,0.27375557569164277,Crisis
2021-02-26,0.24999986312048417,0.47624468863252184,0.27375544824699394,Crisis
2021-03-01,0.24999996092696936,0.476244052318243,0.2737559867547876,Crisis
2021-03-02,0.2499999822640275,0.4762436646481063,0.27375635308786617,Crisis
2021-03-03,0.24999997535410554,0.4762424856199285,0.27375753902596595,Crisis
2021-03-04,0.24999983384450428,0.476231734734223,0.27376843142127305,Crisis
2021-03-05,0.2499998030617002,0.4762144884988142,0.2737857084394856,Crisis
2021-03-08,0.24999982648889088,0.4762081828231459,0.2737919906879629,Crisis
2021-03-09,0.24999978357585556,0.47620864810997326,0.2737915683141713,Crisis
2021-03-10,0.7000000018046569,0.09999999850595034,0.1999999996893927,Bull
2021-03-11,0.7000000002243701,0.09999999985105261,0.1999999999245756,Bull
2021-03-12,0.7000000004419232,0.09999999997787454,0.19999999958020367,Bull
2021-03-15,0.7000000004013157,0.09999999985524509,0.1999999997434399,Bull
2021-03-16,0.7000000001997428,0.09999999985225654,0.19999999994800016,Bull
2021-03-17,0.7000000001545675,0.09999999988386475,0.19999999996156806,Bull
2021-03-18,0.7000000002796559,0.09999999983339732,0.1999999998869481,Bull
2021-03-19,0.7000000004577279,0.09999999988323502,0.19999999965903956,Bull
2021-03-22,0.7000000002984658,0.09999999982164413,0.1999999998798908,Bull
2021-03-23,0.7000000002526455,0.09999999984234262,0.1999999999050129,Bull
2021-03-24,0.7000000003345365,0.09999999985731044,0.19999999980815494,Bull
2021-03-25,0.7000000003799451,0.09999999989380451,0.1999999997262517,Bull
2021-03-26,0.7000000003029389,0.09999999987188837,0.1999999998251734,Bull
2021-03-29,0.700000000204346,0.09999999988710323,0.1999999999085505,Bull
2021-03-30,0.700000000131193,0.09999999991765149,0.1999999999511555,Bull
2021-03-31,0.7000000001521975,0.09999999991843707,0.19999999992936576,Bull
2021-04-01,0.7000000001102966,0.09999999991843692,0.19999999997126616,Bull
2021-04-05,0.7000000002055736,0.09999999988528872,0.19999999990913842,Bull
2021-04-06,0.700000000185905,0.09999999989874282,0.19999999991535253,Bull
2021-04-07,0.7000000002220731,0.09999999989064043,0.19999999988728726,Bull
2021-04-08,0.7000000001342513,0.09999999992394612,0.1999999999418025,Bull
2021-04-09,0.7000000001894052,0.09999999989923085,0.19999999991136436,Bull
2021-04-12,0.7000000001507534,0.0999999999070798,0.1999999999421667,Bull
2021-04-13,0.7000000001687077,0.0999999999204207,0.19999999991087172,Bull
2021-04-14,0.7000000003133164,0.09999999994462616,0.19999999974205834,Bull
2021-04-15,0.7000000002340874,0.099999999942522,0.19999999982339006,Bull
2021-04-16,0.7000000002130778,0.09999999991922494,0.19999999986769723,Bull
2021-04-19,0.7000000001237252,0.09999999992884165,0.19999999994743245,Bull
2021-04-20,0.7000000000820727,0.09999999994106241,0.19999999997686418,Bull
2021-04-21,0.700000000094074,0.09999999993541814,0.19999999997050785,Bull
2021-04-22,0.7000000000911198,0.0999999999353064,0.19999999997357376,Bull
2021-04-23,0.7000000001221636,0.09999999992826648,0.19999999994957016,Bull
2021-04-26,0.7000000001424271,0.09999999992996637,0.19999999992760667,Bull
2021-04-27,0.7000000001289519,0.09999999992440288,0.19999999994664497,Bull
2021-04-28,0.7000000001144818,0.09999999992896387,0.19999999995655418,Bull
2021-04-29,0.7000000001029312,0.09999999992929262,0.19999999996777604,Bull
2021-04-30,0.7000000001138943,0.09999999992388978,0.19999999996221599,Bull
2021-05-03,0.7000000000858325,0.09999999993921027,0.19999999997495696,Bull
2021-05-04,0.7000000000890217,0.09999999993754126,0.19999999997343693,Bull
2021-05-05,0.7000000001265066,0.09999999992326229,0.19999999995023124,Bull
2021-05-06,0.7000000001433397,0.09999999991601888,0.19999999994064144,Bull
2021-05-07,0.7000000001857234,0.09999999988702936,0.19999999992724746,Bull
2021-05-10,0.7000000001078553,0.09999999992290691,0.1999999999692373,Bull
2021-05-11,0.7000000051131071,0.0999999959644368,0.1999999989224561,Bull
2021-05-12,0.7000000024134558,0.09999999826963082,0.1999999993169133,Bull
2021-05-13,0.7000000022440646,0.09999999850756881,0.1999999992483666,Bull
2021-05-14,0.7000000000664515,0.09999999994884433,0.19999999998469423,Bull
2021-05-17,0.7000000000644975,0.09999999995045009,0.19999999998505236,Bull
2021-05-18,0.7000000045459638,0.09999999646992211,0.19999999898411405,Bull
2021-05-19,0.7000000017250579,0.09999999876129528,0.19999999951367486,Bull
2021-05-20,0.7000000021953068,0.09999999856398692,0.19999999924070622,Bull
2021-05-21,0.7000000015940141,0.09999999910979131,0.19999999929619458,Bull
2021-05-24,0.7000000018708319,0.09999999847799956,0.19999999965120796,Bull
2021-05-25,0.7000000014721892,0.09999999909056113,0.19999999943726912,Bull
2021-05-26,0.7000000018522544,0.09999999824904961,0.19999999989873757,Bull
2021-05-27,0.7000000016354008,0.09999999881738975,0.19999999954724215,Bull
2021-05-28,0.7000000018274213,0.09999999827371148,0.19999999989890938,Bull
2021-06-01,0.7000000015956167,0.09999999911612187,0.19999999928829074,Bull
2021-06-02,0.700000002027032,0.09999999828094526,0.19999999969206644,Bull
2021-06-03,0.7000000015889533,0.09999999922725826,0.19999999918381403,Bull
2021-06-04,0.7000000015277926,0.09999999942981752,0.19999999904240906,Bull
2021-06-07,0.7000000000773535,0.0999999999342348,0.19999999998839516,Bull
2021-06-08,0.7000000015245295,0.09999999983078271,0.19999999864469897,Bull
2021-06-09,0.7000000015392123,0.09999999897910877,0.1999999994816995,Bull
2021-06-10,0.7000000016095805,0.09999999877688671,0.19999999961355053,Bull
2021-06-11,0.7000000040078382,0.09999999673626567,0.19999999925589598,Bull
2021-06-14,0.7000000001201421,0.0999999999077979,0.1999999999720528,Bull
2021-06-15,0.7000000001188684,0.09999999991111796,0.1999999999700136,Bull
2021-06-16,0.7000000000939356,0.09999999992694523,0.199999999979119,Bull
2021-06-17,0.7000000001470781,0.0999999998994749,0.1999999999534471,Bull
2021-06-18,0.7000000003323047,0.09999999992733087,0.1999999997403651,Bull
2021-06-21,0.7000000003622815,0.0999999999499998,0.19999999968771803,Bull
2021-06-22,0.7000000002936396,0.09999999992054416,0.19999999978581506,Bull
2021-06-23,0.7000000003374347,0.0999999999640059,0.19999999969855908,Bull
2021-06-24,0.7000000003730195,0.10000000002425309,0.19999999960272669,Bull
2021-06-25,0.700000000384356,0.10000000002711644,0.19999999958852674,Bull
2021-06-28,0.7000000002589413,0.09999999994359252,0.19999999979746433,Bull
2021-06-29,0.7000000003376645,0.0999999999955427,0.199999999666793,Bull
2021-06-30,0.7000000003576976,0.1000000000485181,0.19999999959378365,Bull
2021-07-01,0.7000000003877427,0.10000000008366752,0.1999999995285887,Bull
2021-07-02,0.7000000003822568,0.10000000004067129,0.1999999995770704,Bull
2021-07-06,0.7000000004059658,0.10000000005478073,0.19999999953925265,Bull
2021-07-07,0.7000000004219591,0.1000000001530967,0.19999999942494298,Bull
2021-07-08,0.7000000004301982,0.10000000017346665,0.19999999939633367,Bull
2021-07-09,0.7000000003809536,0.10000000026535899,0.19999999935368487,Bull
2021-07-12,0.7000000003351646,0.09999999999753942,0.19999999966729337,Bull
2021-07-13,0.7000000003396597,0.09999999999612955,0.1999999996642099,Bull
2021-07-14,0.700000000268937,0.09999999996078367,0.19999999977027805,Bull
2021-07-15,0.7000000002967064,0.0999999999538648,0.1999999997494282,Bull
2021-07-16,0.7000000003745223,0.10000000000718713,0.19999999961829024,Bull
2021-07-19,0.700000000318291,0.09999999996198239,0.19999999971972493,Bull
2021-07-20,0.7000000003883569,0.10000000015045535,0.19999999946118674,Bull
2021-07-21,0.7000000003866746,0.10000000010067277,0.19999999951265007,Bull
2021-07-22,0.7000000003484815,0.1000000001129638,0.19999999953855258,Bull
2021-07-23,0.7000000003372594,0.10000000029936154,0.19999999936337662,Bull
2021-07-26,0.7000000003427794,0.1000000002880469,0.19999999936917073,Bull
2021-07-27,0.7000000003422169,0.1000000004480989,0.19999999920968117,Bull
2021-07-28,0.7000000002326161,0.10000000176633252,0.19999999800104543,Bull
2021-07-29,0.7000000002161467,0.10000000144489894,0.19999999833894155,Bull
2021-07-30,0.700000000170327,0.10000000051103719,0.19999999931862125,Bull
2021-08-02,0.700000000202275,0.10000000056763174,0.19999999923008802,Bull
2021-08-03,0.7000000002634341,0.1000000008776745,0.19999999885888775,Bull
2021-08-04,0.7000000004764704,0.10000000309530266,0.19999999642822494,Bull
2021-08-05,0.6999999999242117,0.24999892270235877,0.050001077373429535,Bull
2021-08-06,0.7000000021321341,0.2499999954381828,0.050000002429682486,Bull
2021-08-09,0.7000000055105312,0.2499999880446332,0.05000000644483548,Bull
2021-08-10,0.7000000030664046,0.249999992676037,0.05000000425755833,Bull
2021-08-11,0.7000000044231882,0.24999999030450923,0.05000000527230254,Bull
2021-08-12,0.7000000008110299,0.10000000277964588,0.19999999640932442,Bull
2021-08-13,0.7000000002257349,0.10000000028161639,0.19999999949261915,Bull
2021-08-16,0.7000000000758206,0.24999999980247203,0.0500000001217074,Bull
2021-08-17,0.7000000001681536,0.24999999974804513,0.050000000083799095,Bull
2021-08-18,0.7000000016957801,0.24999999125635464,0.05000000704786154,Bull
2021-08-19,0.7000000014148607,0.2499999965621304,0.05000000202297998,Bull
2021-08-20,0.700000000109753,0.24999999985585236,0.0500000000343398,Bull
2021-08-23,0.7000000000888456,0.24999999988037822,0.05000000003077374,Bull
2021-08-24,0.6999999999172226,0.10000123001551893,0.1999987700672585,Bull
2021-08-25,0.7000000052937094,0.10000001537476544,0.1999999793315249,Bull
2021-08-26,0.7000000005126273,0.10000000245573415,0.1999999970315702,Bull
2021-08-27,0.7000000000753113,0.24999999961254002,0.05000000031214836,Bull
2021-08-30,0.7000000002282611,0.2499999997604724,0.05000000001126295,Bull
2021-08-31,0.7000000001075727,0.2499999997300488,0.050000000162374186,Bull
2021-09-01,0.700000000131653,0.24999999981707743,0.05000000005126543,Bull
2021-09-02,0.7000000001401515,0.24999999981848467,0.05000000004136119,Bull
2021-09-03,0.7000000000755011,0.10000002593694211,0.19999997398756106,Bull
2021-09-07,0.700000000328064,0.10000000059482464,0.19999999907711166,Bull
2021-09-08,0.7000000000760869,0.10000009221542178,0.19999990770848927,Bull
2021-09-09,0.6999999999756584,0.10000019666756482,0.1999998033567178,Bull
2021-09-10,0.700000000154345,0.2499999996402316,0.050000000205423355,Bull
2021-09-13,0.7000000001368202,0.24999999974164724,0.05000000012152875,Bull
2021-09-14,0.7000000001859891,0.24999999975369047,0.050000000060318274,Bull
2021-09-15,0.7000000001498793,0.24999999977610513,0.05000000007401252,Bull
2021-09-16,0.7000000001259167,0.24999999981743645,0.05000000005664371,Bull
2021-09-17,0.7000000012904198,0.24999999713656818,0.0500000015730113,Bull
2021-09-20,0.7000000017008234,0.24999999084593572,0.05000000745322939,Bull
2021-09-21,0.7000000020229074,0.2499999933917787,0.05000000458528621,Bull
2021-09-22,0.7000000002169424,0.24999999978064488,0.05000000000235936,Bull
2021-09-23,0.7000000002105424,0.24999999966166547,0.05000000012778986,Bull
2021-09-24,0.7000000014936583,0.10000000993957706,0.1999999885667647,Bull
2021-09-27,0.7000000003239125,0.10000000242739729,0.1999999972486144,Bull
2021-09-28,0.700000000182214,0.10000000045715016,0.19999999936061102,Bull
2021-09-29,0.7000000002491236,0.10000000083965217,0.19999999891121853,Bull
2021-09-30,0.7000000001844267,0.10000000017695014,0.19999999963861304,Bull
2021-10-01,0.7000000002402149,0.10000000064051465,0.1999999991192667,Bull
2021-10-04,0.7000000001969008,0.10000000086688296,0.19999999893620712,Bull
2021-10-05,0.7000000002315486,0.10000000169038048,0.199999998078062,Bull
2021-10-06,0.6999999996347126,0.10000417895400056,0.19999582141128674,Bull
2021-10-07,0.7000000001342868,0.10000000066793298,0.19999999919778022,Bull
2021-10-08,0.7000000002397857,0.10000000048365228,0.1999999992765555,Bull
2021-10-11,0.7000000001345049,0.10000000052833442,0.19999999933714893,Bull
2021-10-12,0.700000000551845,0.10000000917075089,0.19999999027740242,Bull
2021-10-13,0.6999999998561065,0.14336533842472,0.15663466171917334,Bull
2021-10-14,0.7000000010587598,0.10000000126272107,0.19999999767851903,Bull
2021-10-15,0.7000000001673398,0.1000000003693191,0.1999999994633096,Bull
2021-10-18,0.7000000002631507,0.10000000071952246,0.19999999901732363,Bull
2021-10-19,0.7000000003997325,0.10000000188204192,0.19999999771822222,Bull
2021-10-20,0.7000000002282013,0.10000000124699905,0.19999999852477898,Bull
2021-10-21,0.700000000234204,0.10000000162126413,0.19999999814451858,Bull
2021-10-22,0.7000000005376168,0.10000000243035695,0.1999999970320224,Bull
2021-10-25,0.7000000001985164,0.10000000020783989,0.19999999959362472,Bull
2021-10-26,0.7000000003704445,0.10000000098648747,0.1999999986430672,Bull
2021-10-27,0.7000000008657575,0.10000000291731566,0.19999999621692674,Bull
2021-10-28,0.7000000000843246,0.10000020360661019,0.19999979630906514,Bull
2021-10-29,0.7000000015563999,0.1000000048740573,0.1999999935695427,Bull
2021-11-01,0.700000000604031,0.10000000042592697,0.1999999989700421,Bull
2021-11-02,0.700000000170825,0.10000000093978664,0.19999999888938375,Bull
2021-11-03,0.6999999999275198,0.24999936552233606,0.05000063455014413,Bull
2021-11-04,0.7000000023924107,0.2499999954669166,0.05000000214067253,Bull
2021-11-05,0.7000000006001551,0.10000000578011166,0.19999999361973322,Bull
2021-11-08,0.7000000003435292,0.24999999930209224,0.05000000035437846,Bull
2021-11-09,0.7000000002479557,0.24999999953667879,0.0500000002153594,Bull
2021-11-10,0.7000000003677735,0.24999999977230838,0.04999999985991554,Bull
2021-11-11,0.7000000017249914,0.1000000117039211,0.19999998657108733,Bull
2021-11-12,0.7000000007386574,0.10000000109175776,0.19999999816950742,Bull
2021-11-15,0.7000000003484056,0.10000000141702578,0.1999999982345555,Bull
2021-11-16,0.7000000002082188,0.1000000002600264,0.19999999953173694,Bull
2021-11-17,0.700000000114692,0.10000000021592426,0.19999999966937582,Bull
2021-11-18,0.7000000002791166,0.10000000025136278,0.19999999946951824,Bull
2021-11-19,0.7000000002479767,0.10000000026657599,0.199999999485443,Bull
2021-11-22,0.7000000002783946,0.10000000107232564,0.19999999864927562,Bull
2021-11-23,0.7000000001271254,0.1000000002762376,0.19999999959661835,Bull
2021-11-24,0.7000000003570722,0.10000000019751483,0.19999999944541086,Bull
2021-11-26,0.25000000002847694,0.43080601398916996,0.31919398598235293,Crisis
2021-11-29,0.24999999998989736,0.43080601236889154,0.3191939876412105,Crisis
2021-11-30,0.24999999999601555,0.43080601116142125,0.31919398884256395,Crisis
2021-12-01,0.2499999999942259,0.4308060098823127,0.31919399012346733,Crisis
2021-12-02,0.24999999995627187,0.43080600576400646,0.3191939942797244,Crisis
2021-12-03,0.24999999995508562,0.43080600152574405,0.3191939985191706,Crisis
2021-12-06,0.24999999994294686,0.43080599618261844,0.31919400387443503,Crisis
2021-12-07,0.24999999995391964,0.4308059918203608,0.31919400822571964,Crisis
2021-12-08,0.24999999995527636,0.4308059874776213,0.3191940125671027,Crisis
2021-12-09,0.24999999986626145,0.4308059704855461,0.3191940296481925,Crisis
2021-12-10,0.24999999960083993,0.43080590366701177,0.3191940967321486,Crisis
2021-12-13,0.24999999975864284,0.4308058678719992,0.31919413236935823,Crisis
2021-12-14,0.24999999956190921,0.4308057918788957,0.3191942085591954,Crisis
2021-12-15,0.24999999967618292,0.43080573970621816,0.3191942606175992,Crisis
2021-12-16,0.24999999904338074,0.43080553460231646,0.3191944663543027,Crisis
2021-12-17,0.2499999991622278,0.4308053605889458,0.31919464024882627,Crisis
2021-12-20,0.24999999795429376,0.4308048009137012,0.31919520113200484,Crisis
2021-12-21,0.24999999710919354,0.4308039140397777,0.31919608885102874,Crisis
2021-12-22,0.7000000004409065,0.24999999956643273,0.04999999999266089,Bull
2021-12-23,0.6999999998217209,0.2465875674021127,0.05341243277616643,Bull
2021-12-27,0.7000000033442518,0.24658924087860426,0.05341075577714394,Bull
2021-12-28,0.7000000000601083,0.2465892913956645,0.053410708544215715,Bull
2021-12-29,0.6999999997472252,0.21368455410219606,0.08631544615057873,Bull
2021-12-30,0.7000000003617446,0.100000002368572,0.1999999972696834,Bull
2021-12-31,0.6999999999548877,0.14377685133338278,0.15622314871172938,Bull
2022-01-03,0.6999999997935766,0.14377545436581768,0.15622454584060566,Bull
2022-01-04,0.7000000001786698,0.24999999952868238,0.05000000029264714,Bull
2022-01-05,0.7000000002162526,0.24999999979912682,0.04999999998461596,Bull
2022-01-06,0.7000000001992099,0.249999999821394,0.049999999979393236,Bull
2022-01-07,0.7000000000568113,0.24999999989231708,0.050000000050862865,Bull
2022-01-10,0.7000000011279981,0.10000000799091147,0.19999999088109033,Bull
2022-01-11,0.7000000009971212,0.10000000204967704,0.19999999695320175,Bull
2022-01-12,0.7000000011568174,0.1000000024281431,0.19999999641503954,Bull
2022-01-13,0.700000000367948,0.1000000015545756,0.19999999807743757,Bull
2022-01-14,0.700000001162397,0.1000000022951008,0.19999999654250197,Bull
2022-01-18,0.24999999999752728,0.394344084728339,0.3556559152741348,Crisis
2022-01-19,0.24999999990491997,0.3943440821655815,0.3556559179294996,Crisis
2022-01-20,0.2499999998316305,0.394344074895903,0.35565592527246703,Crisis
2022-01-21,0.24999999985275628,0.3943440691789506,0.3556559309682936,Crisis
2022-01-24,0.24999999984695837,0.39434406370574343,0.35565593644729854,Crisis
2022-01-25,0.2499999998897235,0.3943440605157468,0.35565593959453107,Crisis
2022-01-26,0.24999999988083743,0.3943440570917915,0.35565594302737175,Crisis
2022-01-27,0.2499999998995055,0.39434405171754777,0.3556559483829469,Crisis
2022-01-28,0.24999999985834223,0.39434404346370544,0.3556559566779526,Crisis
2022-01-31,0.24999999987842395,0.3943440368840748,0.35565596323750137,Crisis
2022-02-01,0.24999999986481597,0.394344029382514,0.3556559707526703,Crisis
2022-02-02,0.2499999998396783,0.3943440209708402,0.35565597918948155,Crisis
2022-02-03,0.2499999998613353,0.3943440148371288,0.35565598530153636,Crisis
2022-02-04,0.24999999955620444,0.39434399166974904,0.35565600877404674,Crisis
2022-02-07,0.2499999990326932,0.39434391502552996,0.35565608594177683,Crisis
2022-02-08,0.24999999872415063,0.39434379998140545,0.355656201294444,Crisis
2022-02-09,0.24999999872329448,0.39434368589019064,0.35565631538651526,Crisis
2022-02-10,0.2499999989515834,0.39434360388855055,0.3556563971598658,Crisis
2022-02-11,0.2499999898268241,0.3943414026113499,0.3556586075618262,Crisis
2022-02-14,0.2499999967559641,0.3943409759982771,0.3556590272457587,Crisis
2022-02-15,0.24999999187459382,0.3943393478230546,0.3556606603023519,Crisis
2022-02-16,0.24999998201226067,0.39433436558577195,0.35566565240196774,Crisis
2022-02-17,0.24999999133446926,0.3943325755457846,0.3556674331197465,Crisis
2022-02-18,0.24999999739965495,0.3943322786678751,0.35566772393247004,Crisis
2022-02-22,0.2499999968722429,0.3943318460534726,0.35566815707428456,Crisis
2022-02-23,0.24999999696320058,0.3943314316327446,0.35566857140405506,Crisis
2022-02-24,0.24999992878286922,0.3942931403939007,0.35570693082323035,Crisis
2022-02-25,0.24999997338764124,0.3942310116308857,0.35576901498147306,Crisis
2022-02-28,0.24999998651055577,0.3942278136313257,0.35577219985811853,Crisis
2022-03-01,0.24999997456772846,0.3941711634224186,0.35582886200985286,Crisis
2022-03-02,0.2499999971593278,0.3941691227846169,0.35583088005605507,Crisis
2022-03-03,0.24999999686504865,0.3857680573332706,0.3642319458016808,Crisis
2022-03-04,0.24999999556622074,0.38386188572037483,0.3661381187134043,Crisis
2022-03-07,0.2499999776030281,0.38339661483385584,0.36660340756311594,Crisis
2022-03-08,0.2499999791241751,0.3788920340390379,0.3711079868367873,Crisis
2022-03-09,0.24999998476075075,0.3788644442858008,0.37113557095344835,Crisis
2022-03-10,0.24999999098334885,0.37886162453242167,0.3711383844842296,Crisis
2022-03-11,0.24999999917905358,0.3788611554093989,0.3711388454115477,Crisis
2022-03-14,0.24999999797467626,0.3788608775150022,0.37113912451032155,Crisis
2022-03-15,0.2499999921989517,0.3788583419176343,0.3711416658834141,Crisis
2022-03-16,0.24999999591151742,0.37885727682417875,0.3711427272643036,Crisis
2022-03-17,0.2499999901710966,0.37885506623905035,0.3711449435898527,Crisis
2022-03-18,0.24999999587026503,0.3788542973335442,0.37114570679619074,Crisis
2022-03-21,0.2499999876459295,0.37885138911038724,0.3711486232436833,Crisis
2022-03-22,0.2499999966355058,0.37884887831428676,0.37115112505020736,Crisis
2022-03-23,0.24999997599712015,0.3787859246231541,0.3712140993797256,Crisis
2022-03-24,0.24999999323566846,0.37725185803717703,0.37274814872715506,Crisis
2022-03-25,0.2499999939064307,0.37724153094342083,0.3727584751501481,Crisis
2022-03-28,0.2499999772480579,0.3766664698119567,0.37333355293998544,Crisis
2022-03-29,0.2499999837848529,0.37660574796533264,0.37339426824981403,Crisis
2022-03-30,0.24999997315596412,0.3726996244473099,0.37730040239672585,Crisis
2022-03-31,0.24999999741923346,0.3701792615715558,0.3798207410092106,Crisis
2022-04-01,0.24999999213453292,0.37017050826658365,0.37982949959888357,Crisis
2022-04-04,0.24999999251491442,0.3701618210688151,0.3798381864162706,Crisis
2022-04-05,0.24999999461235264,0.3701568006295812,0.3798432047580662,Crisis
2022-04-06,0.24999994635489284,0.3662119988018785,0.3837880548432284,Crisis
2022-04-07,0.24999998865543538,0.36444432380512476,0.38555568753944014,Crisis
2022-04-08,0.24999995182744142,0.3638951171247495,0.3861049310478092,Crisis
2022-04-11,0.24999998264828957,0.36248060115842773,0.3875194161932828,Crisis
2022-04-12,0.24999999893462996,0.3580589441840715,0.39194105688129866,Crisis
2022-04-13,0.2499999639871564,0.3578570069804103,0.3921430290324333,Crisis
2022-04-14,0.2499999850897957,0.3578399521243137,0.39216006278589044,Crisis
2022-04-18,0.2499999996587467,0.3536925243116142,0.3963074760296391,Crisis
2022-04-19,0.24999998957382083,0.35344451202668314,0.39655549839949605,Crisis
2022-04-20,0.24999999840804518,0.3534431604978306,0.39655684109412437,Crisis
2022-04-21,0.24999999678761994,0.35000745314593806,0.39999255006644235,Crisis
2022-04-22,0.24999999982556104,0.3500000334304857,0.3999999667439536,Crisis
2022-04-25,0.24999999904593423,0.35000001213592485,0.39999998881815346,Crisis
2022-04-26,0.24999999553304939,0.35000003267127483,0.3999999717956757,Crisis
2022-04-27,0.24999999384854185,0.35000005384111327,0.39999995231034524,Crisis
2022-04-28,0.24999999858588592,0.35000002608700337,0.3999999753271162,Crisis
2022-04-29,0.24999999422634533,0.3500000491650111,0.3999999566086438,Crisis
2022-05-02,0.2499999954034533,0.35000002709638833,0.39999997750016103,Crisis
2022-05-03,0.2499999963370116,0.3500000162965352,0.39999998736645503,Crisis
2022-05-04,0.24999999715911717,0.35000000956350685,0.39999999327737773,Crisis
2022-05-05,0.24999999759694366,0.3500000109944839,0.39999999140857306,Crisis
2022-05-06,0.2499999994824463,0.35000000192826886,0.3999999985892879,Crisis
2022-05-09,0.2499999999768989,0.3500000001143165,0.3999999999087884,Crisis
2022-05-10,0.24999999987370586,0.3500000013068105,0.3999999988194912,Crisis
2022-05-11,0.24999999982870313,0.3500000014797996,0.39999999869149794,Crisis
2022-05-12,0.24999999960855032,0.35000000160072997,0.3999999987907199,Crisis
2022-05-13,0.2499999993952455,0.35000000187759434,0.3999999987271605,Crisis
2022-05-16,0.24999999929905364,0.3500000019446048,0.39999999875634196,Crisis
2022-05-17,0.2499999993715017,0.3500000017705048,0.3999999988579942,Crisis
2022-05-18,0.24999999933687736,0.3500000018190665,0.39999999884405646,Crisis
2022-05-19,0.24999999936897996,0.3500000023108608,0.3999999983201592,Crisis
2022-05-20,0.2499999990281357,0.35000000346848914,0.39999999750337545,Crisis
2022-05-23,0.24999999907565731,0.350000003098707,0.399999997825636,Crisis
2022-05-24,0.24999999900986236,0.35000000347111637,0.39999999751902127,Crisis
2022-05-25,0.2499999991339603,0.3500000025590747,0.39999999830696525,Crisis
2022-05-26,0.2499999992072476,0.35000000235195333,0.399999998440799,Crisis
2022-05-27,0.24999999926827787,0.35000000240075224,0.3999999983309704,Crisis
2022-05-31,0.24999999950143956,0.35000000210753385,0.3999999983910268,Crisis
2022-06-01,0.24999999961347794,0.3500000015867078,0.3999999987998151,Crisis
2022-06-02,0.24999999962713446,0.3500000015490303,0.39999999882383547,Crisis
2022-06-03,0.2499999997583605,0.35000000148217425,0.39999999875946585,Crisis
2022-06-06,0.24999999982878202,0.35000000139494525,0.39999999877627285,Crisis
2022-06-07,0.24999999978954798,0.35000000148043797,0.3999999987300144,Crisis
2022-06-08,0.24999999979305895,0.3500000014495258,0.39999999875741576,Crisis
2022-06-09,0.24999999982800727,0.3500000014003847,0.3999999987716086,Crisis
2022-06-10,0.24999999994518143,0.35000000144243926,0.39999999861237967,Crisis
2022-06-13,0.25000000008663054,0.35000000126119823,0.3999999986521718,Crisis
2022-06-14,0.2500000002664542,0.350000000981473,0.39999999875207354,Crisis
2022-06-15,0.2500000002185552,0.35000000076711685,0.3999999990143279,Crisis
2022-06-16,0.250000000002114,0.35000000004370063,0.39999999995419355,Crisis
2022-06-17,0.24999999999647857,0.3500000000120142,0.3999999999915306,Crisis
2022-06-21,0.24999999999740244,0.3500000000105523,0.39999999999205227,Crisis
2022-06-22,0.24999999999586808,0.3500000000115113,0.39999999999262575,Crisis
2022-06-23,0.24999999999168548,0.35000000001343223,0.3999999999948862,Crisis
2022-06-24,0.24999999999099723,0.35000000001353115,0.3999999999954755,Crisis
2022-06-27,0.24999999999196768,0.35000000001273995,0.39999999999529734,Crisis
2022-06-28,0.24999999999174188,0.35000000001280485,0.39999999999545754,Crisis
2022-06-29,0.249999999993103,0.35000000001193665,0.3999999999949652,Crisis
2022-06-30,0.24999999999076242,0.35000000001285264,0.3999999999963889,Crisis
2022-07-01,0.24999999999114042,0.350000000012602,0.3999999999962624,Crisis
2022-07-05,0.2499999999898866,0.3500000000125231,0.3999999999975942,Crisis
2022-07-06,0.2499999999931304,0.3500000000116026,0.3999999999952717,Crisis
2022-07-07,0.24999999999400618,0.3500000000116322,0.3999999999943659,Crisis
2022-07-08,0.24999999999476374,0.3500000000111962,0.3999999999940449,Crisis
2022-07-11,0.24999999999418032,0.35000000001145537,0.39999999999436897,Crisis
2022-07-12,0.24999999999382366,0.35000000001158715,0.3999999999945933,Crisis
2022-07-13,0.24999999999404157,0.35000000001144466,0.3999999999945183,Crisis
2022-07-14,0.24999999999378283,0.35000000001171994,0.3999999999945014,Crisis
2022-07-15,0.24999999999487893,0.3500000000112239,0.39999999999390184,Crisis
2022-07-18,0.24999999999489717,0.35000000001075277,0.399999999994355,Crisis
2022-07-19,0.24999999999326447,0.3500000000113661,0.39999999999537367,Crisis
2022-07-20,0.24999999999562653,0.3500000000093941,0.3999999999949851,Crisis
2022-07-21,0.2499999999959131,0.3500000000092919,0.39999999999479935,Crisis
2022-07-22,0.24999999999563957,0.35000000000945036,0.3999999999949143,Crisis
2022-07-25,0.24999999999515776,0.350000000009841,0.3999999999950057,Crisis
2022-07-26,0.2499999999947849,0.35000000001006726,0.3999999999951525,Crisis
2022-07-27,0.24999999999490927,0.35000000000986703,0.39999999999522806,Crisis
2022-07-28,0.24999999999751285,0.3500000000077939,0.39999999999469915,Crisis
2022-07-29,0.24999999999797531,0.3500000000074244,0.3999999999946052,Crisis
2022-08-01,0.24999999999718855,0.3500000000074715,0.3999999999953444,Crisis
2022-08-02,0.2499999999939929,0.35000000000923065,0.39999999999677976,Crisis
2022-08-03,0.24999999999189457,0.3500000000101594,0.3999999999979497,Crisis
2022-08-04,0.24999999998972489,0.3500000000102729,0.40000000000000546,Crisis
2022-08-05,0.24999999999173894,0.350000000010077,0.39999999999818747,Crisis
2022-08-08,0.24999999998958095,0.3500000000109494,0.3999999999994725,Crisis
2022-08-09,0.24999999998583278,0.3500000000100126,0.4000000000041576,Crisis
2022-08-10,0.24999999998375821,0.3500000000093306,0.4000000000069133,Crisis
2022-08-11,0.24999999998393468,0.3500000000091914,0.40000000000687613,Crisis
2022-08-12,0.24999999998142047,0.3500000000076591,0.40000000001092206,Crisis
2022-08-15,0.24999999998150782,0.35000000000716325,0.4000000000113303,Crisis
2022-08-16,0.24999999998219405,0.3500000000074125,0.400000000010395,Crisis
2022-08-17,0.2499999999821035,0.35000000000722276,0.40000000001067515,Crisis
2022-08-18,0.24999999998196648,0.3500000000070364,0.4000000000109985,Crisis
2022-08-19,0.2499999999819228,0.35000000000699016,0.4000000000110886,Crisis
2022-08-22,0.24999999998172875,0.350000000006227,0.4000000000120458,Crisis
2022-08-23,0.2499999999821036,0.35000000000630205,0.4000000000115955,Crisis
2022-08-24,0.24999999998182182,0.35000000000544296,0.4000000000127364,Crisis
2022-08-25,0.24999999998187294,0.3500000000055447,0.40000000001258357,Crisis
2022-08-26,0.24999999998220054,0.35000000000361337,0.40000000001418734,Crisis
2022-08-29,0.2499999999823179,0.35000000000594433,0.4000000000117385,Crisis
2022-08-30,0.24999999998219927,0.35000000000456943,0.40000000001323277,Crisis
2022-08-31,0.24999999998209255,0.35000000000530723,0.4000000000126014,Crisis
2022-09-01,0.24999999998210884,0.3500000000053891,0.40000000001250346,Crisis
2022-09-02,0.24999999998230427,0.35000000000472603,0.4000000000129711,Crisis
2022-09-06,0.24999999998229244,0.3500000000051804,0.4000000000125282,Crisis
2022-09-07,0.24999999998290004,0.35000000000196385,0.40000000001513697,Crisis
2022-09-08,0.24999999998694858,0.3499999999956898,0.4000000000173617,Crisis
2022-09-09,0.24999999998650038,0.3499999999961057,0.4000000000173923,Crisis
2022-09-12,0.2499999999860858,0.3499999999971994,0.40000000001671354,Crisis
2022-09-13,0.24999999998526168,0.34999999999844433,0.40000000001629293,Crisis
2022-09-14,0.2499999999822476,0.3500000000015355,0.40000000001621594,Crisis
2022-09-15,0.2499999999820904,0.3500000000008496,0.4000000000170601,Crisis
2022-09-16,0.24999999998212796,0.35000000000058507,0.4000000000172871,Crisis
2022-09-19,0.24999999998240613,0.3499999999996987,0.40000000001789543,Crisis
2022-09-20,0.24999999998240677,0.34999999999973513,0.4000000000178577,Crisis
2022-09-21,0.2499999999824671,0.349999999999236,0.40000000001829644,Crisis
2022-09-22,0.24999999998290023,0.3499999999997452,0.4000000000173541,Crisis
2022-09-23,0.24999999998601133,0.3499999999988222,0.4000000000151659,Crisis
2022-09-26,0.24999999998300051,0.3499999999984378,0.4000000000185608,Crisis
2022-09-27,0.24999999998325953,0.3499999999987695,0.4000000000179701,Crisis
2022-09-28,0.24999999998594907,0.3499999999996221,0.40000000001442765,Crisis
2022-09-29,0.2499999999948595,0.3499999999900079,0.400000000015132,Crisis
2022-09-30,0.24999999999556366,0.34999999998968523,0.4000000000147464,Crisis
2022-10-03,0.25000000000183015,0.3499999999870565,0.4000000000111083,Crisis
2022-10-04,0.24999999999300848,0.3499999999934256,0.40000000001355923,Crisis
2022-10-05,0.24999999998691966,0.34999999999765663,0.40000000001541963,Crisis
2022-10-06,0.24999999998700975,0.3499999999977125,0.4000000000152761,Crisis
2022-10-07,0.2499999999869382,0.3499999999976755,0.4000000000153846,Crisis
2022-10-10,0.24999999998692365,0.3499999999979655,0.4000000000151092,Crisis
2022-10-11,0.2499999999863565,0.34999999999790116,0.400000000015741,Crisis
2022-10-12,0.24999999998632744,0.34999999999787706,0.4000000000157937,Crisis
2022-10-13,0.2499999999859718,0.34999999999804654,0.40000000001598013,Crisis
2022-10-14,0.24999999998712383,0.3499999999983286,0.4000000000145461,Crisis
2022-10-17,0.24999999998738728,0.3499999999989191,0.4000000000136922,Crisis
2022-10-18,0.2499999999867182,0.35000000000239545,0.4000000000108851,Crisis
2022-10-19,0.2499999999854676,0.3500000000039473,0.4000000000105859,Crisis
2022-10-20,0.2499999999877953,0.3500000000011919,0.40000000001101543,Crisis
2022-10-21,0.24999999998892608,0.3500000000002056,0.4000000000108692,Crisis
2022-10-24,0.24999999998170017,0.35000000000890386,0.40000000000939623,Crisis
2022-10-25,0.249999997907579,0.35000000130647885,0.400000000785931,Crisis
2022-10-26,0.24999999894831113,0.3500000003122466,0.40000000073944225,Crisis
2022-10-27,0.24999999907021445,0.3500000001002743,0.40000000082951165,Crisis
2022-10-28,0.2499999989556955,0.35000000026157113,0.4000000007827333,Crisis
2022-10-31,0.24999999892191987,0.3500000002610205,0.4000000008170598,Crisis
2022-11-01,0.24999999891000804,0.35000000027441536,0.4000000008155768,Crisis
2022-11-02,0.24999999995790137,0.3500000000112602,0.40000000003084096,Crisis
2022-11-03,0.24999999863731415,0.3500000005967905,0.4000000007658855,Crisis
2022-11-04,0.2499999983563235,0.35000000098696576,0.4000000006567108,Crisis
2022-11-07,0.2499999927849273,0.350000006715796,0.4000000004992772,Crisis
2022-11-08,0.24999998848089278,0.3500000111089184,0.4000000004101894,Crisis
2022-11-09,0.2499999982211739,0.35000000172786644,0.4000000000509717,Crisis
2022-11-10,0.24999998208454002,0.3500000177015912,0.4000000002138686,Crisis
2022-11-11,0.24999987103443103,0.35000013106543826,0.39999999790013063,Crisis
2022-11-14,0.2499997709889532,0.3500002324834359,0.39999999652761087,Crisis
2022-11-15,0.24999971207475238,0.3500002921032868,0.39999999582196116,Crisis
2022-11-16,0.24999983759828134,0.3500001646719656,0.3999999977297733,Crisis
2022-11-17,0.2499998421476719,0.35000016123571226,0.3999999966166171,Crisis
2022-11-18,0.24999983504743,0.3500001687531661,0.39999999619940435,Crisis
2022-11-21,0.24999984200982484,0.3500001613333497,0.39999999665682656,Crisis
2022-11-22,0.24999983856764862,0.35000016470844036,0.39999999672391195,Crisis
2022-11-23,0.24999980575194092,0.3500002017325423,0.3999999925155173,Crisis
2022-11-25,0.2499997917765376,0.3500002174377256,0.3999999907857373,Crisis
2022-11-28,0.249999733725183,0.3500002760045074,0.39999999027030997,Crisis
2022-11-29,0.24999946438882958,0.3500005504172519,0.3999999851939189,Crisis
2022-11-30,0.24999929177017097,0.3500007273731194,0.39999998085670957,Crisis
2022-12-01,0.24999851461788236,0.35000151949293934,0.39999996588917835,Crisis
2022-12-02,0.24999999184791916,0.35000001088335025,0.39999999726873137,Crisis
2022-12-05,0.2499999188944661,0.3500000854965906,0.39999999560894306,Crisis
2022-12-06,0.24999978352673352,0.35000022517455764,0.3999999912987088,Crisis
2022-12-07,0.24999970151067505,0.3500003096815979,0.39999998880772714,Crisis
2022-12-08,0.24999990563080182,0.35000009818103095,0.3999999961881695,Crisis
2022-12-09,0.24999990755728962,0.3500000973221385,0.3999999951205727,Crisis
2022-12-12,0.24999994358249814,0.3500000613456271,0.39999999507187733,Crisis
2022-12-13,0.24999995817186546,0.3500000458325584,0.3999999959955773,Crisis
2022-12-14,0.2499999542884329,0.3500000491191317,0.399999996592436,Crisis
2022-12-15,0.24999995622048915,0.3500000473143584,0.39999999646515355,Crisis
2022-12-16,0.2499999103534308,0.35000009452412467,0.399999995122445,Crisis
2022-12-19,0.2499998763700695,0.3500001307956253,0.39999999283430565,Crisis
2022-12-20,0.24999987301365498,0.3500001351924203,0.3999999917939252,Crisis
2022-12-21,0.24999987021400188,0.3500001374667778,0.39999999231922084,Crisis
2022-12-22,0.24999987593489287,0.3500001317743427,0.3999999922907652,Crisis
2022-12-23,0.24999985300752375,0.35000015503535925,0.3999999919571175,Crisis
2022-12-27,0.24999985394729968,0.35000015437713483,0.3999999916755662,Crisis
2022-12-28,0.24999989152494614,0.35000011588022983,0.39999999259482527,Crisis
2022-12-29,0.24999989597189404,0.35000011114359453,0.399999992884512,Crisis
2022-12-30,0.24999986947829678,0.35000013941626246,0.39999999110544127,Crisis
2023-01-03,0.24999983562328792,0.35000017519971643,0.3999999891769962,Crisis
2023-01-04,0.24999994497209213,0.3500000571571945,0.3999999978707154,Crisis
2023-01-05,0.24999981766231558,0.35000019471476357,0.39999998762292105,Crisis
2023-01-06,0.24999966343790858,0.3500003549099332,0.39999998165215894,Crisis
2023-01-09,0.2499995763793503,0.35000044553146514,0.39999997808918486,Crisis
2023-01-10,0.24999973409772827,0.3500002712480061,0.399999994654278,Crisis
2023-01-11,0.24999969210834316,0.35000032673401926,0.39999998115763824,Crisis
2023-01-12,0.2499996783448027,0.35000034389066537,0.39999997776453294,Crisis
2023-01-13,0.24999985938765407,0.3500001475869982,0.3999999930253489,Crisis
2023-01-17,0.24999986803408591,0.3500001443724073,0.39999998759350774,Crisis
2023-01-18,0.24999988509393947,0.3500001264165327,0.39999998848952895,Crisis
2023-01-19,0.2499999059043857,0.3500001043993066,0.3999999896963087,Crisis
2023-01-20,0.24999992283746278,0.3500000847587407,0.3999999924037974,Crisis
2023-01-23,0.249999921608201,0.35000008655199716,0.39999999183980267,Crisis
2023-01-24,0.4999999967118443,0.2000000039007989,0.29999999938735694,Bear
2023-01-25,0.49999999976638515,0.20000000016647193,0.30000000006709476,Bear
2023-01-26,0.49999999989386407,0.20000000008089586,0.3000000000252224,Bear
2023-01-27,0.4999999999058767,0.20000000005961832,0.30000000003449656,Bear
2023-01-30,0.49999999990046795,0.20000000006286345,0.3000000000366605,Bear
2023-01-31,0.4999999999035894,0.20000000005965024,0.3000000000367528,Bear
2023-02-01,0.4999999998962024,0.20000000007067215,0.3000000000331179,Bear
2023-02-02,0.49999999989038874,0.20000000008422356,0.30000000002537996,Bear
2023-02-03,0.4999999998922458,0.20000000007977925,0.3000000000279662,Bear
2023-02-06,0.4999999907402145,0.200000007352834,0.30000000190695153,Bear
2023-02-07,0.4999999996510748,0.20000000024455783,0.3000000001042131,Bear
2023-02-08,0.49999999989625193,0.20000000006999522,0.3000000000337238,Bear
2023-02-09,0.49999999990115446,0.20000000007221294,0.3000000000266238,Bear
2023-02-10,0.4999999908356335,0.20000000748893482,0.30000000167543167,Bear
2023-02-13,0.4999999910489659,0.20000000748762556,0.3000000014634084,Bear
2023-02-14,0.49999999964153846,0.2000000002698894,0.3000000000884227,Bear
2023-02-15,0.4999999999163528,0.2000000000504598,0.3000000000331597,Bear
2023-02-16,0.4999999999330825,0.2000000000397115,0.3000000000271995,Bear
2023-02-17,0.4999999999111091,0.20000000006474494,0.3000000000241402,Bear
2023-02-21,0.24999999793703456,0.350000002731891,0.3999999993310561,Crisis
2023-02-22,0.24999998175274585,0.3500000216526877,0.3999999965945664,Crisis
2023-02-23,0.2499999744465545,0.35000002989215495,0.399999995661291,Crisis
2023-02-24,0.24999997495028922,0.3500000296321946,0.3999999954175166,Crisis
2023-02-27,0.24999997853073283,0.35000002543632236,0.3999999960329458,Crisis
2023-02-28,0.2499999813935926,0.35000002219504367,0.3999999964113648,Crisis
2023-03-01,0.24999998847795682,0.3500000141786262,0.39999999734341835,Crisis
2023-03-02,0.24999997414538247,0.35000002973437055,0.39999999612024717,Crisis
2023-03-03,0.24999994243677368,0.3500000647829352,0.39999999278029164,Crisis
2023-03-06,0.24999973661426048,0.3500002836026682,0.39999997978307106,Crisis
2023-03-07,0.24999952708508763,0.3500005034223675,0.3999999694925452,Crisis
2023-03-08,0.24999759799133484,0.3500024929969407,0.3999999090117244,Crisis
2023-03-09,0.24999774591588345,0.35000227337275036,0.39999998071136666,Crisis
2023-03-10,0.24999793579126905,0.3500020815250188,0.39999998268371256,Crisis
2023-03-13,0.24999998731220183,0.3500000184229343,0.39999999426486466,Crisis
2023-03-14,0.24999986833215612,0.3500001452279706,0.39999998643987356,Crisis
2023-03-15,0.24999986870006058,0.3500001464342394,0.3999999848657007,Crisis
2023-03-16,0.24999985988947096,0.3500001558169419,0.39999998429358785,Crisis
2023-03-17,0.24999980418132683,0.35000021521357527,0.3999999806050983,Crisis
2023-03-20,0.249999960152908,0.3500000433541657,0.39999999649293017,Crisis
2023-03-21,0.24999997768527094,0.3500000265626185,0.39999999575211226,Crisis
2023-03-22,0.2499999879407289,0.35000001430310135,0.39999999775617107,Crisis
2023-03-23,0.2499999928463803,0.3500000081366032,0.3999999990170176,Crisis
2023-03-24,0.24999999037866572,0.3500000107052548,0.3999999989160797,Crisis
2023-03-27,0.2499999681483353,0.3500000345752222,0.39999999727644264,Crisis
2023-03-28,0.4999999990629915,0.2000000010129185,0.29999999992409015,Bear
2023-03-29,0.49999999638513865,0.20000000366446608,0.2999999999503989,Bear
2023-03-30,0.49999998300169357,0.20000001721173985,0.2999999997865665,Bear
2023-03-31,0.4999999697856383,0.20000003081295004,0.29999999940141175,Bear
2023-04-03,0.49999999356119124,0.20000000639355847,0.30000000004525035,Bear
2023-04-04,0.4999999939777098,0.2000000057401471,0.3000000002821418,Bear
2023-04-05,0.4999999927893148,0.200000007034999,0.3000000001756868,Bear
2023-04-06,0.4999999437159796,0.20000005824980197,0.29999999803421834,Bear
2023-04-10,0.499999992339719,0.20000000781717328,0.29999999984310827,Bear
2023-04-11,0.49999999065248657,0.20000000930286185,0.3000000000446516,Bear
2023-04-12,0.49999990513266257,0.2000000963121333,0.29999999855520415,Bear
2023-04-13,0.4999999371820038,0.20000006336612977,0.2999999994518664,Bear
2023-04-14,0.4999999895191287,0.20000001032736836,0.30000000015350287,Bear
2023-04-17,0.4999999935787519,0.20000000604840693,0.30000000037284036,Bear
2023-04-18,0.49999999425816266,0.2000000053633677,0.30000000037846686,Bear
2023-04-19,0.4999999943448615,0.20000000536392823,0.3000000002912095,Bear
2023-04-20,0.49999999463283734,0.20000000513529423,0.3000000002318688,Bear
2023-04-21,0.47509172604596306,0.22490827483420103,0.299999999119836,Bear
2023-04-24,0.4999999969713799,0.20000000305737553,0.2999999999712447,Bear
2023-04-25,0.4999999663662591,0.2000000338728978,0.29999999976084296,Bear
2023-04-26,0.4999998261241808,0.20000017477392712,0.2999999991018921,Bear
2023-04-27,0.4999999756798142,0.2000000243681899,0.2999999999519959,Bear
2023-04-28,0.4999999990554129,0.2000000004640143,0.30000000048039405,Bear
2023-05-01,0.49999999986035243,0.20000000008688265,0.3000000000526697,Bear
2023-05-02,0.499999999875941,0.2000000000869523,0.3000000000370801,Bear
2023-05-03,0.49999999564807535,0.200000002855041,0.300000001496878,Bear
2023-05-04,0.49999999547851093,0.2000000042456459,0.30000000027583845,Bear
2023-05-05,0.4999999961216391,0.2000000035658481,0.3000000003125103,Bear
2023-05-08,0.4999999963457077,0.20000000327018774,0.3000000003841006,Bear
2023-05-09,0.4999999970284154,0.20000000192319867,0.3000000010483649,Bear
2023-05-10,0.49999999269504947,0.20000000596151843,0.30000000134341753,Bear
2023-05-11,0.49999999968631587,0.20000000013087807,0.30000000018259493,Bear
2023-05-12,0.49999999989818533,0.20000000004951912,0.30000000005220323,Bear
2023-05-15,0.499999998510595,0.19999999912495897,0.3000000023644389,Bear
2023-05-16,0.4999999982430687,0.19999999893116174,0.3000000028257538,Bear
2023-05-17,0.49999999986117194,0.20000000005601706,0.3000000000825634,Bear
2023-05-18,0.49999999752817315,0.19999999970173754,0.30000000277008076,Bear
2023-05-19,0.4999999979448232,0.20000000011229943,0.3000000019428545,Bear
2023-05-22,0.4999999999598252,0.1999999976542741,0.30000000238588603,Bear
2023-05-23,0.5000000009758255,0.19999999777472188,0.3000000012494503,Bear
2023-05-24,0.5000000000141102,0.1999999999375945,0.30000000004837984,Bear
2023-05-25,0.49999999999144545,0.19999999997609377,0.30000000003246274,Bear
2023-05-26,0.5000000015160135,0.1999999977371777,0.30000000074680094,Bear
2023-05-30,0.5000000012959024,0.19999999751954323,0.30000000118455167,Bear
2023-05-31,0.49999999998391875,0.19999999993827705,0.300000000077926,Bear
2023-06-01,0.4999999999488757,0.20000000000081167,0.3000000000503059,Bear
2023-06-02,0.49999999724150523,0.20000000021166342,0.3000000025468243,Bear
2023-06-05,0.4999999995685494,0.19999999818525505,0.3000000022461746,Bear
2023-06-06,0.49999999995446814,0.1999999999691909,0.3000000000762627,Bear
2023-06-07,0.49999999924510585,0.1999999985394306,0.30000000221545725,Bear
2023-06-08,0.4999999991226937,0.1999999987107927,0.3000000021665037,Bear
2023-06-09,0.49999999872816997,0.1999999989601827,0.30000000231163476,Bear
2023-06-12,0.4999999999544448,0.19999999917012135,0.30000000087542533,Bear
2023-06-13,0.5000000004765286,0.19999999917643876,0.30000000034704055,Bear
2023-06-14,0.500000003228243,0.19999999949398015,0.2999999972777719,Bear
2023-06-15,0.5000000001247575,0.20000000005704452,0.29999999981803527,Bear
2023-06-16,0.5000000000532443,0.20000000003899734,0.2999999999077236,Bear
2023-06-20,0.500000000052784,0.2000000000214409,0.2999999999257559,Bear
2023-06-21,0.5000000000408195,0.20000000006129243,0.29999999989787485,Bear
2023-06-22,0.5000000000474356,0.20000000005232038,0.2999999999002265,Bear
2023-06-23,0.5000000000482092,0.20000000005064691,0.29999999990112297,Bear
2023-06-26,0.5000000000524494,0.20000000003419352,0.29999999991333615,Bear
2023-06-27,0.5000000000455592,0.20000000000648965,0.29999999994793153,Bear
2023-06-28,0.5000000000401272,0.20000000000029816,0.2999999999595601,Bear
2023-06-29,0.5000000000493099,0.20000000001610355,0.29999999993457377,Bear
2023-06-30,0.5000000000509557,0.200000000019844,0.2999999999291855,Bear
2023-07-03,0.5000000000511028,0.20000000001879242,0.2999999999300906,Bear
2023-07-05,0.5000000000485466,0.20000000000915907,0.2999999999422823,Bear
2023-07-06,0.5000000000393839,0.19999999999511384,0.2999999999654928,Bear
2023-07-07,0.5000000012420758,0.1999999992048605,0.2999999995530603,Bear
2023-07-10,0.5000000012985317,0.19999999874093005,0.2999999999605325,Bear
2023-07-11,0.500000001328054,0.19999999845916547,0.30000000021277595,Bear
2023-07-12,0.5000000015227638,0.19999999843481783,0.30000000004241456,Bear
2023-07-13,0.5000000017970122,0.19999999817963537,0.3000000000233465,Bear
2023-07-14,0.5000000020497647,0.19999999834673707,0.2999999996034921,Bear
2023-07-17,0.5000000018969302,0.19999999865269094,0.2999999994503724,Bear
2023-07-18,0.5000000020485842,0.1999999983911495,0.29999999956025875,Bear
2023-07-19,0.500000002033594,0.1999999976374133,0.3000000003289841,Bear
2023-07-20,0.5000000021315317,0.19999999813079916,0.2999999997376635,Bear
2023-07-21,0.5000000016863997,0.1999999973601377,0.30000000095345625,Bear
2023-07-24,0.5000000000297383,0.19999999992977202,0.3000000000405671,Bear
2023-07-25,0.5000000013662267,0.19999999772550067,0.3000000009082643,Bear
2023-07-26,0.5000000015292189,0.19999999787043007,0.30000000060034676,Bear
2023-07-27,0.5000000015044431,0.1999999975454847,0.30000000095006685,Bear
2023-07-28,0.5000000015122766,0.19999999822514183,0.30000000026257817,Bear
2023-07-31,0.5000000013291374,0.19999999806566301,0.3000000006051953,Bear
2023-08-01,0.5000000010855431,0.19999999835216356,0.3000000005622912,Bear
2023-08-02,0.5000000013791565,0.19999999781877137,0.3000000008020671,Bear
2023-08-03,0.5000000000396077,0.19999999994120807,0.3000000000192328,Bear
2023-08-04,0.5000000000188958,0.1999999999706985,0.3000000000104073,Bear
2023-08-07,0.5000000000114746,0.19999999996666273,0.3000000000218639,Bear
2023-08-08,0.5000000000210406,0.19999999997267423,0.3000000000062862,Bear
2023-08-09,0.5000000015753867,0.19999999740392185,0.3000000010206817,Bear
2023-08-10,0.50000000189132,0.1999999974686626,0.30000000064001214,Bear
2023-08-11,0.5000000020573655,0.19999999767723284,0.3000000002653957,Bear
2023-08-14,0.5000000000364683,0.19999999993118406,0.30000000003241906,Bear
2023-08-15,0.5000000000165649,0.19999999997196433,0.3000000000114732,Bear
2023-08-16,0.5000000000078026,0.1999999999700987,0.3000000000221002,Bear
2023-08-17,0.4999999999935755,0.199999999972639,0.30000000003378646,Bear
2023-08-18,0.4999999999846589,0.19999999997710874,0.3000000000382317,Bear
2023-08-21,0.4999999999871111,0.19999999997379272,0.3000000000390943,Bear
2023-08-22,0.49999999998843214,0.19999999997341075,0.3000000000381558,Bear
2023-08-23,0.49999999999195177,0.19999999996945503,0.30000000003859173,Bear
2023-08-24,0.5000000000042882,0.19999999997046594,0.3000000000252449,Bear
2023-08-25,0.5000000000013964,0.199999999969098,0.30000000002950594,Bear
2023-08-28,0.5000000000042057,0.1999999999720787,0.30000000002371546,Bear
2023-08-29,0.5000000000011062,0.19999999996864523,0.3000000000302489,Bear
2023-08-30,0.5000000010419767,0.1999999978799453,0.30000000107807057,Bear
2023-08-31,0.5000000010030642,0.19999999833103876,0.3000000006658962,Bear
2023-09-01,0.5000000012155359,0.199999998121561,0.3000000006628997,Bear
2023-09-05,0.5000000013380552,0.19999999799079285,0.3000000006711477,Bear
2023-09-06,0.5000000011666719,0.199999997913165,0.3000000009201598,Bear
2023-09-07,0.5000000013036927,0.19999999832243295,0.300000000373872,Bear
2023-09-08,0.5000000015560531,0.19999999788926182,0.3000000005546802,Bear
2023-09-11,0.5000000011277425,0.1999999981780187,0.30000000069423727,Bear
2023-09-12,0.5000000010473133,0.19999999794745624,0.3000000010052279,Bear
2023-09-13,0.5000000005721847,0.19999999843703334,0.3000000009907838,Bear
2023-09-14,0.5000000004815353,0.19999999850136402,0.30000000101710167,Bear
2023-09-15,0.50000000152736,0.19999999836020357,0.30000000011243366,Bear
2023-09-18,0.5000000011435819,0.19999999791960615,0.30000000093680834,Bear
2023-09-19,0.5000000011047092,0.19999999724150372,0.3000000016537822,Bear
2023-09-20,0.5000000014711357,0.19999999738333366,0.30000000114552655,Bear
2023-09-21,0.5000000008948481,0.1999999973074059,0.3000000017977435,Bear
2023-09-22,0.5000000007698571,0.19999999748121514,0.3000000017489251,Bear
2023-09-25,0.5000000011696722,0.19999999767339657,0.3000000011569278,Bear
2023-09-26,0.5000000015601237,0.1999999978341809,0.300000000605691,Bear
2023-09-27,0.5000000015067766,0.19999999759910736,0.3000000008941102,Bear
2023-09-28,0.500000001821956,0.1999999976772138,0.3000000005008243,Bear
2023-09-29,0.5000000019701558,0.1999999981669268,0.2999999998629124,Bear
2023-10-02,0.5000000013363315,0.1999999987474965,0.2999999999161677,Bear
2023-10-03,0.5000000017953687,0.19999999882754038,0.2999999993770856,Bear
2023-10-04,0.5000000019298496,0.19999999874892876,0.29999999932121435,Bear
2023-10-05,0.5000000021416523,0.19999999862225096,0.2999999992360883,Bear
2023-10-06,0.5000000017168462,0.19999999883520947,0.2999999994479368,Bear
2023-10-09,0.5000000016412658,0.19999999883885752,0.29999999951987,Bear
2023-10-10,0.5000000018256744,0.19999999881814434,0.29999999935617455,Bear
2023-10-11,0.5000000000614406,0.19999999997932993,0.2999999999591837,Bear
2023-10-12,0.25000000006160705,0.349999999808921,0.40000000012946985,Crisis
2023-10-13,0.24999999998004668,0.3499999999845972,0.40000000003533986,Crisis
2023-10-16,0.249999999991147,0.34999999998552295,0.40000000002332836,Crisis
2023-10-17,0.24999999999593303,0.3499999999812741,0.4000000000227912,Crisis
2023-10-18,0.25000000000336814,0.3499999999737926,0.40000000002283737,Crisis
2023-10-19,0.2500000000092283,0.34999999996860837,0.4000000000221606,Crisis
2023-10-20,0.2500000000100793,0.34999999996615166,0.40000000002376596,Crisis
2023-10-23,0.2500000000054719,0.3499999999698191,0.4000000000247054,Crisis
2023-10-24,0.2500000000059113,0.34999999997098213,0.40000000002310326,Crisis
2023-10-25,0.2500000000127109,0.3499999999615158,0.40000000002577,Crisis
2023-10-26,0.25000000001069417,0.3499999999611605,0.4000000000281407,Crisis
2023-10-27,0.25000000001187134,0.34999999996298997,0.40000000002513453,Crisis
2023-10-30,0.2500000000095892,0.34999999996549747,0.4000000000249092,Crisis
2023-10-31,0.5000000000160513,0.1999999999356957,0.3000000000482533,Bear
2023-11-01,0.49999999996019234,0.19999999998196866,0.30000000005784005,Bear
2023-11-02,0.49999999995487826,0.1999999999894561,0.30000000005566035,Bear
2023-11-03,0.49999999997757455,0.19999999997646836,0.3000000000459514,Bear
2023-11-06,0.49999999999609046,0.19999999997051007,0.3000000000333977,Bear
2023-11-07,0.5000000000091755,0.19999999996719606,0.3000000000236285,Bear
2023-11-08,0.5000000000178686,0.19999999997311618,0.30000000000901633,Bear
2023-11-09,0.5000000000131736,0.19999999997804854,0.30000000000877913,Bear
2023-11-10,0.5000000016364978,0.19999999752457995,0.30000000083891337,Bear
2023-11-13,0.500000000085673,0.19999999995550566,0.29999999995885895,Bear
2023-11-14,0.5000000012599499,0.199999998467495,0.3000000002725492,Bear
2023-11-15,0.5000000014477489,0.199999998587496,0.2999999999647527,Bear
2023-11-16,0.5000000015655023,0.19999999878722696,0.2999999996472665,Bear
2023-11-17,0.500000001459097,0.1999999985124681,0.3000000000284295,Bear
2023-11-20,0.500000001441888,0.19999999860097656,0.2999999999571311,Bear
2023-11-21,0.5000000016184929,0.1999999986630175,0.299999999718485,Bear
2023-11-22,0.5000000018371135,0.19999999773739605,0.3000000004254834,Bear
2023-11-24,0.500000001919412,0.19999999790823034,0.3000000001723528,Bear
2023-11-27,0.5000000015030414,0.19999999753104647,0.30000000096590707,Bear
2023-11-28,0.5000000012056721,0.19999999749976577,0.3000000012945592,Bear
2023-11-29,0.5000000000241857,0.19999999992903747,0.3000000000468405,Bear
2023-11-30,0.5000000000138756,0.1999999999682047,0.30000000001792093,Bear
2023-12-01,0.5000000017755593,0.1999999973206528,0.3000000009037778,Bear
2023-12-04,0.5000000000147934,0.199999999920904,0.3000000000643979,Bear
2023-12-05,0.5000000012420676,0.19999999822712664,0.3000000005307994,Bear
2023-12-06,0.5000000013302064,0.19999999817855943,0.3000000004912315,Bear
2023-12-07,0.5000000016876333,0.19999999753663594,0.3000000007757257,Bear
2023-12-08,0.5000000018647861,0.19999999816328268,0.29999999997192756,Bear
2023-12-11,0.5000000014945005,0.19999999887481135,0.29999999963068413,Bear
2023-12-12,0.5000000018283246,0.19999999874659097,0.29999999942507816,Bear
2023-12-13,0.5000000000652287,0.19999999997905268,0.2999999999556675,Bear
2023-12-14,0.5000000025980053,0.19999999843120828,0.29999999897077934,Bear
2023-12-15,0.5000000000829127,0.19999999996714016,0.299999999949853,Bear
2023-12-18,0.5000000000378387,0.19999999999117624,0.2999999999709763,Bear
2023-12-19,0.5000000000367335,0.19999999999133192,0.29999999997193066,Bear
2023-12-20,0.5000000000462486,0.2000000000066594,0.29999999994708815,Bear
2023-12-21,0.5000000000506237,0.20000000001697085,0.299999999932398,Bear
2023-12-22,0.5000000000508502,0.20000000003463364,0.29999999991450677,Bear
2023-12-26,0.5000000000521645,0.2000000000197288,0.299999999928095,Bear
2023-12-27,0.500000000050318,0.20000000001597987,0.2999999999336933,Bear
2023-12-28,0.5000000000479203,0.20000000003149998,0.2999999999205708,Bear
2023-12-29,0.5000000000358171,0.2000000000511906,0.29999999991298143,Bear
2024-01-02,0.5000000000357819,0.20000000004944832,0.29999999991475906,Bear
2024-01-03,0.5000000000496001,0.20000000003733093,0.2999999999130575,Bear
2024-01-04,0.500000000035883,0.20000000005718915,0.29999999990691417,Bear
2024-01-05,0.5000000000513835,0.20000000004085502,0.29999999990774867,Bear
2024-01-08,0.5000000000534139,0.20000000003304852,0.29999999991352444,Bear
2024-01-09,0.5000000000495948,0.2000000000431781,0.2999999999072164,Bear
2024-01-10,0.5000000000548438,0.20000000003421192,0.29999999991093185,Bear
2024-01-11,0.5000000000549797,0.20000000003549845,0.2999999999095104,Bear
2024-01-12,0.5000000000523555,0.20000000004687893,0.29999999990075266,Bear
2024-01-16,0.5000000000549909,0.20000000001917648,0.2999999999258184,Bear
2024-01-17,0.5000000000575797,0.20000000001050064,0.29999999993190907,Bear
2024-01-18,0.5000000000629862,0.20000000003351226,0.2999999999034908,Bear
2024-01-19,0.5000000000606185,0.20000000002269291,0.29999999991667503,Bear
2024-01-22,0.5000000000592376,0.2000000000210394,0.29999999991971366,Bear
2024-01-23,0.5000000000559995,0.2000000000497628,0.29999999989422843,Bear
2024-01-24,0.5000000000593888,0.2000000000419846,0.299999999898614,Bear
2024-01-25,0.5000000000614073,0.20000000004645144,0.2999999998921281,Bear
2024-01-26,0.5000000000617302,0.2000000000438033,0.2999999998944534,Bear
2024-01-29,0.5000000000627717,0.2000000000454545,0.299999999891761,Bear
2024-01-30,0.5000000000608935,0.2000000000381708,0.2999999999009218,Bear
2024-01-31,0.5000000000593721,0.20000000004158702,0.29999999989902737,Bear
2024-02-01,0.5000000000574115,0.20000000004730484,0.299999999895269,Bear
2024-02-02,0.5000000000561816,0.2000000000470472,0.2999999998967557,Bear
2024-02-05,0.5000000000615618,0.20000000004696206,0.29999999989146203,Bear
2024-02-06,0.5000000000594246,0.20000000000199483,0.2999999999385652,Bear
2024-02-07,0.5000000000508338,0.20000000000059553,0.29999999994856164,Bear
2024-02-08,0.5000000000546149,0.200000000012409,0.299999999932969,Bear
2024-02-09,0.500000000053901,0.20000000000732135,0.29999999993876786,Bear
2024-02-12,0.5000000000569782,0.20000000001910406,0.2999999999239097,Bear
2024-02-13,0.5000000000562083,0.20000000002555718,0.2999999999182251,Bear
2024-02-14,0.5000000000591813,0.20000000002684917,0.29999999991395854,Bear
2024-02-15,0.5000000000585815,0.20000000001896623,0.29999999992244053,Bear
2024-02-16,0.5000000000573704,0.2000000000226625,0.2999999999199568,Bear
2024-02-20,0.5000000000532332,0.20000000000788515,0.29999999993887055,Bear
2024-02-21,0.5000000000534157,0.2000000000158621,0.2999999999307136,Bear
2024-02-22,0.5000000000536965,0.20000000001224963,0.29999999993404497,Bear
2024-02-23,0.5000000000498758,0.20000000004078922,0.29999999990932746,Bear
2024-02-26,0.5000000000509288,0.20000000003618382,0.29999999991287774,Bear
2024-02-27,0.5000000000527198,0.20000000002793808,0.29999999991933274,Bear
2024-02-28,0.5000000000511347,0.20000000003158225,0.29999999991727466,Bear
2024-02-29,0.5000000000513991,0.2000000000328516,0.2999999999157406,Bear
2024-03-01,0.5000000000502365,0.2000000000360947,0.29999999991366005,Bear
2024-03-04,0.5000000000477137,0.20000000003944865,0.29999999991282894,Bear
2024-03-05,0.5000000000499686,0.20000000002854226,0.29999999992148024,Bear
2024-03-06,0.5000000000500572,0.20000000001615992,0.29999999993377385,Bear
2024-03-07,0.5000000000500782,0.20000000001501175,0.29999999993490256,Bear
2024-03-08,0.5000000000475417,0.20000000000880688,0.29999999994364546,Bear
2024-03-11,0.5000000000454203,0.1999999999989245,0.29999999995564997,Bear
2024-03-12,0.5000000000469375,0.2000000000106974,0.2999999999423608,Bear
2024-03-13,0.500000000047589,0.20000000002213256,0.29999999993027365,Bear
2024-03-14,0.5000000000478368,0.20000000002692586,0.2999999999252321,Bear
2024-03-15,0.500000000049787,0.20000000002094473,0.29999999992926213,Bear
2024-03-18,0.5000000000506217,0.20000000001923737,0.29999999993013504,Bear
2024-03-19,0.5000000000513154,0.20000000001706944,0.29999999993160914,Bear
2024-03-20,0.500000000049814,0.20000000003359997,0.2999999999165804,Bear
2024-03-21,0.500000000050076,0.20000000003099042,0.29999999991892695,Bear
2024-03-22,0.5000000000511963,0.20000000002252116,0.2999999999262758,Bear
2024-03-25,0.5000000000471958,0.20000000003812968,0.29999999991466847,Bear
2024-03-26,0.500000000048025,0.20000000004006346,0.29999999991190457,Bear
2024-03-27,0.5000000000517243,0.20000000002966967,0.299999999918599,Bear
2024-03-28,0.5000000000483972,0.20000000003529686,0.299999999916299,Bear
2024-04-01,0.5000000000488528,0.20000000003255777,0.29999999991858267,Bear
2024-04-02,0.5000000000502164,0.2000000000127007,0.299999999937076,Bear
2024-04-03,0.5000000000475237,0.20000000000092757,0.29999999995154314,Bear
2024-04-04,0.5000000000383652,0.1999999999876197,0.29999999997401106,Bear
2024-04-05,0.500000000038434,0.19999999998705714,0.29999999997450605,Bear
2024-04-08,0.5000000000417624,0.19999999998805143,0.2999999999701837,Bear
2024-04-09,0.5000000000388197,0.1999999999854779,0.2999999999756997,Bear
2024-04-10,0.5000000000331739,0.19999999998472953,0.2999999999820945,Bear
2024-04-11,0.5000000028189332,0.19999999842220928,0.29999999875885064,Bear
2024-04-12,0.5000000024844807,0.199999998484927,0.29999999903058366,Bear
2024-04-15,0.5000000029983229,0.19999999838650012,0.29999999861516813,Bear
2024-04-16,0.5000000020573688,0.19999999831024162,0.2999999996323804,Bear
2024-04-17,0.5000000023649246,0.19999999766110016,0.29999999997396576,Bear
2024-04-18,0.5000000023539733,0.19999999763094284,0.3000000000150754,Bear
2024-04-19,0.500000002333081,0.19999999752511952,0.30000000014179085,Bear
2024-04-22,0.5000000000503338,0.19999999993458809,0.3000000000151007,Bear
2024-04-23,0.5000000019551053,0.19999999844931995,0.29999999959556856,Bear
2024-04-24,0.5000000021740529,0.19999999839451382,0.29999999943142597,Bear
2024-04-25,0.5000000020550796,0.1999999984316003,0.29999999951331285,Bear
2024-04-26,0.5000000021234152,0.19999999843992888,0.2999999994366492,Bear
2024-04-29,0.5000000024076855,0.1999999984579385,0.299999999134369,Bear
2024-04-30,0.5000000022829725,0.1999999983994554,0.299999999317564,Bear
2024-05-01,0.5000000018470961,0.1999999984766726,0.29999999967622426,Bear
2024-05-02,0.500000002111104,0.19999999818956213,0.2999999996993266,Bear
2024-05-03,0.5000000000594091,0.1999999999660933,0.299999999974474,Bear
2024-05-06,0.5000000000446712,0.19999999998632628,0.2999999999689998,Bear
2024-05-07,0.5000000000480969,0.19999999999568022,0.29999999995622006,Bear
2024-05-08,0.5000000000414391,0.19999999998785892,0.2999999999706977,Bear
2024-05-09,0.5000000000440342,0.1999999999911396,0.299999999964823,Bear
2024-05-10,0.5000000000444791,0.19999999999415527,0.299999999961362,Bear
2024-05-13,0.5000000000378299,0.19999999998677723,0.29999999997538956,Bear
2024-05-14,0.5000000000385768,0.1999999999863607,0.29999999997506,Bear
2024-05-15,0.5000000000380463,0.1999999999881222,0.2999999999738289,Bear
2024-05-16,0.5000000000396569,0.19999999999245377,0.29999999996788673,Bear
2024-05-17,0.5000000000385885,0.1999999999912524,0.29999999997015614,Bear
2024-05-20,0.5000000031304277,0.19999999826026293,0.29999999860930104,Bear
2024-05-21,0.500000002750043,0.19999999782340336,0.2999999994265427,Bear
2024-05-22,0.5000000000764997,0.199999999955044,0.29999999996842597,Bear
2024-05-23,0.5000000000377947,0.19999999998400297,0.29999999997819915,Bear
2024-05-24,0.5000000000398901,0.1999999999929417,0.2999999999671659,Bear
2024-05-28,0.5000000000425363,0.1999999999960335,0.29999999996142684,Bear
2024-05-29,0.5000000000349983,0.19999999998370493,0.2999999999812937,Bear
2024-05-30,0.5000000027546111,0.1999999982987301,0.2999999989466514,Bear
2024-05-31,0.5000000026955502,0.19999999824945416,0.29999999905498614,Bear
2024-06-03,0.5000000031193202,0.19999999864803136,0.2999999982326399,Bear
2024-06-04,0.5000000031387919,0.19999999850433728,0.29999999835686003,Bear
2024-06-05,0.5000000000841364,0.1999999999514019,0.2999999999643767,Bear
2024-06-06,0.500000000038086,0.19999999998338777,0.29999999997852245,Bear
2024-06-07,0.5000000000330397,0.19999999998103454,0.29999999998592386,Bear
2024-06-10,0.5000000000389581,0.1999999999894802,0.29999999997155985,Bear
2024-06-11,0.5000000033593233,0.19999999878700375,0.2999999978536665,Bear
2024-06-12,0.5000000000899221,0.19999999996831666,0.2999999999416494,Bear
2024-06-13,0.5000000000375526,0.1999999999856456,0.2999999999767957,Bear
2024-06-14,0.5000000000417235,0.1999999999889243,0.29999999996934956,Bear
2024-06-17,0.5000000000379458,0.19999999998373996,0.2999999999783113,Bear
2024-06-18,0.5000000000355536,0.1999999999839346,0.2999999999805095,Bear
2024-06-20,0.5000000000390312,0.19999999998564547,0.2999999999753213,Bear
2024-06-21,0.5000000028963598,0.19999999802081853,0.29999999908281255,Bear
2024-06-24,0.5000000000824542,0.19999999995958379,0.29999999995790994,Bear
2024-06-25,0.5000000000321113,0.199999999979151,0.2999999999887344,Bear
2024-06-26,0.5000000000360418,0.19999999998311727,0.2999999999808397,Bear
2024-06-27,0.5000000000365158,0.19999999998653717,0.299999999976945,Bear
2024-06-28,0.5000000000315058,0.1999999999807937,0.2999999999876987,Bear
2024-07-01,0.5000000025574718,0.19999999802113738,0.2999999994213821,Bear
2024-07-02,0.5000000025442134,0.19999999789356726,0.29999999956221024,Bear
2024-07-03,0.5000000024916127,0.19999999793560191,0.2999999995727766,Bear
2024-07-05,0.5000000025741903,0.19999999785706488,0.2999999995687357,Bear
2024-07-08,0.5000000000654168,0.19999999994322812,0.29999999999134697,Bear
2024-07-09,0.5000000000341837,0.19999999998081006,0.2999999999850053,Bear
2024-07-10,0.5000000000369751,0.19999999998373902,0.29999999997928456,Bear
2024-07-11,0.5000000000383801,0.19999999998555373,0.29999999997606447,Bear
2024-07-12,0.5000000000294645,0.19999999997923246,0.29999999999130156,Bear
2024-07-15,0.5000000000326816,0.19999999998068763,0.29999999998662996,Bear
2024-07-16,0.5000000026897614,0.19999999787009642,0.2999999994401324,Bear
2024-07-17,0.5000000000663375,0.19999999994005424,0.29999999999360527,Bear
2024-07-18,0.500000000022751,0.19999999997244383,0.3000000000048059,Bear
2024-07-19,0.5000000000228567,0.19999999997182077,0.300000000005323,Bear
2024-07-22,0.5000000000241575,0.1999999999732927,0.30000000000255006,Bear
2024-07-23,0.5000000024677677,0.19999999786077208,0.29999999967145097,Bear
2024-07-24,0.5000000000618928,0.19999999993886117,0.2999999999992463,Bear
2024-07-25,0.5000000000169856,0.19999999996684187,0.3000000000161748,Bear
2024-07-26,0.5000000000207961,0.19999999997062046,0.3000000000085842,Bear
2024-07-29,0.5000000000226277,0.1999999999728836,0.3000000000044891,Bear
2024-07-30,0.5000000000198426,0.19999999997429638,0.3000000000058617,Bear
2024-07-31,0.5000000000079712,0.19999999997530324,0.3000000000167268,Bear
2024-08-01,0.5000000000062347,0.1999999999786905,0.30000000001507543,Bear
2024-08-02,0.250000000063091,0.3499999999900024,0.3999999999469055,Crisis
2024-08-05,0.2500000000447317,0.350000000021092,0.3999999999341748,Crisis
2024-08-06,0.2500000000293649,0.350000000021359,0.3999999999492779,Crisis
2024-08-07,0.2500000000311784,0.3500000000234865,0.39999999994533675,Crisis
2024-08-08,0.25000000003085276,0.35000000002154624,0.39999999994760316,Crisis
2024-08-09,0.2500000000241897,0.3500000000201359,0.3999999999556773,Crisis
2024-08-12,0.25000000002565087,0.3500000000191276,0.3999999999552236,Crisis
2024-08-13,0.2500000000213631,0.35000000002281967,0.3999999999558205,Crisis
2024-08-14,0.4999999999780459,0.20000000002667778,0.29999999999527655,Bear
2024-08-15,0.4999999999298594,0.20000000005640345,0.30000000001373567,Bear
2024-08-16,0.4999999999717423,0.20000000003013652,0.2999999999981186,Bear
2024-08-19,0.4999999999458284,0.2000000000470694,0.300000000007101,Bear
2024-08-20,0.499999999964994,0.20000000004251722,0.2999999999924872,Bear
2024-08-21,0.49999999995476846,0.2000000000496763,0.29999999999555393,Bear
2024-08-22,0.49999999994549565,0.20000000006540558,0.29999999998909715,Bear
2024-08-23,0.4999999999657616,0.20000000004629317,0.29999999998794347,Bear
2024-08-26,0.49999999997623684,0.20000000002847432,0.2999999999952876,Bear
2024-08-27,0.49999999998797756,0.20000000002551246,0.29999999998650934,Bear
2024-08-28,0.49999999997730044,0.20000000002636326,0.2999999999963358,Bear
2024-08-29,0.4999999999724563,0.2000000000285994,0.29999999999894333,Bear
2024-08-30,0.4999999999662801,0.20000000002442256,0.3000000000092961,Bear
2024-09-03,0.4999999999932267,0.20000000000660564,0.3000000000001666,Bear
2024-09-04,0.499999999956721,0.20000000003225543,0.3000000000110231,Bear
2024-09-05,0.4999999999247352,0.20000000007135205,0.30000000000391003,Bear
2024-09-06,0.49999999990303584,0.20000000009581312,0.3000000000011466,Bear
2024-09-09,0.4999999998938701,0.20000000010230232,0.30000000000382127,Bear
2024-09-10,0.4999999999065333,0.20000000009294522,0.3000000000005157,Bear
2024-09-11,0.4999999999064329,0.20000000009375585,0.29999999999980625,Bear
2024-09-12,0.4999999999095997,0.200000000097551,0.2999999999928446,Bear
2024-09-13,0.4999999999169656,0.20000000007908178,0.30000000000394844,Bear
2024-09-16,0.49999999991456023,0.20000000007957047,0.30000000000586524,Bear
2024-09-17,0.499999999903247,0.2000000000951902,0.3000000000015582,Bear
2024-09-18,0.499999999920002,0.2000000000900948,0.29999999998989946,Bear
2024-09-19,0.4999999999337908,0.2000000000745323,0.2999999999916739,Bear
2024-09-20,0.4999999999426946,0.2000000000676607,0.29999999998964255,Bear
2024-09-23,0.4999999999458588,0.20000000005817886,0.2999999999959604,Bear
2024-09-24,0.49999999995084193,0.20000000006796465,0.29999999998119214,Bear
2024-09-25,0.4999999999513817,0.2000000000600175,0.29999999998859955,Bear
2024-09-26,0.4999999999366291,0.20000000007498664,0.29999999998838306,Bear
2024-09-27,0.49999999994486816,0.20000000006999255,0.2999999999851378,Bear
2024-09-30,0.49999999993880984,0.2000000000759298,0.29999999998525895,Bear
2024-10-01,0.49999999994025635,0.20000000007291616,0.2999999999868262,Bear
2024-10-02,0.4999999999257181,0.2000000000763893,0.29999999999789084,Bear
2024-10-03,0.24999999996090885,0.3500000023557803,0.3999999976833113,Crisis
2024-10-04,0.24999999994937738,0.35000000242435986,0.39999999762626526,Crisis
2024-10-07,0.249999999943198,0.3500000028407592,0.3999999972160441,Crisis
2024-10-08,0.24999999994070443,0.35000000299423234,0.39999999706506534,Crisis
2024-10-09,0.24999999993646105,0.35000000325054265,0.3999999968129982,Crisis
2024-10-10,0.24999999566820966,0.3500001723425054,0.39999983198928446,Crisis
2024-10-11,0.24999999869607822,0.35000014222746967,0.39999985907646274,Crisis
2024-10-14,0.24999999882120244,0.3500001336101744,0.3999998675686239,Crisis
2024-10-15,0.24999999887752355,0.35000016118407545,0.39999983993840355,Crisis
2024-10-16,0.4999999999857812,0.20000000003202573,0.29999999998219334,Bear
2024-10-17,0.49999999994287797,0.20000000007473162,0.2999999999823901,Bear
2024-10-18,0.49999999994098676,0.2000000000724741,0.2999999999865377,Bear
2024-10-21,0.4999999999581287,0.20000000007093435,0.2999999999709362,Bear
2024-10-22,0.4999999999733604,0.2000000000717999,0.2999999999548392,Bear
2024-10-23,0.4999999999807515,0.20000000006413762,0.29999999995511006,Bear
2024-10-24,0.49999999998691114,0.200000000058029,0.2999999999550589,Bear
2024-10-25,0.49999999998038,0.20000000005205185,0.29999999996756727,Bear
2024-10-28,0.49999999998603817,0.2000000000617137,0.2999999999522473,Bear
2024-10-29,0.500000000004448,0.20000000004895874,0.2999999999465917,Bear
2024-10-30,0.5000000000049889,0.20000000005141905,0.29999999994359017,Bear
2024-10-31,0.2499999986137589,0.3617100900810668,0.38828991130517415,Crisis
2024-11-01,0.24999999978013918,0.36171008912189384,0.388289911097977,Crisis
2024-11-04,0.2499999673164554,0.36171103870710364,0.38828899397644095,Crisis
2024-11-05,0.2499999966040739,0.36171146304739105,0.388288540348535,Crisis
2024-11-06,0.24999999748147722,0.3617118015682121,0.3882882009503108,Crisis
2024-11-07,0.5000000000744973,0.19999999996385193,0.29999999996165116,Bear
2024-11-08,0.500000000008224,0.20000000002269963,0.2999999999690756,Bear
2024-11-11,0.500000000009942,0.20000000001883683,0.2999999999712199,Bear
2024-11-12,0.5000000000195005,0.20000000004008583,0.29999999994041204,Bear
2024-11-13,0.5000000000195278,0.20000000002438986,0.2999999999560793,Bear
2024-11-14,0.5000000000276852,0.20000000002513005,0.2999999999471821,Bear
2024-11-15,0.5000000000276069,0.20000000001323698,0.29999999995915294,Bear
2024-11-18,0.500000000015932,0.2000000000183118,0.29999999996575405,Bear
2024-11-19,0.5000000000166137,0.20000000000823487,0.29999999997514976,Bear
2024-11-20,0.5000000000121345,0.2000000000063589,0.29999999998150584,Bear
2024-11-21,0.5000000000008642,0.20000000000481696,0.29999999999431853,Bear
2024-11-22,0.5000000000114254,0.20000000000071072,0.29999999998786364,Bear
2024-11-25,0.49999999999506917,0.2000000000054218,0.29999999999950905,Bear
2024-11-26,0.5000000000126452,0.20000000003118107,0.29999999995617377,Bear
2024-11-27,0.5000000000259723,0.20000000001822588,0.29999999995579907,Bear
2024-11-29,0.5000000000273129,0.2000000000257483,0.29999999994693555,Bear
2024-12-02,0.5000000000278247,0.200000000022551,0.29999999994962057,Bear
2024-12-03,0.5000000000243022,0.20000000003501514,0.299999999940679,Bear
2024-12-04,0.5000000000341761,0.20000000002044088,0.29999999994537824,Bear
2024-12-05,0.5000000000266215,0.2000000000220941,0.29999999995128085,Bear
2024-12-06,0.500000000031086,0.20000000001049456,0.29999999995841636,Bear
2024-12-09,0.5000000000344862,0.20000000000743368,0.29999999995807713,Bear
2024-12-10,0.5000000000290736,0.19999999999816928,0.2999999999727546,Bear
2024-12-11,0.5000000000090321,0.19999999999637808,0.2999999999945895,Bear
2024-12-12,0.499999999996629,0.19999999999914628,0.3000000000042251,Bear
2024-12-13,0.5000000000045125,0.19999999999169635,0.30000000000379107,Bear
2024-12-16,0.5000000000219903,0.19999999997812726,0.2999999999998826,Bear
2024-12-17,0.5000000000244607,0.19999999997533235,0.30000000000020705,Bear
2024-12-18,0.25000000001765715,0.4204801093979488,0.32951989058439346,Crisis
2024-12-19,0.24999999999006403,0.42048011045393785,0.32951988955599765,Crisis
2024-12-20,0.5000000000902394,0.19999999986344238,0.3000000000463192,Bear
2024-12-23,0.5000000000223865,0.19999999996901016,0.30000000000860627,Bear
2024-12-24,0.5000000000240347,0.19999999997056872,0.30000000000539706,Bear
2024-12-26,0.5000000000262169,0.19999999997459697,0.29999999999918636,Bear
2024-12-27,0.500000000025725,0.19999999997323564,0.30000000000103955,Bear
