,wf_portfolio
2008-01-07,-0.0003045479497071355
2008-01-08,0.0033567374135991864
2008-01-09,-0.0036099041589826935
2008-01-10,0.0032023950294533697
2008-01-11,0.005849836948692272
2008-01-14,-0.0014943765761994045
2008-01-15,-0.00872426596387361
2008-01-16,0.0008138362685137642
2008-01-17,-0.005125603205890839
2008-01-18,0.005106770250063293
2008-01-22,0.004088019397137106
2008-01-23,-0.006355292825359314
2008-01-24,0.006754037412358361
2008-01-25,0.004234618090501376
2008-01-28,-0.003842590712201638
2008-01-29,-0.004287484334745618
2008-01-30,0.007685871393057484
2008-01-31,0.00418235060757925
2008-02-01,-0.009798781315589762
2008-02-04,-0.004628606534042906
2008-02-05,-0.0016991022585887135
2008-02-06,-0.009910213039394551
2008-02-07,0.007123013653812505
2008-02-08,0.0043094737629489335
2008-02-11,-0.004595798331996118
2008-02-12,-0.0036577408561636517
2008-02-13,-0.010640409926762745
2008-02-14,0.0035940684855688154
2008-02-15,-0.0013686020610474189
2008-02-19,0.007573922537676648
2008-02-20,0.0042501914814617875
2008-02-21,-0.0016862674758663244
2008-02-22,-0.0040753188758833655
2008-02-25,0.0036262043798479158
2008-02-26,0.001977044943641393
2008-02-27,0.010014155304715078
2008-02-28,0.003770566464517514
2008-02-29,-0.0004769729458898608
2008-03-03,-0.01006998671009099
2008-03-04,-0.0014040060501508602
2008-03-05,-0.004051295673442763
2008-03-06,-0.002500104730082985
2008-03-07,0.004957300743450667
2008-03-10,0.003958662762168867
2008-03-11,0.010618152704784539
2008-03-12,-0.001910116126711932
2008-03-13,0.00393289219739551
2008-03-14,0.002713723305316767
2008-03-17,0.0034533553061246577
2008-03-18,-0.0025975979810640417
2008-03-19,0.00037451301068353385
2008-03-20,-0.0061236190285172114
2008-03-24,0.0074482538744345475
2008-03-25,-0.003615565297979788
2008-03-26,-0.005512218346333537
2008-03-27,0.0004104046535934737
2008-03-28,0.0002645685990547331
2008-03-31,-0.007600801502879203
2008-04-01,0.0059582170943486504
2008-04-02,0.0022004019935302197
2008-04-03,0.006560150529776952
2008-04-04,-0.0012579862593259164
2008-04-07,-0.0037960302096798704
2008-04-08,0.007747936629062095
2008-04-09,-0.0025526491518710203
2008-04-10,-0.001836818744521569
2008-04-11,-0.004617581056513756
2008-04-14,-0.005702575302861623
2008-04-15,0.0038349262986760763
2008-04-16,-0.0019105849774851784
2008-04-17,-0.0014326645858451811
2008-04-18,0.0017693819803408803
2008-04-21,0.0009352093149830652
2008-04-22,-0.004284440176597214
2008-04-23,-0.007655902187858643
2008-04-24,-0.0010235354443364165
2008-04-25,0.0026289014290742227
2008-04-28,-0.002378211205586148
2008-04-29,0.004293843087549134
2008-04-30,-3.0436262198466936e-05
2008-05-01,-0.005552103228201186
2008-05-02,0.0020871594454315565
2008-05-05,-0.0013713581756895244
2008-05-06,-0.003557955417118736
2008-05-07,0.007300526947285299
2008-05-08,0.0020247429538691733
2008-05-09,0.0010876837138040169
2008-05-12,-0.009470071304996962
2008-05-13,0.00040030133789676264
2008-05-14,0.011860537102296077
2008-05-15,0.0017863717858111307
2008-05-16,0.0019852488716409515
2008-05-19,0.0037895826121414223
2008-05-20,-0.0022095245621822296
2008-05-21,-0.008667928851452185
2008-05-22,-0.00036751112355818674
2008-05-23,-0.0055561224555905845
2008-05-27,-0.004468419487599243
2008-05-28,-0.007943781737764478
2008-05-29,0.006249139437552343
2008-05-30,0.0006181104115843813
2008-06-02,0.0006680808916533303
2008-06-03,-0.005788572012215025
2008-06-04,0.0010587943595932062
2008-06-05,0.004352586525007041
2008-06-06,-0.001406285412376155
2008-06-09,-0.00973247532096045
2008-06-10,-0.0022318617725422597
2008-06-11,-0.007655718619644591
2008-06-12,0.002341217772624539
2008-06-13,0.002550498482372511
2008-06-16,0.0004239616352030987
2008-06-17,0.004400212983874
2008-06-18,-0.002873278574327362
2008-06-19,0.00029182392969278464
2008-06-20,-0.0025300254438449473
2008-06-23,0.004107452117678857
2008-06-24,0.0013414626028735483
2008-06-25,0.002992784744552191
2008-06-26,0.007007616673291335
2008-06-27,0.0008796757421840592
2008-06-30,0.0016731507758799944
2008-07-01,-0.0003633122196742254
2008-07-02,-0.0030032892524813207
2008-07-03,-0.0014164304005977874
2008-07-07,0.007497877579506552
2008-07-08,0.000414151708853781
2008-07-09,0.0047764507683573845
2008-07-10,-0.00821602400150472
2008-07-11,0.004137877554911619
2008-07-14,-0.0032735122026909752
2008-07-15,-0.0076035900454303265
2008-07-16,-0.0008996223446172749
2008-07-17,-0.0007103360936137652
2008-07-18,0.004090939190007344
2008-07-21,-0.003800252470583578
2008-07-22,-0.004441561949870147
2008-07-23,0.0018089963818207272
2008-07-24,-0.005203454004056948
2008-07-25,0.002197702345608891
2008-07-28,0.0007861062843762074
2008-07-29,0.0029582260892309876
2008-07-30,0.0034505046104422706
2008-07-31,-0.001015613039577576
2008-08-01,-0.0064106248496320056
2008-08-04,-0.001719398280092749
2008-08-05,-0.00015147726636918638
2008-08-06,0.004512746923490911
2008-08-07,0.0028493987070539913
2008-08-08,-0.009804896348144656
2008-08-11,0.0014716118850650619
2008-08-12,-0.001336132258234795
2008-08-13,0.0008983720853658885
2008-08-14,0.0024667760094175756
2008-08-15,0.0014135476011174954
2008-08-18,-0.0014766188208205641
2008-08-19,0.001985878672186526
2008-08-20,0.004091776288266746
2008-08-21,0.0006674840170606635
2008-08-22,0.00031669445582712655
2008-08-25,0.0018521671077815131
2008-08-26,0.0036785845022643637
2008-08-27,0.0047896018288639
2008-08-28,-0.0062693641384521425
2008-08-29,-0.0015278199118006226
2008-09-02,0.0015636640976999267
2008-09-03,-0.0041040656751109355
2008-09-04,0.0017632102043174927
2008-09-05,0.0072721524040165
2008-09-08,-0.007041122870349966
2008-09-09,-0.007737205073761454
2008-09-10,0.0006446733540800107
2008-09-11,-0.0006841802801086649
2008-09-12,0.0107885043441578
2008-09-15,0.002327118117696572
2008-09-16,0.009655172275536571
2008-09-17,-0.006621149425987353
2008-09-18,-0.0028443533154383846
2008-09-19,0.00023424309057401473
2008-09-22,-0.009590071856006323
2008-09-23,0.0003605255147806157
2008-09-24,0.0022024221175844733
2008-09-25,0.0047231716510131826
2008-09-26,0.0018564858491796916
2008-09-29,-0.012732989603402885
2008-09-30,0.009205511697981877
2008-10-01,-0.011528921647580303
2008-10-02,0.002267289853442743
2008-10-03,0.0007918196487234543
2008-10-06,-0.00022052993660675105
2008-10-07,-0.011102622791913899
2008-10-08,-0.022258175590946477
2008-10-09,-0.022508693781241852
2008-10-10,0.023904282472878898
2008-10-13,-0.007168184591162179
2008-10-14,-0.018164098099264402
2008-10-15,-0.0005757396639118478
2008-10-16,-0.009739157338830365
2008-10-17,0.02189619078938095
2008-10-20,-0.009427595183584775
2008-10-21,-0.01117795538236929
2008-10-22,0.00495238202748704
2008-10-23,-0.016146476636116444
2008-10-24,-0.008664623555545637
2008-10-27,0.022118298761360605
2008-10-28,-0.004406594008117852
2008-10-29,-7.371990394197409e-05
2008-10-30,-0.00954729457134167
2008-10-31,0.0017768404911054434
2008-11-03,0.028730584856292863
2008-11-04,-0.009018644449315855
2008-11-05,-0.019329730085249484
2008-11-06,0.004493737798454054
2008-11-07,0.0021140802077992053
2008-11-10,-0.009115935319011462
2008-11-11,-0.011573151505781228
2008-11-12,0.004763515094088966
2008-11-13,0.0021304776663207074
2008-11-14,-0.001980018016747378
2008-11-17,0.011792706204008773
2008-11-18,-0.0011212116320442186
2008-11-19,0.014596830538120031
2008-11-20,0.015286789110099116
2008-11-21,0.010598975450577124
2008-11-24,0.019058582696474494
2008-11-25,0.008775769212057284
2008-11-26,0.010182194825384044
2008-11-28,-0.009159209352737622
2008-12-01,0.014015304631480313
2008-12-02,0.005640323419789763
2008-12-03,0.004737079462286992
2008-12-04,-0.004882673498380394
2008-12-05,0.01041819543368287
2008-12-08,0.008155151599216592
2008-12-09,0.007451957843766124
2008-12-10,-0.0026359242858276567
2008-12-11,0.003098407775484084
2008-12-12,0.007178307188483399
2008-12-15,0.029090062116249454
2008-12-16,0.01570190539336558
2008-12-17,0.0049879661443567175
2008-12-18,-0.002869275990085476
2008-12-19,-0.005932626228124863
2008-12-22,-0.004881079881872306
2008-12-23,0.0017347392946847659
2008-12-24,0.007579753945803073
2008-12-26,8.508032457457855e-05
2008-12-29,0.010229501267156552
2008-12-30,-0.008191375924725727
2008-12-31,-0.008992409624286537
2009-01-02,-0.019438991507325178
2009-01-05,-0.003230433548765752
2009-01-06,-0.012632294963683116
2009-01-07,0.003984279267410026
2009-01-08,-0.0051199682883168954
2009-01-09,-0.005959767362002017
2009-01-12,0.0013066994487649021
2009-01-13,0.0002017258385388662
2009-01-14,0.0023555191872861436
2009-01-15,-0.002644342446965123
2009-01-16,-0.008710013967421406
2009-01-20,-0.010394654942415031
2009-01-21,-0.01432833956449841
2009-01-22,0.004142639685313734
2009-01-23,-0.002888689331956385
2009-01-26,0.015134939259560075
2009-01-27,-0.00949434677744201
2009-01-28,-0.01742190478174095
2009-01-29,-0.0031297880340580004
2009-01-30,0.005643965086651366
2009-02-02,-0.012008524429036061
2009-02-03,-0.0018416319035282698
2009-02-04,0.005695899390343892
2009-02-05,0.0035022952398405006
2009-02-06,-0.00021614112583163416
2009-02-09,0.0058809028672993525
2009-02-10,0.013001060074534736
2009-02-11,-0.0038763882391926754
2009-02-12,-0.0197966262649819
2009-02-13,0.013778317868111862
2009-02-17,-0.0030645173182587966
2009-02-18,-0.014788617197553127
2009-02-19,0.007155480076431585
2009-02-20,-0.0029443868542083315
2009-02-23,0.0025700806947072385
2009-02-24,-0.011654820639386117
2009-02-25,-0.01027075763123217
2009-02-26,-0.009435629308165223
2009-02-27,-0.003874105992792156
2009-03-02,-0.00742910147109192
2009-03-03,0.0006067544713015171
2009-03-04,0.012565490397567606
2009-03-05,-0.0030592510546128574
2009-03-06,-0.009444460776365808
2009-03-09,-0.003007285369562281
2009-03-10,0.010025773651595231
2009-03-11,0.01526876769346122
2009-03-12,-0.0008674860372138759
2009-03-13,-0.011167490692808589
2009-03-16,0.0022178799288375406
2009-03-17,0.033070151590027345
2009-03-18,0.00017199535983871252
2009-03-19,-0.00966211471208714
2009-03-20,0.007950880263575858
2009-03-23,-0.0009941716893956784
2009-03-24,-0.003804341159738076
2009-03-25,0.011462421961924573
2009-03-26,-0.0020613829711535886
2009-03-27,-0.007127177171719947
2009-03-30,0.006957554354678067
2009-03-31,0.011264628676297303
2009-04-01,-0.005102995498027739
2009-04-02,-0.012541700303455961
2009-04-03,-0.00900812146049965
2009-04-06,-0.0008617310751858702
2009-04-07,0.00610287094535523
2009-04-08,0.0005315069476100823
2009-04-09,0.00871668335847952
2009-04-13,-0.0017877784563879952
2009-04-14,0.0015947435237927596
2009-04-15,-0.0049485816992847
2009-04-16,-0.006351797258980506
2009-04-17,0.0029819578458015862
2009-04-20,-0.00174859177756381
2009-04-21,-0.004035647971851313
2009-04-22,0.004964693174730512
2009-04-23,-0.0008793772007138216
2009-04-24,-0.0009689194002835838
2009-04-27,-0.013093990105371156
2009-04-28,0.0005392970046634528
2009-04-29,-0.004425318066836168
2009-04-30,-0.0035862443759629055
2009-05-01,0.012859914499390081
2009-05-04,-0.00228045775369488
2009-05-05,0.006607444541517397
2009-05-06,-0.015490974375846362
2009-05-07,0.007631372419205888
2009-05-08,0.002313143318725848
2009-05-11,0.004580816460856294
2009-05-12,0.0015913226511385778
2009-05-13,0.003450177509448263
2009-05-14,-8.288163467512597e-05
2009-05-15,-0.006135405839023845
2009-05-18,-0.0009050795130022631
2009-05-19,0.00811364389016831
2009-05-20,-0.01046977121212505
2009-05-21,-0.005051674555049042
2009-05-22,-0.003781892548858673
2009-05-26,-0.013523016546878663
2009-05-27,0.012480237592382797
2009-05-28,0.022431063243970137
2009-05-29,-0.011690211258977509
2009-06-01,0.004818841463902025
2009-06-02,-0.004006059572680808
2009-06-03,-0.002840462846602872
2009-06-04,-0.01174386459385417
2009-06-05,-0.002588808408214876
2009-06-08,0.0018254095163042737
2009-06-09,-0.008342742609752658
2009-06-10,0.0059017140019571555
2009-06-11,7.429442763165223e-05
2009-06-12,-0.003660673844136613
2009-06-15,0.00861741777152257
2009-06-16,-0.0016526410581156107
2009-06-17,-0.008580261397933706
2009-06-18,0.00849200639652909
2009-06-19,-0.005732147561182159
2009-06-22,0.007266029017173126
2009-06-23,-0.0015834777150637391
2009-06-24,0.016194781097419324
2009-06-25,0.00025969571376471064
2009-06-26,0.001789586215540072
2009-06-29,-0.005285966762666594
2009-06-30,0.003786526923367841
2009-07-01,-0.008091551961805282
2009-07-02,-0.002592697237843133
2009-07-06,-0.0007430684433706355
2009-07-07,0.0042135928867806744
2009-07-08,-0.004802423356879854
2009-07-09,0.004350858238806704
2009-07-10,0.004029883276728459
2009-07-13,-0.0051942275760342126
2009-07-14,-0.002573834393550469
2009-07-15,0.004201583360967113
2009-07-16,-0.005760176643310493
2009-07-17,0.009110669338561615
2009-07-20,0.01031841953805666
2009-07-21,-0.003554961297195609
2009-07-22,-0.005463769304963484
2009-07-23,0.003711156370863464
2009-07-24,-0.004221150444128285
2009-07-27,-0.0016989477308235437
2009-07-28,-0.0007355965290794385
2009-07-29,0.010495311220322656
2009-07-30,0.0155329350988729
2009-07-31,-0.002696609951570912
2009-08-03,-0.0008971307441666553
2009-08-04,-0.0077904102777810276
2009-08-05,9.300036452116725e-05
2009-08-06,-0.004283895039152594
2009-08-07,0.0031536940982678056
2009-08-10,0.002788614677518912
2009-08-11,-0.002718650339596936
2009-08-12,0.011036430873081643
2009-08-13,-0.0019236592710472921
2009-08-14,-0.002162906782288896
2009-08-17,0.0001392184970889004
2009-08-18,0.007399374845456023
2009-08-19,0.00529662651557409
2009-08-20,-0.0020583471720230923
2009-08-21,0.0047375195113462595
2009-08-24,0.004570218964514902
2009-08-25,0.0024025187662498164
2009-08-26,-0.00023822543828621407
2009-08-27,0.004427008576587215
2009-08-28,-0.002827185348845428
2009-08-31,-0.00407055346974518
2009-09-01,0.013702886670015686
2009-09-02,0.0025034849229305716
2009-09-03,-0.005592669219132419
2009-09-04,-0.0021217201255664926
2009-09-08,-0.00013298755342187375
2009-09-09,0.013072606036970042
2009-09-10,0.006007777704604665
2009-09-11,-0.006518223295566712
2009-09-14,0.0011338934749874734
2009-09-15,0.006943816051024877
2009-09-16,0.004233419388048522
2009-09-17,-0.0063725182958725545
2009-09-18,-0.00030345318197293495
2009-09-21,0.006171141139115764
2009-09-22,-0.00270268542009191
2009-09-23,-0.004678207759817761
2009-09-24,0.0035511891595214765
2009-09-25,0.008073178455379705
2009-09-28,0.0001139517197523887
2009-09-29,0.0031101032095163486
2009-09-30,-0.001151991194643967
2009-10-01,-0.002939044138161143
2009-10-02,0.0074032158478932976
2009-10-05,0.00517533652669348
2009-10-06,0.006614529246253824
2009-10-07,-1.6673924987326786e-05
2009-10-08,-0.012037148071526492
2009-10-09,0.003790518451612745
2009-10-12,0.0029496681891174647
2009-10-13,0.0021107423192600182
2009-10-14,-0.005197021762330169
2009-10-15,0.0023122489787549185
2009-10-16,0.008697553114093927
2009-10-19,-0.0025033173375655212
2009-10-20,-0.004357011290767337
2009-10-21,0.0013943184773449215
2009-10-22,-0.007840700315704689
2009-10-23,-0.0128782710580813
2009-10-26,0.0010737709651521788
2009-10-27,-0.011906046902739411
2009-10-28,0.014203705348187837
2009-10-29,-0.006282728142979909
2009-10-30,0.005835287365031787
2009-11-02,0.0038391081988971097
2009-11-03,-0.001456029205880525
2009-11-04,0.004858498171535183
2009-11-05,0.002406060669183317
2009-11-06,0.011452651045903772
2009-11-09,0.00025135899112056835
2009-11-10,0.006679821810473866
2009-11-11,-0.009221871842387456
2009-11-12,0.007828399273695802
2009-11-13,0.014651850135695896
2009-11-16,0.002567204764682288
2009-11-17,-0.0007412015083878047
2009-11-18,-0.00606703485699759
2009-11-19,-0.00011604233487629446
2009-11-20,0.009623356925104288
2009-11-23,0.003178088862219497
2009-11-24,0.007574375372292807
2009-11-25,-0.011484207476121845
2009-11-27,0.003670497505553075
2009-11-30,0.008387519977482594
2009-12-01,0.004508632703867717
2009-12-02,-0.007224062534006896
2009-12-03,-0.012064298854630114
2009-12-04,-0.00220205614106284
2009-12-07,-0.011064698128647833
2009-12-08,0.000648363399778254
2009-12-09,0.0004455747021008523
2009-12-10,-0.0019907435852787813
2009-12-11,0.00616146520490501
2009-12-14,-0.0033026971111774135
2009-12-15,0.004256215493116151
2009-12-16,-0.014425980038251737
2009-12-17,0.0064266887626724944
2009-12-18,-0.00409124362224622
2009-12-21,-0.0015252263514478834
2009-12-22,0.002099584502987138
2009-12-23,0.005330410428316034
2009-12-24,0.0010330791964598203
2009-12-28,-0.002395034286183849
2009-12-29,-0.0003782877093223044
2009-12-30,-0.004712620021143006
2009-12-31,0.01511250226610586
2010-01-04,0.002335934948587062
2010-01-05,0.002565989226168455
2010-01-06,0.0005801118107938866
2010-01-07,0.003056830644598195
2010-01-08,0.003557802003673785
2010-01-11,-0.00763084692362476
2010-01-12,0.004704119112998652
2010-01-13,0.005446424126010635
2010-01-14,-0.007559888230982852
2010-01-15,0.007418040759786375
2010-01-19,-0.010116503390802905
2010-01-20,-0.013149599076352825
2010-01-21,-0.012178923378126967
2010-01-22,0.0025088046384088673
2010-01-25,-0.0018109756107900592
2010-01-26,-0.0006230597611320719
2010-01-27,-0.006019070681755483
2010-01-28,-0.005192193886873182
2010-01-29,0.01258338960305046
2010-02-01,0.008736817451515708
2010-02-02,-0.006014675619531829
2010-02-03,-0.024730286429556266
2010-02-04,0.0023574335914422137
2010-02-05,-0.005201680466442259
2010-02-08,0.008157603228244138
2010-02-09,-0.0037240966188676803
2010-02-10,0.00979986019610336
2010-02-11,0.0001536941543762915
2010-02-12,0.015328139906786028
2010-02-16,-0.0009434011561778343
2010-02-17,0.00412925600314167
2010-02-18,0.0007174064000253079
2010-02-19,-0.0018372463963246292
2010-02-22,-0.006276117444172302
2010-02-23,0.003586332596103719
2010-02-24,0.0030873480534101077
2010-02-25,0.004430065381125111
2010-02-26,0.005078271344405007
2010-03-01,0.005447916311391007
2010-03-02,0.001584338620073609
2010-03-03,0.00040617822244978395
2010-03-04,0.00440086532835838
2010-03-05,-0.003485109711832733
2010-03-08,0.0004381998721467292
2010-03-09,-0.0017275724218068793
2010-03-10,0.0031780353139378393
2010-03-11,-0.0005159812935208734
2010-03-12,0.0010018184460564429
2010-03-15,0.011149629937149335
2010-03-16,0.0016003621034452516
2010-03-17,0.001133073635796757
2010-03-18,-0.007993902711429716
2010-03-19,0.001412741569859583
2010-03-22,0.004143829753970492
2010-03-23,-0.011765613270316673
2010-03-24,-0.0007434084061869598
2010-03-25,0.005305671124452535
2010-03-26,0.0028392944119819694
2010-03-29,-0.0011876118445616648
2010-03-30,0.002371748080174484
2010-03-31,0.006503445670866812
2010-04-01,0.002411900587480524
2010-04-05,0.0018758081392152343
2010-04-06,0.0035951584318819146
2010-04-07,0.002245690471411073
2010-04-08,0.006370662605497108
2010-04-09,0.0014342757190004296
2010-04-12,0.00028236894346119477
2010-04-13,0.007797748332106673
2010-04-14,0.0017838586099779615
2010-04-15,-0.014789377964886441
2010-04-16,0.0022273514559224073
2010-04-19,0.007137220327512091
2010-04-20,0.001063404409493842
2010-04-21,0.0009485184072201964
2010-04-22,0.006599782867596554
2010-04-23,-0.003316361139138524
2010-04-26,-0.012049056874315591
2010-04-27,0.003881873102854418
2010-04-28,0.008990438652121322
2010-04-29,-0.008947615050816522
2010-04-30,0.009524758916643323
2010-05-03,-0.016365382540814804
2010-05-04,-0.0032116169712469375
2010-05-05,-0.014779589563410536
2010-05-06,-0.012120333837498777
2010-05-07,0.024436582233354133
2010-05-10,0.004379846649754516
2010-05-11,0.009793163136829458
2010-05-12,-0.009210612113030626
2010-05-13,-0.010547980643129472
2010-05-14,-0.00213404175864716
2010-05-17,-0.007107687503242538
2010-05-18,-0.00943512583978753
2010-05-19,-0.024632365067009273
2010-05-20,0.008180988444178312
2010-05-21,-0.005249806620235718
2010-05-24,0.0020911443568193255
2010-05-25,-0.001861630379871661
2010-05-26,0.019585990466139076
2010-05-27,-0.0073519824420314
2010-05-28,-0.008171422089781886
2010-06-01,0.01548354101307454
2010-06-02,-0.0023255217709213234
2010-06-03,-0.018003846365146004
2010-06-04,-0.0026014976243428616
2010-06-07,0.004911270718051376
2010-06-08,-0.003236336863703595
2010-06-09,0.004143331030898004
2010-06-10,0.008759036277517618
2010-06-11,-0.0023787262151583033
2010-06-14,0.017089028569877013
2010-06-15,-0.001031164433798401
2010-06-16,0.005095613492266863
2010-06-17,0.002440640264701406
2010-06-18,-0.007167550513098048
2010-06-21,-0.007449416340972689
2010-06-22,-0.0023741047367913694
2010-06-23,-0.010735053598938614
2010-06-24,0.006113346704614249
2010-06-25,-0.004541882747920761
2010-06-28,-0.0189292615985128
2010-06-29,-0.004690471072347046
2010-06-30,-0.012465145143201144
2010-07-01,-0.001481793050488733
2010-07-02,0.00123454217751976
2010-07-06,0.02158290573042147
2010-07-07,0.0046543161978726474
2010-07-08,0.005502477714858447
2010-07-09,-0.00211078691418236
2010-07-12,0.011037179985319771
2010-07-13,0.0008156442525362895
2010-07-14,0.0010218227105630205
2010-07-15,-0.02098203686434285
2010-07-16,0.0011886838553087638
2010-07-19,0.009298830283398202
2010-07-20,-0.004451429248235479
2010-07-21,0.011241297382748788
2010-07-22,-0.0023085332579500855
2010-07-23,0.005268991180316354
2010-07-26,-0.007560694718335686
2010-07-27,-0.002290201429063247
2010-07-28,-0.001509667345695678
2010-07-29,0.005846054608352311
2010-07-30,0.010502401526464316
2010-08-02,0.00036977565980938
2010-08-03,0.005129911899548724
2010-08-04,0.0005455532230572271
2010-08-05,0.0006850879033453894
2010-08-06,0.0002367678864159229
2010-08-09,-0.00042798861145750553
2010-08-10,-0.005228513248873051
2010-08-11,-0.0001127324032702895
2010-08-12,0.003862124749181527
2010-08-13,0.011801802865146552
2010-08-16,0.0020202505024813416
2010-08-17,0.002690042901102454
2010-08-18,0.0004002277697207466
2010-08-19,-0.0024635929986166366
2010-08-20,-0.0016577737964509672
2010-08-23,0.002334099795830983
2010-08-24,0.002124581867488766
2010-08-25,0.0005646118461124215
2010-08-26,-0.0060065993800096
2010-08-27,0.0022767394132232424
2010-08-30,0.0068161267258184475
2010-08-31,0.001158456961790227
2010-09-01,0.00022483357482492683
2010-09-02,-0.001359218409321013
2010-09-03,0.005854283310478154
2010-09-07,-0.00015598180768256178
2010-09-08,-0.008716312595294328
2010-09-09,0.0002787094987144576
2010-09-10,0.0055953481912533656
2010-09-13,0.00850084786046369
2010-09-14,-0.004806009469520947
2010-09-15,-0.002674917114935599
2010-09-16,0.0015665186547205753
2010-09-17,0.008287043993077503
2010-09-20,0.007082657196702875
2010-09-21,0.0022249501243222195
2010-09-22,-0.001507203633464691
2010-09-23,0.0025028125046186347
2010-09-24,0.00527511413133018
2010-09-27,0.006168491931483999
2010-09-28,-0.002079248113085067
2010-09-29,-0.0013846301258665602
2010-09-30,0.001478253133667057
2010-10-01,-0.0024794977266132607
2010-10-04,0.017229150172940598
2010-10-05,0.0030660674858427432
2010-10-06,-0.006074308849411245
2010-10-07,0.0027913041884233157
2010-10-08,0.0018239431717358117
2010-10-11,-0.0035026375462439705
2010-10-12,0.005613373720218836
2010-10-13,-0.006354794444622024
2010-10-14,-0.00665693878072088
2010-10-15,0.006246476759738993
2010-10-18,-0.009970557275637679
2010-10-19,0.006514644474291164
2010-10-20,-0.009401727246502171
2010-10-21,0.003917341615487563
2010-10-22,0.004612659232996892
2010-10-25,-0.006271963920754636
2010-10-26,-0.007562844441693667
2010-10-27,0.00497399542511004
2010-10-28,0.005875286663984311
2010-10-29,-0.003377436124724841
2010-11-01,0.007944650596141696
2010-11-02,-0.0011968605785909311
2010-11-03,0.021508304096892993
2010-11-04,0.0013529830407628695
2010-11-05,0.001781985085938088
2010-11-08,-0.010921863037560538
2010-11-09,0.005772966269426334
2010-11-10,-0.0017416116326826017
2010-11-11,-0.015597951360773903
2010-11-12,-0.005415820311847763
2010-11-15,-0.010505470916317415
2010-11-16,-0.0013513584570350352
2010-11-17,0.013161734675624204
2010-11-18,0.0026064426855315725
2010-11-19,0.002291935979388547
2010-11-22,-0.00724965225329999
2010-11-23,0.007303729408536863
2010-11-24,-0.006560780046153621
2010-11-26,0.003568252610897254
2010-11-29,0.00040562123550222243
2010-11-30,0.011357056313980941
2010-12-01,0.007679087568734034
2010-12-02,0.006212185071817328
2010-12-03,0.0025903001166291684
2010-12-06,-0.006528419986999493
2010-12-07,-0.0017456209819297294
2010-12-08,0.004091234601314481
2010-12-09,0.00323429745590136
2010-12-10,0.0019715401751049014
2010-12-13,-0.000652637667211766
2010-12-14,-0.007021309930539705
2010-12-15,0.002793218971310744
2010-12-16,0.0032308394466934935
2010-12-17,0.0031490558243315297
2010-12-20,0.005191846456013987
2010-12-21,0.0008020827245788883
2010-12-22,-0.0018579444722232187
2010-12-23,0.0018154747299742563
2010-12-27,0.002993286212800221
2010-12-28,0.0030335314079675394
2010-12-29,-0.002346037205979405
2010-12-30,0.004319998140014457
2010-12-31,0.004627147384546219
2011-01-03,-0.006198735303158261
2011-01-04,0.0004364692538513759
2011-01-05,-0.0013155253966957753
2011-01-06,0.0014788122816798816
2011-01-07,0.0007301861228810209
2011-01-10,0.0032060763816803544
2011-01-11,0.006073840936309593
2011-01-12,-0.0027872859684818668
2011-01-13,0.0015023217735179064
2011-01-14,0.0020262890437460325
2011-01-18,-0.005142938750254897
2011-01-19,-0.007007275724636136
2011-01-20,0.0019356888444411729
2011-01-21,0.002447874827877578
2011-01-24,0.0007989326365716347
2011-01-25,0.00301348201438944
2011-01-26,-0.004181969401872489
2011-01-27,-0.006377041404622911
2011-01-28,0.003847032327482144
2011-01-31,0.011610938772940522
2011-02-01,-0.0018920022856758279
2011-02-02,0.003941827447969568
2011-02-03,-0.00020634132029067774
2011-02-04,0.004606159302889793
2011-02-07,0.0047823311280672165
2011-02-08,-0.000737260505795571
2011-02-09,-0.0013288488930199747
2011-02-10,0.004299511039954512
2011-02-11,0.0028149699578874
2011-02-14,-0.00023240582685101472
2011-02-15,0.004277741405586601
2011-02-16,0.0038419540847957137
2011-02-17,0.0017260075125105213
2011-02-18,-0.010072466008592634
2011-02-22,-0.001415350673234862
2011-02-23,-0.001692447359402588
2011-02-24,0.009144021496117804
2011-02-25,0.004654023240958481
2011-02-28,-0.006372071950057118
2011-03-01,-0.0003567371004401694
2011-03-02,0.006825440734667102
2011-03-03,-0.0017879625204751583
2011-03-04,-0.005101258943038825
2011-03-07,0.0044067648969619904
2011-03-08,0.00012273305037285132
2011-03-09,-0.013435350392518128
2011-03-10,0.004735297521198241
2011-03-11,-0.0028251872555566724
2011-03-14,-0.01071114584835973
2011-03-15,-0.011076964842096259
2011-03-16,0.009112910530672605
2011-03-17,0.005169993365809266
2011-03-18,0.01079349670712832
2011-03-21,-0.0020870502371923135
2011-03-22,0.004037469327799577
2011-03-23,0.0034286011968088044
2011-03-24,0.001805901455137124
2011-03-25,-0.002741124815756104
2011-03-28,0.0029840749632843977
2011-03-29,0.006094738257029444
2011-03-30,0.0010485249350241554
2011-03-31,0.0020419176622149286
2011-04-01,0.001792039121338853
2011-04-04,0.003420812871711155
2011-04-05,0.0011131804335497099
2011-04-06,-0.001397928670984183
2011-04-07,-0.0007537536366370836
2011-04-08,-0.0036523883595883906
2011-04-11,-0.0056157258149002525
2011-04-12,0.001087090332862149
2011-04-13,0.003760298171834868
2011-04-14,0.005860942848689245
2011-04-15,-0.005588432901250174
2011-04-18,0.004152988615598461
2011-04-19,0.009129941852577877
2011-04-20,0.0036351767628831798
2011-04-21,-8.193866753858286e-05
2011-04-25,0.005697613886712529
2011-04-26,0.007972118436991756
2011-04-27,0.003902769206000041
2011-04-28,0.006055096699313183
2011-04-29,-0.004077575891169185
2011-05-02,-0.0026604224551230646
2011-05-03,-0.007491474013539421
2011-05-04,-0.012276427697347127
2011-05-05,0.005591800243033575
2011-05-06,0.005961915585313128
2011-05-09,0.005686821742215992
2011-05-10,-0.008615807386635924
2011-05-11,0.0025376202044991884
2011-05-12,-0.005768457821798941
2011-05-13,-0.004025738271233698
2011-05-16,-0.00016372616967512757
2011-05-17,0.005929624946207903
2011-05-18,0.0015900251591139626
2011-05-19,-0.001993632361779609
2011-05-20,-0.00722649098206255
2011-05-23,0.0011157384403062045
2011-05-24,0.001677917620945528
2011-05-25,0.003234767493161528
2011-05-26,0.004930131324762997
2011-05-27,0.006859785677404757
2011-05-31,-0.012972991175738531
2011-06-01,-0.003214572264133366
2011-06-02,-0.0047224949834324195
2011-06-03,-0.007242919820150037
2011-06-06,-4.347382470232018e-05
2011-06-07,-0.002965586551125311
2011-06-08,0.005785852092056775
2011-06-09,-0.010541570981702778
2011-06-10,-0.002471321509089932
2011-06-13,0.008190081327360212
2011-06-14,-0.009108002013184869
2011-06-15,0.0016325880944194995
2011-06-16,0.003085757519148558
2011-06-17,0.003590717453004559
2011-06-20,0.009616349206737608
2011-06-21,-0.003485038008255888
2011-06-22,-0.005536037113118571
2011-06-23,-0.01154489520734562
2011-06-24,0.0034780636013363457
2011-06-27,0.00849471682170739
2011-06-28,0.006574081774500122
2011-06-29,0.004892589371496808
2011-06-30,0.008636788187048775
2011-07-01,0.003340308020789314
2011-07-05,0.0030730435937189127
2011-07-06,0.007250497975849056
2011-07-07,0.006576681059996695
2011-07-08,0.004649174775274583
2011-07-11,0.0028848148140233976
2011-07-12,0.0049173097577464246
2011-07-13,-0.00699688120061118
2011-07-14,0.003539788587792466
2011-07-15,-0.0033307414829944117
2011-07-18,0.008778531215849188
2011-07-19,-0.002360791907815306
2011-07-20,-0.002331025218605704
2011-07-21,0.006062163446909947
2011-07-22,-0.0035349356405073753
2011-07-25,0.002847914683964313
2011-07-26,-0.006330205793648443
2011-07-27,0.0011255185255141403
2011-07-28,0.008558394639874189
2011-07-29,0.0019764163570415473
2011-08-01,0.01381492322820369
2011-08-02,0.0021169000700236584
2011-08-03,0.0008847631206425567
2011-08-04,-0.010335489027461498
2011-08-05,0.006999552887023246
2011-08-08,0.015619115139084084
2011-08-09,0.012555589842632732
2011-08-10,-0.017789593922449713
2011-08-11,0.008160158796870803
2011-08-12,0.004908132882948347
2011-08-15,0.00870519182369797
2011-08-16,0.008076554260606357
2011-08-17,0.0036691433544678636
2011-08-18,0.0034738743338743054
2011-08-19,0.00817668619171469
2011-08-22,-0.010899232710233069
2011-08-23,-0.020120296003802347
2011-08-24,0.0018920456092883055
2011-08-25,0.01781194470558582
2011-08-26,-0.005635993379151405
2011-08-29,0.017406372068187858
2011-08-30,-0.007809085526701986
2011-08-31,0.006001723491891855
2011-09-01,0.016721778473602844
2011-09-02,0.0016260965920273838
2011-09-06,-0.012106867826344592
2011-09-07,0.010229695356256
2011-09-08,-0.004538778257579468
2011-09-09,-0.005742530172704652
2011-09-12,6.351322832955216e-05
2011-09-13,0.004356604545860144
2011-09-14,-0.007472991275744982
2011-09-15,0.007606947702541372
2011-09-16,-4.0379415839881735e-05
2011-09-19,0.0062334408840105104
2011-09-20,0.0016506726165594898
2011-09-21,-0.0019294643841577322
2011-09-22,-0.0252281000227539
2011-09-23,-0.0055279603258752774
2011-09-26,0.0022723671548234878
2011-09-27,-0.014168440701229211
2011-09-28,0.007945776477250244
2011-09-29,0.005267395271505649
2011-09-30,0.010355056211672617
2011-10-03,-0.006662320901636066
2011-10-04,0.004983847661444558
2011-10-05,-0.0016949984854138646
2011-10-06,-0.007483856319366438
2011-10-07,0.009868247560257115
2011-10-10,-0.0034569758570991444
2011-10-11,-0.00203500954833857
2011-10-12,0.002030315142517092
2011-10-13,-0.00010359365735497462
2011-10-14,0.0012346037146733011
2011-10-17,0.0006078143420165088
2011-10-18,-0.006926405016433462
2011-10-19,-0.006152768739281623
2011-10-20,0.0034442787031443655
2011-10-21,0.0066877979147931975
2011-10-24,0.014809934874653872
2011-10-25,-0.0018527672339269025
2011-10-26,-0.0026497787019268745
2011-10-27,0.004671041037329103
2011-10-28,0.006808357300459636
2011-10-31,0.007485291392894256
2011-11-01,0.0016213411736409953
2011-11-02,0.003274989441732069
2011-11-03,-0.0025754191529098465
2011-11-04,0.011742883910308897
2011-11-07,-0.005058446328641872
2011-11-08,-0.0029933965046327524
2011-11-09,-0.005940179670175292
2011-11-10,0.0070386043968442575
2011-11-11,0.0032799712575625924
2011-11-14,0.0009193672065489997
2011-11-15,-0.003332316033914606
2011-11-16,-0.008565598872734687
2011-11-17,0.0005866198486725583
2011-11-18,-0.0099100386025751
2011-11-21,0.007312954016856388
2011-11-22,-0.0021892436690522476
2011-11-23,-0.009608450044147638
2011-11-25,0.012990973779376675
2011-11-28,-0.0024475277329006795
2011-11-29,0.009064292471491344
2011-11-30,-0.0031697304561945053
2011-12-01,0.0063334100660150956
2011-12-02,-0.0026980099109055375
2011-12-05,-0.0026459177886851426
2011-12-06,0.004718993339319822
2011-12-07,-0.006192923597019629
2011-12-08,-0.004308855655118429
2011-12-09,-0.006814906495730308
2011-12-12,-0.0048525745391713145
2011-12-13,-0.004952894186646702
2011-12-14,-0.0018708561553046664
2011-12-15,0.011190315335881187
2011-12-16,0.002399788293324605
2011-12-19,-0.0002555130456832625
2011-12-20,-0.00563242059595482
2011-12-21,0.002062054100417649
2011-12-22,-0.0024219997440603244
2011-12-23,-0.00022653170806465842
2011-12-27,-0.0022155430951417716
2011-12-28,0.002083654154475633
2011-12-29,0.0033922895351438096
2011-12-30,0.004274358443706232
2012-01-03,-0.003697121800519611
2012-01-04,0.0017792093037815315
2012-01-05,0.001957517921730792
2012-01-06,-0.0014899884118395224
2012-01-09,0.005248102787984669
2012-01-10,0.007991934019255544
2012-01-11,0.0012025869217268791
2012-01-12,0.0013085221063483185
2012-01-13,0.005327524836516209
2012-01-17,-0.0009703215477681365
2012-01-18,-0.005797200625458309
2012-01-19,-0.0028712245683022294
2012-01-20,-0.0016881463316370643
2012-01-23,-0.001459961847907646
2012-01-24,0.00861158910474946
2012-01-25,0.006291750814027165
2012-01-26,0.0042247261552062305
2012-01-27,0.0030163739158121077
2012-01-30,0.007412765490119029
2012-01-31,-0.0027718020917869048
2012-02-01,0.002683932897709086
2012-02-02,-0.01236206701328462
2012-02-03,0.0036685386580375522
2012-02-06,-0.000938798404539423
2012-02-07,-0.0009127454377457569
2012-02-08,-0.003993807796299155
2012-02-09,0.0026708779716582125
2012-02-10,0.003079054693730849
2012-02-13,0.001484879429388301
2012-02-14,-0.00032337331306223267
2012-02-15,-0.0011753937567951435
2012-02-16,-0.0005598560552719209
2012-02-17,0.0010803075680607009
2012-02-21,0.00818732274287184
2012-02-22,0.001231579318418071
2012-02-23,0.0022747618953338775
2012-02-24,0.003653034678654456
2012-02-27,0.0021351575185542806
2012-02-28,-0.019296945855311616
2012-02-29,0.000862308259394077
2012-03-01,0.0032189957049010196
2012-03-02,-0.005951191847223904
2012-03-05,-0.002891511041512317
2012-03-06,0.0003862970383532308
2012-03-07,0.000434580637948222
2012-03-08,0.003726677826758422
2012-03-09,-0.0022270324795464836
2012-03-12,-0.008620016804819792
2012-03-13,-0.017068580595862318
2012-03-14,0.0047460826496842625
2012-03-15,0.0016608920772041263
2012-03-16,-0.004255256697911771
2012-03-19,-0.001307773609649784
2012-03-20,0.0050875235562677
2012-03-21,-0.001367807694982629
2012-03-22,0.008627451313422217
2012-03-23,0.0058475522014893346
2012-03-26,0.0007041127960793667
2012-03-27,-0.0048271270539043945
2012-03-28,0.0027470750191022335
2012-03-29,-0.005679800166508272
2012-03-30,0.0058344668301839615
2012-04-02,-0.014521624116351804
2012-04-03,-0.0005990587327761475
2012-04-04,0.0052127456782609
2012-04-05,0.010019083122521873
2012-04-09,0.004093109601889354
2012-04-10,-0.0037821363852655835
2012-04-11,0.0040097946777526115
2012-04-12,0.001537278596076381
2012-04-13,-0.0015215084651406593
2012-04-16,0.0030318575220085278
2012-04-17,-0.001064943057592405
2012-04-18,-0.0009564963121136306
2012-04-19,0.0006871353349633913
2012-04-20,0.0005323871954364967
2012-04-23,-0.0020248400314399635
2012-04-24,0.001498116689588383
2012-04-25,0.006995101106703294
2012-04-26,0.0014099149737174807
2012-04-27,3.9109203200612215e-05
2012-04-30,-0.0018760232325675378
2012-05-01,0.0013610064438990515
2012-05-02,-0.004804991471133814
2012-05-03,0.0005136549622652399
2012-05-04,-0.0004060196657170106
2012-05-07,-0.0038089286024379863
2012-05-08,-0.003858117582217804
2012-05-09,-0.00036115250658012887
2012-05-10,0.0010281781248084828
2012-05-11,-0.00015768260797587377
2012-05-14,-0.0023997491588083836
2012-05-15,-9.925392838369489e-05
2012-05-16,0.010669119856216307
2012-05-17,0.001076607367351367
2012-05-18,0.0034380114305595385
2012-05-21,-0.00948130102528963
2012-05-22,0.0026011081809164467
2012-05-23,-0.0017071864486456726
2012-05-24,0.003249692610809144
2012-05-25,-0.0014464153738081703
2012-05-29,0.009894277516938119
2012-05-30,0.0044151838161473715
2012-05-31,0.015205802301909665
2012-06-01,-0.004212231499548678
2012-06-04,-0.004849052156761399
2012-06-05,-0.0039501424646664115
2012-06-06,-0.00387340147472803
2012-06-07,0.0022719802264609566
2012-06-08,8.116807368765077e-05
2012-06-11,0.0004030464148010516
2012-06-12,0.004228984019903388
2012-06-13,0.0031226415530812924
2012-06-14,0.005347772604741393
2012-06-15,0.0031986079622840506
2012-06-18,-0.00519874272976675
2012-06-19,-0.00012978712529005797
2012-06-20,-0.010150442711084071
2012-06-21,-0.003373881258125792
2012-06-22,0.004852550015504436
2012-06-25,-0.0026602090458095976
2012-06-26,0.0033739152561343515
2012-06-27,-0.0027375382227956928
2012-06-28,0.0072687086841157975
2012-06-29,0.005478897754358674
2012-07-02,0.002056126984136158
2012-07-03,-0.0017691105873611274
2012-07-05,-0.0014055534930162367
2012-07-06,0.0041002080472409014
2012-07-09,-0.004317989691678492
2012-07-10,0.0020529248460210286
2012-07-11,0.001619441012822239
2012-07-12,0.005421336789831784
2012-07-13,0.001824469986373383
2012-07-16,-0.0034253464681258056
2012-07-17,0.0014186383268223095
2012-07-18,-7.118978415460468e-05
2012-07-19,0.004207023694655407
2012-07-20,-0.0008244063941559509
2012-07-23,0.002546981661808883
2012-07-24,0.004865470579617814
2012-07-25,0.0013161844001541357
2012-07-26,-0.003635844458435511
2012-07-27,0.003515418750201419
2012-07-30,-0.0022798378862467494
2012-07-31,-0.004904108895330319
2012-08-01,-0.0005866935933351524
2012-08-02,-0.0008320383196721314
2012-08-03,0.0018995431788551053
2012-08-06,-0.005205592240585895
2012-08-07,-0.0020263637371098773
2012-08-08,0.0006798844140992893
2012-08-09,0.0032113194935309754
2012-08-10,-0.0028786102692476435
2012-08-13,-0.008186906807485463
2012-08-14,-0.006081023210516378
2012-08-15,-0.001027862370757593
2012-08-16,0.003041499188127815
2012-08-17,0.001897081532605911
2012-08-20,0.003908236557148724
2012-08-21,0.010998041995288983
2012-08-22,0.0021035661652896815
2012-08-23,0.0011410805267544142
2012-08-24,0.0020768627985587765
2012-08-27,0.0013826995883498806
2012-08-28,-0.003613374142230064
2012-08-29,0.00069966379903796
2012-08-30,0.013857398753578859
2012-08-31,-0.0003511526458517471
2012-09-04,-0.002853185400054363
2012-09-05,-0.002599051347312913
2012-09-06,0.00382661976256644
2012-09-07,-0.001880225907976595
2012-09-10,-0.0015933701468376943
2012-09-11,-0.005476399887240504
2012-09-12,0.00667874739540201
2012-09-13,-0.01180694741057126
2012-09-14,0.0031769642700554515
2012-09-17,0.004209637096525333
2012-09-18,0.0034718980678120535
2012-09-19,0.0008825286586362612
2012-09-20,0.001175919079006586
2012-09-21,0.0022582582117433325
2012-09-24,0.0018913596925588352
2012-09-25,0.002614433149277326
2012-09-26,0.0023541463860596574
2012-09-27,-0.001515780826392007
2012-09-28,0.003098150714166338
2012-10-01,-0.0007011839094245465
2012-10-02,0.0016233510461949045
2012-10-03,-0.0028358138045410444
2012-10-04,-0.007962538945116886
2012-10-05,-0.00041465960824989387
2012-10-08,-0.006638024144337422
2012-10-09,-0.0006421825761858364
2012-10-10,0.0033184834689146884
2012-10-11,-0.0013783930841001855
2012-10-12,0.002231667844003713
2012-10-15,0.00010601061972044751
2012-10-16,-0.0013894720331999772
2012-10-17,-0.004201459090733065
2012-10-18,-0.00409471382577869
2012-10-19,-0.0021368770488988838
2012-10-22,-0.002597116555929673
2012-10-23,-0.005726106711464327
2012-10-24,0.0001058542562284722
2012-10-25,0.0055111532840987475
2012-10-26,0.002882350149420699
2012-10-31,-0.00040081325937256116
2012-11-01,-0.006052095246242563
2012-11-02,0.0036611134780288163
2012-11-05,0.0019686377285516475
2012-11-06,-0.004154388068667081
2012-11-07,0.0007404865720618203
2012-11-08,0.0007778035409009306
2012-11-09,0.00084328259030657
2012-11-12,6.078950641644077e-05
2012-11-13,-0.006392209206805014
2012-11-14,-0.0022666942644205073
2012-11-15,0.0014085667350703312
2012-11-16,0.007363048232357863
2012-11-19,-0.004754238692227881
2012-11-20,0.0008093281971362926
2012-11-21,0.007596379570458378
2012-11-23,0.000727024405878817
2012-11-26,-0.001417206443608004
2012-11-27,0.0021462998735888726
2012-11-28,0.0027690292808043074
2012-11-29,-0.0016611568192073062
2012-11-30,-0.00205082670029542
2012-12-03,0.0005616320736606323
2012-12-04,0.0005098065911769763
2012-12-05,0.0027855579694489154
2012-12-06,-0.001799397694918547
2012-12-07,0.0023616375500194976
2012-12-10,0.0002500649795423586
2012-12-11,-0.004355023840455708
2012-12-12,-0.0036298753849907106
2012-12-13,0.000980919499177057
2012-12-14,-1.707702966400736e-06
2012-12-17,-6.871085541299178e-06
2012-12-18,-0.0037886312322177556
2012-12-19,-0.0007575023552110903
2012-12-20,-0.0010423728870467021
2012-12-21,-0.0014734443379010476
2012-12-24,-0.0005761748202742958
2012-12-26,0.0009053458044908688
2012-12-27,-0.0035416979140826836
2012-12-28,0.0023747052453104212
2012-12-31,0.007977421168660181
2013-01-02,-0.007503617779454942
2013-01-03,0.001551795950831914
2013-01-04,-0.0031782337034688786
2013-01-07,0.001929067189079414
2013-01-08,0.0015242869799374215
2013-01-09,0.003114363662020599
2013-01-10,0.002949769047105833
2013-01-11,-0.0010918327770209186
2013-01-14,0.002806176890403818
2013-01-15,0.0008192087604364983
2013-01-16,-0.00036023073109530144
2013-01-17,0.004032001477296533
2013-01-18,0.0038908591330826725
2013-01-22,-7.648367845186827e-05
2013-01-23,-0.0023701525032214657
2013-01-24,-0.0031943219095299465
2013-01-25,-0.002283766314384283
2013-01-28,0.00018057415759060574
2013-01-29,-0.0019040394317338307
2013-01-30,0.00010150122665997317
2013-01-31,4.435644924581739e-05
2013-02-01,-0.00022045505490790655
2013-02-04,0.00142779204748142
2013-02-05,0.0038922413078552984
2013-02-06,-0.001891662044167821
2013-02-07,0.0041475222366600065
2013-02-08,-0.0015708401102136227
2013-02-11,-5.0369858149991556e-05
2013-02-12,-0.0033677039105587513
2013-02-13,0.0036296720369090557
2013-02-14,-0.0034063701335028448
2013-02-15,0.0014608025736457665
2013-02-19,-0.007601461534838289
2013-02-20,5.9971593520784195e-05
2013-02-21,0.005365243633652418
2013-02-22,-0.0009285551346183488
2013-02-25,0.002302542233665719
2013-02-26,0.00401604564072684
2013-02-27,-0.001265954430852622
2013-02-28,0.0034517252739606993
2013-03-01,0.00043891714734808944
2013-03-04,0.0033601344631519914
2013-03-05,-0.002409519042126536
2013-03-06,-0.0025398533791565693
2013-03-07,-0.0020555320283159877
2013-03-08,0.002460697734204718
2013-03-11,0.002538689025381394
2013-03-12,-5.332886648255834e-05
2013-03-13,0.0014540278331545086
2013-03-14,0.0014181346511210353
2013-03-15,0.0011543132725747394
2013-03-18,0.0019868686134909518
2013-03-19,-0.0014625819203217209
2013-03-20,0.00011476989660494136
2013-03-21,0.0038584373216433744
2013-03-22,-0.0026675853476098082
2013-03-25,0.004126648086906103
2013-03-26,0.0038069829468009393
2013-03-27,-0.001085980698885168
2013-03-28,0.0011611794840358544
2013-04-01,-0.0006230184311030501
2013-04-02,-0.0026367977155412796
2013-04-03,0.0064788192388272456
2013-04-04,0.007405672283053223
2013-04-05,-0.00012759205563443347
2013-04-08,0.001330094961169877
2013-04-09,-0.001948582718228853
2013-04-10,0.002868668972597561
2013-04-11,-0.007442465423494151
2013-04-12,-0.02800606816359261
2013-04-15,0.0030407330411463735
2013-04-16,-0.004659660019970017
2013-04-17,-0.0010902438956129704
2013-04-18,0.004349803145962848
2013-04-19,0.004284761876562829
2013-04-22,0.0029840217556935146
2013-04-23,0.0024104219059861505
2013-04-24,0.0026214546831751706
2013-04-25,0.0022535522026854754
2013-04-26,0.0028584097169096915
2013-04-29,0.0017489088430260352
2013-04-30,-0.0014846804680168988
2013-05-01,0.004678150188812555
2013-05-02,-0.004378753549836967
2013-05-03,0.00031714175560901807
2013-05-06,-0.00028639688121956733
2013-05-07,0.004373207449736478
2013-05-08,-0.0036070941417113414
2013-05-09,-0.003560228390607367
2013-05-10,-0.003521520438014809
2013-05-13,0.0003233761216835177
2013-05-14,0.003019263807478012
2013-05-15,0.0013821509069098358
2013-05-16,-0.0025555876109339625
2013-05-17,0.0025343266379166327
2013-05-20,0.002181764333547764
2013-05-21,-0.010417394077077058
2013-05-22,0.0024455516782503585
2013-05-23,-0.0005079219651800452
2013-05-24,-0.007484452661332107
2013-05-28,0.0022135714189778525
2013-05-29,0.002245715545962248
2013-05-30,-0.010643314087722532
2013-05-31,0.006775149890483546
2013-06-03,-0.007062370293697098
2013-06-04,-0.0013511876754525014
2013-06-05,0.005005715976106866
2013-06-06,-0.0033054906435701693
2013-06-07,-0.0014196826261766067
2013-06-10,-0.0009693652280685399
2013-06-11,-0.009170749839104106
2013-06-12,0.01338510674722134
2013-06-13,-0.0035794090143691174
2013-06-14,0.0012398145883777245
2013-06-17,0.002915560561515696
2013-06-18,-0.012281576969820181
2013-06-19,-0.024665921209743535
2013-06-20,-0.004072899588211462
2013-06-21,-0.00560096412371191
2013-06-24,0.0008319223563837283
2013-06-25,0.00321903704520185
2013-06-26,0.0049964371081494255
2013-06-27,0.0033703379467379703
2013-06-28,0.005407655312433792
2013-07-01,-0.002370905805638577
2013-07-02,-0.00039416505838941085
2013-07-03,-0.020833293522126213
2013-07-05,0.009117917494650846
2013-07-08,0.004203438003478489
2013-07-09,-0.0036829311971275343
2013-07-10,0.01372777817864673
2013-07-11,3.9243571566541814e-05
2013-07-12,0.004008615657505482
2013-07-15,-0.0014893721448383627
2013-07-16,0.001621678078944704
2013-07-17,0.0009598157825594174
2013-07-18,0.005606307640066208
2013-07-19,0.0031995521333606017
2013-07-22,-0.0022055555069213986
2013-07-23,-0.00662630589591455
2013-07-24,0.002073007764175029
2013-07-25,0.0023184451567671207
2013-07-26,-0.004109444948472645
2013-07-29,-0.00022965810175823963
2013-07-30,0.001342675732523656
2013-07-31,0.002650099819748179
2013-08-01,0.003826791779426997
2013-08-02,-0.0032181492507257227
2013-08-05,-0.003949831540009906
2013-08-06,-0.00034336266262519673
2013-08-07,0.004318292882979611
2013-08-08,-0.0016263476240067677
2013-08-09,-0.001647901181397197
2013-08-12,-0.002115397709879954
2013-08-13,-0.0027277812327942148
2013-08-14,-0.012226468058584907
2013-08-15,-0.002850510984415111
2013-08-16,-0.006890315795667097
2013-08-19,0.00551916216196336
2013-08-20,-0.00722043017836235
2013-08-21,0.009164497006512395
2013-08-22,0.0058363734594075525
2013-08-23,-0.0011625284120750424
2013-08-26,-0.00774407905885133
2013-08-27,0.000432278493949144
2013-08-28,0.0027886096038288255
2013-08-29,-0.00296509534187573
2013-08-30,0.0002705037553794728
2013-09-03,0.004565922046499177
2013-09-04,-0.0035460843738736344
2013-09-05,0.0023098284934118685
2013-09-06,0.006702496314147405
2013-09-09,0.002590212503394571
2013-09-10,0.004390763988534343
2013-09-11,-0.0037546801946027764
2013-09-12,0.0025990217338372834
2013-09-13,0.0018290346801938862
2013-09-16,0.005194354878988334
2013-09-17,0.013253674364710723
2013-09-18,-0.002753412927212536
2013-09-19,-0.0050566416437784235
2013-09-20,-0.0015791328961908039
2013-09-23,0.001075356625279391
2013-09-24,-0.0010714230075231862
2013-09-25,0.0005392223450612982
2013-09-26,-0.0021545017143632774
2013-09-27,-0.00442265394530286
2013-09-30,0.0033392727954551374
2013-10-01,0.0006973783587753402
2013-10-02,-0.006838367690677937
2013-10-03,0.004838288972509574
2013-10-04,-0.00462598512992272
2013-10-07,-0.008224286605032974
2013-10-08,-0.0020110809574693566
2013-10-09,0.014598604364041572
2013-10-10,0.0037483520667003153
2013-10-11,0.0008608670273289859
2013-10-14,-0.004898688825727152
2013-10-15,0.01274502793270947
2013-10-16,0.008465628242916594
2013-10-17,0.005026216804217707
2013-10-18,-0.000704298553289071
2013-10-21,0.007736025228567082
2013-10-22,-0.0026409863148023796
2013-10-23,0.0018184223727189387
2013-10-24,0.004330319356006148
2013-10-25,0.0002957965050861791
2013-10-28,0.0037443883659031684
2013-10-29,-0.005059528949316634
2013-10-30,-0.0021761047459568756
2013-10-31,-0.0013602849183136647
2013-11-01,0.002638405718433575
2013-11-04,-0.0053240265125889434
2013-11-05,0.00393633661379708
2013-11-06,-0.007208502719920218
2013-11-07,0.002539947253803387
2013-11-08,-0.0009914428056990562
2013-11-11,-0.0008368628205016114
2013-11-12,0.0066737116900217625
2013-11-13,0.005593848273220981
2013-11-14,0.0035613929362312874
2013-11-15,-0.0015288009404217007
2013-11-18,-0.0034082350331896094
2013-11-19,-0.007649960989468691
2013-11-20,0.005963364075831767
2013-11-21,0.005805172755650292
2013-11-22,0.00024818408442002873
2013-11-25,0.0008613864696552456
2013-11-26,0.0011215834265503144
2013-11-27,0.00012404768989724075
2013-11-29,-0.005081566460863467
2013-12-02,-0.0019516745352961616
2013-12-03,-0.0016352877715278629
2013-12-04,-0.004487333717303338
2013-12-05,0.009079320040195548
2013-12-06,0.002850413791684964
2013-12-09,0.00014342810670952796
2013-12-10,-0.010234356163341314
2013-12-11,-0.004336309736608887
2013-12-12,0.0015937434837507772
2013-12-13,0.0035566027667198025
2013-12-16,-0.0015501896458789926
2013-12-17,0.010147909813569446
2013-12-18,-0.002253386076441438
2013-12-19,0.008363261309193955
2013-12-20,0.0021514428632172624
2013-12-23,-0.0002489843394489962
2013-12-24,0.002859395160856181
2013-12-26,-0.0005867702801543098
2013-12-27,0.0008546791272531403
2013-12-30,0.0020305896816731105
2013-12-31,-0.0051784152927336945
2014-01-02,0.0004289734012876002
2014-01-03,-0.0008937201163122765
2014-01-06,0.004633443549146126
2014-01-07,-0.0008240841996255964
2014-01-08,0.002059138802635659
2014-01-09,0.005619787977054681
2014-01-10,-0.007819044082284154
2014-01-13,0.005971396074107672
2014-01-14,0.0034038381921608274
2014-01-15,0.0008156232997528522
2014-01-16,-0.0014482528387535477
2014-01-17,0.001733502933269912
2014-01-21,-0.0003740517313769767
2014-01-22,-0.0011670431700248917
2014-01-23,-0.013281916306755995
2014-01-24,-0.0057493443729162335
2014-01-27,0.004760211129096743
2014-01-28,-0.004083650087227852
2014-01-29,0.0055469848310354865
2014-01-30,-0.0023118047729059478
2014-01-31,-0.01239616927884665
2014-02-03,0.0020830038395308853
2014-02-04,-0.0030768502136467057
2014-02-05,0.008074433591090823
2014-02-06,0.009216484610615028
2014-02-07,0.0022919514768406355
2014-02-10,0.006749904240276616
2014-02-11,-0.0009207301695169351
2014-02-12,0.005440852971549851
2014-02-13,0.0046507349576531
2014-02-14,0.001497044699966286
2014-02-18,-0.006151801591600606
2014-02-19,0.004030620004979375
2014-02-20,0.0005092288310097032
2014-02-21,0.0037879846749891794
2014-02-24,0.0020422055290000556
2014-02-25,0.0009346058433045321
2014-02-26,0.005061918034429914
2014-02-27,0.0016795342568930735
2014-02-28,-0.0022412406046442394
2014-03-03,0.005359664231660951
2014-03-04,0.0012500570342348022
2014-03-05,-0.00037884108097775986
2014-03-06,-0.0016957361920769982
2014-03-07,-2.444352822388112e-06
2014-03-10,-0.002527343839059822
2014-03-11,0.002647270950938853
2014-03-12,-0.00438286318246091
2014-03-13,-0.0015870657876747888
2014-03-14,0.0038778353105453018
2014-03-17,0.005493286504306069
2014-03-18,-0.006668316708602664
2014-03-19,0.0035422218569620546
2014-03-20,0.00021201122791055026
2014-03-21,-0.0020276009524924786
2014-03-24,0.0024630156827481053
2014-03-25,-0.0035007495076276895
2014-03-26,-0.0005521649797683915
2014-03-27,0.0020174016625375346
2014-03-28,0.0047118607586871565
2014-03-31,0.0023914518539088696
2014-04-01,0.001273682370660101
2014-04-02,4.500247588626007e-06
2014-04-03,-0.005998527284419924
2014-04-04,-0.006548739081292924
2014-04-07,0.003945425154821526
2014-04-08,0.00633900921440013
2014-04-09,-0.012278918368961427
2014-04-10,-0.00434863970935675
2014-04-11,0.005198598567062981
2014-04-14,0.005430426058686698
2014-04-15,0.0075019299275743195
2014-04-16,-0.0013933145189060799
2014-04-17,0.0015356973076145852
2014-04-21,0.0027680112383785815
2014-04-22,-0.00022598440425638218
2014-04-23,0.00221276864348876
2014-04-24,-0.005055723432786257
2014-04-25,0.0007783678778787893
2014-04-28,0.002904476521428566
2014-04-29,0.00286511907183331
2014-04-30,0.002572906228307065
2014-05-01,0.001037056793066424
2014-05-02,0.00028752840023440595
2014-05-05,-0.005212580418286516
2014-05-06,0.0024962866208746303
2014-05-07,-0.0018185263042538812
2014-05-08,0.0002078107971934079
2014-05-09,0.00610619763665563
2014-05-12,0.0026472338012369294
2014-05-13,-0.00014898376492258956
2014-05-14,-0.004604266010917894
2014-05-15,0.0016119012015948652
2014-05-16,0.0007394241751497603
2014-05-19,-0.003829357813122451
2014-05-20,0.004219929233691337
2014-05-21,0.0014563710024012048
2014-05-22,0.004070865874640692
2014-05-23,0.004669591590242366
2014-05-27,0.0022892570875673326
2014-05-28,0.0021717067869349567
2014-05-29,0.000806455786619995
2014-05-30,-0.0013706965926966182
2014-06-02,-0.0033289213653990533
2014-06-03,0.0012432733850133364
2014-06-04,0.0050368624949596544
2014-06-05,0.0033193281507706424
2014-06-06,0.0003738322319391845
2014-06-09,-0.0005439844114171696
2014-06-10,-0.0019797872746065413
2014-06-11,-0.002254012103383352
2014-06-12,0.0021270721978413182
2014-06-13,0.0009801463075103357
2014-06-16,-0.00010150282192068901
2014-06-17,0.007198734624637274
2014-06-18,-0.000728384637843712
2014-06-19,0.003131257695135444
2014-06-20,-0.000859973330863551
2014-06-23,-0.0016564446030829642
2014-06-24,0.0038039325776349315
2014-06-25,0.0005891061864194647
2014-06-26,0.0009573476094489773
2014-06-27,0.0008017069762605026
2014-06-30,0.0032968215369672494
2014-07-01,-0.0003640281011347647
2014-07-02,0.002225712222865545
2014-07-03,-0.0019322917641818765
2014-07-07,-0.003321621631290751
2014-07-08,0.003633130019800918
2014-07-09,-0.0024357216790578413
2014-07-10,0.0026449680770606714
2014-07-11,0.0012328418122300613
2014-07-14,-0.0022964779304978176
2014-07-15,0.004087848082952582
2014-07-16,-0.00402925572340548
2014-07-17,0.0059312357215170735
2014-07-18,1.3378429287084064e-05
2014-07-21,0.0033265826275119593
2014-07-22,0.0011793551140476977
2014-07-23,-0.0023463730875699297
2014-07-24,0.0002256579170684961
2014-07-25,-0.0001461722423740694
2014-07-28,-0.0022588842483067728
2014-07-29,-0.0035376246006863475
2014-07-30,-0.015286719716733468
2014-07-31,0.005073629080366112
2014-08-01,0.0022343540728890416
2014-08-04,-0.00367535121714741
2014-08-05,0.0018432377284096364
2014-08-06,0.001404520295931709
2014-08-07,0.004894456749175391
2014-08-08,0.0012297063007494114
2014-08-11,-0.0032788758295418034
2014-08-12,0.006145330975908573
2014-08-13,0.005650197127877645
2014-08-14,0.003577603095277384
2014-08-15,-0.00023906621183016568
2014-08-18,0.0011412304207170177
2014-08-19,0.0003092768857765052
2014-08-20,0.002606683981654218
2014-08-21,0.0016973646758043184
2014-08-22,0.003660434288749998
2014-08-25,-0.0004728492991899547
2014-08-26,0.0031702787917452205
2014-08-27,0.0023653191981573016
2014-08-28,0.0015773275367022492
2014-08-29,-0.009009803427894335
2014-09-02,0.002357107856046013
2014-09-03,-0.006176519763962569
2014-09-04,0.0019593086357334805
2014-09-05,-0.002217445519811982
2014-09-08,-0.0033708989816147767
2014-09-09,-0.0011602265808896247
2014-09-10,-0.0014087491909873819
2014-09-11,-0.00805718098897905
2014-09-12,0.00044205758722411654
2014-09-15,0.00229120008962378
2014-09-16,-0.0014457236864734496
2014-09-17,0.004136765837058204
2014-09-18,0.004019582981946674
2014-09-19,-0.0035930433851917277
2014-09-22,0.00023647114826817848
2014-09-23,0.0012065702883604687
2014-09-24,-0.003132983246012762
2014-09-25,0.0030893391784651133
2014-09-26,0.002258646315774869
2014-09-29,-0.004285410085752768
2014-09-30,0.0013403256760588097
2014-10-01,-0.0034481279165500473
2014-10-02,0.00533599891922551
2014-10-03,0.0008837183889064941
2014-10-06,-0.002130284920872221
2014-10-07,0.009718986220293374
2014-10-08,-0.006920570558521903
2014-10-09,-0.0018313071150277546
2014-10-10,-0.0050689477747611926
2014-10-13,0.003937085952138867
2014-10-14,0.0015541761733418233
2014-10-15,-0.0033434545444541073
2014-10-16,0.001703247103195667
2014-10-17,0.0063571543289906805
2014-10-20,0.004023033912332364
2014-10-21,-0.0028839354237670325
2014-10-22,-0.0005191434423259101
2014-10-23,0.00342384785270263
2014-10-24,8.657364679690927e-06
2014-10-27,0.0020854979035406763
2014-10-28,-0.0009825568204554803
2014-10-29,0.0024759211673195105
2014-10-30,0.001981485587113463
2014-10-31,-0.00019043337916709757
2014-11-03,-0.0004328877959126047
2014-11-04,0.00038873610791260744
2014-11-05,-0.0007014037511983501
2014-11-06,0.008139956291550437
2014-11-07,-0.004377817638166261
2014-11-10,0.0021798513642049145
2014-11-11,-0.0013354799510542654
2014-11-12,0.0017820487993814393
2014-11-13,0.005006921136017594
2014-11-14,-0.001369945035041815
2014-11-17,0.004558342413264
2014-11-18,-0.005029842528868422
2014-11-19,0.004275957326175985
2014-11-20,0.005589515351396015
2014-11-21,0.001294010316687334
2014-11-24,0.004087395350644459
2014-11-25,0.0021907757089564845
2014-11-26,0.000401554102256522
2014-11-28,-0.0018055564883348767
2014-12-01,-0.0035452226108183124
2014-12-02,0.00451983791922589
2014-12-03,0.0033326729367127005
2014-12-04,-0.003527711441498718
2014-12-05,0.004564918050899092
2014-12-08,0.004352358719489741
2014-12-09,-0.0030199930937015113
2014-12-10,0.003844075332206911
2014-12-11,-1.9756107720532505e-05
2014-12-12,-0.006393657390781017
2014-12-15,0.003418440184836411
2014-12-16,0.0026458304715505864
2014-12-17,0.0015614139890880346
2014-12-18,0.008046176896153258
2014-12-19,0.0005572303060656361
2014-12-22,-0.00930882185250724
2014-12-23,0.002779022868333426
2014-12-24,0.00495039723891489
2014-12-26,0.0032453120015688043
2014-12-29,0.0005391483074539847
2014-12-30,-0.0044512180192369105
2014-12-31,0.005753489184895971
2015-01-02,0.0019997677221336944
2015-01-05,0.006276458454292404
2015-01-06,0.003374403139831934
2015-01-07,-5.1742536995285065e-05
2015-01-08,0.006251794690118593
2015-01-09,0.0008097354142481358
2015-01-12,-0.0014646383077669852
2015-01-13,0.0011956180428022481
2015-01-14,0.006612053262341261
2015-01-15,9.391531492846457e-05
2015-01-16,0.0088149957100833
2015-01-20,-0.003774953429491413
2015-01-21,0.0049038870299382455
2015-01-22,0.003910089021789921
2015-01-23,-0.0015910555976843834
2015-01-26,-0.003390507408890794
2015-01-27,0.0021545048510271197
2015-01-28,-0.0017994559845176334
2015-01-29,0.005932120697061156
2015-01-30,0.002193990710839512
2015-02-02,-0.006079341905284929
2015-02-03,-0.00023521444525887868
2015-02-04,-0.0013294993031784763
2015-02-05,-0.012658481305460172
2015-02-06,-0.0021508776697965752
2015-02-09,-0.00034327706974961343
2015-02-10,-3.242754564330465e-05
2015-02-11,0.0024016814570785015
2015-02-12,-0.0029737715051417037
2015-02-13,-0.008640591078169191
2015-02-17,0.003283519545388203
2015-02-18,-0.0039477763634697925
2015-02-19,0.0032863302066937243
2015-02-20,0.005770119361582944
2015-02-23,0.007507445149942674
2015-02-24,0.002195951488908592
2015-02-25,-0.007034998108983065
2015-02-26,0.002898817666737202
2015-02-27,-0.007297499077659082
2015-03-02,-0.0036427564790459943
2015-03-03,-0.0018439995732446274
2015-03-04,-0.00029120969850343707
2015-03-05,-0.019603808209319368
2015-03-06,0.006346672794151499
2015-03-09,-0.0004980643770002369
2015-03-10,0.002088296335699464
2015-03-11,0.004672809461988336
2015-03-12,-0.003852729128519461
2015-03-13,0.010036381467841193
2015-03-16,0.002391962213033596
2015-03-17,0.0162798604921852
2015-03-18,-0.004454240503406223
2015-03-19,0.007279372777709991
2015-03-20,-0.0007571573883572341
2015-03-23,0.0028019273251619677
2015-03-24,-0.010005729271768776
2015-03-25,-0.008158426112236232
2015-03-26,0.006730658356419333
2015-03-27,0.0012196296323297023
2015-03-30,-0.002517785059707466
2015-03-31,0.006799875745740172
2015-04-01,-0.004166818331086518
2015-04-02,0.0010998180180407816
2015-04-06,0.0026167170284239604
2015-04-07,0.000948574699536226
2015-04-08,-0.005454427647309079
2015-04-09,0.004037837829570297
2015-04-10,-0.001837745940808731
2015-04-13,0.0024844916165770864
2015-04-14,0.0028519123291198883
2015-04-15,-0.003433730226075911
2015-04-16,0.004042997405530129
2015-04-17,-0.004068022333742189
2015-04-20,-0.0011335062371619522
2015-04-21,-0.009847487983371088
2015-04-22,0.004592863951716476
2015-04-23,0.00015301701240827675
2015-04-24,0.0039504609464992586
2015-04-27,-0.003991316706008623
2015-04-28,-0.008964974219184572
2015-04-29,-0.006098221716145936
2015-04-30,-0.004941246595725813
2015-05-01,-0.002704442457181286
2015-05-04,-0.006033435062698735
2015-05-05,-0.009022399166701077
2015-05-06,0.006504429450301386
2015-05-07,0.00810273478010905
2015-05-08,-0.012628811461497854
2015-05-11,0.00038906208644918215
2015-05-12,-0.0013478139618788387
2015-05-13,0.006801324444328549
2015-05-14,0.008780728747642215
2015-05-15,-0.005225137721965509
2015-05-18,-0.005123776918188244
2015-05-19,0.0004863205809994518
2015-05-20,0.006673102088535127
2015-05-21,-0.0011076369041319054
2015-05-22,-9.170635565878714e-05
2015-05-26,0.005619855950977238
2015-05-27,-0.0014292220429012353
2015-05-28,-0.0021648832933239283
2015-05-29,-0.0033927184632228623
2015-06-01,-0.005714061384649087
2015-06-02,-0.0058782589215659485
2015-06-03,0.0002263187169084538
2015-06-04,-0.006292497353993443
2015-06-05,-0.0032327853974455246
2015-06-08,-0.003029674758150128
2015-06-09,0.0032918470385295447
2015-06-10,0.009478008385333945
2015-06-11,-0.0038687012781939934
2015-06-12,-0.0010629031564101826
2015-06-15,0.00549405554504756
2015-06-16,-0.0018282780530085858
2015-06-17,0.004487207300001251
2015-06-18,0.0027065320466273367
2015-06-19,-0.006985776221976989
2015-06-22,-0.002716110266106701
2015-06-23,-0.0004758174707452745
2015-06-24,-0.003060543078337062
2015-06-25,-0.00451034166094049
2015-06-26,0.00030524025686287865
2015-06-29,-0.0023581172122548043
2015-06-30,-0.0017921485420859414
2015-07-01,0.0006578037161739695
2015-07-02,0.006189027509007614
2015-07-06,0.005708053787302332
2015-07-07,-0.0021705780617815125
2015-07-08,-0.008984060918495403
2015-07-09,-0.0028706132934794714
2015-07-10,-1.1493561357510396e-05
2015-07-13,0.0018340010652377373
2015-07-14,0.00214050229913886
2015-07-15,0.007132848922517012
2015-07-16,0.0013728017130115186
2015-07-17,-0.0020691567113600186
2015-07-20,-0.0015778794802217269
2015-07-21,2.3088470369266045e-05
2015-07-22,-0.0010815563905372779
2015-07-23,-0.006193393548324499
2015-07-24,-0.0014353403043597976
2015-07-27,0.0038625423602692793
2015-07-28,0.0023536748957835732
2015-07-29,0.002770793827473173
2015-07-30,0.001095160565757414
2015-07-31,0.0019329640261960446
2015-08-03,-0.0035363564996033856
2015-08-04,-0.0002799345816088119
2015-08-05,-0.0012010567829186449
2015-08-06,0.0020372557925904685
2015-08-07,0.006157438693909886
2015-08-10,-0.0021513431931508824
2015-08-11,0.000167939783694384
2015-08-12,-0.002391348154398937
2015-08-13,0.0029316276977644318
2015-08-14,0.004998044991340827
2015-08-17,-0.004765410129464451
2015-08-18,-0.0024312006405126972
2015-08-19,0.004671333568205663
2015-08-20,-0.004308046447747806
2015-08-21,-0.012695336035283245
2015-08-24,-0.013861969164871722
2015-08-25,-0.003279575905523722
2015-08-26,0.006533545602427217
2015-08-27,0.004233033372659763
2015-08-28,-0.004865917980646062
2015-08-31,-0.0034253852404246337
2015-09-01,-0.000672017353712281
2015-09-02,-0.00020599377495188718
2015-09-03,-0.0011204907516113819
2015-09-04,0.00011754790470943767
2015-09-08,-0.005723047807326163
2015-09-09,-0.0006740824122081236
2015-09-10,0.003053269684916412
2015-09-11,-8.999225949274825e-05
2015-09-14,-0.005949211233577837
2015-09-15,0.005004888190612986
2015-09-16,0.007890018309024704
2015-09-17,0.004686445812548828
2015-09-18,-0.007631697696223515
2015-09-21,0.00018949983185980162
2015-09-22,0.0008960764997256313
2015-09-23,0.00885630332320634
2015-09-24,-0.005738805984528078
2015-09-25,-0.0035549006233646816
2015-09-28,-3.709812226879855e-05
2015-09-29,-0.00030736786083007065
2015-09-30,0.002014886658901244
2015-10-01,0.01322052210728286
2015-10-02,-0.0019462775237011278
2015-10-05,0.004263980793738496
2015-10-06,0.00016837848232976018
2015-10-07,-0.002961031722833669
2015-10-08,0.0030398623639070954
2015-10-09,0.004814376709180125
2015-10-12,0.0006818006504929917
2015-10-13,0.007949848824814075
2015-10-14,0.00022707957440486876
2015-10-15,-0.0008864025965731001
2015-10-16,-0.0023771030469168153
2015-10-19,-0.0011331212160762083
2015-10-20,0.000117749407936026
2015-10-21,0.004830655478015406
2015-10-22,-0.0016035060306395803
2015-10-23,0.0021424567413888206
2015-10-26,0.00025570708540275923
2015-10-27,0.0032341814987337913
2015-10-28,-0.007663050913200174
2015-10-29,0.0004654166541012436
2015-10-30,0.0033863110560059303
2015-11-02,-0.0033395100901202853
2015-11-03,-0.002005105028005689
2015-11-04,-0.0018695221109346744
2015-11-05,-0.007636022795082213
2015-11-06,-0.006658243360306709
2015-11-09,0.0011304024880012086
2015-11-10,-0.002978304926779995
2015-11-11,-0.0014250771476831043
2015-11-12,-0.0013355385126855481
2015-11-13,0.003859814677521196
2015-11-16,-0.003838335697083952
2015-11-17,0.005103641408095962
2015-11-18,0.006186326145582826
2015-11-19,-0.0018768255611746076
2015-11-20,-0.001644074567903967
2015-11-23,0.0024736513683212796
2015-11-24,-0.000592085816867179
2015-11-25,-0.004028679762490257
2015-11-27,0.0027946903030635255
2015-11-30,0.009190738580491027
2015-12-01,-0.0075665114622144244
2015-12-02,-0.011280134009181922
2015-12-03,0.015866273991502762
2015-12-04,-0.0021844780764289384
2015-12-07,-0.000911755136751113
2015-12-08,-0.0030592529164173996
2015-12-09,0.0008675142771818349
2015-12-10,0.003287043147104227
2015-12-11,-0.008454903017910426
2015-12-14,-0.0006895425265486333
2015-12-15,0.006962070725279735
2015-12-16,-0.007195443846985654
2015-12-17,0.0030719571729873473
2015-12-18,0.005777630266860378
2015-12-21,-0.0024724856007862003
2015-12-22,-0.0009537844033997906
2015-12-23,0.004399140859292378
2015-12-24,-0.0020838199498624172
2015-12-28,-0.004236954794547152
2015-12-29,-0.004880192897024217
2015-12-30,-0.0005925975149012725
2015-12-31,0.00427574753400202
2016-01-04,-0.0001878778475320089
2016-01-05,0.007201303037819028
2016-01-06,-0.0004011853719612388
2016-01-07,-0.00255305940743414
2016-01-08,-0.004800157530929673
2016-01-11,0.005962351726536455
2016-01-12,-0.0006820380720461443
2016-01-13,-0.005419611194198511
2016-01-14,0.004344545216366999
2016-01-15,-0.0012464457772701828
2016-01-19,0.0056134157433702266
2016-01-20,-0.0009236501416576624
2016-01-21,0.00191776635447432
2016-01-22,0.0019425201597495917
2016-01-25,0.007564397540075948
2016-01-26,-0.001522654905500956
2016-01-27,-0.0019063898783717895
2016-01-28,0.01073478556112462
2016-01-29,0.0022851339886526727
2016-02-01,0.002893438691397017
2016-02-02,0.001954808931157133
2016-02-03,0.006561040399784574
2016-02-04,0.0012190736374210719
2016-02-05,0.009766732383388033
2016-02-08,-0.00034485140990053964
2016-02-09,0.0059897950271073745
2016-02-10,0.013465757575948527
2016-02-11,-0.00360542167199211
2016-02-12,-0.01094550349305854
2016-02-16,0.0038027593544274494
2016-02-17,0.01233517453106786
2016-02-18,-0.001922068105670187
2016-02-19,-0.002982753123001627
2016-02-22,0.0036955723737743564
2016-02-23,0.001538104495101508
2016-02-24,0.005356648769438819
2016-02-25,-0.006851318719981862
2016-02-26,0.0043616222266456475
2016-02-29,-0.0038222315188863516
2016-03-01,0.005479396949380632
2016-03-02,0.008493431730464795
2016-03-03,-0.0022885213612368286
2016-03-04,0.001838732591175711
2016-03-07,-4.91013542421705e-05
2016-03-08,-0.004132284038602043
2016-03-09,0.004229564034942636
2016-03-10,-0.006168346191292447
2016-03-11,-0.0036889632600673452
2016-03-14,0.00023419717290191914
2016-03-15,0.010440792911853503
2016-03-16,0.0018537063141505189
2016-03-17,0.0008416034518218309
2016-03-18,-0.005186546068081865
2016-03-21,0.0008080328908569149
2016-03-22,-0.0052492809638485915
2016-03-23,-0.0008049336392081999
2016-03-24,0.00148311168587155
2016-03-28,0.012880103474474037
2016-03-29,-0.008048615490517524
2016-03-30,0.0038526618184384553
2016-03-31,0.0007028278172465287
2016-04-01,-0.002838401919409924
2016-04-04,0.0063425891404945145
2016-04-05,-0.0023599845427784566
2016-04-06,0.006842775814351297
2016-04-07,-0.002442636720703969
2016-04-08,0.0034499247075197624
2016-04-11,-0.0015592797968163232
2016-04-12,0.0005477654779541324
2016-04-13,-0.006551370422235895
2016-04-14,0.0054332388012487305
2016-04-15,-0.0002438563101517188
2016-04-18,0.0028665310512390654
2016-04-19,-0.005134659359009546
2016-04-20,-0.002862714789336743
2016-04-21,-0.0047632684452141565
2016-04-22,-0.0013887064387964367
2016-04-25,-0.00034413773124163864
2016-04-26,0.005410087254891147
2016-04-27,0.003801214211446923
2016-04-28,0.003985773220941895
2016-04-29,-0.00447276292819087
2016-05-02,0.0038283656481813864
2016-05-03,-0.0002191987782661118
2016-05-04,0.0029487843941798666
2016-05-05,0.0013040071739323983
2016-05-06,-0.004491453468198604
2016-05-09,0.003329048101036673
2016-05-10,0.0037531765801080393
2016-05-11,-0.0045941627182622905
2016-05-12,0.004431669935801976
2016-05-13,-0.0021426188182397743
2016-05-16,-4.652494253567065e-06
2016-05-17,-0.012359894122038865
2016-05-18,0.0008885636610868325
2016-05-19,0.0012431530773835476
2016-05-20,-1.331583344207053e-05
2016-05-23,-0.004900030688480204
2016-05-24,-0.0013577856717058886
2016-05-25,0.0017135600730299307
2016-05-26,-0.0020107560492292355
2016-05-27,0.0016070662964119522
2016-05-31,0.0026436574071750244
2016-06-01,0.004237453781276234
2016-06-02,0.009633554285877942
2016-06-03,-0.001871541669722322
2016-06-06,0.0012738389860882924
2016-06-07,0.007705842276798623
2016-06-08,0.004225592690708374
2016-06-09,0.001410956004844268
2016-06-10,0.002203036157787952
2016-06-13,-0.0005502085853707444
2016-06-14,0.003507968796711237
2016-06-15,0.0001267302597566613
2016-06-16,-0.0003760580929711207
2016-06-17,-0.005143441084572477
2016-06-20,-0.006847754339658279
2016-06-21,0.0005092278977655704
2016-06-22,-0.004027844588272555
2016-06-23,0.016628232656659712
2016-06-24,0.008656737726960389
2016-06-27,0.002477256250357919
2016-06-28,0.0017125344140479658
2016-06-29,0.006509507799744148
2016-06-30,0.011260560398538256
2016-07-01,0.00637475213738017
2016-07-05,0.003860595459837248
2016-07-06,-0.001204691001516196
2016-07-07,0.008839409014580144
2016-07-08,-0.005904989470616289
2016-07-11,-0.008270160302330288
2016-07-12,0.008578233451327511
2016-07-13,-0.007869367705070204
2016-07-14,-0.005615972084716163
2016-07-15,0.0005947696008494912
2016-07-18,0.002892759585947958
2016-07-19,-0.005304328787512864
2016-07-20,0.0038445887497837207
2016-07-21,0.00011147016752277041
2016-07-22,-0.002787367011004031
2016-07-25,0.001961434962075921
2016-07-26,0.009918361806422651
2016-07-27,-0.001359958094687341
2016-07-28,0.007124564631982121
2016-07-29,-0.00519289506578169
2016-08-01,-0.004762377075239384
2016-08-02,-0.0001737255297281136
2016-08-03,0.00443250014143116
2016-08-04,-0.00769583338687629
2016-08-05,0.000576173482200277
2016-08-08,0.006061515290733662
2016-08-09,0.00247997156500578
2016-08-10,-0.005058405441004618
2016-08-11,0.003447331749747623
2016-08-12,-0.00315237239022047
2016-08-15,-0.001399127757713628
2016-08-16,0.0035179458653204422
2016-08-17,0.002533676763466062
2016-08-18,-0.005207006054245457
2016-08-19,0.0038169351012566485
2016-08-22,0.0009997169682284797
2016-08-23,-0.005255297261135403
2016-08-24,-0.0022910077120482666
2016-08-25,-0.003746753680920509
2016-08-26,0.008365262481254201
2016-08-29,-0.004867837849519288
2016-08-30,-0.0004969143906177901
2016-08-31,0.00158249152108738
2016-09-01,-0.00043087557198732106
2016-09-02,0.008574880187233055
2016-09-06,-0.0012369469127202879
2016-09-07,-0.008211555019631861
2016-09-08,-0.01601397036007445
2016-09-09,0.0035038605795049693
2016-09-12,-0.010996558375386498
2016-09-13,0.0015050577889791745
2016-09-14,-0.0012887437080151617
2016-09-15,0.002437081258450377
2016-09-16,-0.0010694856682207272
2016-09-19,0.001997628355301284
2016-09-20,0.010443320323936458
2016-09-21,0.006118341439960049
2016-09-22,-0.0016917671995302422
2016-09-23,0.0009401324889603829
2016-09-26,0.0033739269361337584
2016-09-27,-0.0006358309790754663
2016-09-28,-0.0013058811048050067
2016-09-29,-0.0034639977082269657
2016-09-30,-0.0028922399689383657
2016-10-03,-0.015988616175711276
2016-10-04,-0.0016247263165858252
2016-10-05,-0.004948872926811062
2016-10-06,-0.00035559597035216765
2016-10-07,0.0006654153591101631
2016-10-10,-0.005507709818178875
2016-10-11,0.001172154450650017
2016-10-12,0.0008063265905719076
2016-10-13,-0.0074087080478417704
2016-10-14,0.002058062838946889
2016-10-17,0.004734450313722033
2016-10-18,0.002050517296698867
2016-10-19,-0.0005300731767719138
2016-10-20,0.0010123367795183426
2016-10-21,-0.0007068410693522269
2016-10-24,0.0016344316081577314
2016-10-25,-0.005188485294999995
2016-10-26,-0.005591890580449256
2016-10-27,-0.0007241183185748986
2016-10-28,0.0039534836121191096
2016-10-31,0.0005213717365355733
2016-11-01,0.0025081418590386477
2016-11-02,-0.0036687838572838725
2016-11-03,0.004365597488500853
2016-11-04,-0.003357219268224727
2016-11-07,-0.0019555241144375906
2016-11-08,-0.019207993443704614
2016-11-09,-0.01056776687336805
2016-11-10,-0.00899008718513899
2016-11-11,-0.00492613582930178
2016-11-14,0.006575349599180535
2016-11-15,0.0032730389268028786
2016-11-16,-0.007417639760216302
2016-11-17,-0.004210616820861401
2016-11-18,0.004052160878695574
2016-11-21,0.0002362107957879948
2016-11-22,-0.006812766046860705
2016-11-23,0.0002558449264683392
2016-11-25,0.005121168307626035
2016-11-28,0.0014107880639438089
2016-11-29,-0.012144358378876818
2016-11-30,-0.0066983895458830114
2016-12-01,0.0051171009866389965
2016-12-02,-0.000387392960416946
2016-12-05,0.0001673283048252938
2016-12-06,0.008398796824589655
2016-12-07,-0.005902966131998281
2016-12-08,-0.0073884259460214805
2016-12-09,0.0015974422584549837
2016-12-12,0.002607763637288112
2016-12-13,-0.011384321885459424
2016-12-14,0.00010008250231899069
2016-12-15,7.612519017211961e-06
2016-12-16,0.0071395902271029965
2016-12-19,-0.003384018213163013
2016-12-20,0.0016450590293507067
2016-12-21,-0.0019306356009889621
2016-12-22,0.002172064961839394
2016-12-23,0.000462105386976741
2016-12-27,0.0022565290216386346
2016-12-28,0.004975434602890388
2016-12-29,-0.0017055034321714893
2016-12-30,0.005994914142578899
2017-01-03,0.004282958418377024
2017-01-04,0.011416370090523478
2017-01-05,-0.005569487291241971
2017-01-06,0.0052199842049017765
2017-01-09,0.0007845700186851382
2017-01-10,0.0030100266382564857
2017-01-11,-0.0006172957340220449
2017-01-12,0.0009815183661517075
2017-01-13,0.0045952065934892206
2017-01-17,-0.004022777234720925
2017-01-18,-0.003493563109468396
2017-01-19,0.002164783496391001
2017-01-20,0.002611765486100302
2017-01-23,0.00047024467285457596
2017-01-24,-0.0006995829759325663
2017-01-25,-0.002645317123195082
2017-01-26,0.0005430725650425385
2017-01-27,-0.002446961299521922
2017-01-30,0.0054735036895982945
2017-01-31,-0.0019528018237993856
2017-02-01,0.0019073840201470093
2017-02-02,0.004100631560526244
2017-02-03,0.0043404338456807705
2017-02-06,0.0008742743123969614
2017-02-07,0.0052148538763313115
2017-02-08,-0.0016559047280119699
2017-02-09,0.00264495852968699
2017-02-10,3.593648417636293e-05
2017-02-13,0.0008767862089787176
2017-02-14,0.003011966195732829
2017-02-15,0.00226894643145065
2017-02-16,0.0009531098765099819
2017-02-17,0.002797811670355792
2017-02-21,0.0002960314269848541
2017-02-22,0.0035451088462445813
2017-02-23,0.004753600824852364
2017-02-24,-0.0018598971315093578
2017-02-27,-0.0003339789361251055
2017-02-28,0.0031425392327313786
2017-03-01,-0.007632322854893161
2017-03-02,0.0006561142936325995
2017-03-03,-0.0044723252179777835
2017-03-06,-0.0045285593051395834
2017-03-07,-0.003884297841346497
2017-03-08,-0.0025113560432022375
2017-03-09,0.003104090671867406
2017-03-10,-0.0009615792364339121
2017-03-13,-0.0025834976383397107
2017-03-14,0.012284226475469203
2017-03-15,-0.0007634645143578297
2017-03-16,0.0010398400855125408
2017-03-17,0.0016397514001171179
2017-03-20,-0.0021883577503315874
2017-03-21,0.0027056923406117536
2017-03-22,-0.0012201551717278749
2017-03-23,0.000829401433820207
2017-03-24,0.0020807940497847015
2017-03-27,0.001054319828603519
2017-03-28,0.002387339008481515
2017-03-29,-0.0022021012080878917
2017-03-30,4.7962857340494414e-05
2017-03-31,0.002724790888174699
2017-04-03,-9.155684701473766e-05
2017-04-04,-0.0008778636223702722
2017-04-05,1.342502257166726e-06
2017-04-06,-0.0006162343123628914
2017-04-07,0.0012230987770654102
2017-04-10,0.002986319534392245
2017-04-11,0.0034210519107545664
2017-04-12,-0.0012188816210569379
2017-04-13,0.0029117563135345518
2017-04-17,0.0025245376424451343
2017-04-18,-0.004688014304009305
2017-04-19,0.0038438392445904177
2017-04-20,-0.0007363012605752157
2017-04-21,0.0024362569493550854
2017-04-24,-0.002574539267043692
2017-04-25,0.002254080989761969
2017-04-26,-0.0007655169470716371
2017-04-27,0.00029641664655329666
2017-04-28,-0.003156014314871095
2017-05-01,0.0011598884367624346
2017-05-02,-0.004693019089086195
2017-05-03,-0.002648755591517193
2017-05-04,0.0025614089436383834
2017-05-05,-0.0021071453852426337
2017-05-08,-0.002279976381741353
2017-05-09,0.0005903442978879369
2017-05-10,0.00016453572215455767
2017-05-11,0.0015173331533345946
2017-05-12,0.003004696610585035
2017-05-15,0.0015873706859414404
2017-05-16,-0.0006515154590673953
2017-05-17,-0.00022720787629995588
2017-05-18,0.005197048559868928
2017-05-19,0.003235502666587729
2017-05-22,-0.0021524021221758245
2017-05-23,0.0034690406161826705
2017-05-24,0.002122769873809234
2017-05-25,0.0028868057098605355
2017-05-26,-0.00044631935487591016
2017-05-30,0.0015711453542923668
2017-05-31,0.00422973702094632
2017-06-01,0.006219496657603846
2017-06-02,-0.0013186212037339358
2017-06-05,0.0028428687140154927
2017-06-06,-0.001622344384422711
2017-06-07,-0.0022492746651473503
2017-06-08,-0.0038146224765384503
2017-06-09,-0.0006153118514490279
2017-06-12,0.0027700969233463665
2017-06-13,0.0007815549957723793
2017-06-14,-0.002534501382286258
2017-06-15,0.0005556291237759602
2017-06-16,0.001563822716550508
2017-06-19,-0.002234155363175852
2017-06-20,0.0011463522172862179
2017-06-21,0.000987574080042868
2017-06-22,0.0015293676939591243
2017-06-23,-0.001607162962054382
2017-06-26,-0.005069584370907049
2017-06-27,0.003204627334692983
2017-06-28,-0.007576865632164299
2017-06-29,-0.0002932962611680917
2017-06-30,-0.004744476277526323
2017-07-03,0.0023121325070267667
2017-07-05,-0.007303625593167809
2017-07-06,-0.0010370997202443018
2017-07-07,0.0013238225474563859
2017-07-10,0.00035927400239164166
2017-07-11,0.006636772360029405
2017-07-12,-0.0026731271397511434
2017-07-13,0.005020693127886321
2017-07-14,0.0018224574487857633
2017-07-17,0.004093707410901132
2017-07-18,0.0027036681701911145
2017-07-19,0.0012048832089990025
2017-07-20,0.0029767606610277336
2017-07-21,-0.0007771504894076513
2017-07-24,-0.002389098358097452
2017-07-25,0.002755721137178524
2017-07-26,-0.0016784843915840038
2017-07-27,0.0028405236081105595
2017-07-28,0.00010757310287239609
2017-07-31,0.0022639486828197235
2017-08-01,-0.0002674648987211135
2017-08-02,0.0015604028453502015
2017-08-03,-0.003160049702062197
2017-08-04,0.001052003986199002
2017-08-07,-0.001209036059758203
2017-08-08,0.004675337712397139
2017-08-09,-0.003189675509805906
2017-08-10,0.0022532788286545626
2017-08-11,0.0017679541697468073
2017-08-14,-0.003227306211886394
2017-08-15,0.003803531423916037
2017-08-16,-0.004844495631615913
2017-08-17,-0.001295196675405299
2017-08-18,0.0020065463573926655
2017-08-21,0.0030805791882677364
2017-08-22,0.0006870126211904713
2017-08-23,-0.002837371935757964
2017-08-24,0.0030399522609162034
2017-08-25,0.004623335319407473
2017-08-28,0.0005652206613264785
2017-08-29,0.002155767511096313
2017-08-30,0.007095275549452831
2017-08-31,-0.0002574669181941708
2017-09-01,0.0028560545865298752
2017-09-05,-0.0010607103514185922
2017-09-06,0.005082997123206435
2017-09-07,-0.0013963435764174897
2017-09-08,-0.0012993434483076095
2017-09-11,0.0015068466007639677
2017-09-12,-0.0028108075616834274
2017-09-13,0.0019727312425198533
2017-09-14,-0.0007504742509294548
2017-09-15,-0.0029010205298371514
2017-09-18,0.0006345824617619178
2017-09-19,-0.0020940223752036794
2017-09-20,-0.0037426200335111213
2017-09-21,0.0020379710767102644
2017-09-22,0.003348571103167175
2017-09-25,-0.003428883955570578
2017-09-26,-0.003932606490670133
2017-09-27,0.0005713015560339907
2017-09-28,0.0006532374879656155
2017-09-29,-0.0002073986211954498
2017-10-02,0.0014109216491659297
2017-10-03,0.001451882861739229
2017-10-04,0.0005832419721239043
2017-10-05,0.0002801720306126038
2017-10-06,0.0022466954612157465
2017-10-09,0.0022402282567201594
2017-10-10,0.0021254562210472386
2017-10-11,0.0003487676240289146
2017-10-12,0.004305518753507332
2017-10-13,-0.0015431891550198881
2017-10-16,-0.0014496285256061212
2017-10-17,-0.001965637107147926
2017-10-18,0.0022582364123184587
2017-10-19,-0.0014785520374177975
2017-10-20,-0.0011256087932307178
2017-10-23,-0.0015258855902848321
2017-10-24,-0.003389925754969427
2017-10-25,-0.002554966127953525
2017-10-26,0.006807869096144139
2017-10-27,0.0006100501577695162
2017-10-30,-0.00029885891657602996
2017-10-31,0.0026412236578879254
2017-11-01,0.0012721608592205069
2017-11-02,0.0007939670542866238
2017-11-03,0.004071043030420933
2017-11-06,0.0009673353920446819
2017-11-07,0.0003100959197028233
2017-11-08,-0.002509929946675777
2017-11-09,-0.005808529958073237
2017-11-10,0.001450566541628978
2017-11-13,0.001735976660141718
2017-11-14,0.001689057914558609
2017-11-15,0.0007325496909638132
2017-11-16,0.00267823486508464
2017-11-17,-0.000575527173848425
2017-11-20,0.004689994509839786
2017-11-21,0.001766686405460731
2017-11-22,-0.000202024257633818
2017-11-24,-0.0004018794348385863
2017-11-27,0.005385547172191206
2017-11-28,-0.004172765746986898
2017-11-29,0.0013685053121164467
2017-11-30,0.0028535392961264996
2017-12-01,-0.0015239326284115264
2017-12-04,-0.0011638377206578856
2017-12-05,0.0012679370047257886
2017-12-06,-0.0028958581788746567
2017-12-07,0.00274246437777435
2017-12-08,0.00028498583661989264
2017-12-11,0.0008417829778367231
2017-12-12,0.0037990047656981125
2017-12-13,-0.0005559957136579952
2017-12-14,0.00585520829930123
2017-12-15,-4.184542798061128e-05
2017-12-18,-0.00707236639489827
2017-12-19,-0.004449399194535259
2017-12-20,0.002615261494266007
2017-12-21,0.0017087464686771864
2017-12-22,0.0020457022491930732
2017-12-26,0.003962525500291176
2017-12-27,0.002371888692381025
2017-12-28,0.00037420520268925564
2017-12-29,0.005011424559025434
2018-01-02,0.0033146807471049347
2018-01-03,0.0036054407120758494
2018-01-04,0.0024381022074968896
2018-01-05,0.0007383298332644809
2018-01-08,-0.0029539000629146012
2018-01-09,-3.642928691019486e-05
2018-01-10,0.005439109837471193
2018-01-11,0.007199559839066626
2018-01-12,-0.00038260765008728964
2018-01-16,0.002031380656712206
2018-01-17,-0.00337435598941466
2018-01-18,0.002547910475203749
2018-01-19,0.0047893320115734335
2018-01-22,0.003407358114342853
2018-01-23,0.002350970375476667
2018-01-24,-0.00016248738772520546
2018-01-25,0.0052468070630931046
2018-01-26,-0.006413777291592062
2018-01-29,-0.007630226595110366
2018-01-30,0.003429305128673391
2018-01-31,-0.00250197762867233
2018-02-01,-0.016831125989259642
2018-02-02,-0.006065709998370049
2018-02-05,-0.0013286774713402944
2018-02-06,-0.0068076547156985506
2018-02-07,-0.009450582984858008
2018-02-08,0.0006251892714202662
2018-02-09,0.007084831586183794
2018-02-12,0.004388986890172292
2018-02-13,0.0049396226686689035
2018-02-14,0.004925803581175602
2018-02-15,0.0010481368234427058
2018-02-16,-0.008105984555569021
2018-02-20,-0.007759647059412053
2018-02-21,0.0033090932520456508
2018-02-22,0.006999480173354814
2018-02-23,0.0038906735110182077
2018-02-26,-0.007432662676817957
2018-02-27,-0.0004095970506932403
2018-02-28,-0.001768138457497446
2018-03-01,-4.0830308547534474e-05
2018-03-02,0.00120818036576549
2018-03-05,0.0048060644601165235
2018-03-06,-0.0028048988473498375
2018-03-07,0.002630676953573088
2018-03-08,0.0020461128484622554
2018-03-09,0.0019591178769521765
2018-03-12,0.001051413038342948
2018-03-13,0.001955015433667139
2018-03-14,-0.0025371917915698924
2018-03-15,-0.001998005863641862
2018-03-16,-0.0038937236000069933
2018-03-19,-0.002761442782324137
2018-03-20,0.0060900214537336
2018-03-21,-0.003836011496710855
2018-03-22,-0.0011221692437069384
2018-03-23,0.007089309155216277
2018-03-26,-0.0022765354059548683
2018-03-27,-0.004626412456916315
2018-03-28,0.005261396294019895
2018-03-29,-0.0005551730617867146
2018-04-02,-0.0025623828960739115
2018-04-03,0.002263537401959194
2018-04-04,-0.0028215919751194965
2018-04-05,0.00032448548378934713
2018-04-06,0.0030860396725410468
2018-04-09,0.004064501778160853
2018-04-10,0.0028388505969236654
2018-04-11,0.0026608482529253594
2018-04-12,0.0023226208612095256
2018-04-13,0.0026332823045488746
2018-04-16,0.004145566718964833
2018-04-17,-0.003081644691828164
2018-04-18,-0.005579612374182244
2018-04-19,-0.00767854708730625
2018-04-20,-0.00243103247365044
2018-04-23,-0.003871899223449284
2018-04-24,-0.004359581801350019
2018-04-25,0.0044789755054321255
2018-04-26,0.004917957146436904
2018-04-27,-0.0034345494495781966
2018-04-30,-0.0033506058575011283
2018-05-01,-0.0023168488637472008
2018-05-02,0.002992611564377538
2018-05-03,0.004531475125154144
2018-05-04,0.00022089916065607833
2018-05-07,-0.0003547987464182367
2018-05-08,-0.0008720262980798534
2018-05-09,0.007964344984242915
2018-05-10,0.001413317466958265
2018-05-11,-0.0034760622114959824
2018-05-14,-0.011824189641183199
2018-05-15,-0.0011178799582261694
2018-05-16,-0.0022467289973739386
2018-05-17,0.0032487097154930045
2018-05-18,0.002274942246382665
2018-05-21,-0.0015463567338727144
2018-05-22,0.004181485839144399
2018-05-23,0.0056268852773064355
2018-05-24,0.0011539717636351444
2018-05-25,0.006531054963457626
2018-05-29,0.0008277146201894973
2018-05-30,-0.002942293277400883
2018-05-31,-0.00142746910953194
2018-06-01,-0.0022952584537130876
2018-06-04,0.0024300773127025723
2018-06-05,-0.001297904783447888
2018-06-06,0.004034803241276826
2018-06-07,-0.00019540056800647723
2018-06-08,8.56703496162519e-05
2018-06-11,-0.0006093633387146294
2018-06-12,-7.815360980473619e-05
2018-06-13,0.004724738013716517
2018-06-14,-0.005133832180187952
2018-06-15,-0.0015076620944858338
2018-06-18,0.0007760644997690141
2018-06-19,-0.004823382824073038
2018-06-20,0.00017241724298723722
2018-06-21,0.0011736062038757388
2018-06-22,-0.0036196450610139234
2018-06-25,-0.0004799518156807375
2018-06-26,0.00023324014026762283
2018-06-27,0.0005817882335501229
2018-06-28,-1.1020427669284358e-05
2018-06-29,-0.0029606805756201933
2018-07-02,0.00460395671330582
2018-07-03,0.004336453482453661
2018-07-05,0.0030331755881328987
2018-07-06,0.00018000713625273743
2018-07-09,0.0002842124768821456
2018-07-10,-0.003564122148175884
2018-07-11,0.0035203557460805348
2018-07-12,0.0009642168496323059
2018-07-13,-0.0016458314755967022
2018-07-16,0.00017860767020002645
2018-07-17,-0.0005335356830938985
2018-07-18,0.00020702015218819746
2018-07-19,-0.004864159857205318
2018-07-20,-0.004518827840686897
2018-07-23,0.003916798874244613
2018-07-24,0.004216722390450453
2018-07-25,-0.0027350278773231374
2018-07-26,-0.0026772939625848502
2018-07-27,-0.004149579290493204
2018-07-30,0.004930275456315497
2018-07-31,-0.004843518638286003
2018-08-01,0.0027499761221628635
2018-08-02,0.004471020404615017
2018-08-03,0.0015500377654584178
2018-08-06,-0.00020841574267604218
2018-08-07,0.00047297492001386167
2018-08-08,0.002521429112726815
2018-08-09,-0.0005103992183217526
2018-08-10,-0.004224791943025625
2018-08-13,0.0023794669548077483
2018-08-14,-0.0031004749566819756
2018-08-15,0.003915624159783524
2018-08-16,0.0031761655727937346
2018-08-17,0.004236361704283362
2018-08-20,0.00011450456407128228
2018-08-21,0.0015028729432842597
2018-08-22,-0.0009904738594067241
2018-08-23,0.005517846327979768
2018-08-24,0.002011777406250786
2018-08-27,-0.0029643366500389677
2018-08-28,0.0036687940631393683
2018-08-29,-0.0016613400993078949
2018-08-30,-0.0010218732073935407
2018-08-31,-0.0036932966031674288
2018-09-04,-0.0020709746719322734
2018-09-05,0.0001545566641112133
2018-09-06,-0.004656634392290546
2018-09-07,0.0022727438354343816
2018-09-10,-0.0013483454044532388
2018-09-11,0.001899461578354745
2018-09-12,0.003193566752360218
2018-09-13,-0.0024850235412319497
2018-09-14,-0.00213369101777142
2018-09-17,-0.0016499045592194197
2018-09-18,-0.0014742642447404535
2018-09-19,0.0062254734068788505
2018-09-20,-0.0013126168472370893
2018-09-21,-0.0027075694665355016
2018-09-24,-0.0007166524792154615
2018-09-25,0.000773493716285098
2018-09-26,0.0007791949503573756
2018-09-27,-0.0003731343971307109
2018-09-28,-0.0013817238822211488
2018-10-01,0.0032943196907964907
2018-10-02,-0.007131253145110352
2018-10-03,-0.006701875115610777
2018-10-04,-0.005977407250669334
2018-10-05,-0.0024603978675428783
2018-10-08,0.001443246066140602
2018-10-09,-0.008375626010129903
2018-10-10,0.007864115077506255
2018-10-11,0.0004132688013759769
2018-10-12,0.0005983603888194871
2018-10-15,0.00579573090171733
2018-10-16,-0.0024882650992493335
2018-10-17,-0.0034154395005913853
2018-10-18,-0.000805391750573434
2018-10-19,-0.0025319244412118193
2018-10-22,0.0019840971552656486
2018-10-23,-0.0037626329164382934
2018-10-24,0.0019467496492101576
2018-10-25,-0.0008576788632907195
2018-10-26,-0.0036403531441517602
2018-10-29,0.00013481552346801865
2018-10-30,-0.0013402837566654678
2018-10-31,0.007236724336128701
2018-11-01,-0.006697212316175324
2018-11-02,0.002236179935245969
2018-11-05,0.0003808336831703467
2018-11-06,0.005829175930145426
2018-11-07,-0.0012010143955742815
2018-11-08,-0.006807886955548542
2018-11-09,-0.01028629562325228
2018-11-12,-0.0006137023340953929
2018-11-13,0.0012273327671140125
2018-11-14,0.0027791850376597364
2018-11-15,0.005501135603358517
2018-11-16,-0.0029418449115629682
2018-11-19,-0.004522437916026836
2018-11-20,0.0012376897277905975
2018-11-21,-0.0014861206507209741
2018-11-23,0.0026786715542038986
2018-11-26,-0.0006302403937642341
2018-11-27,0.004836476062776932
2018-11-28,0.0021328951715957013
2018-11-29,0.0025402702525859663
2018-11-30,0.008733838324293705
2018-12-03,0.0007925428920581871
2018-12-04,0.0010187728947926775
2018-12-06,-0.00238857640523419
2018-12-07,0.001098609863657515
2018-12-10,-0.0004034520621320728
2018-12-11,1.4577064059570141e-05
2018-12-12,-0.0018178999579324668
2018-12-13,-0.004399069405061254
2018-12-14,-0.000131106075405024
2018-12-17,0.00308226870172442
2018-12-18,1.0925430262910974e-05
2018-12-19,-0.0005686824797704821
2018-12-20,-0.006518382273347444
2018-12-21,-0.0007952035378453563
2018-12-24,0.006080948708826601
2018-12-26,0.004360573221177485
2018-12-27,0.004738370009064753
2018-12-28,0.004200773857250928
2018-12-31,0.0027918060962944867
2019-01-02,0.0024612887403098528
2019-01-03,-0.0003082553491203211
2019-01-04,0.0016027412340035674
2019-01-07,7.955074672649374e-05
2019-01-08,0.0024513731391928263
2019-01-09,-0.003996364416350099
2019-01-10,0.002386148639538337
2019-01-11,-0.0022845374781534722
2019-01-14,0.00041071712278379323
2019-01-15,0.002038108195258964
2019-01-16,0.0014105525785976314
2019-01-17,-0.0022450825909381467
2019-01-18,0.0010597667028770063
2019-01-22,-0.00016420405725086007
2019-01-23,0.0025280426768005777
2019-01-24,0.004511632818068754
2019-01-25,-0.0010475352568967509
2019-01-28,0.003768430681236748
2019-01-29,0.005114178218698973
2019-01-30,0.0059715613149285834
2019-01-31,-0.0032460663547996373
2019-02-01,-0.001813251499577964
2019-02-04,0.003827038359453173
2019-02-05,-0.002288500218574921
2019-02-06,0.001553413274344689
2019-02-07,0.003415379283084655
2019-02-08,-0.0032335199839737963
2019-02-11,0.0024547437069695833
2019-02-12,-0.0022468887774190907
2019-02-13,0.0038492066529257213
2019-02-14,0.005100498857690086
2019-02-15,0.006450077726054405
2019-02-19,-0.0013882871103468824
2019-02-20,-0.006119275339764343
2019-02-21,0.005955317787965724
2019-02-22,-0.0004897942015330002
2019-02-25,0.0016651907969150812
2019-02-26,-0.005149505490751082
2019-02-27,-0.002671101133893314
2019-02-28,-0.00114910153160927
2019-03-01,0.000987061480279166
2019-03-04,-0.0003649969371244087
2019-03-05,-0.003381706663851497
2019-03-06,0.0006272790406808297
2019-03-07,0.004597206159350133
2019-03-08,0.0008131515129026681
2019-03-11,0.005904685088405279
2019-03-12,0.0032227645122643793
2019-03-13,-0.0038324807069159386
2019-03-14,0.005575775728528623
2019-03-15,0.0017888729253916452
2019-03-18,-0.0006139874348188883
2019-03-19,0.0028273447016813106
2019-03-20,0.006854959650832148
2019-03-21,0.0029428263667507933
2019-03-22,0.002747811155738992
2019-03-25,9.258888246681056e-05
2019-03-26,0.0014164600444133565
2019-03-27,0.0028063303534990127
2019-03-28,0.0031227825021233283
2019-03-29,0.004478996939532386
2019-04-01,0.000989696422048933
2019-04-02,-0.0011494110846019914
2019-04-03,0.0026892288320898576
2019-04-04,0.0036493553535267374
2019-04-05,-0.00013796380284067204
2019-04-08,-0.0025486708262131915
2019-04-09,0.0031420520305171906
2019-04-10,-0.002310689997684841
2019-04-11,0.00041357832521060124
2019-04-12,7.825584876216463e-05
2019-04-15,-0.0053822443215041475
2019-04-16,-0.001017318797491612
2019-04-17,0.003035669536062952
2019-04-18,-0.0019176953042902621
2019-04-22,0.002541331062635656
2019-04-23,0.003938624507933706
2019-04-24,-0.0005458782744013646
2019-04-25,0.004696467976327355
2019-04-26,-0.0038134056593964066
2019-04-29,0.0033294349318975665
2019-04-30,-0.0020930460527865914
2019-05-01,-0.0038304154913838353
2019-05-02,0.005502024769089741
2019-05-03,0.0005926940802753085
2019-05-06,0.00018664202443862657
2019-05-07,-0.0030273974315347613
2019-05-08,0.00179055206890124
2019-05-09,0.0012306544221824638
2019-05-10,0.00022222281708590827
2019-05-13,0.0004187847946306028
2019-05-14,0.003998933914622124
2019-05-15,-0.0013873730581509798
2019-05-16,-0.0028141359924092205
2019-05-17,-0.0025995956050759387
2019-05-20,0.0008252156382969324
2019-05-21,0.0014601032108522908
2019-05-22,0.004247658912181205
2019-05-23,0.0012770287655777962
2019-05-24,-0.0003469821807147132
2019-05-28,-0.00024079382658987792
2019-05-29,0.006551003386093423
2019-05-30,0.006229467141244191
2019-05-31,0.0067139758073201565
2019-06-03,0.00038403242248614283
2019-06-04,0.00042729373139256536
2019-06-05,0.004048913012499886
2019-06-06,0.008032921145182326
2019-06-07,-0.006115637177096626
2019-06-10,-0.00015644266598421975
2019-06-11,0.0014863365567582918
2019-06-12,0.004424776394060627
2019-06-13,0.0007406165831893504
2019-06-14,0.0006758696522855918
2019-06-17,0.006368465167984277
2019-06-18,0.003052020731936324
2019-06-19,0.011173998324068584
2019-06-20,-0.003231501591830698
2019-06-21,0.007508510959158573
2019-06-24,-0.0004987539232991861
2019-06-25,-0.005919751873986772
2019-06-26,0.003697277605307598
2019-06-27,0.0018133108982937142
2019-06-28,-0.004778458097778046
2019-07-01,0.010539066654580355
2019-07-02,0.005644811657838801
2019-07-03,-0.009642045556198044
2019-07-05,-0.0027550982477425458
2019-07-08,0.0012171215102497765
2019-07-09,0.0035487225220740912
2019-07-10,-0.007973254784140647
2019-07-11,0.0035403668833800294
2019-07-12,0.0024133743257560066
2019-07-15,-0.004728552031371452
2019-07-16,0.007594485557958866
2019-07-17,0.0052411797322982085
2019-07-18,-0.006740722623537582
2019-07-19,0.0013942660027839548
2019-07-22,-0.003011560523095524
2019-07-23,0.0046267568133404316
2019-07-24,-0.005481874041028879
2019-07-25,0.003010204940331028
2019-07-26,0.0017789015845418813
2019-07-29,0.001725155279211518
2019-07-30,-0.0021556724810064404
2019-07-31,0.015205094594677861
2019-08-01,0.0019422005774252192
2019-08-02,0.006628613963418459
2019-08-05,0.009194555998784541
2019-08-06,0.004818924054106712
2019-08-07,0.0064628708140169865
2019-08-08,-0.00336192468204018
2019-08-09,0.010763638594209583
2019-08-12,-0.00042369364570844586
2019-08-13,0.007182742536111483
2019-08-14,0.008046567498578652
2019-08-15,-0.0030186802563614214
2019-08-16,-0.008337372026611773
2019-08-19,0.005936901986591267
2019-08-20,-0.0026739208870060613
2019-08-21,-0.004156119957763137
2019-08-22,0.00876586480365762
2019-08-23,0.00021605390024766479
2019-08-26,0.009717369088244894
2019-08-27,0.0011999250179255726
2019-08-28,-0.0015165907648386028
2019-08-29,-0.0007241552864968685
2019-08-30,0.003618105952315296
2019-09-03,0.004871305933609772
2019-09-04,-0.013872043703725027
2019-09-05,0.0011316846958440278
2019-09-06,-0.00998434352071673
2019-09-09,-0.011466861919453977
2019-09-10,0.002341621749847489
2019-09-11,-0.001978591818169566
2019-09-12,-0.013422010323500613
2019-09-13,0.00820690909200791
2019-09-16,0.0038040689276463246
2019-09-17,0.00034532016504890215
2019-09-18,0.0027015517134636145
2019-09-19,0.0091402570260807
2019-09-20,0.0015212257202234362
2019-09-23,0.00599731271472848
2019-09-24,-0.011803722472527933
2019-09-25,0.002704337206433272
2019-09-26,-0.0014015391413548747
2019-09-27,-0.0025444617004717054
2019-09-30,0.0007476541949241169
2019-10-01,-2.1637494217900243e-05
2019-10-02,0.007554875715602901
2019-10-03,0.006787943851957145
2019-10-04,-0.007391702653199574
2019-10-07,-0.00018543112610336712
2019-10-08,-1.6409687965373415e-05
2019-10-09,-0.007797588516334138
2019-10-10,-0.0027603354671298236
2019-10-11,0.0042419633874371705
2019-10-14,-0.006209226584767663
2019-10-15,0.002000573380573239
2019-10-16,-0.00020035608158578262
2019-10-17,-0.0011975740978486232
2019-10-18,-0.0038588077000430597
2019-10-21,0.003139361437356684
2019-10-22,0.0017880266898008318
2019-10-23,0.0014492920923431878
2019-10-24,-0.0009323198914225609
2019-10-25,-0.0060360671636778135
2019-10-28,-0.0005646671613865866
2019-10-29,0.009519303525142592
2019-10-30,0.009151347821450617
2019-10-31,0.0005762383267964665
2019-11-01,-0.006686574804802308
2019-11-04,-0.010770005469553402
2019-11-05,0.004346461922728344
2019-11-06,-0.013133221137250208
2019-11-07,-0.003530755573089667
2019-11-08,-0.0007703332850391236
2019-11-11,0.003520957448433411
2019-11-12,0.004496560463799185
2019-11-13,0.006688015446251302
2019-11-14,0.00013913553939448738
2019-11-15,0.0019426990656087298
2019-11-18,0.004242831834671698
2019-11-19,0.0045535886306696475
2019-11-20,-0.005109002536704358
2019-11-21,0.0005769941910017532
2019-11-22,0.0038812254544403303
2019-11-25,0.004299265521126276
2019-11-26,-0.00020711640326093216
2019-11-27,-0.0019349713350724847
2019-11-29,-0.010174415982706972
2019-12-02,0.011834232206068981
2019-12-03,-0.00419734441207884
2019-12-04,-0.0019062270352396705
2019-12-05,-0.003949423937675729
2019-12-06,7.657548472756538e-05
2019-12-09,-0.00012716643434321283
2019-12-10,0.005267012100060121
2019-12-11,-0.002700448747721648
2019-12-12,0.005513923196373745
2019-12-13,-0.00019628945012495713
2019-12-16,-0.00046382259631312504
2019-12-17,-0.003260118879442127
2019-12-18,0.0029433959978000888
2019-12-19,0.0027521340243707995
2019-12-20,0.001393502229125532
2019-12-23,0.0034029537800558027
2019-12-24,0.005484081952362552
2019-12-26,-1.0510004108397344e-05
2019-12-27,-0.0028624724234155253
2019-12-30,-0.0001876621074630504
2019-12-31,0.009096302885619089
2020-01-02,0.00321047686796941
2020-01-03,0.003895508432580105
2020-01-06,-0.0012152242671662169
2020-01-07,-0.0009278530026506182
2020-01-08,0.0023795461935004567
2020-01-09,0.0021315992897306753
2020-01-10,0.0030044999273039948
2020-01-13,0.001374985978738215
2020-01-14,0.00419589583560399
2020-01-15,0.003039584416920375
2020-01-16,0.0003898040422892691
2020-01-17,0.0014376398402142945
2020-01-21,0.0008639041722848377
2020-01-22,0.0026422520363791266
2020-01-23,-0.001106600960516801
2020-01-24,-0.002952107852589091
2020-01-27,-0.0036785313783006374
2020-01-28,0.0055722491922261495
2020-01-29,0.0008888247029531337
2020-01-30,0.0010719933668214094
2020-01-31,-0.0007617220028421578
2020-02-03,-0.0062243336546434075
2020-02-04,-0.0010830513299985678
2020-02-05,0.004520420122007995
2020-02-06,0.0025525247509732706
2020-02-07,0.005081939351237286
2020-02-10,-0.001500289373130227
2020-02-11,0.001098171612726161
2020-02-12,0.0015653959181496137
2020-02-13,0.0029647111069194994
2020-02-14,0.0027136324105383335
2020-02-18,0.0029388648504863287
2020-02-19,0.0014706116201453514
2020-02-20,3.45783093050841e-05
2020-02-21,0.0006258665174685043
2020-02-24,-0.011881278272121019
2020-02-25,-0.0015188515236566576
2020-02-26,-0.00710341156514067
2020-02-27,-0.0051315231457257655
2020-02-28,0.009573914860730302
2020-03-02,0.009732735564486804
2020-03-03,0.0066366047632565525
2020-03-04,0.00886289458244108
2020-03-05,0.016260279297209666
2020-03-06,-0.00905332720471177
2020-03-09,-0.015900354813283803
2020-03-10,-0.028739789646306226
2020-03-11,-0.03691686489200768
2020-03-12,0.00033810082055614303
2020-03-13,-0.0092478886094736
2020-03-16,-0.008250471241739082
2020-03-17,-0.043265991112413686
2020-03-18,0.004602652853374374
2020-03-19,0.022112976612836503
2020-03-20,0.024870617529369914
2020-03-23,0.03371430956998901
2020-03-24,-0.0025341135536419614
2020-03-25,0.020873398313244196
2020-03-26,-0.00037430053010303367
2020-03-27,0.006605534881938843
2020-03-30,-0.019075955907076225
2020-03-31,-0.0027861115589696535
2020-04-01,0.01413345850339729
2020-04-02,-0.000912523763994696
2020-04-03,0.025312214689122703
2020-04-06,-0.005743147766020617
2020-04-07,0.002191427242039728
2020-04-08,0.013671553810340298
2020-04-09,0.00014263818220604848
2020-04-13,0.012034834231780723
2020-04-14,0.0036200250001581515
2020-04-15,0.005542726893527009
2020-04-16,-0.005534182433640326
2020-04-17,0.0012561718775350949
2020-04-20,-0.004901091953881371
2020-04-21,0.00789214147238022
2020-04-22,0.005519379247226367
2020-04-23,0.0029635575765937575
2020-04-24,-0.0063936464316411475
2020-04-27,0.0020265064254200516
2020-04-28,0.0062004139503357815
2020-04-29,-0.013368351046434194
2020-04-30,-0.001119152191406693
2020-05-01,-5.741614574212108e-05
2020-05-04,0.0011023085968118937
2020-05-05,-0.012770391574583331
2020-05-06,0.01497183439528779
2020-05-07,-0.003314731926427412
2020-05-08,-0.005288012267637785
2020-05-11,0.0004752815123795324
2020-05-12,0.001652691576616198
2020-05-13,0.009963425176595594
2020-05-14,0.0020016617331573986
2020-05-15,-0.004186153878025004
2020-05-18,0.0022137075952189294
2020-05-19,0.0062434155455504585
2020-05-20,-0.005696386332216619
2020-05-21,0.00493901203941082
2020-05-22,-0.00734112234470136
2020-05-26,0.0035495219685319724
2020-05-27,-0.0008381854252293849
2020-05-28,0.00652177827499365
2020-05-29,-0.00020291081116598003
2020-06-01,-0.0016404460805623002
2020-06-02,-0.008513223255040213
2020-06-03,-0.0030846331619082145
2020-06-04,-0.0035647182616501583
2020-06-05,0.008234195487452026
2020-06-08,0.006022563726051377
2020-06-09,0.009471728629142463
2020-06-10,-0.009621413394223484
2020-06-11,-0.0005179529218959956
2020-06-12,0.0019442214995691429
2020-06-15,-0.0017413111242512958
2020-06-16,0.0012978486574874838
2020-06-17,0.0037483273358767163
2020-06-18,0.0026232395550121156
2020-06-19,0.0038373792578070935
2020-06-22,0.0011826048020454826
2020-06-23,-0.003268313758426309
2020-06-24,0.0036420255692476053
2020-06-25,-0.00012858852515595215
2020-06-26,0.002537970070860271
2020-06-29,0.002690173244852603
2020-06-30,-0.0005780748776530586
2020-07-01,0.002532694510273983
2020-07-02,0.004174460468535812
2020-07-06,0.0052718606179845
2020-07-07,0.002366100063489738
2020-07-08,0.004134088403753666
2020-07-09,-0.0004096965865315479
2020-07-10,-0.000398051670265273
2020-07-13,0.006244340463831142
2020-07-14,0.0006700119653742888
2020-07-15,-0.0021165991678585355
2020-07-16,0.002657830267790102
2020-07-17,0.004654696146515814
2020-07-20,0.00485364000248504
2020-07-21,0.007777366399235279
2020-07-22,0.004747127477135497
2020-07-23,0.001268167021912131
2020-07-24,0.006951929012574802
2020-07-27,0.004061017769802184
2020-07-28,0.00490460025294888
2020-07-29,-0.0007321806648118026
2020-07-30,0.004784003645833104
2020-07-31,4.9768566079678035e-05
2020-08-03,0.012016536006246324
2020-08-04,0.0010964148604903326
2020-08-05,0.008436150496328895
2020-08-06,-0.008010939940794744
2020-08-07,-0.0022698623278646275
2020-08-10,-0.025755908640763617
2020-08-11,-0.0018738406345986571
2020-08-12,0.0027944611231596923
2020-08-13,-0.0030623167912280503
2020-08-14,0.008931536788810498
2020-08-17,0.006491368512015263
2020-08-18,-0.01419665805192364
2020-08-19,0.006836357057796681
2020-08-20,0.0008568629759730393
2020-08-21,-8.884594181824204e-07
2020-08-24,-0.002029646255235428
2020-08-25,0.004622928942662774
2020-08-26,-0.010544808113770445
2020-08-27,0.006813156273340996
2020-08-28,0.0026996053391573275
2020-08-31,0.007615262948312465
2020-09-01,0.0034381439674734072
2020-09-02,-0.010137312834796684
2020-09-03,-0.009414612041995297
2020-09-04,-0.004907335947259918
2020-09-08,0.006821164569011321
2020-09-09,-0.003230603339789982
2020-09-10,0.001026018678830673
2020-09-11,0.005759201357344838
2020-09-14,-0.0005539972780485207
2020-09-15,-0.0013900532198755497
2020-09-16,-0.0026310728769944006
2020-09-17,-0.0038283509251398657
2020-09-18,-0.007026461646832046
2020-09-21,0.0006530247138250339
2020-09-22,-0.012144456333809199
2020-09-23,0.0034975591919919023
2020-09-24,0.003124704271154844
2020-09-25,0.005966504035053829
2020-09-28,0.001744945774695908
2020-09-29,-0.004217751777205113
2020-09-30,0.005076165711929939
2020-10-01,-0.00430947012961567
2020-10-02,-0.0027883389427425997
2020-10-05,-0.004875774428895375
2020-10-06,0.0009511763459800752
2020-10-07,0.005676945513919614
2020-10-08,0.007704023553216003
2020-10-09,0.00591643491339736
2020-10-12,-0.00318214530171605
2020-10-13,0.0003793051719623229
2020-10-14,4.754041866912107e-06
2020-10-15,-0.002445216974405057
2020-10-16,-0.005382707633081478
2020-10-19,-0.0018607821711343286
2020-10-20,0.00022041144181096347
2020-10-21,-0.006290007547261756
2020-10-22,0.003270709888345895
2020-10-23,-0.0006472704844950449
2020-10-26,0.00293441160437884
2020-10-27,-0.013156510971686497
2020-10-28,-0.0031076506874126797
2020-10-29,-0.005716181163520629
2020-10-30,0.009041906253460104
2020-11-02,0.003455241665843924
2020-11-03,0.015015782407050267
2020-11-04,0.01242692210089196
2020-11-05,-0.005102503761774656
2020-11-06,-0.02001950175289839
2020-11-09,-0.001977468641243306
2020-11-10,0.0021847944884763543
2020-11-11,0.006989668420307022
2020-11-12,0.004863934827907609
2020-11-13,0.0019973430073727716
2020-11-16,0.0004969768409587021
2020-11-17,-0.0034299684761047245
2020-11-18,0.002810482567012572
2020-11-19,0.0031758036776718783
2020-11-20,-0.006500219890516292
2020-11-23,-0.00512462024383473
2020-11-24,-0.0019240538279451315
2020-11-25,0.0020638422105364847
2020-11-27,-0.0036569128969146276
2020-11-30,0.0021332491872257733
2020-12-01,-0.0008796674789821337
2020-12-02,0.005899861180063947
2020-12-03,-0.005440284071614898
2020-12-04,0.00792405344096343
2020-12-07,0.003905633016651913
2020-12-08,-0.008808621331724258
2020-12-09,0.00339660691875332
2020-12-10,0.0018682619592471225
2020-12-11,-0.004003507637630405
2020-12-14,0.005853802702062301
2020-12-15,0.0007611719733270138
2020-12-16,0.003190803738393543
2020-12-17,-0.002875935238564083
2020-12-18,1.9785402140524793e-05
2020-12-21,-0.00032264803447652887
2020-12-22,-0.001077935485982952
2020-12-23,0.003940911050846302
2020-12-24,0.0012997528708952775
2020-12-28,-2.1176143024779874e-05
2020-12-29,0.0035471119621629816
2020-12-30,0.0030075421902931968
2020-12-31,0.0023373453130790802
2021-01-04,-0.0008883318953726325
2021-01-05,-0.012816207863592038
2021-01-06,-0.0010883839463908032
2021-01-07,-0.010039945857437234
2021-01-08,-0.0030198551333734053
2021-01-11,0.0015092407349537327
2021-01-12,0.004682427898611565
2021-01-13,-0.005421316750778578
2021-01-14,-0.0035102716893555966
2021-01-15,0.0058466056505001255
2021-01-19,0.008462917289736752
2021-01-20,-0.0032413861965315325
2021-01-21,-0.0015911901916449004
2021-01-22,0.006722560502781931
2021-01-25,-0.0019710455545394285
2021-01-26,-0.006777316647330153
2021-01-27,-0.0002015219875580312
2021-01-28,-0.008004747945498384
2021-01-29,0.007286028589576065
2021-02-01,-0.0029566302108268135
2021-02-02,-0.004418383666399897
2021-02-03,-0.004517032528886556
2021-02-04,-0.00022871225170286412
2021-02-05,0.006655495934366033
2021-02-08,0.0010900641518691127
2021-02-09,0.004037533970903387
2021-02-10,-0.004610974439866449
2021-02-11,-0.005517065300860036
2021-02-12,-0.011478422069069395
2021-02-16,-0.0001184485723053027
2021-02-17,-0.002999080666511327
2021-02-18,-0.005617650784124355
2021-02-19,-0.0014180859700245853
2021-02-22,-0.0017001400509500182
2021-02-23,-0.0005677754567948016
2021-02-24,-0.01914862136983904
2021-02-25,0.007289310799863928
2021-02-26,-0.0007761409925645101
2021-03-01,-0.00041801504629837994
2021-03-02,-0.011561409104624644
2021-03-03,-0.008913541145159265
2021-03-04,0.005651500114113449
2021-03-05,-0.007827583107784745
2021-03-08,0.015886756530802314
2021-03-09,0.003908015395999387
2021-03-10,-0.001139917460335795
2021-03-11,-0.009976726013089073
2021-03-12,0.005502616946663241
2021-03-15,-0.0020569485443752487
2021-03-16,-0.0010031888424286758
2021-03-17,-0.010173784220434176
2021-03-18,0.003653269758758415
2021-03-19,0.007447619605970776
2021-03-22,0.001144695520459002
2021-03-23,0.0023901066119526044
2021-03-24,-0.003727319183509633
2021-03-25,0.002565416189656131
2021-03-26,-0.007169885734679313
2021-03-29,-0.0009877643120674256
2021-03-30,0.0007148304283675134
2021-03-31,0.014292311938545686
2021-04-01,0.0010392892255300424
2021-04-05,0.005161078757106497
2021-04-06,-0.004165389090387409
2021-04-07,0.007817059222875828
2021-04-08,-0.001688319450131505
2021-04-09,-0.0013508532418074139
2021-04-12,0.0062590015813256735
2021-04-13,-0.0036530068758293356
2021-04-14,0.013471772765244014
2021-04-15,0.0019180025570728172
2021-04-16,-0.003868567576067141
2021-04-19,-0.001689567556151202
2021-04-20,0.008068591160709234
2021-04-21,-0.005667926925475676
2021-04-22,0.0037696712144495376
2021-04-23,0.00154923293149442
2021-04-26,-0.002616295348942696
2021-04-27,0.0008681827226688278
2021-04-28,0.0013414322540352016
2021-04-29,-0.003846337727252005
2021-04-30,0.005065680209268869
2021-05-03,-0.003948636196568436
2021-05-04,0.0017260680948487624
2021-05-05,0.009268567303060148
2021-05-06,0.005323999032817399
2021-05-07,-0.00610378908187091
2021-05-10,-0.005565283613199901
2021-05-11,-0.01584483806964439
2021-05-12,0.007509804526179156
2021-05-13,0.012203127669642013
2021-05-14,0.001774192020443154
2021-05-17,-0.004255653793592779
2021-05-18,-0.0015912393674461518
2021-05-19,0.00835632964659138
2021-05-20,0.0003670356330140993
2021-05-21,0.006338717761217598
2021-05-24,0.003443041661419954
2021-05-25,0.00012374558766492516
2021-05-26,-0.00042541301292303875
2021-05-27,0.001704883077032474
2021-05-28,-0.0012937572037430946
2021-06-01,0.002711617706867473
2021-06-02,-0.008542931929398513
2021-06-03,0.010490276152129129
2021-06-04,9.870564884496011e-05
2021-06-07,0.0005781187177520531
2021-06-08,0.0004354883405571291
2021-06-09,0.004800569044926394
2021-06-10,-0.0028922988098271825
2021-06-11,-0.002182844569457481
2021-06-14,-0.002294372492562535
2021-06-15,-0.008080513261790195
2021-06-16,-0.00656046899732475
2021-06-17,-0.004733696242729436
2021-06-18,0.007382119614235761
2021-06-21,0.0018934180637987519
2021-06-22,-0.0013172620847344454
2021-06-23,0.0030891759499801327
2021-06-24,0.0006775931139269336
2021-06-25,0.00303462151740638
2021-06-28,-0.0025651056556366195
2021-06-29,0.002761904806436598
2021-06-30,0.0038024003735538736
2021-07-01,0.0069715856071828385
2021-07-02,0.0029036125050368455
2021-07-06,0.004667937183367202
2021-07-07,-0.0035041498577558314
2021-07-08,0.003471098116963157
2021-07-09,0.001155608280151101
2021-07-12,-0.002853805733616234
2021-07-13,0.006214655250446548
2021-07-14,0.004834612931505361
2021-07-15,-0.007651165710402605
2021-07-16,-0.008009591803479826
2021-07-19,0.008731784014472744
2021-07-20,0.0036248247174096764
2021-07-21,0.002795667555835533
2021-07-22,0.005865925808961938
2021-07-23,0.0009443710644305304
2021-07-26,-0.0018033355354824924
2021-07-27,0.0007264077612315559
2021-07-28,0.004549679443068494
2021-07-29,-0.004522080917700082
2021-07-30,-0.0008296556529768122
2021-08-02,0.005583270554213279
2021-08-03,-0.003199222696970628
2021-08-04,0.0031161519352733377
2021-08-05,-0.004320405608652916
2021-08-06,-0.0023625706797339484
2021-08-09,-0.00027153043424448864
2021-08-10,0.002268275411265421
2021-08-11,0.001697022426064548
2021-08-12,0.005684759817591743
2021-08-13,0.002883568405600783
2021-08-16,-0.0047795233474191645
2021-08-17,-0.0068262652581827414
2021-08-18,0.0027706859017216116
2021-08-19,0.005740845619686775
2021-08-20,0.006570013780478058
2021-08-23,-0.0008653267233353339
2021-08-24,-0.0007591104896647694
2021-08-25,-0.0036409888924214587
2021-08-26,0.009892360377707117
2021-08-27,0.003475725809768526
2021-08-30,-0.0026450802335642506
2021-08-31,0.0007931744823704701
2021-09-01,0.003106446147359727
2021-09-02,-0.0019220770620966897
2021-09-03,-0.007310098979003657
2021-09-07,-0.0006763346458143874
2021-09-08,-0.000917151343183044
2021-09-09,-0.007440975739686348
2021-09-10,0.003467985875939417
2021-09-13,-0.00045428656184665913
2021-09-14,0.004650187994373604
2021-09-15,-0.0034039641752686587
2021-09-16,-0.008135223895316623
2021-09-17,-0.00833294605338158
2021-09-20,-0.0005444353482230373
2021-09-21,0.00809477467900707
2021-09-22,0.002159008770068112
2021-09-23,-0.0013673234528836888
2021-09-24,-0.0019578565051948807
2021-09-27,-0.017773150729890864
2021-09-28,0.00044765544791068026
2021-09-29,-0.005058956683883148
2021-09-30,0.009558160178625966
2021-10-01,-0.00840741477605845
2021-10-04,0.005342092770376067
2021-10-05,0.003999621747234067
2021-10-06,0.003917575498577166
2021-10-07,-0.0018949944957144243
2021-10-08,-0.005718092005523139
2021-10-11,0.003510121586876099
2021-10-12,0.010544764143466792
2021-10-13,0.012651143132472946
2021-10-14,0.001522326709311531
2021-10-15,0.0020403967865300593
2021-10-18,0.004632383420283342
2021-10-19,0.003811810250016802
2021-10-20,0.0015245128538170177
2021-10-21,0.001589076271785552
2021-10-22,0.004969383102053868
2021-10-25,-3.217198727450336e-05
2021-10-26,-0.0007808473815043727
2021-10-27,0.006335292091750936
2021-10-28,1.503450057852647e-05
2021-10-29,0.0015220441659348585
2021-11-01,0.0028370344104263288
2021-11-02,0.001551881442739683
2021-11-03,0.006468700450380853
2021-11-04,0.006784748157523267
2021-11-05,0.001126746928101427
2021-11-08,0.0011617393015094439
2021-11-09,-0.009727283078602003
2021-11-10,0.00013441747747143073
2021-11-11,0.00520144134865452
2021-11-12,-0.0013337869941159406
2021-11-15,0.001058401770079067
2021-11-16,0.000906015578786652
2021-11-17,0.00210596937525972
2021-11-18,-0.001737896655571922
2021-11-19,-0.007688272917795118
2021-11-22,-0.0022668548358839176
2021-11-23,0.0032677433104524854
2021-11-24,-0.013616644405636782
2021-11-26,0.007451284611888528
2021-11-29,-0.013594562058631885
2021-11-30,-0.006407631507921141
2021-12-01,0.009654263397957033
2021-12-02,-0.0027332423645250684
2021-12-03,0.004660875367658386
2021-12-06,0.012480624489971935
2021-12-07,-0.0024807645886726864
2021-12-08,-0.003654413788805118
2021-12-09,0.006165329577332836
2021-12-10,-0.0024347964112485347
2021-12-13,-0.006948239926060166
2021-12-14,0.010175196066540344
2021-12-15,-0.005501923668377538
2021-12-16,-0.004780060630500403
2021-12-17,-0.009575302396531277
2021-12-20,0.011347396355988013
2021-12-21,0.00858619424559797
2021-12-22,0.002275908045747424
2021-12-23,0.010560093225625162
2021-12-27,-0.0017820627204036175
2021-12-28,-0.001829566109569459
2021-12-29,0.00046392176712490945
2021-12-30,-0.00020888542501781631
2021-12-31,-0.002205174150019269
2022-01-03,0.0003130937586627203
2022-01-04,-0.015083603583445036
2022-01-05,-0.0006273794349796542
2022-01-06,-0.004349547665440942
2022-01-07,-0.00010548553656941617
2022-01-10,0.009459140737506196
2022-01-11,9.594145089653321e-05
2022-01-12,-0.0011845278595822828
2022-01-13,-0.0069350210060651965
2022-01-14,-0.010652045883948727
2022-01-18,0.005709559771647936
2022-01-19,-0.001242387632682962
2022-01-20,-0.0014419409961688087
2022-01-21,-0.00025354147620781963
2022-01-24,-0.0025755932160177577
2022-01-25,-0.011220426140939354
2022-01-26,0.0013400797611204315
2022-01-27,0.005210265212528044
2022-01-28,0.004512691425614671
2022-01-31,0.000665811835361037
2022-02-01,0.005037343282303295
2022-02-02,-0.009546530164620065
2022-02-03,-0.004146113436148726
2022-02-04,0.0020703626776660874
2022-02-07,0.00048272748232486545
2022-02-08,0.005579796755491619
2022-02-09,-0.012210101464537007
2022-02-10,0.007536051265097642
2022-02-11,-0.0038688385266586224
2022-02-14,-0.003898763412837213
2022-02-15,0.0062466625920247175
2022-02-16,0.002348864798508761
2022-02-17,0.0022513976311343852
2022-02-18,-0.0009294364357245
2022-02-22,-0.008358505061327619
2022-02-23,0.001696665027341069
2022-02-24,0.00456016872100683
2022-02-25,0.011581058296237146
2022-02-28,0.007096075747012891
2022-03-01,-0.012883241045992352
2022-03-02,0.004860398538840964
2022-03-03,0.010319662831875246
2022-03-04,-0.005018860972197984
2022-03-07,0.004116243863356107
2022-03-08,-0.008309828227936843
2022-03-09,-0.0054573982501925355
2022-03-10,-0.00455103321861851
2022-03-11,-0.016421727252593277
2022-03-14,-0.0022319309727476264
2022-03-15,0.011496991583515323
2022-03-16,0.00208388440317235
2022-03-17,0.0040453619694480235
2022-03-18,-0.006124147488488393
2022-03-21,-0.004677695362285817
2022-03-22,0.010007918315960013
2022-03-23,0.0034470761577911017
2022-03-24,0.001192481739637731
2022-03-25,0.002138413933685307
2022-03-28,0.009448300092585774
2022-03-29,-0.001957313443850017
2022-03-30,-0.01053767109859803
2022-03-31,0.0010837980085869174
2022-04-01,0.0062407686034447836
2022-04-04,-0.01244046285514616
2022-04-05,-0.007379223431414383
2022-04-06,0.0035178783328969846
2022-04-07,-0.0017140217869754475
2022-04-08,-0.011564345641379556
2022-04-11,0.0001618120076108758
2022-04-12,0.007533607654713753
2022-04-13,-0.011307484216273523
2022-04-14,0.00013696467517979787
2022-04-18,0.0019346866505933185
2022-04-19,0.005079156493599043
2022-04-20,-0.010087650098523348
2022-04-21,-0.018104903566007722
2022-04-22,-0.0023256531582060034
2022-04-25,-0.0032318487430964297
2022-04-26,-0.006850484579195804
2022-04-27,0.008911021286734959
2022-04-28,-0.014029470985928898
2022-04-29,-0.01210544961895806
2022-05-02,0.00455346476867644
2022-05-03,0.01333256951363019
2022-05-04,-0.02029805130556284
2022-05-05,-0.0060306071058641485
2022-05-06,-0.010903939736284694
2022-05-09,0.00034468996315760014
2022-05-10,0.0059312910492964966
2022-05-11,-0.00709559911422229
2022-05-12,-0.002562428163338656
2022-05-13,0.0024185754418712653
2022-05-16,-0.0016841935708521096
2022-05-17,-0.0026913974186084442
2022-05-18,0.005137520663043937
2022-05-19,0.004338406594117252
2022-05-20,0.0006832230573901035
2022-05-23,0.007920703855742409
2022-05-24,0.0011611290434071337
2022-05-25,0.002618296200432211
2022-05-26,0.007125017493144991
2022-05-27,-0.01286994578765998
2022-05-31,0.00010884140100829312
2022-06-01,0.009790356185306518
2022-06-02,-0.008971675379381988
2022-06-03,-0.007520923648837372
2022-06-06,0.008745222546471837
2022-06-07,-0.006218103007303446
2022-06-08,-0.0061292339127352715
2022-06-09,-0.0042041728177397335
2022-06-10,-0.03154262222685334
2022-06-13,-0.008411400120801035
2022-06-14,0.015195175825757959
2022-06-15,-0.001174176372411597
2022-06-16,-0.0016383680998783277
2022-06-17,-0.0012660953831952883
2022-06-21,0.010632415372147676
2022-06-22,0.002842950182990154
2022-06-23,0.00254639840245786
2022-06-24,-0.004401704366416542
2022-06-27,-0.004193884893254677
2022-06-28,0.004910357506184985
2022-06-29,-0.0014173184078025139
2022-06-30,0.005872717690411828
2022-07-01,-0.005364280539310968
2022-07-05,-0.011471402949085333
2022-07-06,0.00891775316767518
2022-07-07,-0.0015407981863932475
2022-07-08,-0.007101995453825862
2022-07-11,-0.006115896078992185
2022-07-12,-0.0010884889887279622
2022-07-13,-0.007098207133815429
2022-07-14,0.005891477990922739
2022-07-15,-0.005361301848686882
2022-07-18,0.005725788321603114
2022-07-19,-0.0012729248808927974
2022-07-20,0.014132526431855696
2022-07-21,0.004501715737991768
2022-07-22,-0.004235079602216982
2022-07-25,-0.0031816844907412065
2022-07-26,0.00849044956174207
2022-07-27,0.010735926055440947
2022-07-28,0.0037888536573959792
2022-07-29,0.009848336270915258
2022-08-01,-0.011522465439933731
2022-08-02,0.010326249855051668
2022-08-03,0.006275713052931144
2022-08-04,-0.013378834102831375
2022-08-05,0.008687716881068832
2022-08-08,-0.0011357931096485285
2022-08-09,0.0018969386113279589
2022-08-10,-0.009311477162559288
2022-08-11,0.011390694318639446
2022-08-12,-0.004455299579798493
2022-08-15,0.001240718889464124
2022-08-16,-0.008048821208024031
2022-08-17,0.00019599375104853824
2022-08-18,-0.012003092493004167
2022-08-19,-0.009102830341861063
2022-08-22,0.00024957134944580744
2022-08-23,-0.0005940718815399049
2022-08-24,0.009571892357947375
2022-08-25,-0.010871523776373232
2022-08-26,-0.0043188598164065
2022-08-29,-0.005241245970619982
2022-08-30,-0.008374227303524122
2022-08-31,-0.009215404410176318
2022-09-01,0.0028306397766748757
2022-09-02,-0.01206581299710342
2022-09-06,0.013990359787671647
2022-09-07,-0.004387964857084095
2022-09-08,0.006738163887837224
2022-09-09,0.0018069478989591486
2022-09-12,-0.015539185156978781
2022-09-13,0.0006107919159680693
2022-09-14,-0.010623754795304884
2022-09-15,-0.0026308224157993274
2022-09-16,0.003055473172794166
2022-09-19,-0.008682385352922836
2022-09-20,0.0032684423540383497
2022-09-21,-0.011398149503815099
2022-09-22,-0.009768679300480775
2022-09-23,-0.013919417959369016
2022-09-26,-0.009159305535389845
2022-09-27,0.02462754446141331
2022-09-28,-0.007171414921161182
2022-09-29,-0.008418471861561048
2022-09-30,0.02163999475460631
2022-10-03,0.012340681474603137
2022-10-04,-0.006166951675215674
2022-10-05,-0.004993730912801314
2022-10-06,-0.014896366908950333
2022-10-07,-0.01352739742117417
2022-10-10,-0.0008666496288826709
2022-10-11,0.0030211239180891413
2022-10-12,0.00036880345866505994
2022-10-13,-0.013677593998741269
2022-10-14,0.005783497975008291
2022-10-17,0.004599439911873884
2022-10-18,-0.013604319368578657
2022-10-19,-0.00877290218281155
2022-10-20,0.00670552716128877
2022-10-21,-0.0011635859030139134
2022-10-24,0.0149146101631725
2022-10-25,0.005653406601081359
2022-10-26,0.0016871616443847942
2022-10-27,-0.0006414813743880034
2022-10-28,-0.00759395921785524
2022-10-31,0.006220025848864753
2022-11-01,-0.010675278598492323
2022-11-02,-0.006006902944480376
2022-11-03,0.009736293587272165
2022-11-04,-0.0027174885492011343
2022-11-07,0.014286278605920103
2022-11-08,-0.006067605110864417
2022-11-09,0.038583531501152
2022-11-10,0.003757132800489076
2022-11-11,-0.0021208548738077607
2022-11-14,0.009145274286108278
2022-11-15,0.004737395530797289
2022-11-16,-0.007396592158673668
2022-11-17,-0.004049844718764015
2022-11-18,-0.0016808359377617215
2022-11-21,0.008743161122006647
2022-11-22,0.010107559286615261
2022-11-23,-0.0009011058897569759
2022-11-25,-0.006210427567552576
2022-11-28,-0.0025867668318227456
2022-11-29,0.015398720001502775
2022-11-30,0.018109147537215396
2022-12-01,0.002700822508049236
2022-12-02,-0.016398492869399726
2022-12-05,0.001942758928414695
2022-12-06,0.011324953665546058
2022-12-07,0.0013268870660222412
2022-12-08,-0.00968505341117119
2022-12-09,0.0013781208912475285
2022-12-12,0.012023337009466652
2022-12-13,-0.0010861458657677944
2022-12-14,-0.011426241767762359
2022-12-15,-0.0034324799391098433
2022-12-16,-0.009189579856078331
2022-12-19,0.0006544768036028737
2022-12-20,0.0039260644294585225
2022-12-21,-0.008523194818921569
2022-12-22,-0.002537766481885262
2022-12-23,-0.004619679763522294
2022-12-27,-0.007001036679179977
2022-12-28,0.010643458453650775
2022-12-29,-0.002707639397853844
2022-12-30,0.008896083541997753
2023-01-03,0.010432308137470328
2023-01-04,-0.006421384202257431
2023-01-05,0.019462473717414233
2023-01-06,0.002613761425735859
2023-01-09,-0.0026262163568990336
2023-01-10,0.008509775255560022
2023-01-11,0.009165608491813276
2023-01-12,0.0024442873940293194
2023-01-13,-0.005354711483783768
2023-01-17,0.0032511993255691972
2023-01-18,0.002273116150151705
2023-01-19,-0.0024424154557868456
2023-01-20,0.002087823102845355
2023-01-23,0.006173802694442733
2023-01-24,0.0027786217162167398
2023-01-25,-0.0025380297199712265
2023-01-26,-0.0008683468822788762
2023-01-27,-0.005466025421435695
2023-01-30,0.007887914733185723
2023-01-31,0.011832587007101537
2023-02-01,-0.004322338395471486
2023-02-02,-0.01805549914734946
2023-02-03,-0.0033042028179328074
2023-02-06,0.0007961079852918411
2023-02-07,-9.955407708541354e-05
2023-02-08,-0.00868570841368067
2023-02-09,-0.002593566463352234
2023-02-10,0.00381480955124827
2023-02-13,-0.0006203287541699644
2023-02-14,-0.006474383652181237
2023-02-15,-0.008788227508540046
2023-02-16,0.003278786352322441
2023-02-17,-0.013433810643431975
2023-02-21,0.0005911887939638698
2023-02-22,0.004517602186924331
2023-02-23,-0.010153354660184149
2023-02-24,0.003384221291876744
2023-02-27,0.0024789745539946953
2023-02-28,-0.0024388914192336212
2023-03-01,-0.001414851860563374
2023-03-02,0.016621996141403157
2023-03-03,-0.0045738536779923004
2023-03-06,-0.008775957927873104
2023-03-07,0.0005617767605053409
2023-03-08,0.00012319023921765135
2023-03-09,0.016766668731466025
2023-03-10,0.009513676173863738
2023-03-13,-0.00402677926906643
2023-03-14,0.008235260376766012
2023-03-15,0.0024067146038166507
2023-03-16,0.013755467082838979
2023-03-17,-0.0005481140170870089
2023-03-20,-0.007381189552416009
2023-03-21,0.007088455530389271
2023-03-22,0.005659032512115013
2023-03-23,-0.001414095887965182
2023-03-24,-0.011572908607656245
2023-03-27,0.003337275045662002
2023-03-28,0.0009145587906759438
2023-03-29,0.006665763867601019
2023-03-30,0.006613190847823868
2023-03-31,0.005464442401705209
2023-04-03,0.00773271071700756
2023-04-04,0.0026653245550384607
2023-04-05,-0.000986435445746015
2023-04-06,-0.008404065198817973
2023-04-10,0.003307795226368089
2023-04-11,0.0005682135866467886
2023-04-12,0.005907656478625718
2023-04-13,-0.010975130812431932
2023-04-14,-0.0019416871696452916
2023-04-17,0.0021994762558042143
2023-04-18,-0.0017136096052301367
2023-04-19,0.0001458737850202937
2023-04-20,-0.0037198490852652943
2023-04-21,0.00357109393769974
2023-04-24,-0.0035590465074659323
2023-04-25,-0.005901188048438908
2023-04-26,0.007878231192688073
2023-04-27,0.00753097689523215
2023-04-28,-0.007707281688515061
2023-05-01,0.005005361828008187
2023-05-02,0.00020240465087951456
2023-05-03,-0.003437114810018065
2023-05-04,0.003773911131449605
2023-05-05,-0.0023217267008431046
2023-05-08,-0.0007957988390971042
2023-05-09,0.0038333352151120313
2023-05-10,-0.001355354581398147
2023-05-11,-0.0028499991790510923
2023-05-12,0.00028151444201797763
2023-05-15,-0.0077278818761001445
2023-05-16,0.004408404920635017
2023-05-17,-0.0006108562054340681
2023-05-18,0.0008076230385229751
2023-05-19,-0.001213665783937357
2023-05-22,-0.004708264904293493
2023-05-23,-0.00705826260630486
2023-05-24,0.0009139494499652095
2023-05-25,0.009239056238657603
2023-05-26,0.004030121382840122
2023-05-30,-0.0005833352832168316
2023-05-31,0.007871472365106026
2023-06-01,0.0005178855796393357
2023-06-02,0.00046871455553959096
2023-06-05,0.0025920616025488724
2023-06-06,-0.008347863063645709
2023-06-07,0.009278370350968582
2023-06-08,-0.0001845221800712574
2023-06-09,0.004839502290262742
2023-06-12,-0.000918796499924926
2023-06-13,0.0023555125490107966
2023-06-14,0.010174491929728503
2023-06-15,-0.0029462759643298616
2023-06-16,-0.004343047447113215
2023-06-20,-0.0025193203384091816
2023-06-21,-0.003617041534923438
2023-06-22,-0.0009842996859125383
2023-06-23,-0.0013128391368358798
2023-06-26,0.0035478547552981084
2023-06-27,0.00041028007882435704
2023-06-28,-0.0019974649355085747
2023-06-29,0.010203295675848038
2023-06-30,-0.00022572559541393487
2023-07-03,-0.003714568725787151
2023-07-05,-0.007674976371153529
2023-07-06,-0.00022953827906988748
2023-07-07,0.0017612107913076579
2023-07-10,0.005321810639994711
2023-07-11,0.010255954272039323
2023-07-12,0.0062586823730196115
2023-07-13,-0.002450183675273677
2023-07-14,0.0013257270652127944
2023-07-17,0.008024689755241227
2023-07-18,0.003406332985382841
2023-07-19,-0.007294527337946668
2023-07-20,-0.0008618145593319793
2023-07-21,0.00021286420704744137
2023-07-24,0.0026535432926432477
2023-07-25,0.0017346562791076144
2023-07-26,-0.012005931871623987
2023-07-27,0.008280813166858473
2023-07-28,0.0022386451691152405
2023-07-31,-0.007862991788782667
2023-08-01,-0.010588673392358795
2023-08-02,-0.006203550941693049
2023-08-03,0.002329096611328961
2023-08-04,0.0016838585144100865
2023-08-07,-0.001778095330159955
2023-08-08,-0.003753226474153897
2023-08-09,-0.0034611959490476376
2023-08-10,-0.0007524655003328533
2023-08-11,0.0013979391142221974
2023-08-14,-0.007878640203979544
2023-08-15,-0.006991438294688993
2023-08-16,-0.00514066687605552
2023-08-17,0.0009969879980989281
2023-08-18,0.0013788401164340507
2023-08-21,0.000667277638745872
2023-08-22,0.013467082948436009
2023-08-23,-0.008368532791721547
2023-08-24,0.003776466747708146
2023-08-25,0.004230740173186167
2023-08-28,0.012158361184380339
2023-08-29,0.002597049553289774
2023-08-30,-0.0003399233304016182
2023-08-31,-0.002058500857453873
2023-09-01,-0.007448553291476522
2023-09-05,-0.0042446615136289105
2023-09-06,-0.0006631411198283043
2023-09-07,0.0016179990448482345
2023-09-08,0.0023865755368482544
2023-09-11,-0.0031519075628195893
2023-09-12,-0.00015361260323485662
2023-09-13,0.002996259088906734
2023-09-14,-0.005308596583242196
2023-09-15,0.0031912034237762893
2023-09-18,-0.0028039609468986514
2023-09-19,-0.003776334720923695
2023-09-20,-0.015717596370395652
2023-09-21,0.001436537440522937
2023-09-22,-0.00443433126102226
2023-09-25,-0.01050343966445624
2023-09-26,-0.0045715142709619756
2023-09-27,0.0019973985078761683
2023-09-28,-0.004291050207136434
2023-09-29,-0.006741489773600445
2023-10-02,-0.011955158853828455
2023-10-03,0.006393969404076148
2023-10-04,-0.0017380519630030432
2023-10-05,0.005005077304133427
2023-10-06,0.013296133462533942
2023-10-09,0.0018150687979834731
2023-10-10,0.00836119638997839
2023-10-11,-0.009474394201863615
2023-10-12,0.01761553589361745
2023-10-13,-0.005012865444830129
2023-10-16,-0.003149113663625966
2023-10-17,-0.000699645358040425
2023-10-18,-0.00456659079690453
2023-10-19,-1.8380856124697743e-05
2023-10-20,0.002392739887911273
2023-10-23,0.006415782987921168
2023-10-24,-0.009813428417752665
2023-10-25,0.002946887030626776
2023-10-26,0.0019990432747421707
2023-10-27,-0.0008712928028166735
2023-10-30,-0.002336207630674046
2023-10-31,0.008897365386773784
2023-11-01,0.013962587303559848
2023-11-02,0.006087822942848733
2023-11-03,-0.005966290502722793
2023-11-06,0.004173813645604566
2023-11-07,0.0020875965117903373
2023-11-08,-0.008511909397029106
2023-11-09,0.0014378234196501067
2023-11-10,0.0011872587238075235
2023-11-13,0.016200726375091835
2023-11-14,-0.005473773422043833
2023-11-15,0.009117306057504274
2023-11-16,0.0019036048229320076
2023-11-17,0.003394520347048948
2023-11-20,0.003596089026345869
2023-11-21,0.0004894027226562312
2023-11-22,-0.0019165919203748046
2023-11-24,0.00803350562111864
2023-11-27,0.006234162860405154
2023-11-28,0.004787853105490929
2023-11-29,-0.0047547382677315805
2023-11-30,0.01485487736467618
2023-12-01,-0.011451284525060184
2023-12-04,0.0058763120135468085
2023-12-05,0.005093030235212748
2023-12-06,0.000546156192091475
2023-12-07,-0.007175287811283088
2023-12-08,-0.004212570871496178
2023-12-11,0.001958636705093323
2023-12-12,0.02046559346559061
2023-12-13,0.012127403476636496
2023-12-14,-0.0037069755079182213
2023-12-15,0.0004164978054384265
2023-12-18,0.0061128609313492975
2023-12-19,-0.003309604017450301
2023-12-20,0.0029558677831293023
2023-12-21,0.0006761170731988332
2023-12-22,0.005083789946882862
2023-12-26,0.008410266550551953
2023-12-27,-0.00478980879420964
2023-12-28,-0.0045233333701541496
2023-12-29,-0.004369183409003787
2024-01-02,-0.003942063806754926
2024-01-03,-0.005763770428290022
2024-01-04,-0.002958732990066552
2024-01-05,0.003841096204242231
2024-01-08,-0.002490486619480679
2024-01-09,-0.0011403057205217645
2024-01-10,0.002638158919249621
2024-01-11,0.003383407543027599
2024-01-12,-0.006258320147506942
2024-01-16,-0.006378458976006704
2024-01-17,0.0050187049750333385
2024-01-18,0.0077284983601587
2024-01-19,0.0011073491434383592
2024-01-22,0.0010325668096664842
2024-01-23,-0.0031130392384892307
2024-01-24,0.005203437276203747
2024-01-25,-0.0012276935829319295
2024-01-26,0.008344322373658895
2024-01-29,0.00183209042275651
2024-01-30,-0.006494355206158032
2024-01-31,0.013490986715563452
2024-02-01,-0.0020805495297871487
2024-02-02,-0.007562730475505705
2024-02-05,0.00495807281353731
2024-02-06,0.003103035198051548
2024-02-07,-0.001216112401327535
2024-02-08,0.001311748150276769
2024-02-09,-0.0007698451157732324
2024-02-12,-0.014556472049086317
2024-02-13,0.005359694845404683
2024-02-14,0.006479993182980889
2024-02-15,-0.002560296882236356
2024-02-16,-0.000774101156801674
2024-02-20,-0.000958236739508865
2024-02-21,0.011344049261286755
2024-02-22,0.004695008212076771
2024-02-23,-0.003100870658434427
2024-02-26,-0.000806353704128891
2024-02-27,0.0011465959879128004
2024-02-28,0.004741820226242879
2024-02-29,0.011534902911847899
2024-03-01,0.0034709053774309756
2024-03-04,-0.0003932550832707021
2024-03-05,0.00615204637316788
2024-03-06,0.0064514323183884935
2024-03-07,-0.0008398317863004203
2024-03-08,1.5285902792147002e-05
2024-03-11,0.0003704861473463575
2024-03-12,0.00033850750336869486
2024-03-13,-0.005339715728950861
2024-03-14,-0.004469569886824792
2024-03-15,0.0028396812397110138
2024-03-18,0.0029860855977119085
2024-03-19,0.008091228331148509
2024-03-20,0.0017679995004213896
2024-03-21,-0.0014617111046393819
2024-03-22,-0.0014292696745093262
2024-03-25,0.000599557620992119
2024-03-26,0.008322592137774434
2024-03-27,0.003580709384207575
2024-03-28,-0.0015872717859750024
2024-04-01,0.00010505224849653109
2024-04-02,0.0031256583383587697
2024-04-03,-0.006436603394448239
2024-04-04,0.007483828645321841
2024-04-05,0.0021204884016590283
2024-04-08,0.004074455615195801
2024-04-09,-0.012291315467497468
2024-04-10,0.008622259791219151
2024-04-11,-0.00988181124228231
2024-04-12,-0.003865244560902685
2024-04-15,-0.0016994243379803635
2024-04-16,-0.0005791497584461971
2024-04-17,-0.0010176930665633144
2024-04-18,-0.002726120570733704
2024-04-19,-0.00325712171282576
2024-04-22,0.005227246294200991
2024-04-23,-0.002216141338700891
2024-04-24,-0.0015270163685014652
2024-04-25,0.0067309824111473175
2024-04-26,0.0028279550518861126
2024-04-29,-0.0157412253330291
2024-04-30,0.0025490089471992836
2024-05-01,0.004583784470152688
2024-05-02,0.007933825395026356
2024-05-03,0.009053652106835333
2024-05-06,0.00038397300106018484
2024-05-07,-0.002051105420643742
2024-05-08,0.008542506086244612
2024-05-09,0.001938975719116045
2024-05-10,-0.0028027126008476257
2024-05-13,0.005942630049547455
2024-05-14,0.012691576406262442
2024-05-15,-0.002395663794378988
2024-05-16,0.004274996625629079
2024-05-17,0.0011887918387048263
2024-05-20,0.0018123204055090051
2024-05-21,-0.006764989798768761
2024-05-22,-0.011000437772291208
2024-05-23,0.004167260166221629
2024-05-24,0.0005988940115364766
2024-05-28,-0.00875289200981835
2024-05-29,-0.0008356876192113709
2024-05-30,0.004122426354093179
2024-05-31,0.006279950348770404
2024-06-03,0.0001760400571538109
2024-06-04,0.010902517135004923
2024-06-05,0.0018997012416630138
2024-06-06,-0.015212089109801395
2024-06-07,0.0029427526028661514
2024-06-10,0.0041161884815339765
2024-06-11,0.006384470215681892
2024-06-12,0.0014691149546990573
2024-06-13,0.0058430227149532145
2024-06-14,0.0004061989497268065
2024-06-17,0.0042952803650406594
2024-06-18,0.001025531913149142
2024-06-20,-0.0053550993787980046
2024-06-21,0.00036409818107578694
2024-06-24,0.0007682290886357774
2024-06-25,-0.005035312031463607
2024-06-26,0.004962363102366569
2024-06-27,-0.005699646818052697
2024-06-28,-0.0016737563448578066
2024-07-01,0.004890884832207762
2024-07-02,0.008198779026814786
2024-07-03,0.008542949920547343
2024-07-05,-0.002735532048699363
2024-07-08,0.00010826118550045437
2024-07-09,0.006646653071295587
2024-07-10,0.0028769710601040115
2024-07-11,0.003809022862611272
2024-07-12,2.711948158027244e-05
2024-07-15,0.011676893240293282
2024-07-16,-0.0053173739823080875
2024-07-17,-0.007312334737476508
2024-07-18,-0.009446114176553062
2024-07-19,0.006455156973733568
2024-07-22,-0.0005373905183886531
2024-07-23,-0.017835087200169523
2024-07-24,-0.005710076770520358
2024-07-25,0.010267052092077216
2024-07-26,0.0009444651258531146
2024-07-29,0.0012097977995163807
2024-07-30,0.015481958843274815
2024-07-31,-0.0064480796971104395
2024-08-01,-0.003831834311663395
2024-08-02,-0.01755458021121864
2024-08-05,-0.0023456454527473456
2024-08-06,-0.004970277304141569
2024-08-07,0.014862927832010191
2024-08-08,0.0048982481038149185
2024-08-09,0.006088364482309811
2024-08-12,0.009077977478803623
2024-08-13,0.0003684184595492551
2024-08-14,0.007817112325792065
2024-08-15,0.008460992341231653
2024-08-16,0.005187722133321416
2024-08-19,0.0018726782561202687
2024-08-20,0.001436445686548706
2024-08-21,-0.009548969633892415
2024-08-22,0.01003590191857374
2024-08-23,-0.0007468162659882227
2024-08-26,0.0011502044660697942
2024-08-27,-0.00527170287126584
2024-08-28,0.0009390368183550525
2024-08-29,0.0004607389946037748
2024-08-30,-0.008452171118648847
2024-09-03,0.0017194480604035525
2024-09-04,0.0023998046125771216
2024-09-05,-0.010735928169035843
2024-09-06,0.007688073799174994
2024-09-09,0.004886796096139671
2024-09-10,0.004466818445550094
2024-09-11,0.008481899864819916
2024-09-12,0.00611150924815995
2024-09-13,0.0025369049860975283
2024-09-16,-0.0024291130347022915
2024-09-17,-0.006301843720927726
2024-09-18,0.012422621191605608
2024-09-19,0.002157030812356903
2024-09-20,0.0018943284272346114
2024-09-23,0.005305020054785828
2024-09-24,-0.0026155655561182416
2024-09-25,0.004075209869201178
2024-09-26,-0.0024165050357809765
2024-09-27,-0.0013657255138720624
2024-09-30,7.038731222575902e-05
2024-10-01,-0.0027750719629668747
2024-10-02,-0.004047093784715777
2024-10-03,-0.002869787661144666
2024-10-04,-0.006275183632659225
2024-10-07,-1.6326228820079305e-05
2024-10-08,-0.002454140379220391
2024-10-09,0.0011147184476973603
2024-10-10,0.00441777935243491
2024-10-11,0.0016451961084691822
