,SPY,TLT,GLD,regime
2008-01-07,0.3499999997348062,0.3999999980445119,0.2500000022206338,Bull
2008-01-08,0.24999994985916318,0.5999954709969714,0.15000457914386567,Crisis
2008-01-09,0.24999998989955935,0.59999990568999,0.15000010441045045,Crisis
2008-01-10,0.24999995725574306,0.5999997754189942,0.15000026732526248,Crisis
2008-01-11,0.24999997896279685,0.5999998056368,0.15000021540040545,Crisis
2008-01-14,0.2499999377658389,0.5999995906473077,0.15000047158685348,Crisis
2008-01-15,0.24999996992118356,0.5999996551921679,0.15000037488665127,Crisis
2008-01-16,0.24999997541023977,0.5999997254348921,0.15000029915486873,Crisis
2008-01-17,0.24999998018377456,0.5999997895122565,0.15000023030397094,Crisis
2008-01-18,0.24999998330317486,0.5999998344943959,0.15000018220243028,Crisis
2008-01-22,0.24999992714667774,0.5999995836404559,0.15000048921286657,Crisis
2008-01-23,0.24999996859986903,0.599999638243,0.15000039315713312,Crisis
2008-01-24,0.24999997157906137,0.5999997050454063,0.15000032337553254,Crisis
2008-01-25,0.2499998723254172,0.599998803383472,0.15000132429111074,Crisis
2008-01-28,0.2499999535330972,0.5999988398731062,0.15000120659379684,Crisis
2008-01-29,0.24999995990893922,0.5999989473576973,0.15000109273336332,Crisis
2008-01-30,0.24999996479385103,0.5999990412190523,0.15000099398709688,Crisis
2008-01-31,0.24999984840526385,0.5999976738524184,0.1500024777423177,Crisis
2008-02-01,0.2499999127107748,0.5999977676209692,0.15000231966825628,Crisis
2008-02-04,0.24999990330965757,0.5999978636877603,0.1500022330025821,Crisis
2008-02-05,0.2499998951686675,0.5999978998301412,0.1500022050011918,Crisis
2008-02-06,0.2499998708324573,0.5999980017471789,0.15000212742036378,Crisis
2008-02-07,0.2499998594348798,0.5999980717153801,0.15000206884974018,Crisis
2008-02-08,0.249999902409132,0.5999976788132793,0.15000241877758863,Crisis
2008-02-11,0.2499999121045503,0.599997264508787,0.15000282338666313,Crisis
2008-02-12,0.24999990594975008,0.5999970289840049,0.15000306506624492,Crisis
2008-02-13,0.2499999126152398,0.5999968873542242,0.15000320003053605,Crisis
2008-02-14,0.249999920592314,0.5999966448995273,0.15000343450815914,Crisis
2008-02-15,0.2499999156891999,0.5999957730889783,0.1500043112218217,Crisis
2008-02-19,0.2499999027390925,0.5999946290648742,0.15000546819603353,Crisis
2008-02-20,0.2499998858610937,0.5999928593348743,0.15000725480403218,Crisis
2008-02-21,0.2499998696335713,0.5999916856402977,0.15000844472613165,Crisis
2008-02-22,0.24999983748076465,0.599987051379427,0.15001311113980825,Crisis
2008-02-25,0.2499999439935142,0.599985787180321,0.1500142688261646,Crisis
2008-02-26,0.24999996270689412,0.5999852201235322,0.15001481716957357,Crisis
2008-02-27,0.24999993845119103,0.5999836602095415,0.15001640133926744,Crisis
2008-02-28,0.2499999438540251,0.599796843648802,0.1502032124971724,Crisis
2008-02-29,0.2499999158485089,0.5980797824687658,0.15192030168272525,Crisis
2008-03-03,0.2499999605231295,0.5964053710016685,0.15359466847520187,Crisis
2008-03-04,0.24999999441668702,0.5922683198945573,0.15773168568875567,Crisis
2008-03-05,0.24999999172413162,0.5922637788735093,0.157736229402359,Crisis
2008-03-06,0.24999999260777853,0.5903019105448422,0.15969809684737898,Crisis
2008-03-07,0.24999999417011906,0.59029905777671,0.15970094805317134,Crisis
2008-03-10,0.24999999655275132,0.5902977745936164,0.15970222885363253,Crisis
2008-03-11,0.24999998187559144,0.5902796490200818,0.1597203691043268,Crisis
2008-03-12,0.24999998816159727,0.5902735782598943,0.15972643357850816,Crisis
2008-03-13,0.24999999167668802,0.5885781173602345,0.16142189096307769,Crisis
2008-03-14,0.24999997614548064,0.5877216572621664,0.16227836659235292,Crisis
2008-03-17,0.2499999761772168,0.5869590137338087,0.16304101008897454,Crisis
2008-03-18,0.24999996681764722,0.5865949776723227,0.16340505551003015,Crisis
2008-03-19,0.2499999945147677,0.5846223137400905,0.16537769174514172,Crisis
2008-03-20,0.24999999832673492,0.5846217694916959,0.16537823218156947,Crisis
2008-03-24,0.24999998974369284,0.5846130380049029,0.1653869722514041,Crisis
2008-03-25,0.24999998168143645,0.583756285624369,0.16624373269419462,Crisis
2008-03-26,0.24999999850902957,0.5837556996377702,0.1662443018532001,Crisis
2008-03-27,0.24999998894231706,0.5837420894820163,0.1662579215756669,Crisis
2008-03-28,0.24999998109604854,0.5837056183422606,0.16629440056169117,Crisis
2008-03-31,0.2499999872603306,0.5836870969068801,0.16631291583278965,Crisis
2008-04-01,0.24999998259566775,0.5836551760787224,0.16634484132561012,Crisis
2008-04-02,0.24999998763411937,0.5836497992228498,0.16635021314303108,Crisis
2008-04-03,0.24999999812703655,0.5836494418604936,0.1663505600124703,Crisis
2008-04-04,0.24999999823292682,0.5836490895421438,0.16635091222492934,Crisis
2008-04-07,0.24999999727884406,0.5836483202250622,0.16635168249609347,Crisis
2008-04-08,0.24999999635034875,0.5836471555895805,0.1663528480600709,Crisis
2008-04-09,0.24999999754457397,0.5836465404241055,0.1663534620313207,Crisis
2008-04-10,0.2499999988974154,0.5836462910529718,0.16635371004961297,Crisis
2008-04-11,0.249999999011556,0.5836460668243938,0.16635393416405025,Crisis
2008-04-14,0.24999999916108265,0.5836459175144563,0.16635408332446075,Crisis
2008-04-15,0.2499999988698277,0.583645669680378,0.16635433144979433,Crisis
2008-04-16,0.24999999461193273,0.58364246020973,0.1663575451783368,Crisis
2008-04-17,0.2499999985915551,0.5836421142434394,0.1663578871650055,Crisis
2008-04-18,0.24999999883607843,0.5836418554499979,0.1663581457139233,Crisis
2008-04-21,0.24999999867668893,0.5836415472014703,0.16635845412184044,Crisis
2008-04-22,0.2499999967927286,0.5836403226017031,0.16635968060556833,Crisis
2008-04-23,0.24999999660648656,0.5836389833513624,0.16636102004215095,Crisis
2008-04-24,0.24999999832550873,0.5836384843240559,0.16636151735043572,Crisis
2008-04-25,0.24999999958839533,0.5836384075795181,0.16636159283208646,Crisis
2008-04-28,0.2499999991411909,0.5836381887530864,0.16636181210572268,Crisis
2008-04-29,0.24999999908064358,0.5836379426192189,0.1663620583001373,Crisis
2008-04-30,0.24999999968520145,0.5836379044579929,0.1663620958568055,Crisis
2008-05-01,0.24999999972865256,0.5836378699200089,0.1663621303513384,Crisis
2008-05-02,0.24999999965270667,0.5836378280079354,0.16636217233935768,Crisis
2008-05-05,0.24999999859073674,0.5836373612864743,0.16636264012278912,Crisis
2008-05-06,0.24999999863324357,0.5836369206477079,0.16636308071904843,Crisis
2008-05-07,0.24999999836481127,0.5836363162445055,0.16636368539068333,Crisis
2008-05-08,0.24999999886240112,0.5836360168767335,0.16636398426086563,Crisis
2008-05-09,0.24999999928775182,0.5836358543632341,0.16636414634901436,Crisis
2008-05-12,0.24999999675358858,0.5836341496946443,0.1663658535517675,Crisis
2008-05-13,0.24999999599329809,0.5836319118311486,0.16636809217555346,Crisis
2008-05-14,0.24999999870642248,0.5836314041695202,0.16636859712405735,Crisis
2008-05-15,0.24999999868989187,0.583630887324104,0.16636911398600393,Crisis
2008-05-16,0.24999999957781258,0.583630802922593,0.16636919749959417,Crisis
2008-05-19,0.24999999960426295,0.5836307298556366,0.16636927054010042,Crisis
2008-05-20,0.2499999996560653,0.5836306744231423,0.16636932592079218,Crisis
2008-05-21,0.24999999975166046,0.5836306423704237,0.166369357877916,Crisis
2008-05-22,0.24999999956816168,0.5836305739858018,0.1663694264460367,Crisis
2008-05-23,0.24999999961193697,0.5836305074078324,0.1663694929802306,Crisis
2008-05-27,0.24999999931339623,0.5836303383979347,0.16636966228866917,Crisis
2008-05-28,0.24999999969520295,0.583630293693546,0.16636970661125122,Crisis
2008-05-29,0.2499999996070072,0.5836302210816574,0.16636977931133531,Crisis
2008-05-30,0.24999998893572267,0.5836303209740219,0.16636969009025562,Crisis
2008-06-02,0.24999998883366015,0.583630483483485,0.16636952768285515,Crisis
2008-06-03,0.2499999886527409,0.5836306478182337,0.16636936352902545,Crisis
2008-06-04,0.24999998884304878,0.5836308071690139,0.16636920398793734,Crisis
2008-06-05,0.24999998839169832,0.58363086079726,0.16636915081104187,Crisis
2008-06-06,0.24999998837621168,0.5836308960588604,0.16636911556492784,Crisis
2008-06-09,0.24999999971215442,0.583630895095775,0.16636910519209672,Crisis
2008-06-10,0.24999999986098384,0.5836308981302144,0.16636910200880242,Crisis
2008-06-11,0.24999999976534618,0.5836309036077412,0.16636909662691296,Crisis
2008-06-12,0.24999999975462245,0.5836309091197647,0.1663690911256125,Crisis
2008-06-13,0.2499999995628247,0.5836309224236208,0.1663690780135544,Crisis
2008-06-16,0.24999999954426805,0.5836309367099326,0.1663690637457996,Crisis
2008-06-17,0.2499999994037138,0.5836309608116697,0.1663690397846165,Crisis
2008-06-18,0.24999999938388318,0.5836309862523038,0.16636901436381335,Crisis
2008-06-19,0.24999999929365008,0.5836310193728131,0.16636898133353656,Crisis
2008-06-20,0.2499999995077416,0.5836310355047937,0.16636896498746487,Crisis
2008-06-23,0.249999999515403,0.5836310515874938,0.16636894889710335,Crisis
2008-06-24,0.24999999926956812,0.5836310872411392,0.1663689134892926,Crisis
2008-06-25,0.24999999926983388,0.5836311222239242,0.16636887850624194,Crisis
2008-06-26,0.2499999994977856,0.5836311388571377,0.16636886164507692,Crisis
2008-06-27,0.2499999993263389,0.5836311681207424,0.16636883255291868,Crisis
2008-06-30,0.24999999942427759,0.5836311887979223,0.16636881177780022,Crisis
2008-07-01,0.24999999916626248,0.5836312317971655,0.16636876903657213,Crisis
2008-07-02,0.2499999992454924,0.5836312670649023,0.16636873368960528,Crisis
2008-07-03,0.24999999925055988,0.5836313024163567,0.16636869833308338,Crisis
2008-07-07,0.24999999869497053,0.5836313960204544,0.16636860528457462,Crisis
2008-07-08,0.1999999959003787,0.5000000020185033,0.3000000020811181,Bear
2008-07-09,0.2499999996344257,0.5759877566336913,0.17401224373189286,Crisis
2008-07-10,0.24999999528112965,0.5772424981701054,0.17275750654876482,Crisis
2008-07-11,0.24999999844623927,0.5790207793174464,0.17097922223631448,Crisis
2008-07-14,0.24999999393591632,0.5790219924048002,0.1709780136592837,Crisis
2008-07-15,0.24999999408240642,0.5790231603534203,0.17097684556417322,Crisis
2008-07-16,0.24999998809386795,0.5790262494609625,0.1709737624451696,Crisis
2008-07-17,0.24999998981771426,0.5790286953562517,0.17097131482603403,Crisis
2008-07-18,0.2499999933867781,0.5790300411042957,0.17096996550892649,Crisis
2008-07-21,0.24999999419666455,0.5790311662215895,0.17096883958174555,Crisis
2008-07-22,0.24999999188244482,0.5790329647177465,0.17096704339980878,Crisis
2008-07-23,0.24999998102412713,0.5790388355035297,0.170961183472344,Crisis
2008-07-24,0.24999999811445944,0.579040078904231,0.17095992298130894,Crisis
2008-07-25,0.24999999863040964,0.5790409146742742,0.1709590866953164,Crisis
2008-07-28,0.2499999944651799,0.5790418979238785,0.17095810761094157,Crisis
2008-07-29,0.24999999675586435,0.5790423508394976,0.17095765240463798,Crisis
2008-07-30,0.24999999762778832,0.5790426417392586,0.17095736063295358,Crisis
2008-07-31,0.24999999828393552,0.5790428283451481,0.17095717337091676,Crisis
2008-08-01,0.24999999853274596,0.5790429768369411,0.1709570246303125,Crisis
2008-08-04,0.24999999817396562,0.5790431792398254,0.17095682258620867,Crisis
2008-08-05,0.24999999435565334,0.5790441458553323,0.17095585978901437,Crisis
2008-08-06,0.24999999264433448,0.5790455251445734,0.1709544822110923,Crisis
2008-08-07,0.24999999281641136,0.5790468499202127,0.17095315726337587,Crisis
2008-08-08,0.24999999596910083,0.5790474392828181,0.17095256474808118,Crisis
2008-08-11,0.24999999949660648,0.5790474603750121,0.1709525401283816,Crisis
2008-08-12,0.24999999508016016,0.5790481619236528,0.17095184299618665,Crisis
2008-08-13,0.24999999564714973,0.5790487496923785,0.17095125466047206,Crisis
2008-08-14,0.249999996840933,0.579049119428827,0.17095088373024006,Crisis
2008-08-15,0.2499999975085591,0.5790493813604859,0.17095062113095494,Crisis
2008-08-18,0.2499999956011298,0.5790499659673668,0.17095003843150341,Crisis
2008-08-19,0.2499999960952888,0.5790504495723674,0.1709495543323438,Crisis
2008-08-20,0.2499999976429359,0.5790506873219045,0.17094931503515975,Crisis
2008-08-21,0.24999999757307967,0.5790509371224506,0.17094906530446988,Crisis
2008-08-22,0.2499999940424303,0.5790518155733232,0.17094819038424647,Crisis
2008-08-25,0.24999999444615162,0.5790526149127653,0.17094739064108333,Crisis
2008-08-26,0.24999999693525518,0.5790529609598462,0.17094704210489856,Crisis
2008-08-27,0.24999999675457973,0.579053338009095,0.1709466652363256,Crisis
2008-08-28,0.24999999780169951,0.5790535485668028,0.1709464536314977,Crisis
2008-08-29,0.2499999976612434,0.5790537757791865,0.17094622655957029,Crisis
2008-09-02,0.2499999967830966,0.5790541377980382,0.17094586541886525,Crisis
2008-09-03,0.2499999962213854,0.5790545912908843,0.17094541248773037,Crisis
2008-09-04,0.24999999807734222,0.579054761445821,0.17094524047683693,Crisis
2008-09-05,0.24999999657257013,0.579055176108178,0.17094482731925165,Crisis
2008-09-08,0.24999999742975687,0.5790554503558736,0.17094455221436985,Crisis
2008-09-09,0.2499999976459219,0.5790557052865211,0.17094429706755687,Crisis
2008-09-10,0.24999999843595028,0.5790565888194423,0.17094341274460728,Crisis
2008-09-11,0.24999997234171462,0.5791610946932693,0.17083893296501626,Crisis
2008-09-12,0.24999997837270874,0.5792137735370323,0.1707862480902589,Crisis
2008-09-15,0.24999999219156377,0.5792223198315153,0.17077768797692094,Crisis
2008-09-16,0.24999996532518742,0.5792341805835758,0.17076585409123674,Crisis
2008-09-17,0.24999998428988354,0.5792379306073695,0.17076208510274704,Crisis
2008-09-18,0.249999996286738,0.5840370482519374,0.16596295546132503,Crisis
2008-09-19,0.24999999776602877,0.5852037311637728,0.1647962710701985,Crisis
2008-09-22,0.2499999980374035,0.5862946833765912,0.16370531858600576,Crisis
2008-09-23,0.2499999886719263,0.5867049985299652,0.16329501279810824,Crisis
2008-09-24,0.2499999926052033,0.5872453529687401,0.1627546544260563,Crisis
2008-09-25,0.24999998411007357,0.5873721974550425,0.16262781843488414,Crisis
2008-09-26,0.24999998554047148,0.5874463356343752,0.16255367882515345,Crisis
2008-09-29,0.24999999497583228,0.5874544388327898,0.1625455661913776,Crisis
2008-09-30,0.24999998804093682,0.5874587173604114,0.16254129459865185,Crisis
2008-10-01,0.24999999709852186,0.5881645813070822,0.1618354215943961,Crisis
2008-10-02,0.24999999692554634,0.5881700371179264,0.16182996595652732,Crisis
2008-10-03,0.24999999456564517,0.5927262063026383,0.1572737991317169,Crisis
2008-10-06,0.19999999351988834,0.5000000031920097,0.3000000032881022,Bear
2008-10-07,0.24999998994909914,0.5921414660090588,0.15785854404184171,Crisis
2008-10-08,0.24999999518972316,0.592142267731691,0.15785773707858602,Crisis
2008-10-09,0.24999999766404202,0.5921422936435785,0.15785770869237975,Crisis
2008-10-10,0.2499999948757163,0.5921420721546732,0.15785793296961068,Crisis
2008-10-13,0.24999999574788384,0.5941751498249342,0.1558248544271822,Crisis
2008-10-14,0.24999996565636687,0.594177483459767,0.15582255088386626,Crisis
2008-10-15,0.24999997254458334,0.5941787663959893,0.15582126105942753,Crisis
2008-10-16,0.24999993173265161,0.5941789977786305,0.15582107048871807,Crisis
2008-10-17,0.2499999177707677,0.5941793836081227,0.15582069862110956,Crisis
2008-10-20,0.2499999106554477,0.594180126087538,0.1558199632570144,Crisis
2008-10-21,0.2499995349625511,0.5941834613389149,0.15581700369853413,Crisis
2008-10-22,0.24999956878630544,0.5942526108488526,0.1557478203648415,Crisis
2008-10-23,0.24999925773011172,0.5998283303638232,0.15017241190606506,Crisis
2008-10-24,0.24999918701430845,0.599829486441897,0.15017132654379511,Crisis
2008-10-27,0.24982094324581336,0.5999999249860577,0.15017913176812905,Crisis
2008-10-28,0.24858707310762804,0.5999995139140032,0.1514134129783688,Crisis
2008-10-29,0.24075566592897138,0.5999999078933558,0.1592444261776729,Crisis
2008-10-30,0.2405313044892025,0.5999999236845284,0.15946877182626903,Crisis
2008-10-31,0.2404252652134435,0.5999999123453701,0.15957482244118643,Crisis
2008-11-03,0.24042439831361673,0.5999999843382124,0.15957561734817083,Crisis
2008-11-04,0.2404163010445662,0.5999999637686487,0.15958373518678526,Crisis
2008-11-05,0.24041632354343292,0.5999999959202825,0.15958368053629052,Crisis
2008-11-06,0.24041632506639268,0.5999999988641134,0.15958367606949475,Crisis
2008-11-07,0.2402450794381362,0.5999999783636815,0.15975494219818212,Crisis
2008-11-10,0.23977466414341048,0.5999999907858745,0.16022534507071517,Crisis
2008-11-11,0.23973628504904562,0.599999983503572,0.16026373144738226,Crisis
2008-11-12,0.2385115555093103,0.5999999985852406,0.16148844590544903,Crisis
2008-11-13,0.2383674893787248,0.5999999827992712,0.16163252782200394,Crisis
2008-11-14,0.23761399637399233,0.5999999974818676,0.16238600614414014,Crisis
2008-11-17,0.23760999056481283,0.5999999960028929,0.1623900134322941,Crisis
2008-11-18,0.23760632857844421,0.5999999962688712,0.16239367515268446,Crisis
2008-11-19,0.23707903432625005,0.5999999943402824,0.1629209713334676,Crisis
2008-11-20,0.23644465196751338,0.5999999958586494,0.16355535217383693,Crisis
2008-11-21,0.2364507977553477,0.599999900316586,0.16354930192806627,Crisis
2008-11-24,0.2364560708390521,0.5999999885598334,0.1635439406011146,Crisis
2008-11-25,0.2364561149719306,0.5999999989782916,0.16354388604977826,Crisis
2008-11-26,0.23645605667022485,0.5999999991065796,0.16354394422319546,Crisis
2008-11-28,0.23644984454446025,0.5999999798778362,0.16355017557770385,Crisis
2008-12-01,0.2364489113803817,0.5999999983634524,0.16355109025616585,Crisis
2008-12-02,0.23575353558126344,0.5999999978315775,0.164246466587159,Crisis
2008-12-03,0.23432855830333643,0.5999999996839257,0.1656714420127379,Crisis
2008-12-04,0.23361714464480082,0.5999999984241983,0.16638285693100086,Crisis
2008-12-05,0.23332627528793956,0.5999999923523358,0.166673732359725,Crisis
2008-12-08,0.23332601839265477,0.5999999995716188,0.16667398203572648,Crisis
2008-12-09,0.2331937491507996,0.5999999906181762,0.16680626023102427,Crisis
2008-12-10,0.23319160118783858,0.5999999981613338,0.1668084006508279,Crisis
2008-12-11,0.23318993847823388,0.599999996888476,0.16681006463329065,Crisis
2008-12-12,0.23318388867466963,0.5999999921499398,0.16681611917539071,Crisis
2008-12-15,0.23302332896433137,0.5999999924477879,0.16697667858788026,Crisis
2008-12-16,0.23301952249644375,0.5999999942278023,0.16698048327575413,Crisis
2008-12-17,0.23151516764570823,0.5999999839793758,0.16848484837491634,Crisis
2008-12-18,0.2315062235162648,0.5999999860187408,0.1684937904649945,Crisis
2008-12-19,0.23149856560043777,0.5999999861370502,0.16850144826251212,Crisis
2008-12-22,0.2314929572875354,0.5999999891501774,0.16850705356228712,Crisis
2008-12-23,0.23149161634925675,0.599999998769539,0.16850838488120418,Crisis
2008-12-24,0.23149016718967177,0.5999999987684177,0.16850983404191017,Crisis
2008-12-26,0.2314895643281969,0.5999999994013042,0.16851043627049891,Crisis
2008-12-29,0.2314832991527812,0.599999991967007,0.16851670888021186,Crisis
2008-12-30,0.2314680703261954,0.5999999957209461,0.16853193395285837,Crisis
2008-12-31,0.230696222995185,0.5999999991318027,0.1693037778730121,Crisis
2009-01-02,0.2296260456811489,0.5999999994958377,0.17037395482301304,Crisis
2009-01-05,0.22962347826529614,0.5999999922773348,0.17037652945736945,Crisis
2009-01-06,0.1999999998936019,0.5000000000574859,0.30000000004891286,Bear
2009-01-07,0.22693580867288446,0.5999999996428392,0.17306419168427467,Crisis
2009-01-08,0.22703631380854342,0.5999999788547871,0.1729637073366693,Crisis
2009-01-09,0.22731969472139735,0.5999999880912323,0.17268031718737006,Crisis
2009-01-12,0.22735334583990907,0.5999999841337775,0.17264667002631368,Crisis
2009-01-13,0.2274508749416025,0.5999999827023472,0.17254914235605062,Crisis
2009-01-14,0.2274911576179974,0.5999999845600897,0.17250885782191294,Crisis
2009-01-15,0.2275256411214999,0.5999999849714991,0.17247437390700057,Crisis
2009-01-16,0.22753069979257723,0.5999999944750062,0.17246930573241648,Crisis
2009-01-20,0.22753110350829409,0.5999999990484544,0.1724688974432516,Crisis
2009-01-21,0.22753111594419798,0.5999999997841173,0.17246888427168536,Crisis
2009-01-22,0.22753281150374827,0.5999999896563195,0.17246719883993267,Crisis
2009-01-23,0.2275329982803454,0.5999999977035648,0.17246700401608958,Crisis
2009-01-26,0.227537558322195,0.5999999801490905,0.17246246152871444,Crisis
2009-01-27,0.22753880146567876,0.5999999923123621,0.1724612062219591,Crisis
2009-01-28,0.22753885854118128,0.5999999989156795,0.17246114254313963,Crisis
2009-01-29,0.22754429656628597,0.599999968768861,0.17245573466485345,Crisis
2009-01-30,0.2275440269952257,0.599999994670664,0.17245597833411055,Crisis
2009-02-02,0.22754394881960227,0.5999999976797473,0.17245605350065055,Crisis
2009-02-03,0.22754386314761404,0.5999999968898888,0.17245613996249692,Crisis
2009-02-04,0.22754387504708193,0.599999997491105,0.17245612746181435,Crisis
2009-02-05,0.227543892132359,0.5999999965144214,0.1724561113532202,Crisis
2009-02-06,0.227543906159232,0.5999999970773796,0.17245609676338966,Crisis
2009-02-09,0.2275438800648993,0.5999999683788831,0.1724561515562175,Crisis
2009-02-10,0.22754379098179708,0.5999999956959152,0.17245621332228955,Crisis
2009-02-11,0.22754387511847413,0.5999999944258689,0.17245613045565697,Crisis
2009-02-12,0.22754397849621452,0.5999999941388137,0.17245602736497162,Crisis
2009-02-13,0.22754403196439305,0.5999999957437946,0.17245597229181234,Crisis
2009-02-17,0.22754413443651375,0.5999999911966156,0.17245587436687068,Crisis
2009-02-18,0.22883970707681395,0.5999999088940501,0.17116038402913597,Crisis
2009-02-19,0.22887948112234788,0.5999999025476745,0.1711206163299779,Crisis
2009-02-20,0.22888635770468088,0.5999999356140497,0.17111370668126938,Crisis
2009-02-23,0.2291470723037,0.5999999377697063,0.1708529899265934,Crisis
2009-02-24,0.22915111544336275,0.5999999610017878,0.17084892355484954,Crisis
2009-02-25,0.2291524660885032,0.5999999171030772,0.17084761680841967,Crisis
2009-02-26,0.22915926979860016,0.599999769794366,0.17084096040703375,Crisis
2009-02-27,0.2291604187764435,0.5999998783018885,0.1708397029216678,Crisis
2009-03-02,0.22916045658237863,0.5999999603188031,0.17083958309881858,Crisis
2009-03-03,0.22916036899006564,0.5999999895864324,0.17083964142350533,Crisis
2009-03-04,0.229160342977772,0.5999999961867152,0.17083966083551574,Crisis
2009-03-05,0.22915992707244018,0.5999999818851037,0.1708400910424563,Crisis
2009-03-06,0.2291691448749597,0.5999997356795226,0.17083111944551774,Crisis
2009-03-09,0.22918133271244504,0.5999996259667791,0.17081904132077574,Crisis
2009-03-10,0.22918651442355237,0.599999894748396,0.17081359082805153,Crisis
2009-03-11,0.22932018531573725,0.5999998899718559,0.17067992471240676,Crisis
2009-03-12,0.22976830353108646,0.5999999630044001,0.17023173346451342,Crisis
2009-03-13,0.2297686300803612,0.5999999802068485,0.17023138971279042,Crisis
2009-03-16,0.229769056076686,0.5999999787474453,0.17023096517586922,Crisis
2009-03-17,0.22976934099912408,0.5999999811691402,0.17023067783173584,Crisis
2009-03-18,0.22976941284194183,0.5999999907228635,0.17023059643519495,Crisis
2009-03-19,0.22977021311334148,0.5999999890680284,0.17022979781862974,Crisis
2009-03-20,0.22977079775188122,0.5999999899927471,0.1702292122553714,Crisis
2009-03-23,0.22977625460177017,0.5999998523947956,0.1702238930034345,Crisis
2009-03-24,0.2297755973983075,0.5999999744969581,0.17022442810473437,Crisis
2009-03-25,0.2297713607905226,0.5999999433313492,0.17022869587812828,Crisis
2009-03-26,0.22976992153630518,0.5999999649992116,0.17023011346448333,Crisis
2009-03-27,0.22976429688907815,0.5999999780536625,0.17023572505725937,Crisis
2009-03-30,0.2297592248085039,0.5999999809789178,0.17024079421257818,Crisis
2009-03-31,0.22955692786604337,0.5999999615373008,0.1704431105966556,Crisis
2009-04-01,0.22745765516165672,0.5999999628765359,0.17254238196180732,Crisis
2009-04-02,0.22656526400490076,0.5999999937012699,0.17343474229382932,Crisis
2009-04-03,0.22656066201905356,0.5999999364745534,0.17343940150639323,Crisis
2009-04-06,0.22656037641446986,0.5999999768132978,0.1734396467722321,Crisis
2009-04-07,0.19999999114637862,0.5000000047721591,0.3000000040814622,Bear
2009-04-08,0.2236537445684003,0.5999999893364832,0.1763462660951463,Crisis
2009-04-09,0.2236559640012911,0.5999999212291296,0.17634411476957934,Crisis
2009-04-13,0.22365703771530668,0.5999999424673864,0.17634301981730693,Crisis
2009-04-14,0.22366562523698716,0.5999998295964387,0.1763345451665743,Crisis
2009-04-15,0.2236719060746116,0.599999858769159,0.17632823515622947,Crisis
2009-04-16,0.223677409865575,0.5999998933288844,0.17632269680554088,Crisis
2009-04-17,0.2236964528493252,0.5999999400668398,0.17630360708383536,Crisis
2009-04-20,0.2237885233693676,0.5999999137524282,0.17621156287820422,Crisis
2009-04-21,0.22410637175582804,0.599999959843739,0.17589366840043255,Crisis
2009-04-22,0.22426032804706497,0.5999999188049243,0.17573975314801063,Crisis
2009-04-23,0.2242794040296772,0.5999999235000699,0.17572067247025266,Crisis
2009-04-24,0.22428643627071654,0.5999999554903356,0.17571360823894758,Crisis
2009-04-27,0.2242895980239776,0.5999998733913676,0.17571052858465525,Crisis
2009-04-28,0.22429220024453345,0.5999998849766077,0.1757079147788594,Crisis
2009-04-29,0.22429407341371657,0.5999999572591497,0.17570596932713398,Crisis
2009-04-30,0.2243041795112638,0.5999997155053558,0.17569610498338045,Crisis
2009-05-01,0.2243129927675868,0.5999997239351339,0.17568728329727923,Crisis
2009-05-04,0.22432187019701227,0.5999997185733498,0.1756784112296386,Crisis
2009-05-05,0.19999999974604823,0.5000000001330488,0.300000000120903,Bear
2009-05-06,0.19999999941431948,0.5000000003183254,0.3000000002673503,Bear
2009-05-07,0.19999999935329993,0.5000000003517758,0.3000000002949177,Bear
2009-05-08,0.19999999956025627,0.5000000002412185,0.3000000001985201,Bear
2009-05-11,0.19999999948539915,0.5000000002916987,0.3000000002228968,Bear
2009-05-12,0.19999999946346628,0.5000000002991549,0.3000000002373732,Bear
2009-05-13,0.19999999950059075,0.5000000002719234,0.30000000022748075,Bear
2009-05-14,0.19999999949733138,0.5000000002632125,0.3000000002394514,Bear
2009-05-15,0.1999999994356447,0.5000000002962253,0.30000000026812473,Bear
2009-05-18,0.19999999957667444,0.5000000002226415,0.30000000020067996,Bear
2009-05-19,0.19999999946938932,0.5000000002884847,0.30000000024212115,Bear
2009-05-20,0.1999999995205144,0.5000000002596187,0.3000000002198624,Bear
2009-05-21,0.1999999994840007,0.5000000002797452,0.30000000023624923,Bear
2009-05-22,0.19999999967529541,0.500000000176987,0.3000000001477137,Bear
2009-05-26,0.19999999952415942,0.50000000026837,0.3000000002074665,Bear
2009-05-27,0.19999999964180842,0.5000000002054031,0.30000000015278394,Bear
2009-05-28,0.1999999991591959,0.5000000005073897,0.30000000033340685,Bear
2009-05-29,0.19999999938118276,0.5000000003636789,0.3000000002551308,Bear
2009-06-01,0.19999999936076576,0.5000000003719446,0.3000000002672824,Bear
2009-06-02,0.19999999917912795,0.5000000005081798,0.3000000003126824,Bear
2009-06-03,0.19999999926983086,0.5000000004532577,0.3000000002769015,Bear
2009-06-04,0.1999999993533582,0.5000000003947641,0.3000000002518693,Bear
2009-06-05,0.19999999902826715,0.5000000006171882,0.3000000003545326,Bear
2009-06-08,0.1999999991667452,0.500000000517148,0.30000000031609597,Bear
2009-06-09,0.19999999946673905,0.5000000003307982,0.3000000002024542,Bear
2009-06-10,0.1999999993434893,0.5000000004152481,0.30000000024125417,Bear
2009-06-11,0.19999999901936633,0.500000000628095,0.3000000003525258,Bear
2009-06-12,0.19999999940333535,0.5000000003804685,0.30000000021618484,Bear
2009-06-15,0.19999999974093827,0.5000000001529108,0.30000000010614347,Bear
2009-06-16,0.1999999996471476,0.5000000002014121,0.3000000001514367,Bear
2009-06-17,0.1999999994830854,0.5000000002910145,0.3000000002258947,Bear
2009-06-18,0.1999999995666502,0.5000000002450881,0.3000000001882564,Bear
2009-06-19,0.1999999996474203,0.5000000002037771,0.30000000014879763,Bear
2009-06-22,0.1999999994358817,0.5000000003281203,0.3000000002359917,Bear
2009-06-23,0.1999999994195275,0.5000000003361776,0.30000000024428786,Bear
2009-06-24,0.19999999936568957,0.5000000003617833,0.30000000027251933,Bear
2009-06-25,0.19999999949103325,0.5000000002948365,0.3000000002141231,Bear
2009-06-26,0.1999999992643965,0.5000000004297791,0.3000000003058149,Bear
2009-06-29,0.19999999930736645,0.5000000004257817,0.30000000026684087,Bear
2009-06-30,0.19999999941689484,0.500000000362894,0.3000000002202007,Bear
2009-07-01,0.19999999942975213,0.5000000003552573,0.30000000021498163,Bear
2009-07-02,0.19999999943383073,0.5000000003532215,0.30000000021293877,Bear
2009-07-06,0.19999999951419542,0.5000000003016416,0.30000000018415524,Bear
2009-07-07,0.1999999994745578,0.5000000003250923,0.30000000020034245,Bear
2009-07-08,0.19999999942097846,0.5000000003531629,0.30000000022585066,Bear
2009-07-09,0.1999999994523123,0.500000000329465,0.3000000002182155,Bear
2009-07-10,0.1999999995104944,0.5000000003014963,0.3000000001880021,Bear
2009-07-13,0.19999999961702633,0.5000000002347998,0.30000000014816763,Bear
2009-07-14,0.19999999985976627,0.5000000000894638,0.30000000005075933,Bear
2009-07-15,0.19999999987526798,0.5000000000791973,0.3000000000455292,Bear
2009-07-16,0.1999999999173684,0.500000000052826,0.3000000000297981,Bear
2009-07-17,0.19999999974131397,0.5000000001588356,0.30000000009984784,Bear
2009-07-20,0.19999999972549207,0.5000000001678823,0.30000000010662015,Bear
2009-07-21,0.1999999996775493,0.5000000001961323,0.30000000012631267,Bear
2009-07-22,0.19999999976438881,0.500000000143825,0.3000000000917799,Bear
2009-07-23,0.19999999957759737,0.5000000002561104,0.30000000016628686,Bear
2009-07-24,0.19999999962453072,0.5000000002224275,0.3000000001530342,Bear
2009-07-27,0.19999999980346825,0.5000000001171583,0.3000000000793642,Bear
2009-07-28,0.19999999983127972,0.5000000001008686,0.30000000006784566,Bear
2009-07-29,0.1999999937418714,0.5000000039132515,0.3000000023448773,Bear
2009-07-30,0.19999999972447707,0.5000000001649823,0.30000000011043565,Bear
2009-07-31,0.19999999965786133,0.5000000002033869,0.30000000013874606,Bear
2009-08-03,0.19999999976683552,0.5000000001382079,0.3000000000949494,Bear
2009-08-04,0.1999999970337318,0.500000001796138,0.30000000117013015,Bear
2009-08-05,0.19999999885587585,0.4999999999098969,0.30000000123418563,Bear
2009-08-06,0.19999999927416917,0.5000000003003036,0.3000000004254403,Bear
2009-08-07,0.19999999483319594,0.5000000031410002,0.3000000020258037,Bear
2009-08-10,0.19999999818703162,0.5000000011497313,0.3000000006631076,Bear
2009-08-11,0.19999999972885724,0.5000000007210808,0.2999999995499979,Bear
2009-08-12,0.199999999768004,0.5000000001372955,0.30000000009469496,Bear
2009-08-13,0.19999999986262887,0.5000000000802577,0.3000000000571066,Bear
2009-08-14,0.19999999935309415,0.5000000011777878,0.2999999994690503,Bear
2009-08-17,0.19999999987217976,0.5000000000746151,0.30000000005318667,Bear
2009-08-18,0.19999999946889763,0.5000000003221724,0.3000000002089243,Bear
2009-08-19,0.19999999975672603,0.500000000142524,0.3000000001007404,Bear
2009-08-20,0.1999999993653816,0.5000000011632741,0.29999999947127476,Bear
2009-08-21,0.19999999828518256,0.5000000016022038,0.3000000001124903,Bear
2009-08-24,0.19999999798548845,0.5000000015433259,0.3000000004710823,Bear
2009-08-25,0.1999999975873869,0.50000000165771,0.3000000007547529,Bear
2009-08-26,0.19999999788411504,0.5000000015269669,0.300000000588809,Bear
2009-08-27,0.19999999888515146,0.5000000006627188,0.3000000004520953,Bear
2009-08-28,0.1999999978053996,0.5000000015499865,0.300000000644506,Bear
2009-08-31,0.19999999790410997,0.5000000016804501,0.3000000004153009,Bear
2009-09-01,0.19999999746934502,0.500000001656104,0.30000000087439943,Bear
2009-09-02,0.19999999963666706,0.5000000002124056,0.3000000001508996,Bear
2009-09-03,0.19999999917001626,0.5000000005036146,0.3000000003263584,Bear
2009-09-04,0.19999999929670598,0.5000000004019469,0.3000000003013357,Bear
2009-09-08,0.19999999947663294,0.5000000002944747,0.3000000002288834,Bear
2009-09-09,0.19999999947504352,0.500000000294056,0.300000000230893,Bear
2009-09-10,0.19999999970549945,0.5000000001511968,0.3000000001432967,Bear
2009-09-11,0.1999999997971757,0.5000000000913057,0.30000000011151423,Bear
2009-09-14,0.19999999963041526,0.5000000001571172,0.30000000021246304,Bear
2009-09-15,0.19999999961504125,0.5000000001751456,0.3000000002098089,Bear
2009-09-16,0.19999999970165203,0.5000000001227358,0.3000000001756058,Bear
2009-09-17,0.19999999973633875,0.5000000000405223,0.3000000002231338,Bear
2009-09-18,0.1999999995270053,0.5000000001268535,0.30000000034613633,Bear
2009-09-21,0.19999999989073836,0.5000000000591006,0.3000000000501413,Bear
2009-09-22,0.1999999999059785,0.500000000052384,0.3000000000416312,Bear
2009-09-23,0.19999999990597614,0.500000000603491,0.2999999994905111,Bear
2009-09-24,0.20000000005145174,0.5000000004869507,0.29999999946157974,Bear
2009-09-25,0.19999999987769945,0.500000000673219,0.2999999994490613,Bear
2009-09-28,0.19999999848479866,0.5000000005950466,0.3000000009200873,Bear
2009-09-29,0.19999999890135228,0.5000000003500001,0.3000000007485847,Bear
2009-09-30,0.2000000001627634,0.5000000000385428,0.29999999979868136,Bear
2009-10-01,0.1999999997426413,0.5000000001432531,0.30000000011410755,Bear
2009-10-02,0.1999999933713932,0.500000003681588,0.30000000294701845,Bear
2009-10-05,0.1999999997393137,0.500000000140306,0.30000000012023853,Bear
2009-10-06,0.19999999205218089,0.5000000038386226,0.3000000041091965,Bear
2009-10-07,0.20000000399856,0.49999999603103384,0.29999999997022403,Bear
2009-10-08,0.22279794220083335,0.47720205802163296,0.29999999977755853,Bear
2009-10-09,0.2573873422980753,0.44261265768189684,0.3000000000200296,Bear
2009-10-12,0.373881180427193,0.3261188190504423,0.3000000005223646,Bear
2009-10-13,0.39969008715897536,0.30030991194321904,0.3000000008978055,Bear
2009-10-14,0.22605587531524127,0.4739441248929938,0.29999999979178293,Bear
2009-10-15,0.27492237240249495,0.42507762745442135,0.30000000014308653,Bear
2009-10-16,0.4479001994651136,0.25209980608992877,0.2999999944449576,Bear
2009-10-19,0.36830649183785313,0.3316935080610698,0.30000000010107714,Bear
2009-10-20,0.3676036210001039,0.3323963792113308,0.29999999978856534,Bear
2009-10-21,0.28868690359811483,0.41131309388280224,0.30000000251908304,Bear
2009-10-22,0.33180990883496697,0.3681900910223469,0.3000000001426864,Bear
2009-10-23,0.4694856097014758,0.23051439124182807,0.299999999056696,Bear
2009-10-26,0.46216136465104546,0.23783863565814567,0.29999999969078506,Bear
2009-10-27,0.49999988624294034,0.20000011475092663,0.29999999900613306,Bear
2009-10-28,0.4999999951701044,0.200000004989733,0.29999999984016307,Bear
2009-10-29,0.36293038406625533,0.33706961588883455,0.30000000004491006,Bear
2009-10-30,0.4095883754459702,0.2904116245530061,0.3000000000010237,Bear
2009-11-02,0.2812257342858877,0.41877426571342535,0.30000000000068694,Bear
2009-11-03,0.2698959403982035,0.43010405988860323,0.29999999971319313,Bear
2009-11-04,0.28499203469620293,0.415007964815257,0.3000000004885399,Bear
2009-11-05,0.2849920480040265,0.41500795193014417,0.30000000006583166,Bear
2009-11-06,0.39888515155482934,0.3011148484205272,0.3000000000246437,Bear
2009-11-09,0.48516898054217705,0.214831019532303,0.29999999992551835,Bear
2009-11-10,0.4634376045772043,0.23656239707594126,0.29999999834685454,Bear
2009-11-11,0.49037090735258604,0.20962909282365216,0.29999999982375203,Bear
2009-11-12,0.4999999847426542,0.20000001557124403,0.29999999968610747,Bear
2009-11-13,0.4999999933901112,0.2000000073599286,0.2999999992499602,Bear
2009-11-16,0.4999993405970137,0.20000066052696117,0.299999998876025,Bear
2009-11-17,0.4999999934456527,0.20000000728686784,0.29999999926747944,Bear
2009-11-18,0.4999999964353096,0.2000000039132788,0.29999999965141155,Bear
2009-11-19,0.4999999960271808,0.20000000431810755,0.29999999965471175,Bear
2009-11-20,0.49999999694787467,0.2000000032870144,0.29999999976510977,Bear
2009-11-23,0.49999999992288024,0.20000000004158375,0.30000000003550786,Bear
2009-11-24,0.49999999995695654,0.20000000002324017,0.3000000000198006,Bear
2009-11-25,0.49999999373863474,0.2000000050862487,0.30000000117511655,Bear
2009-11-27,0.499999993769177,0.20000000468040668,0.3000000015504164,Bear
2009-11-30,0.49999999564894837,0.20000000436501358,0.29999999998603394,Bear
2009-12-01,0.4999999959718359,0.20000000406745297,0.2999999999607089,Bear
2009-12-02,0.499999999896332,0.20000000004790383,0.30000000005572247,Bear
2009-12-03,0.49999999464277073,0.20000000298407042,0.30000000237315905,Bear
2009-12-04,0.4999999943652385,0.2000000034184214,0.3000000022163402,Bear
2009-12-07,0.4999999998954807,0.2000000000356132,0.30000000006883676,Bear
2009-12-08,0.4999999999418348,0.20000000003072907,0.3000000000274317,Bear
2009-12-09,0.49999999993402483,0.20000000003965046,0.3000000000263218,Bear
2009-12-10,0.49999999994162736,0.2000000000251623,0.3000000000332074,Bear
2009-12-11,0.49999999995230193,0.20000000000996812,0.3000000000377269,Bear
2009-12-14,0.4999999999773927,0.19999999998888984,0.3000000000337151,Bear
2009-12-15,0.49999999997193756,0.19999999999312984,0.30000000003493144,Bear
2009-12-16,0.49999999998951267,0.19999999998015713,0.30000000003032906,Bear
2009-12-17,0.49999999997946015,0.19999999998405038,0.30000000003648886,Bear
2009-12-18,0.4999999999991735,0.1999999999767262,0.30000000002409916,Bear
2009-12-21,0.49999999999941647,0.19999999997498366,0.3000000000255996,Bear
2009-12-22,0.5000000004746181,0.19999999764848037,0.3000000018768925,Bear
2009-12-23,0.5000000012000937,0.19999999772804797,0.30000000107184993,Bear
2009-12-24,0.5000000000225928,0.19999999995742127,0.3000000000200071,Bear
2009-12-28,0.5000000000108203,0.19999999997613177,0.30000000001304816,Bear
2009-12-29,0.5000000013601683,0.19999999787157485,0.3000000007682465,Bear
2009-12-30,0.5000000016519114,0.19999999808466593,0.3000000002634141,Bear
2009-12-31,0.5000000012434318,0.19999999791044376,0.3000000008461161,Bear
2010-01-04,0.5000000008335259,0.19999999769467194,0.30000000147179473,Bear
2010-01-05,0.49999999999672395,0.1999999999542494,0.30000000004904986,Bear
2010-01-06,0.4999999999872546,0.19999999997964218,0.30000000003310273,Bear
2010-01-07,0.499999999981522,0.19999999998328233,0.3000000000351948,Bear
2010-01-08,0.4999999999887431,0.19999999997971188,0.3000000000315441,Bear
2010-01-11,0.4999999999944248,0.1999999999765499,0.300000000029025,Bear
2010-01-12,0.49999999999741573,0.19999999997593712,0.300000000026647,Bear
2010-01-13,0.49999999999622163,0.19999999997717086,0.3000000000266076,Bear
2010-01-14,0.49999999999728645,0.19999999997659657,0.30000000002611693,Bear
2010-01-15,0.5000000000042396,0.19999999997531745,0.3000000000204429,Bear
2010-01-19,0.5000000000057034,0.1999999999746065,0.3000000000196903,Bear
2010-01-20,0.5000000000130772,0.19999999997551465,0.3000000000114084,Bear
2010-01-21,0.5000000029607996,0.19999999862737877,0.29999999841182173,Bear
2010-01-22,0.5000000000589891,0.1999999999534033,0.29999999998758625,Bear
2010-01-25,0.5000000000249495,0.19999999998144397,0.2999999999936063,Bear
2010-01-26,0.5000000000351486,0.19999999998930088,0.29999999997554994,Bear
2010-01-27,0.5000000000347071,0.19999999998895734,0.2999999999763339,Bear
2010-01-28,0.5000000000323853,0.19999999998472331,0.29999999998288984,Bear
2010-01-29,0.5000000000177535,0.19999999997838133,0.3000000000038654,Bear
2010-02-01,0.5000000000358289,0.19999999999798018,0.2999999999661909,Bear
2010-02-02,0.5000000000398704,0.20000000001021262,0.29999999994991405,Bear
2010-02-03,0.5000000000366922,0.1999999999949282,0.2999999999683766,Bear
2010-02-04,0.5000000000332331,0.19999999999201482,0.2999999999747501,Bear
2010-02-05,0.5000000000385847,0.20000000001439888,0.29999999994701376,Bear
2010-02-08,0.500000000038706,0.20000000001391197,0.2999999999473767,Bear
2010-02-09,0.5000000000293707,0.19999999999905801,0.29999999997156596,Bear
2010-02-10,0.5000000000228805,0.19999999998687876,0.2999999999902392,Bear
2010-02-11,0.5000000000417252,0.20000000000267532,0.2999999999555985,Bear
2010-02-12,0.5000000000416861,0.20000000000041412,0.29999999995789606,Bear
2010-02-16,0.5000000000431021,0.20000000000991947,0.2999999999469747,Bear
2010-02-17,0.5000000000401961,0.20000000001668816,0.2999999999431116,Bear
2010-02-18,0.5000000036215901,0.20000000304676913,0.29999999333164057,Bear
2010-02-19,0.5000000033527129,0.20000000359154224,0.299999993055745,Bear
2010-02-22,0.5000000025755741,0.20000000363383583,0.29999999379059,Bear
2010-02-23,0.5000000021734842,0.20000000401254728,0.2999999938139685,Bear
2010-02-24,0.5000000014220722,0.2000000033888451,0.29999999518908277,Bear
2010-02-25,0.50000000238619,0.2000000038055742,0.29999999380823567,Bear
2010-02-26,0.5000000023034924,0.20000000346546765,0.29999999423103996,Bear
2010-03-01,0.5000000017183384,0.200000003151633,0.29999999513002856,Bear
2010-03-02,0.5000000016524664,0.20000000214538396,0.2999999962021496,Bear
2010-03-03,0.5000000015804575,0.2000000023655031,0.29999999605403926,Bear
2010-03-04,0.5000000015610807,0.20000000233129123,0.2999999961076281,Bear
2010-03-05,0.5000000015721098,0.20000000263761197,0.29999999579027803,Bear
2010-03-08,0.5000000014647282,0.2000000023176608,0.299999996217611,Bear
2010-03-09,0.5000000014708371,0.200000002046199,0.2999999964829638,Bear
2010-03-10,0.5000000014682378,0.20000000182977407,0.29999999670198824,Bear
2010-03-11,0.5000000016388025,0.20000000265930873,0.29999999570188884,Bear
2010-03-12,0.5000000017157092,0.20000000276718077,0.2999999955171099,Bear
2010-03-15,0.5000000019174627,0.2000000031788913,0.299999994903646,Bear
2010-03-16,0.5000000019777604,0.20000000318821673,0.2999999948340228,Bear
2010-03-17,0.5000000016865067,0.20000000261377432,0.2999999956997191,Bear
2010-03-18,0.5000000017100773,0.20000000298347584,0.29999999530644667,Bear
2010-03-19,0.5000000029852928,0.20000000322179798,0.2999999937929093,Bear
2010-03-22,0.5000000019759063,0.20000000374387178,0.2999999942802218,Bear
2010-03-23,0.5000000015818993,0.20000000302036877,0.2999999953977319,Bear
2010-03-24,0.5000000031851306,0.20000000347563826,0.2999999933392311,Bear
2010-03-25,0.5000000032788322,0.20000000334043094,0.29999999338073685,Bear
2010-03-26,0.5000000032707798,0.20000000354541767,0.2999999931838026,Bear
2010-03-29,0.5000000001160322,0.20000000007621485,0.29999999980762815,Bear
2010-03-30,0.5000000000404219,0.2000000000235959,0.29999999993597176,Bear
2010-03-31,0.5000000033584957,0.20000000265858184,0.2999999939829225,Bear
2010-04-01,0.5000000000958602,0.20000000006391774,0.2999999998401246,Bear
2010-04-05,0.5000000000398248,0.2000000000195457,0.29999999994062143,Bear
2010-04-06,0.5000000000385887,0.20000000000332002,0.29999999995808835,Bear
2010-04-07,0.5000000000390649,0.2000000000000605,0.2999999999608723,Bear
2010-04-08,0.5000000000357775,0.1999999999918098,0.2999999999724109,Bear
2010-04-09,0.2499999999881448,0.4809179053708693,0.26908209464098587,Crisis
2010-04-12,0.7000000002680532,0.0999999991287545,0.2000000006031923,Bull
2010-04-13,0.6999999999299839,0.09999999970400367,0.20000000036601773,Bull
2010-04-14,0.7000000000369839,0.0999999998073147,0.2000000001557048,Bull
2010-04-15,0.700000000066902,0.09999999985091061,0.2000000000821888,Bull
2010-04-16,0.7000000000305676,0.09999999980588224,0.20000000016355146,Bull
2010-04-19,0.6999999999430054,0.09999999971629583,0.20000000034070156,Bull
2010-04-20,0.6999999999594455,0.09999999968459498,0.20000000035596394,Bull
2010-04-21,0.7000000000717577,0.09999999991680705,0.20000000001143914,Bull
2010-04-22,0.7000000000658358,0.09999999984843709,0.20000000008572774,Bull
2010-04-23,0.7000000000734161,0.09999999991387401,0.2000000000127109,Bull
2010-04-26,0.7000000000717131,0.09999999991718883,0.20000000001109822,Bull
2010-04-27,0.7000000000623243,0.0999999999319311,0.200000000005745,Bull
2010-04-28,0.7000000000093826,0.09999999978530134,0.20000000020531708,Bull
2010-04-29,0.6999999999894587,0.0999999997742903,0.20000000023625328,Bull
2010-04-30,0.7000000000127964,0.09999999979418374,0.2000000001930226,Bull
2010-05-03,0.6999999999056892,0.09999999960394478,0.20000000049037106,Bull
2010-05-04,0.6999999998854988,0.09999999960499963,0.20000000050950822,Bull
2010-05-05,0.7000000002821701,0.09999999928823365,0.2000000004295962,Bull
2010-05-06,0.6999996373228509,0.09999999973854296,0.20000036293860626,Bull
2010-05-07,0.6500000002411568,0.09999999929522364,0.25000000046361964,Bull
2010-05-10,0.6500000000152344,0.09999999985823153,0.2500000001265374,Bull
2010-05-11,0.6500000002119883,0.09999999970270092,0.2500000000853136,Bull
2010-05-12,0.6500000002513924,0.0999999996834926,0.25000000006511913,Bull
2010-05-13,0.6500000003628524,0.09999999963733287,0.24999999999981967,Bull
2010-05-14,0.6500008192059498,0.09999999980136332,0.2499991809926869,Bull
2010-05-17,0.6500000021326089,0.09999999906874352,0.24999999879865156,Bull
2010-05-18,0.6500000003969624,0.09999999975185343,0.24999999985120425,Bull
2010-05-19,0.6500000000700283,0.09999999982099934,0.2500000001089766,Bull
2010-05-20,0.6500000001596629,0.09999999977206143,0.25000000006827855,Bull
2010-05-21,0.6500000000016635,0.09999999987701846,0.25000000012132156,Bull
2010-05-24,0.6999999996993852,0.09999999975159879,0.20000000054902256,Bull
2010-05-25,0.6500000003768757,0.0999999990247211,0.2500000005984033,Bull
2010-05-26,0.6499999990687163,0.10000000043020524,0.2500000005010859,Bull
2010-05-27,0.6499999987689474,0.1000000007529484,0.2500000004780991,Bull
2010-05-28,0.6500000000006321,0.09999999971755805,0.25000000028179975,Bull
2010-06-01,0.6499999999917819,0.09999999982620779,0.25000000018201224,Bull
2010-06-02,0.6499999994450242,0.1000000005223367,0.25000000003263867,Bull
2010-06-03,0.649999999396487,0.10000000011626774,0.25000000048724286,Bull
2010-06-04,0.6499999999719818,0.09999999971283446,0.25000000031518005,Bull
2010-06-07,0.61767394611907,0.13232605665522854,0.24999999722570154,Bull
2010-06-08,0.3500000012914569,0.3999999987814556,0.24999999992708577,Bull
2010-06-09,0.44797710237243277,0.3020228975804185,0.25000000004714895,Bull
2010-06-10,0.36977979974696484,0.3802202006308255,0.24999999962224653,Bull
2010-06-11,0.6499999989874412,0.10000000119143006,0.24999999982113152,Bull
2010-06-14,0.6499999890545319,0.10000001166445063,0.2499999992810175,Bull
2010-06-15,0.6499999467157568,0.1000000519582303,0.250000001326013,Bull
2010-06-16,0.649999998995199,0.10000000025865105,0.25000000074615003,Bull
2010-06-17,0.6499999999238075,0.09999999970901198,0.25000000036717746,Bull
2010-06-18,0.6499999997120041,0.09999999984674553,0.25000000044125575,Bull
2010-06-21,0.6499999991113383,0.10000000039708186,0.2500000004915812,Bull
2010-06-22,0.6499999995468004,0.09999999997886969,0.250000000474328,Bull
2010-06-23,0.6499999996326995,0.0999999999149836,0.2500000004523189,Bull
2010-06-24,0.6499999997072042,0.0999999998551853,0.25000000043761295,Bull
2010-06-25,0.6499999991484153,0.10000000040926496,0.2500000004423196,Bull
2010-06-28,0.649999999011301,0.10000000055777676,0.2500000004309172,Bull
2010-06-29,0.6499999990965459,0.1000000005332117,0.250000000370235,Bull
2010-06-30,0.6499999403274634,0.10000005987766747,0.2499999997948625,Bull
2010-07-01,0.5682706866108321,0.18172931333948272,0.25000000004968503,Bull
2010-07-02,0.4220548387843425,0.3279451627336854,0.2499999984819719,Bull
2010-07-06,0.6499999985831321,0.10000000145607449,0.2499999999607969,Bull
2010-07-07,0.6499999482058966,0.1000000518982491,0.24999999989585422,Bull
2010-07-08,0.4999999993080343,0.20000000070514318,0.29999999998682203,Bear
2010-07-09,0.24999999999765338,0.5112350218264008,0.2387649781759462,Crisis
2010-07-12,0.6500000001196614,0.09999999995138129,0.2499999999289587,Bull
2010-07-13,0.6500000000012389,0.09999999991144963,0.2500000000873147,Bull
2010-07-14,0.6499999999892953,0.09999999982605172,0.250000000184655,Bull
2010-07-15,0.6499999997284135,0.09999999983326989,0.25000000043832205,Bull
2010-07-16,0.6499999993292483,0.10000000056337609,0.2500000001073709,Bull
2010-07-19,0.6499999540817494,0.10000004614720961,0.24999999977103396,Bull
2010-07-20,0.5130478347203754,0.23695216524947527,0.2500000000301493,Bull
2010-07-21,0.5279188067176036,0.22208119512584693,0.24999999815654944,Bull
2010-07-22,0.3803648865087894,0.36963511379842373,0.24999999969279632,Bull
2010-07-23,0.6445821165791052,0.10541788442495878,0.24999999899593592,Bull
2010-07-26,0.4263475418389475,0.32365246425729327,0.24999999390375924,Bull
2010-07-27,0.5469255596353082,0.20307444110194056,0.24999999926275135,Bull
2010-07-28,0.5240169198300274,0.22598308089301367,0.24999999927695887,Bull
2010-07-29,0.5342798389997429,0.21572016609065392,0.24999999490960323,Bull
2010-07-30,0.5757775948957989,0.17422240520651372,0.24999999989768795,Bull
2010-08-02,0.46593930493310204,0.28406069346161816,0.2500000016052797,Bull
2010-08-03,0.6499999988174563,0.10000000090501632,0.25000000027752745,Bull
2010-08-04,0.6124855406559814,0.13751446060055367,0.2499999987434648,Bull
2010-08-05,0.6216164001349084,0.12838360394220424,0.24999999592288727,Bull
2010-08-06,0.43748366037766784,0.31251634277099133,0.24999999685134097,Bull
2010-08-09,0.3601923842461981,0.3898076181526645,0.24999999760113753,Bull
2010-08-10,0.35000000232318684,0.3999999976688685,0.2500000000079501,Bull
2010-08-11,0.35000002197090235,0.3999999789078963,0.24999999912120124,Bull
2010-08-12,0.35000000053619645,0.39999999937886227,0.25000000008494133,Bull
2010-08-13,0.3500000004314231,0.39999999932345875,0.2500000002451211,Bull
2010-08-16,0.3500000001928597,0.39999999954215815,0.2500000002649838,Bull
2010-08-17,0.35000000002668263,0.3999999997232504,0.25000000025006613,Bull
2010-08-18,0.3500001130547887,0.3999998841181447,0.2500000028270666,Bull
2010-08-19,0.3500000011514941,0.39999999861948027,0.2500000002290258,Bull
2010-08-20,0.3500000003225438,0.3999999994011529,0.2500000002763091,Bull
2010-08-23,0.35000000023917716,0.3999999994501669,0.2500000003106558,Bull
2010-08-24,0.3499999997072031,0.4000000001166489,0.2500000001761494,Bull
2010-08-25,0.3499999996475728,0.40000000013413545,0.25000000021828744,Bull
2010-08-26,0.34999999964590944,0.400000000072348,0.2500000002817377,Bull
2010-08-27,0.34999999963192585,0.4000000001383183,0.25000000022975066,Bull
2010-08-30,0.3499999998672193,0.39999999977936324,0.2500000003534121,Bull
2010-08-31,0.3499999996202823,0.4000000001320975,0.2500000002476169,Bull
2010-09-01,0.34999999963205497,0.40000000010502956,0.2500000002629102,Bull
2010-09-02,0.35000000054878927,0.3999999992253931,0.25000000022581376,Bull
2010-09-03,0.350000027166083,0.39999997400951565,0.24999999882440127,Bull
2010-09-07,0.3877596750599504,0.3622403257440347,0.24999999919601484,Bull
2010-09-08,0.3499999978322091,0.4000000002188549,0.250000001948936,Bull
2010-09-09,0.3500000001010358,0.39999999966661337,0.25000000023233,Bull
2010-09-10,0.35000000035888923,0.3999999994215449,0.25000000021956575,Bull
2010-09-13,0.35000000027877365,0.3999999996575239,0.2500000000637108,Bull
2010-09-14,0.35000008696036666,0.3999999108304651,0.25000000220916824,Bull
2010-09-15,0.35000000095433487,0.39999999862658675,0.2500000004190783,Bull
2010-09-16,0.35000000031198036,0.3999999995736314,0.25000000011440277,Bull
2010-09-17,0.3500000002981173,0.39999999954818566,0.250000000153701,Bull
2010-09-20,0.35000003647149325,0.3999999628987515,0.2500000006297553,Bull
2010-09-21,0.3500000340406753,0.39999996528929416,0.2500000006700307,Bull
2010-09-22,0.35000000056771463,0.3999999992213407,0.2500000002109447,Bull
2010-09-23,0.3500000003274901,0.39999999940150827,0.25000000027100516,Bull
2010-09-24,0.35000000039741264,0.3999999993257025,0.250000000276886,Bull
2010-09-27,0.3500000715409735,0.3999999287301662,0.2499999997288698,Bull
2010-09-28,0.35000000208069243,0.3999999979654444,0.249999999953863,Bull
2010-09-29,0.35000000132902914,0.3999999986081548,0.2500000000628443,Bull
2010-09-30,0.35000000048186736,0.3999999994746465,0.25000000004350864,Bull
2010-10-01,0.35000000070026466,0.3999999992602454,0.2500000000394996,Bull
2010-10-04,0.649999986280064,0.10000001401005783,0.24999999970988052,Bull
2010-10-05,0.6250830608466482,0.12491694173250872,0.2499999974208431,Bull
2010-10-06,0.4300989055196902,0.26990109444449767,0.300000000035812,Bear
2010-10-07,0.29208504678602343,0.4079149528728109,0.30000000034116575,Bear
2010-10-08,0.34245498000618385,0.35754501990257787,0.3000000000912386,Bear
2010-10-11,0.3226258152634411,0.3773741846436004,0.30000000009295735,Bear
2010-10-12,0.2086593546390352,0.49134064541764033,0.29999999994334486,Bear
2010-10-13,0.23928353883606157,0.46071646153045914,0.2999999996334792,Bear
2010-10-14,0.3027099294553629,0.39729007045829,0.30000000008634736,Bear
2010-10-15,0.23297869016722078,0.4670213099139161,0.2999999999188655,Bear
2010-10-18,0.24563832544406142,0.4543616754469028,0.2999999991090358,Bear
2010-10-19,0.2943891708497827,0.4056108290416458,0.30000000010857253,Bear
2010-10-20,0.22728284211295702,0.47271715797757574,0.29999999990947224,Bear
2010-10-21,0.28657690372633227,0.41342309618295914,0.30000000009070976,Bear
2010-10-22,0.35493603619597935,0.34506396372566556,0.3000000000783552,Bear
2010-10-25,0.28943174824277834,0.41056825172431705,0.3000000000329047,Bear
2010-10-26,0.29383386780473764,0.406166132248023,0.2999999999472439,Bear
2010-10-27,0.3475781640486568,0.3524218358739786,0.3000000000773648,Bear
2010-10-28,0.44191153748508516,0.2580884625556052,0.2999999999593097,Bear
2010-10-29,0.2500000000012892,0.5188432121857863,0.23115678781292406,Crisis
2010-11-01,0.5673542424428837,0.18264575759366114,0.2499999999634551,Bull
2010-11-02,0.6499999974932275,0.1000000015868916,0.250000000919881,Bull
2010-11-03,0.6499999992752409,0.10000000056541485,0.2500000001593091,Bull
2010-11-04,0.6499999991589525,0.10000000046185575,0.25000000037918385,Bull
2010-11-05,0.6499999989619482,0.10000000068579425,0.25000000035224973,Bull
2010-11-08,0.6499999991824568,0.10000000051424456,0.2500000003032879,Bull
2010-11-09,0.6499999991583413,0.10000000062037774,0.25000000022127217,Bull
2010-11-10,0.6499999992207208,0.10000000059951927,0.25000000017974855,Bull
2010-11-11,0.6499999991664701,0.1000000006511048,0.2500000001824158,Bull
2010-11-12,0.6499999992966552,0.10000000058282947,0.25000000012050205,Bull
2010-11-15,0.6499999993070575,0.10000000052886959,0.2500000001640614,Bull
2010-11-16,0.6499999994306532,0.10000000019502815,0.2500000003743089,Bull
2010-11-17,0.6499999032957632,0.10000009687565459,0.24999999982857032,Bull
2010-11-18,0.6499999520523999,0.10000004808958156,0.24999999985801852,Bull
2010-11-19,0.6499999980558903,0.10000000176545783,0.2500000001786516,Bull
2010-11-22,0.6499999995239754,0.10000000024510197,0.25000000023086716,Bull
2010-11-23,0.6499999995161028,0.10000000028106157,0.250000000202822,Bull
2010-11-24,0.5842976167347164,0.16570238325208264,0.2500000000132007,Bull
2010-11-26,0.6499999991385674,0.10000000049745943,0.2500000003639718,Bull
2010-11-29,0.6499999929360275,0.10000000739594632,0.24999999966802597,Bull
2010-11-30,0.6499999994214606,0.10000000040447982,0.2500000001740595,Bull
2010-12-01,0.6499999578647043,0.10000004214539822,0.24999999998989758,Bull
2010-12-02,0.649999999155178,0.10000000029708607,0.25000000054773586,Bull
2010-12-03,0.6499999998871914,0.09999999970750335,0.25000000040528164,Bull
2010-12-06,0.649999999873662,0.09999999976022579,0.25000000036611253,Bull
2010-12-07,0.6499999994612006,0.1000000004433326,0.2500000000954634,Bull
2010-12-08,0.6499999995955285,0.10000000007814923,0.2500000003263142,Bull
2010-12-09,0.6499999998997726,0.09999999984214879,0.25000000025807256,Bull
2010-12-10,0.6499999997785363,0.09999999989857818,0.2500000003228861,Bull
2010-12-13,0.6499999997066825,0.09999999995455662,0.25000000033875935,Bull
2010-12-14,0.6499999993628417,0.10000000025514476,0.2500000003820113,Bull
2010-12-15,0.6499999995349377,0.10000000004694905,0.2500000004181076,Bull
2010-12-16,0.6499999997713949,0.09999999986622093,0.2500000003623799,Bull
2010-12-17,0.6499999998877671,0.09999999983513168,0.25000000027709834,Bull
2010-12-20,0.6499999997673036,0.0999999998657188,0.25000000036697906,Bull
2010-12-21,0.6499999997501364,0.09999999989009588,0.25000000035976694,Bull
2010-12-22,0.649999999111169,0.10000000055062326,0.2500000003382058,Bull
2010-12-23,0.6499999990228257,0.10000000061830583,0.2500000003588608,Bull
2010-12-27,0.6499999990652751,0.10000000058348474,0.250000000351231,Bull
2010-12-28,0.6499999994198041,0.10000000053104516,0.25000000004912315,Bull
2010-12-29,0.6499999990500723,0.10000000067245071,0.25000000027747127,Bull
2010-12-30,0.6499999991979906,0.10000000065066177,0.25000000015133644,Bull
2010-12-31,0.6499999989667632,0.10000000078432268,0.2500000002489068,Bull
2011-01-03,0.6499999991927347,0.10000000065977059,0.25000000014748314,Bull
2011-01-04,0.6499999992901867,0.10000000054129186,0.2500000001685101,Bull
2011-01-05,0.49999999157691677,0.2000000086202205,0.29999999980286185,Bear
2011-01-06,0.24999999988424135,0.46910322714293595,0.28089677297283117,Crisis
2011-01-07,0.6499999804316705,0.10000001907902878,0.2500000004893007,Bull
2011-01-10,0.6499999992110225,0.10000000057695807,0.2500000002120194,Bull
2011-01-11,0.6499999524564831,0.10000004783329061,0.24999999971022624,Bull
2011-01-12,0.649999999124869,0.10000000028714634,0.2500000005879844,Bull
2011-01-13,0.649999999486116,0.10000000018286431,0.2500000003310065,Bull
2011-01-14,0.6499999995607622,0.10000000008436305,0.250000000354867,Bull
2011-01-18,0.6499999999663789,0.09999999980364242,0.2500000002299697,Bull
2011-01-19,0.6499999998891904,0.09999999980780133,0.25000000030300984,Bull
2011-01-20,0.649999999787588,0.09999999987693145,0.2500000003354813,Bull
2011-01-21,0.6499999999809195,0.09999999987879335,0.25000000014028306,Bull
2011-01-24,0.6500000000419106,0.09999999980719554,0.2500000001508951,Bull
2011-01-25,0.650000000052151,0.0999999998018921,0.25000000014595936,Bull
2011-01-26,0.6500000000396711,0.09999999982492375,0.25000000013540824,Bull
2011-01-27,0.6500000000475173,0.09999999980594095,0.2500000001465437,Bull
2011-01-28,0.6999999992088657,0.09999999964114487,0.20000000114999614,Bull
2011-01-31,0.6500000006122519,0.09999999917884433,0.2500000002089037,Bull
2011-02-01,0.6499999999737119,0.09999999978869488,0.25000000023760444,Bull
2011-02-02,0.6500000006491593,0.09999999986359841,0.24999999948724394,Bull
2011-02-03,0.6500000728229081,0.09999999982954981,0.24999992734755394,Bull
2011-02-04,0.6500000005232216,0.09999999920515039,0.25000000027162783,Bull
2011-02-07,0.6500000001660478,0.09999999963672822,0.2500000001972301,Bull
2011-02-08,0.6500000001627141,0.09999999954382839,0.25000000029346087,Bull
2011-02-09,0.6500000001676529,0.09999999959008977,0.25000000024226066,Bull
2011-02-10,0.6500000001671288,0.09999999971757836,0.25000000011529644,Bull
2011-02-11,0.6500000001164953,0.09999999972694562,0.25000000015656326,Bull
2011-02-14,0.6999999982118251,0.09999999963280366,0.2000000021553781,Bull
2011-02-15,0.7000000001158233,0.09999999975267253,0.20000000013153307,Bull
2011-02-16,0.6500000015000702,0.09999999928793668,0.2499999992119932,Bull
2011-02-17,0.650000015556654,0.0999999998415502,0.24999998460181458,Bull
2011-02-18,0.6500000000822111,0.0999999996953945,0.25000000022239444,Bull
2011-02-22,0.6500000000952408,0.09999999976884366,0.2500000001359187,Bull
2011-02-23,0.6500000000426567,0.0999999998283028,0.2500000001290427,Bull
2011-02-24,0.649999999803156,0.09999999845941138,0.2500000017374327,Bull
2011-02-25,0.6499999999927805,0.09999999986879635,0.2500000001384205,Bull
2011-02-28,0.6500000000294415,0.09999999983636752,0.2500000001341921,Bull
2011-03-01,0.6500000000032624,0.09999999985353511,0.25000000014320384,Bull
2011-03-02,0.6499999999602677,0.0999999998388249,0.25000000020090934,Bull
2011-03-03,0.6499999999926758,0.09999999991827366,0.25000000008904977,Bull
2011-03-04,0.6500000000395088,0.09999999980555466,0.2500000001549377,Bull
2011-03-07,0.6499999999630407,0.09999999985790435,0.25000000017905727,Bull
2011-03-08,0.6499999998365869,0.09999999982236818,0.25000000034104736,Bull
2011-03-09,0.6499999999519522,0.09999999983489509,0.250000000213152,Bull
2011-03-10,0.6499999997049434,0.09999999988889326,0.25000000040616605,Bull
2011-03-11,0.6499999990915623,0.10000000049900863,0.25000000040942705,Bull
2011-03-14,0.6499999993235176,0.10000000019140412,0.25000000048507287,Bull
2011-03-15,0.649999999081681,0.10000000041699886,0.25000000050131616,Bull
2011-03-16,0.6499999991961511,0.10000000051819288,0.2500000002856443,Bull
2011-03-17,0.6499999962592169,0.1000000038108657,0.2499999999299083,Bull
2011-03-18,0.6499999992222062,0.10000000070357012,0.25000000007413936,Bull
2011-03-21,0.6499999991515553,0.10000000068928837,0.25000000015914753,Bull
2011-03-22,0.6499999986262804,0.10000000095441414,0.2500000004192999,Bull
2011-03-23,0.6499999992071129,0.10000000066887853,0.25000000012399237,Bull
2011-03-24,0.6499999974100735,0.10000000254843612,0.2500000000414853,Bull
2011-03-25,0.6499999990866979,0.10000000075100957,0.2500000001622673,Bull
2011-03-28,0.6499999989634957,0.10000000074241104,0.25000000029408526,Bull
2011-03-29,0.649999999322451,0.10000000057889606,0.25000000009863727,Bull
2011-03-30,0.6499999989213304,0.10000000074395736,0.25000000033470676,Bull
2011-03-31,0.6499999991554674,0.10000000046057905,0.25000000038394377,Bull
2011-04-01,0.6499999990684142,0.10000000060193981,0.25000000032963815,Bull
2011-04-04,0.6499999532803638,0.10000004660552533,0.2500000001141109,Bull
2011-04-05,0.649999961271794,0.10000003934367128,0.24999999938453468,Bull
2011-04-06,0.4999999962405872,0.20000000386626718,0.2999999998931449,Bear
2011-04-07,0.24999999842624404,0.44281827030288506,0.30718173127087084,Crisis
2011-04-08,0.6499999870371399,0.10000001091814643,0.2500000020447138,Bull
2011-04-11,0.649999998689997,0.10000000073537711,0.25000000057462585,Bull
2011-04-12,0.6499999988336479,0.10000000065814348,0.2500000005081986,Bull
2011-04-13,0.64999999819568,0.10000000177912756,0.25000000002517514,Bull
2011-04-14,0.649999973588573,0.10000002482511472,0.25000000158631225,Bull
2011-04-15,0.6499999983581545,0.10000000128104362,0.2500000003608017,Bull
2011-04-18,0.6499999981154105,0.10000000185864533,0.2500000000259312,Bull
2011-04-19,0.6499990221700458,0.10000097841854418,0.24999999941141016,Bull
2011-04-20,0.6499999962036143,0.10000000310944888,0.25000000068693673,Bull
2011-04-21,0.6499999990145835,0.10000000090653184,0.25000000007884554,Bull
2011-04-25,0.6499999264460432,0.10000007303700709,0.25000000051694965,Bull
2011-04-26,0.649999925114438,0.1000000744886769,0.25000000039688486,Bull
2011-04-27,0.6499999984737237,0.10000000067790128,0.250000000848375,Bull
2011-04-28,0.6499999988551253,0.10000000065018355,0.25000000049468163,Bull
2011-04-29,0.6499999985575619,0.10000000102255391,0.25000000041987736,Bull
2011-05-02,0.6499999990971881,0.10000000036339582,0.25000000053940885,Bull
2011-05-03,0.6499999988483424,0.10000000066114319,0.25000000049050913,Bull
2011-05-04,0.6499999996154513,0.09999999992594487,0.25000000045859827,Bull
2011-05-05,0.6499999997814894,0.09999999984196657,0.25000000037654346,Bull
2011-05-06,0.6500000000573685,0.09999999974648219,0.2500000001961481,Bull
2011-05-09,0.65000000003897,0.09999999968788435,0.2500000002731484,Bull
2011-05-10,0.6499999999337082,0.09999999980887005,0.25000000025742486,Bull
2011-05-11,0.6500000000018689,0.09999999984743156,0.2500000001506998,Bull
2011-05-12,0.6499999998871596,0.09999999974065604,0.2500000003721883,Bull
2011-05-13,0.6499999999919448,0.09999999985658536,0.2500000001514687,Bull
2011-05-16,0.650000000058696,0.09999999978881363,0.2500000001524926,Bull
2011-05-17,0.6499999999962305,0.09999999984972863,0.250000000154043,Bull
2011-05-18,0.6500000000508483,0.09999999979990662,0.2500000001492472,Bull
2011-05-19,0.6500000001094746,0.09999999974664246,0.2500000001438855,Bull
2011-05-20,0.7000000008228071,0.09999999846549344,0.20000000071169952,Bull
2011-05-23,0.6500000005191348,0.09999999865277637,0.2500000008280888,Bull
2011-05-24,0.650000000206237,0.09999999966826671,0.2500000001255043,Bull
2011-05-25,0.6500000002080928,0.09999999966054438,0.2500000001313679,Bull
2011-05-26,0.6500000002902089,0.09999999973622448,0.24999999997357114,Bull
2011-05-27,0.650000000116472,0.0999999997756671,0.2500000001078662,Bull
2011-05-31,0.6500000001380853,0.09999999973163225,0.25000000013028606,Bull
2011-06-01,0.7000000008547724,0.09999999880763442,0.20000000033759324,Bull
2011-06-02,0.650000000379269,0.09999999932986711,0.25000000029086406,Bull
2011-06-03,0.6500000000075629,0.0999999998471114,0.25000000014533075,Bull
2011-06-06,0.6500000001797539,0.0999999996934499,0.25000000012679874,Bull
2011-06-07,0.6500131092349292,0.10000000056117742,0.24998689020389345,Bull
2011-06-08,0.6500000008019059,0.09999999973550332,0.2499999994625909,Bull
2011-06-09,0.6500000001221143,0.09999999967490353,0.25000000020299146,Bull
2011-06-10,0.6500000000063094,0.09999999984477703,0.25000000014891566,Bull
2011-06-13,0.6499999999876505,0.0999999998617645,0.2500000001505856,Bull
2011-06-14,0.6499999999985246,0.09999999983907748,0.25000000016239876,Bull
2011-06-15,0.6499999999861552,0.0999999998386437,0.2500000001752018,Bull
2011-06-16,0.6499999999331341,0.09999999982900874,0.2500000002378588,Bull
2011-06-17,0.6499999990579391,0.09999999710792445,0.25000000383413645,Bull
2011-06-20,0.6499999999911474,0.09999999992560887,0.25000000008324375,Bull
2011-06-21,0.649999999987138,0.09999999992871395,0.2500000000841483,Bull
2011-06-22,0.650000000068878,0.09999999977998171,0.2500000001511414,Bull
2011-06-23,0.6500000000467081,0.09999999980093399,0.2500000001523597,Bull
2011-06-24,0.6500000000652638,0.09999999959377538,0.25000000034096337,Bull
2011-06-27,0.650001980280071,0.10000000015850018,0.2499980195614289,Bull
2011-06-28,0.6950378694344482,0.09999999979116991,0.20496213077438186,Bull
2011-06-29,0.7000000000168292,0.099999999876327,0.20000000010684632,Bull
2011-06-30,0.7000000000605636,0.09999999981163071,0.20000000012780772,Bull
2011-07-01,0.7000000000387238,0.09999999967904225,0.20000000028223755,Bull
2011-07-05,0.7000000000809413,0.09999999989456822,0.20000000002449503,Bull
2011-07-06,0.7000000000120074,0.09999999963631209,0.20000000035168397,Bull
2011-07-07,0.25000000001867356,0.4249220769153118,0.3250779230660148,Crisis
2011-07-08,0.25000000000594474,0.42492207653473935,0.3250779234593121,Crisis
2011-07-11,0.24999999999239203,0.4249220745255124,0.3250779254820906,Crisis
2011-07-12,0.24999999996099573,0.424922069586302,0.3250779304527041,Crisis
2011-07-13,0.24999999993509422,0.42492206212265893,0.325077937942247,Crisis
2011-07-14,0.24999999997916322,0.4249220587981323,0.32507794122270495,Crisis
2011-07-15,0.24999999991884952,0.4249220497555161,0.32507795032563686,Crisis
2011-07-18,0.24999999928779265,0.4249219556449542,0.32507804506725324,Crisis
2011-07-19,0.24999999843527063,0.4249216923374665,0.3250783092272635,Crisis
2011-07-20,0.24999999556840524,0.4249159296207008,0.32508407481089413,Crisis
2011-07-21,0.24999998735679974,0.4248884678817804,0.3251115447614197,Crisis
2011-07-22,0.24999999381640692,0.42477657435258714,0.325223431831006,Crisis
2011-07-25,0.24999997230807733,0.424649444498686,0.32535058319323634,Crisis
2011-07-26,0.2499999858678763,0.42352796856558067,0.3264720455665433,Crisis
2011-07-27,0.24999999799750483,0.42117677922562236,0.32882322277687265,Crisis
2011-07-28,0.24999998201114648,0.4211177348683836,0.3288822831204701,Crisis
2011-07-29,0.24999998295536785,0.42106524945253276,0.3289347675920993,Crisis
2011-08-01,0.2499999769396639,0.4204848043989902,0.32951521866134587,Crisis
2011-08-02,0.24999997073197675,0.4201792901652695,0.329820739102754,Crisis
2011-08-03,0.2499999938916101,0.41840255413629995,0.3315974519720901,Crisis
2011-08-04,0.24999999393734035,0.418243505278441,0.33175650078421925,Crisis
2011-08-05,0.24999997407750796,0.4178593716308496,0.33214065429164263,Crisis
2011-08-08,0.24999999739102713,0.4104458187062774,0.3395541839026954,Crisis
2011-08-09,0.24999997822852862,0.409983805064604,0.3400162167068671,Crisis
2011-08-10,0.24999999711612197,0.4099784273953196,0.34002157548855844,Crisis
2011-08-11,0.24999999270768536,0.4099606943279839,0.3400393129643308,Crisis
2011-08-12,0.24999999863723302,0.40005458238296393,0.3499454189798031,Crisis
2011-08-15,0.2499999989090232,0.3973379006275908,0.3526621004633863,Crisis
2011-08-16,0.24999999525112968,0.39733597169867063,0.35266403305019967,Crisis
2011-08-17,0.24999999088499544,0.39733127827905584,0.3526687308359486,Crisis
2011-08-18,0.24999999907000475,0.39733020494300175,0.35266979598699316,Crisis
2011-08-19,0.2499999993400428,0.3973294992640252,0.35267050139593215,Crisis
2011-08-22,0.24999999926752728,0.39732868398095833,0.3526713167515143,Crisis
2011-08-23,0.2499999967497927,0.39732749007992973,0.35267251317027765,Crisis
2011-08-24,0.24999999987787655,0.39732746798359997,0.35267253213852406,Crisis
2011-08-25,0.24999999998081987,0.3973274648190154,0.3526725352001652,Crisis
2011-08-26,0.24999999997929745,0.3973274613794223,0.35267253864128695,Crisis
2011-08-29,0.24999999728490732,0.3973283624401254,0.3526716402749672,Crisis
2011-08-30,0.24999998649017446,0.39733613259671563,0.35266388091310985,Crisis
2011-08-31,0.24999999584320498,0.3974078731647462,0.3525921309920488,Crisis
2011-09-01,0.2499999972276673,0.3974344091355839,0.3525655936367485,Crisis
2011-09-02,0.24999999811072735,0.3974369445979393,0.3525630572913336,Crisis
2011-09-06,0.24999999901575823,0.39743803202448597,0.3525619689597559,Crisis
2011-09-07,0.2499999887569205,0.3974736002248766,0.3525264110182028,Crisis
2011-09-08,0.24999999690759772,0.40003689495387157,0.34996310813853093,Crisis
2011-09-09,0.24999999956307523,0.4049844859358762,0.3450155145010482,Crisis
2011-09-12,0.24999999338200327,0.4068582586838558,0.34314174793414115,Crisis
2011-09-13,0.2499999987707915,0.4103201453660326,0.3396798558631761,Crisis
2011-09-14,0.24999999630163405,0.4103264426343858,0.33967356106398006,Crisis
2011-09-15,0.24999999334225853,0.41034115666552856,0.33965884999221274,Crisis
2011-09-16,0.2499999980862344,0.4103545064697448,0.33964549544402034,Crisis
2011-09-19,0.24999999671680487,0.41039021047169694,0.33960979281149833,Crisis
2011-09-20,0.24999999787233565,0.4109722307258329,0.3390277714018313,Crisis
2011-09-21,0.24999999192651207,0.4126500453548042,0.33734996271868395,Crisis
2011-09-22,0.24999999830223435,0.4126611379299308,0.337338863767835,Crisis
2011-09-23,0.24999999611346418,0.41471829785211817,0.3352817060344179,Crisis
2011-09-26,0.24999999854991728,0.4302611474488816,0.31973885400120117,Crisis
2011-09-27,0.2499999892514495,0.43160836971046473,0.31839164103808554,Crisis
2011-09-28,0.24999999851582413,0.4322696114459465,0.31773039003822945,Crisis
2011-09-29,0.24999998576205493,0.43873444715273796,0.3112655670852071,Crisis
2011-09-30,0.24999999606077153,0.43903642861821146,0.31096357532101704,Crisis
2011-10-03,0.24999999710992718,0.43904097121842317,0.31095903167164995,Crisis
2011-10-04,0.24999999975072015,0.43904115743787697,0.31095884281140257,Crisis
2011-10-05,0.2499999970845933,0.43904239405629925,0.3109576088591071,Crisis
2011-10-06,0.24999998406241078,0.43905354743432917,0.3109464685032599,Crisis
2011-10-07,0.24999999487234395,0.4390560578865087,0.3109439472411473,Crisis
2011-10-10,0.24999999616166765,0.43905780396446836,0.310942199873864,Crisis
2011-10-11,0.24999999560242714,0.43916034123220427,0.31083966316536843,Crisis
2011-10-12,0.24999999848762927,0.43978008718220973,0.3102199143301606,Crisis
2011-10-13,0.24999999862561445,0.4397818791381199,0.310218122236266,Crisis
2011-10-14,0.24999999894999209,0.4397874995305432,0.31021250151946533,Crisis
2011-10-17,0.24999999765277667,0.4398077764793142,0.3101922258679092,Crisis
2011-10-18,0.24999999747294124,0.43983124151815917,0.31016876100889956,Crisis
2011-10-19,0.24999999874236034,0.43983167319541133,0.3101683280622282,Crisis
2011-10-20,0.24999999758197022,0.4398326440152145,0.31016735840281545,Crisis
2011-10-21,0.2499999968763951,0.4398339734856732,0.310166029637932,Crisis
2011-10-24,0.24999999116293542,0.4398390224172602,0.3101609864198045,Crisis
2011-10-25,0.24999998802020348,0.4398465569662775,0.31015345501351915,Crisis
2011-10-26,0.24999999733356204,0.43985109195122757,0.31014891071520995,Crisis
2011-10-27,0.24999999964997216,0.43985140122769484,0.3101485991223331,Crisis
2011-10-28,0.2499999986274165,0.4398519221484327,0.3101480792241502,Crisis
2011-10-31,0.2499999992440853,0.43985217401433335,0.31014782674158153,Crisis
2011-11-01,0.25000000001116024,0.4398521734783469,0.3101478265104978,Crisis
2011-11-02,0.24999999996284625,0.43985215982099996,0.31014784021615244,Crisis
2011-11-03,0.2500000000059726,0.43985215988219917,0.31014784011183194,Crisis
2011-11-04,0.249999999180476,0.4398518547036046,0.3101481461159199,Crisis
2011-11-07,0.24999999989061192,0.4398518210906638,0.3101481790187242,Crisis
2011-11-08,0.25000000000572137,0.43985181993919253,0.3101481800550878,Crisis
2011-11-09,0.2500000000049069,0.43985182058166455,0.3101481794134237,Crisis
2011-11-10,0.24999999999589742,0.43985182371792814,0.31014817628617347,Crisis
2011-11-11,0.2500000000053012,0.4398518240531339,0.31014817594156985,Crisis
2011-11-14,0.2499999999243371,0.43985180125002127,0.3101481988256419,Crisis
2011-11-15,0.24999999999699607,0.4398517979212695,0.3101482020817348,Crisis
2011-11-16,0.25000000000506434,0.4398517979740184,0.3101482020209225,Crisis
2011-11-17,0.249999999993581,0.43985180142455327,0.31014819858186476,Crisis
2011-11-18,0.24999999932176228,0.4398520208746884,0.31014797980354936,Crisis
2011-11-21,0.24999999918359755,0.4398522942260517,0.31014770659035057,Crisis
2011-11-22,0.24999999906980475,0.4398534313265408,0.31014656960365483,Crisis
2011-11-23,0.24999999904162074,0.4398546233234547,0.31014537763492445,Crisis
2011-11-25,0.24999999863510333,0.43986366933409293,0.31013633203080376,Crisis
2011-11-28,0.24999999562330638,0.4398730834205855,0.310126920956108,Crisis
2011-11-29,0.24999999791386787,0.44201916098400146,0.30798084110213086,Crisis
2011-11-30,0.24999999106401652,0.4420468089473153,0.3079531999886685,Crisis
2011-12-01,0.24999999970236422,0.4463696660159083,0.30363033428172725,Crisis
2011-12-02,0.2499999962211515,0.44643721351330407,0.3035627902655443,Crisis
2011-12-05,0.249999999044403,0.4464383098341182,0.30356169112147896,Crisis
2011-12-06,0.2499999914064987,0.44646273157619004,0.3035372770173115,Crisis
2011-12-07,0.24999999172159565,0.4464849500947654,0.30351505818363866,Crisis
2011-12-08,0.2499999929723314,0.4465018941706886,0.3034981128569803,Crisis
2011-12-09,0.24999999690283242,0.44828390130734047,0.3017161017898273,Crisis
2011-12-12,0.24999999649598606,0.44828998360287653,0.3017100199011376,Crisis
2011-12-13,0.24999999798236452,0.4503277546300278,0.2996722473876076,Crisis
2011-12-14,0.24999999959057867,0.4537537002274287,0.29624630018199277,Crisis
2011-12-15,0.24999999972039774,0.45756016454383797,0.29243983573576393,Crisis
2011-12-16,0.24999999717976074,0.4578592695059743,0.2921407333142646,Crisis
2011-12-19,0.2499999989219718,0.460320906578235,0.28967909449979323,Crisis
2011-12-20,0.24999999851103813,0.4603296472032629,0.28967035428569887,Crisis
2011-12-21,0.24999998934386294,0.46036182293313577,0.28963818772300093,Crisis
2011-12-22,0.24999999843831652,0.4603637254445467,0.2896362761171367,Crisis
2011-12-23,0.24999999894981711,0.46036485286925727,0.2896351481809256,Crisis
2011-12-27,0.24999999931695563,0.4603654946346109,0.28963450604843344,Crisis
2011-12-28,0.2499999960526995,0.46052411220747863,0.2894758917398219,Crisis
2011-12-29,0.24999999906251275,0.46301987591259197,0.28698012502489534,Crisis
2011-12-30,0.24999999695195776,0.46305350599400547,0.2869464970540364,Crisis
2012-01-03,0.249999996583066,0.46309853939416695,0.2869014640227673,Crisis
2012-01-04,0.2499999963738679,0.4646292841646261,0.285370719461506,Crisis
2012-01-05,0.24999998396333192,0.46463932302250116,0.28536069301416744,Crisis
2012-01-06,0.24999999761819036,0.4646589602913545,0.28534104209045513,Crisis
2012-01-09,0.24999998469028076,0.46472406114902304,0.2852759541606962,Crisis
2012-01-10,0.24999998386077915,0.4647976237628123,0.28520239237640854,Crisis
2012-01-11,0.2499999975143602,0.46511058633036517,0.2848894161552744,Crisis
2012-01-12,0.2499999984781975,0.4651196558183538,0.28488034570344883,Crisis
2012-01-13,0.24999999716172344,0.46514805323898545,0.284851949599291,Crisis
2012-01-17,0.24999999817014817,0.46516035460303984,0.28483964722681193,Crisis
2012-01-18,0.24999999813300272,0.4651730333907238,0.2848269684762736,Crisis
2012-01-19,0.24999998805806223,0.46521237472457166,0.28478763721736583,Crisis
2012-01-20,0.24999999810859924,0.4652148005746966,0.2847852013167038,Crisis
2012-01-23,0.24999998654369354,0.4652225264801265,0.2847774869761802,Crisis
2012-01-24,0.24999998778920332,0.4652292844919042,0.2847707277188921,Crisis
2012-01-25,0.2499999849269326,0.4652383042686068,0.2847617108044606,Crisis
2012-01-26,0.24999999617613314,0.46539150512639943,0.28460849869746735,Crisis
2012-01-27,0.24999998695214634,0.46612915253041626,0.2838708605174374,Crisis
2012-01-30,0.24999999766770784,0.4661323524135715,0.2838676499187206,Crisis
2012-01-31,0.24999999947723536,0.466132788624988,0.2838672118977763,Crisis
2012-02-01,0.24999999955250174,0.4661331458452348,0.2838668546022636,Crisis
2012-02-02,0.24999998998036366,0.4661383466397412,0.28386166337989516,Crisis
2012-02-03,0.24999998846547075,0.46614462637392384,0.2838553851606053,Crisis
2012-02-06,0.2499999911045434,0.4661492136228986,0.28385079527255797,Crisis
2012-02-07,0.2499999905475642,0.46615416881017624,0.28384584064225943,Crisis
2012-02-08,0.24999999442244017,0.46615664966343484,0.28384335591412485,Crisis
2012-02-09,0.24999999118157668,0.4661611802871245,0.283838828531299,Crisis
2012-02-10,0.24999999148636673,0.4661655093897549,0.2838344991238785,Crisis
2012-02-13,0.24999998625747566,0.46617373809205376,0.28382627565047064,Crisis
2012-02-14,0.2499999984629558,0.46617560411829184,0.2838243974187519,Crisis
2012-02-15,0.2499999988167034,0.46617692935805133,0.28382307182524513,Crisis
2012-02-16,0.24999999923215188,0.466177677251268,0.28382232351657993,Crisis
2012-02-17,0.2499999994369546,0.46617817635208036,0.28382182421096497,Crisis
2012-02-21,0.24999999954495497,0.4661785542724649,0.2838214461825798,Crisis
2012-02-22,0.24999999943361842,0.46617905801808834,0.2838209425482925,Crisis
2012-02-23,0.2499999991595845,0.46617990355461464,0.2838200972858006,Crisis
2012-02-24,0.24999999931649391,0.46618054683663007,0.283819453846876,Crisis
2012-02-27,0.24999999953215757,0.46618093832136437,0.283819062146478,Crisis
2012-02-28,0.24999998146568803,0.4661934357596634,0.28380658277464865,Crisis
2012-02-29,0.24999999959162475,0.46619372139936605,0.28380627900900884,Crisis
2012-03-01,0.2499999963257161,0.47390683353229385,0.27609317014198975,Crisis
2012-03-02,0.24999999457289832,0.47517532478164604,0.27482468064545573,Crisis
2012-03-05,0.2499999985232843,0.4751849346390066,0.2748150668377092,Crisis
2012-03-06,0.24999999055460093,0.47521386699390605,0.2747861424514933,Crisis
2012-03-07,0.24999999005520487,0.4760977765627754,0.27390223338201963,Crisis
2012-03-08,0.24999999626279248,0.47620970465551643,0.2737902990816913,Crisis
2012-03-09,0.2499999967085609,0.4764024662724665,0.27359753701897277,Crisis
2012-03-12,0.24999999636085862,0.47647821016868197,0.2735217934704596,Crisis
2012-03-13,0.2499999969814882,0.4767076358889437,0.27329236712956767,Crisis
2012-03-14,0.2499999969113552,0.4767509349795909,0.2732490681090542,Crisis
2012-03-15,0.2499999997299919,0.4767511476163019,0.27324885265370596,Crisis
2012-03-16,0.24999999947486468,0.4767516600377574,0.27324834048737795,Crisis
2012-03-19,0.24999999951046123,0.4767521273366131,0.27324787315292587,Crisis
2012-03-20,0.24999999193237632,0.47675668476296335,0.2732433233046602,Crisis
2012-03-21,0.24999999145210788,0.47676161057965055,0.2732383979682415,Crisis
2012-03-22,0.24999999550654564,0.4767637433936207,0.2732362610998334,Crisis
2012-03-23,0.24999999594253614,0.4767656144398892,0.2732343896175745,Crisis
2012-03-26,0.2499999943402521,0.4767684855498863,0.27323152010986146,Crisis
2012-03-27,0.24999999960643035,0.47676883369473605,0.27323116669883374,Crisis
2012-03-28,0.24999999969424624,0.47676908685580444,0.27323091344994904,Crisis
2012-03-29,0.24999999872669343,0.47677073383820096,0.2732292674351057,Crisis
2012-03-30,0.24999999849742627,0.476772790338604,0.27322721116397003,Crisis
2012-04-02,0.2499999915501845,0.47677766156434703,0.2732223468854685,Crisis
2012-04-03,0.2499999901738147,0.47678361137053793,0.273216398455647,Crisis
2012-04-04,0.24999998938743553,0.4767903357338243,0.27320967487874,Crisis
2012-04-05,0.24999998944632038,0.47679700415913795,0.27320300639454126,Crisis
2012-04-09,0.24999999893405372,0.476798321055298,0.2732016800106483,Crisis
2012-04-10,0.2499999926370553,0.4768025260148297,0.27319748134811495,Crisis
2012-04-11,0.24999998979551524,0.47680906227260167,0.27319094793188303,Crisis
2012-04-12,0.24999999653044444,0.47681067000187854,0.27318933346767754,Crisis
2012-04-13,0.24999999254386604,0.4768149874138074,0.27318502004232625,Crisis
2012-04-16,0.24999999396333342,0.47681826313227144,0.2731817429043949,Crisis
2012-04-17,0.24999999643299192,0.47681992591026157,0.27318007765674623,Crisis
2012-04-18,0.2499999940920859,0.47682308362857856,0.2731769222793353,Crisis
2012-04-19,0.24999999245064336,0.47682743725557575,0.27317257029378056,Crisis
2012-04-20,0.24999999150300237,0.4768325270791532,0.27316748141784447,Crisis
2012-04-23,0.24999999219776417,0.4768370749240169,0.2731629328782189,Crisis
2012-04-24,0.24999999241649726,0.47684145705623016,0.2731585505272727,Crisis
2012-04-25,0.24999999445737917,0.4768443694358941,0.2731556361067268,Crisis
2012-04-26,0.24999998599834009,0.47685440824138703,0.2731456057602731,Crisis
2012-04-27,0.24999998846096955,0.4768620978645108,0.27313791367451984,Crisis
2012-04-30,0.24999998601568724,0.47687209460026203,0.27312791938405095,Crisis
2012-05-01,0.24999999573919177,0.476874154143564,0.2731258501172442,Crisis
2012-05-02,0.24999999800493136,0.47687494531239144,0.2731250566826772,Crisis
2012-05-03,0.24999999816605284,0.47687565900452267,0.27312434282942455,Crisis
2012-05-04,0.24999999865034803,0.476876146561298,0.27312385478835405,Crisis
2012-05-07,0.2499999999490431,0.47687615859685045,0.27312384145410673,Crisis
2012-05-08,0.2499999999771081,0.4768761648667085,0.2731238351561832,Crisis
2012-05-09,0.24999999994005642,0.47687617963391266,0.273123820426031,Crisis
2012-05-10,0.24999999985231675,0.47687621658908014,0.27312378355860323,Crisis
2012-05-11,0.24999999993115612,0.47687623344739793,0.2731237666214461,Crisis
2012-05-14,0.2499999999176009,0.4768762536239693,0.2731237464584295,Crisis
2012-05-15,0.24999999988972166,0.47687628079713146,0.27312371931314694,Crisis
2012-05-16,0.24999999979731943,0.47687633298386245,0.273123667218818,Crisis
2012-05-17,0.24999999962408687,0.4768764378329625,0.27312356254295084,Crisis
2012-05-18,0.24999999841650988,0.476877045605444,0.2731229559780459,Crisis
2012-05-21,0.24999999832677908,0.4768776962220629,0.27312230545115807,Crisis
2012-05-22,0.24999999841596732,0.47687830052106406,0.27312170106296874,Crisis
2012-05-23,0.2499999972340232,0.47687953176666853,0.27312047099930825,Crisis
2012-05-24,0.24999999797593495,0.4768803627250881,0.27311963929897676,Crisis
2012-05-25,0.2499999978837695,0.4768812416336814,0.27311876048254885,Crisis
2012-05-29,0.24999999565200529,0.476883432055815,0.2731165722921802,Crisis
2012-05-30,0.2499999967093781,0.4768849709620138,0.27311503232860795,Crisis
2012-05-31,0.24999999962458525,0.47688508139332103,0.2731149189820938,Crisis
2012-06-01,0.24999999977115642,0.47688514533692766,0.2731148548919157,Crisis
2012-06-04,0.24999999907404288,0.4768863928457427,0.27311360808021434,Crisis
2012-06-05,0.2499999995875552,0.4768868254753178,0.27311317493712683,Crisis
2012-06-06,0.24999999963948605,0.4768871921674537,0.2731128081930603,Crisis
2012-06-07,0.24999999355527594,0.47689124210150885,0.2731087643432151,Crisis
2012-06-08,0.24999999971904568,0.476891506404543,0.2731084938764111,Crisis
2012-06-11,0.24999999973137074,0.4768917597009759,0.2731082405676534,Crisis
2012-06-12,0.24999998873707535,0.4769003060445059,0.27309970521841825,Crisis
2012-06-13,0.24999999219183625,0.4769055153565253,0.27309449245163814,Crisis
2012-06-14,0.24999999978038936,0.47690569956189566,0.27309430065771534,Crisis
2012-06-15,0.24999999907475492,0.47690695926299587,0.2730930416622489,Crisis
2012-06-18,0.24999999928404928,0.47690785580455686,0.2730921449113938,Crisis
2012-06-19,0.24999999933986233,0.47690866200458704,0.2730913386555507,Crisis
2012-06-20,0.24999999977921783,0.47690885670869326,0.27309114351208874,Crisis
2012-06-21,0.24999999981211896,0.47690901509421335,0.2730909850936674,Crisis
2012-06-22,0.24999999936603118,0.4775641271590185,0.27243587347494996,Crisis
2012-06-25,0.24999999776779191,0.47756827420644543,0.2724317280257626,Crisis
2012-06-26,0.24999999977923942,0.47756846967273153,0.27243153054802915,Crisis
2012-06-27,0.24999999896840974,0.47756993989427077,0.27243006113731927,Crisis
2012-06-28,0.24999999875857995,0.4775718160362471,0.2724281852051733,Crisis
2012-06-29,0.24999999651792715,0.4775795943472663,0.2724204091348065,Crisis
2012-07-02,0.24999999613651067,0.4790520890847722,0.27094791477871716,Crisis
2012-07-03,0.24999999903332557,0.479058378476435,0.2709416224902396,Crisis
2012-07-05,0.2499999953642878,0.4790702162103516,0.27092978842536025,Crisis
2012-07-06,0.3999999359273121,0.4999999999863378,0.10000006408632073,Bear
2012-07-09,0.24999999784634033,0.4961727783244245,0.2538272238292352,Crisis
2012-07-10,0.2499999973246149,0.49612817195396947,0.2538718307214155,Crisis
2012-07-11,0.2499999961692952,0.49611879400728875,0.25388120982341605,Crisis
2012-07-12,0.24999999602352696,0.4961088984442261,0.25389110553224703,Crisis
2012-07-13,0.2499999918076117,0.49607780535643203,0.2539222028359567,Crisis
2012-07-16,0.2499999922822551,0.49607241797007157,0.2539275897476731,Crisis
2012-07-17,0.24999999084375707,0.49606565198423747,0.2539343571720053,Crisis
2012-07-18,0.24999999724545685,0.4960642050884078,0.25393579766613533,Crisis
2012-07-19,0.24999999997621894,0.49606419485567665,0.2539358051681072,Crisis
2012-07-20,0.2500000000042356,0.49606419462533713,0.2539358053704288,Crisis
2012-07-23,0.2500000000027967,0.4960641937891618,0.25393580620803835,Crisis
2012-07-24,0.2500000000028385,0.4960641929798991,0.25393580701726043,Crisis
2012-07-25,0.24999999999899641,0.4960641949928334,0.253935805008169,Crisis
2012-07-26,0.2499999999779392,0.49606420266652673,0.2539357973555334,Crisis
2012-07-27,0.24999999998101669,0.4960642095815828,0.2539357904374027,Crisis
2012-07-30,0.25000000000424577,0.4960642096403586,0.2539357903553972,Crisis
2012-07-31,0.24999999999125758,0.4960642137667982,0.25393578624194296,Crisis
2012-08-01,0.24999999996523237,0.4960642249375849,0.2539357750971823,Crisis
2012-08-02,0.2499999998225698,0.4960642775779308,0.25393572259949937,Crisis
2012-08-03,0.24999999978453083,0.49606434267203653,0.25393565754343284,Crisis
2012-08-06,0.24999999894884567,0.49606475538966144,0.25393524566149317,Crisis
2012-08-07,0.24999998923769165,0.49685441934481056,0.2531455914174977,Crisis
2012-08-08,0.24999999897662914,0.49686124270927945,0.2531387583140913,Crisis
2012-08-09,0.24999999828531633,0.496864181319172,0.2531358203955117,Crisis
2012-08-10,0.24999999924662666,0.4968650853027103,0.253134915450663,Crisis
2012-08-13,0.2499999896818144,0.5024770045610951,0.2475230057570903,Crisis
2012-08-14,0.2499999992494259,0.5052772278374998,0.24472277291307415,Crisis
2012-08-15,0.24999999709556456,0.5052824207158761,0.24471758218855924,Crisis
2012-08-16,0.24999999961610272,0.5052827563713239,0.24471724401257333,Crisis
2012-08-17,0.24999999627821848,0.5052900031258628,0.2447100005959186,Crisis
2012-08-20,0.2499999939505076,0.5053044895043804,0.24469551654511212,Crisis
2012-08-21,0.2499999947880862,0.5053159227513982,0.24468408246051587,Crisis
2012-08-22,0.24999999956485422,0.5053162994997893,0.24468370093535596,Crisis
2012-08-23,0.24999999843830653,0.5053167975615015,0.24468320400019192,Crisis
2012-08-24,0.24999999927798344,0.5053169740788622,0.2446830266431544,Crisis
2012-08-27,0.24999999911287,0.5053171999694912,0.2446828009176392,Crisis
2012-08-28,0.2500000000061229,0.5053172005338307,0.2446827994600479,Crisis
2012-08-29,0.2500000000047295,0.5053172007907156,0.2446827992045542,Crisis
2012-08-30,0.24999999988075927,0.5053171785395222,0.24468282157971835,Crisis
2012-08-31,0.24999999997706154,0.5053171735379524,0.24468282648498654,Crisis
2012-09-04,0.24999999993011865,0.5053171863889393,0.24468281368094202,Crisis
2012-09-05,0.24999999985695426,0.5053172097458172,0.2446827903972286,Crisis
2012-09-06,0.24999999982171936,0.5053172390937781,0.2446827610845026,Crisis
2012-09-07,0.2500000000028251,0.5053172396613163,0.2446827603358593,Crisis
2012-09-10,0.25000000000387773,0.5053172395474702,0.24468276044864581,Crisis
2012-09-11,0.25000000000274325,0.5053172390473764,0.24468276094987543,Crisis
2012-09-12,0.24999999995496944,0.5053172319282603,0.2446827681167705,Crisis
2012-09-13,0.24999999994984656,0.5053172240313683,0.24468277601878555,Crisis
2012-09-14,0.24999999998732825,0.505317226698111,0.24468277331456106,Crisis
2012-09-17,0.2499999995957286,0.5053171570130711,0.24468284339120006,Crisis
2012-09-18,0.24999999899899156,0.5053169503315968,0.2446830506694114,Crisis
2012-09-19,0.2499999997626889,0.5053169120437269,0.24468308819358392,Crisis
2012-09-20,0.24999999944161427,0.5053168107976914,0.2446831897606943,Crisis
2012-09-21,0.25000000000360895,0.50531680970823,0.2446831902881624,Crisis
2012-09-24,0.24999999980530785,0.5053168379858832,0.2446831622088089,Crisis
2012-09-25,0.2499999785359062,0.5053066599336001,0.24469336153049404,Crisis
2012-09-26,0.24999998007958335,0.5052976629735598,0.2447023569468568,Crisis
2012-09-27,0.24999997949904512,0.5052882707353537,0.24471174976560134,Crisis
2012-09-28,0.24999998804885973,0.5043417501092976,0.2456582618418433,Crisis
2012-10-01,0.24999999536355455,0.5041681233484216,0.24583188128802363,Crisis
2012-10-02,0.24999999895866548,0.5041673650448878,0.24583263599644656,Crisis
2012-10-03,0.24999998922819947,0.5041637836436171,0.24583622712818384,Crisis
2012-10-04,0.2499999809543339,0.5041560475767138,0.24584397146895237,Crisis
2012-10-05,0.4999999988086779,0.25257172688448654,0.24742827430683567,Bear
2012-10-08,0.5000000000581629,0.3244241693542024,0.17557583058763465,Bear
2012-10-09,0.4999999999828129,0.37911464887191265,0.12088535114526569,Bear
2012-10-10,0.5000000000985296,0.3999999998418683,0.10000000005960073,Bear
2012-10-11,0.500000001095944,0.39999999782400253,0.10000000108005742,Bear
2012-10-12,0.4999999996887386,0.40000000209231173,0.09999999821894862,Bear
2012-10-15,0.5000000010178515,0.4000000003839918,0.09999999859818044,Bear
2012-10-16,0.49999999885263685,0.40000000201833574,0.0999999991290356,Bear
2012-10-17,0.5000000012360196,0.3999999979658455,0.10000000079813486,Bear
2012-10-18,0.5000000011301803,0.3999999974917574,0.1000000013780576,Bear
2012-10-19,0.500000004137331,0.3999999865675696,0.1000000092950994,Bear
2012-10-22,0.5000000011108987,0.39999999852800744,0.10000000036102076,Bear
2012-10-23,0.4999999988634315,0.4000000031740449,0.09999999796252561,Bear
2012-10-24,0.500000000087635,0.40000000001779634,0.09999999989456866,Bear
2012-10-25,0.5000000010333214,0.3999999998181095,0.0999999991485742,Bear
2012-10-26,0.4999999984035832,0.400000003801386,0.09999999779503678,Bear
2012-10-31,0.4000000041566521,0.4999999958670156,0.09999999997633709,Bear
2012-11-01,0.4000000245405908,0.49999997540677604,0.1000000000527072,Bear
2012-11-02,0.5000000037394091,0.40000000084787085,0.09999999541272,Bear
2012-11-05,0.5000000015845562,0.3999999999700727,0.09999999844538472,Bear
2012-11-06,0.5000000009114907,0.4000000006076157,0.09999999848089947,Bear
2012-11-07,0.5000000010912723,0.4000000005413146,0.0999999983674238,Bear
2012-11-08,0.5000000001455766,0.40000000189890367,0.09999999795551971,Bear
2012-11-09,0.4999998788356884,0.40000012105282257,0.10000000011155512,Bear
2012-11-12,0.40000036227690833,0.49999963729367675,0.10000000042941494,Bear
2012-11-13,0.4999999998958071,0.400000000178518,0.09999999992567513,Bear
2012-11-14,0.499999819131885,0.4000001804956314,0.10000000037248344,Bear
2012-11-15,0.4000000278669307,0.4999999751804352,0.09999999695263413,Bear
2012-11-16,0.4378998546243055,0.46210014540718836,0.09999999996850663,Bear
2012-11-19,0.43791041021367566,0.46208958339868605,0.10000000638763809,Bear
2012-11-20,0.4999999999609319,0.40000000019541376,0.09999999984365424,Bear
2012-11-21,0.5000000015592843,0.3999999987569249,0.09999999968379705,Bear
2012-11-23,0.5000000016114317,0.3999999987640661,0.09999999962449774,Bear
2012-11-26,0.5000000013926568,0.39999999249082413,0.10000000611651905,Bear
2012-11-27,0.5000000013640574,0.39999999615358545,0.10000000248233114,Bear
2012-11-28,0.5000000045351757,0.39999998681498977,0.1000000086498344,Bear
2012-11-29,0.5000000030269206,0.39999999728478997,0.09999999968828947,Bear
2012-11-30,0.5000000022494937,0.3999999983125153,0.09999999943798718,Bear
2012-12-03,0.5000000025677591,0.3999999989927202,0.09999999843952763,Bear
2012-12-04,0.5000000000550401,0.4000000020258497,0.09999999791910805,Bear
2012-12-05,0.49999999575835535,0.4000000068710971,0.09999999737056993,Bear
2012-12-06,0.5000000010293445,0.4000000008513593,0.09999999811935686,Bear
2012-12-07,0.49999999873540396,0.40000000364156857,0.09999999762304088,Bear
2012-12-10,0.4999999991728132,0.4000000031522698,0.09999999767495221,Bear
2012-12-11,0.4999999980467121,0.40000000446300277,0.09999999749031709,Bear
2012-12-12,0.5000000021920405,0.3999999993755656,0.09999999843243526,Bear
2012-12-13,0.5000000012979636,0.3999999994002701,0.09999999930176626,Bear
2012-12-14,0.5000000028185864,0.3999999984362866,0.09999999874513561,Bear
2012-12-17,0.5000000015840004,0.3999999963603084,0.10000000205569219,Bear
2012-12-18,0.4999999999569803,0.20000001150765648,0.2999999885353626,Bear
2012-12-19,0.49999999996425254,0.20000001181867386,0.2999999882170699,Bear
2012-12-20,0.4999999991921686,0.23112839861639858,0.26887160219143275,Bear
2012-12-21,0.49999999995678485,0.2311279961978005,0.2688720038454146,Bear
2012-12-24,0.5000000048267549,0.3999999692230862,0.10000002595015885,Bear
2012-12-26,0.5000000019375651,0.39999999559996186,0.10000000246247305,Bear
2012-12-27,0.500000001295244,0.399999990324783,0.10000000837993912,Bear
2012-12-28,0.5000000026036643,0.39999999818471754,0.09999999921153978,Bear
2012-12-31,0.500000001759972,0.3999999991855276,0.09999999905449097,Bear
2013-01-02,0.49999999995518657,0.20000000666767345,0.2999999933771398,Bear
2013-01-03,0.5000000005711391,0.2000000102302856,0.2999999891985617,Bear
2013-01-04,0.5000000007296993,0.20000000281096403,0.2999999964593368,Bear
2013-01-07,0.50000000006293,0.3237199733701021,0.17628002656696776,Bear
2013-01-08,0.7000000011109203,0.2499999994527362,0.04999999943635423,Bull
2013-01-09,0.25000000000954203,0.48239361486000626,0.26760638513045154,Crisis
2013-01-10,0.5000000001634227,0.39999999934258745,0.10000000049399438,Bear
2013-01-11,0.4999999998302678,0.39066772607668987,0.10933227409304215,Bear
2013-01-14,0.5000000002908265,0.39999999920548657,0.10000000050368332,Bear
2013-01-15,0.5000000000846995,0.3999999998185241,0.10000000009673879,Bear
2013-01-16,0.5000000000683265,0.39999999976896267,0.1000000001626984,Bear
2013-01-17,0.5000000000036308,0.39999999160050637,0.1000000083958562,Bear
2013-01-18,0.5000000000978676,0.35047254049268,0.1495274594094521,Bear
2013-01-22,0.5000000001018436,0.39999999950533316,0.10000000039282239,Bear
2013-01-23,0.5000000017504878,0.39999999622316496,0.100000002026352,Bear
2013-01-24,0.5000000028221169,0.39999999821407506,0.09999999896379078,Bear
2013-01-25,0.5000000020278563,0.39999999960100957,0.09999999837113098,Bear
2013-01-28,0.5000000024688681,0.3999999980024964,0.09999999952864415,Bear
2013-01-29,0.5000000018309063,0.4000000003174564,0.09999999785163491,Bear
2013-01-30,0.5000000024949193,0.3999999981071557,0.09999999939792507,Bear
2013-01-31,0.5000000028665377,0.39999999779542883,0.09999999933803323,Bear
2013-02-01,0.5000000051081103,0.3999999968960688,0.09999999799582097,Bear
2013-02-04,0.500000000086182,0.3999999999064854,0.10000000000733274,Bear
2013-02-05,0.5000000032044613,0.3999999975617352,0.09999999923380366,Bear
2013-02-06,0.5000000000850262,0.3999999999585755,0.0999999999563985,Bear
2013-02-07,0.5000000026058791,0.39999999963035127,0.09999999776378969,Bear
2013-02-08,0.5000000021825938,0.3999999982210755,0.09999999959633783,Bear
2013-02-11,0.5000000018430719,0.399999999498632,0.09999999865829126,Bear
2013-02-12,0.5000000018948662,0.39999999921191964,0.09999999889321798,Bear
2013-02-13,0.500000001889266,0.39999999907091643,0.09999999903981872,Bear
2013-02-14,0.5000000023902722,0.3999999993810299,0.09999999822870984,Bear
2013-02-15,0.5000000016238905,0.40000000083332304,0.09999999754279298,Bear
2013-02-19,0.5000000000394422,0.40000000001360925,0.09999999994694975,Bear
2013-02-20,0.5000000000162501,0.40000000001387287,0.09999999996988523,Bear
2013-02-21,0.5000000015472277,0.39999999984528584,0.09999999860749247,Bear
2013-02-22,0.5000000014214265,0.39999999984346185,0.09999999873511474,Bear
2013-02-25,0.5000000010511635,0.4000000000925612,0.09999999885627753,Bear
2013-02-26,0.500000000509633,0.40000000107739964,0.09999999841297168,Bear
2013-02-27,0.500000000756047,0.40000000027204274,0.09999999897192358,Bear
2013-02-28,0.500000001215996,0.399999999974356,0.09999999880965411,Bear
2013-03-01,0.5000000012072553,0.3999999999814484,0.09999999881129966,Bear
2013-03-04,0.5000000007448536,0.4000000003515634,0.09999999890358573,Bear
2013-03-05,0.5000000015735545,0.39999999977006717,0.09999999865638699,Bear
2013-03-06,0.5000000013804893,0.40000000004818104,0.09999999857133292,Bear
2013-03-07,0.5000000018453413,0.39999999935305885,0.09999999880160731,Bear
2013-03-08,0.5000000018598697,0.3999999993440643,0.09999999879606965,Bear
2013-03-11,0.5000000000782258,0.3999999999662028,0.09999999995552944,Bear
2013-03-12,0.5000000024557747,0.3999999986728916,0.09999999887133355,Bear
2013-03-13,0.5000000018127887,0.39999999966007543,0.09999999852713623,Bear
2013-03-14,0.5000000018758365,0.3999999993742914,0.09999999874987817,Bear
2013-03-15,0.5000000015206155,0.40000000109480327,0.09999999738458883,Bear
2013-03-18,0.5000000017242199,0.399999999377225,0.0999999988985699,Bear
2013-03-19,0.5000000010152175,0.40000000089243964,0.09999999809234165,Bear
2013-03-20,0.49999999706004794,0.4000000053213805,0.09999999761858591,Bear
2013-03-21,0.5000000015479934,0.4000000005625713,0.09999999788949811,Bear
2013-03-22,0.4999999965131026,0.40000000528318963,0.09999999820372146,Bear
2013-03-25,0.4999999948221303,0.40000000801129837,0.09999999716662511,Bear
2013-03-26,0.5000000008287635,0.40000000122947676,0.09999999794184433,Bear
2013-03-27,0.5000000014687983,0.40000000011666464,0.09999999841455309,Bear
2013-03-28,0.5000000014694053,0.4000000004958387,0.09999999803476574,Bear
2013-04-01,0.500000001035192,0.400000000559286,0.09999999840553733,Bear
2013-04-02,0.5000000011203561,0.4000000007329696,0.0999999981466922,Bear
2013-04-03,0.500000001342709,0.4000000004795083,0.09999999817779921,Bear
2013-04-04,0.5000000009825528,0.400000000478553,0.09999999853890829,Bear
2013-04-05,0.4999999923091509,0.40000000872511293,0.09999999896574747,Bear
2013-04-08,0.4692336687663819,0.43076633112205104,0.10000000011157066,Bear
2013-04-09,0.4692319093913753,0.43076808918096254,0.1000000014276621,Bear
2013-04-10,0.6999999997211819,0.25000000054079097,0.04999999973802703,Bull
2013-04-11,0.25000000000737643,0.46523656343798564,0.28476343655463765,Crisis
2013-04-12,0.2499999999643466,0.4652365665623818,0.2847634334732672,Crisis
2013-04-15,0.24999998210743882,0.46524134929145117,0.28475866860111,Crisis
2013-04-16,0.5000000000390065,0.40000000005044195,0.09999999991055263,Bear
2013-04-17,0.4999999993478898,0.40000000202738467,0.09999999862473133,Bear
2013-04-18,0.4999999997062712,0.4000000017194808,0.09999999857426213,Bear
2013-04-19,0.49999999943475737,0.40000000189681606,0.09999999866843905,Bear
2013-04-22,0.49999999937662815,0.4000000019252436,0.09999999869814204,Bear
2013-04-23,0.5000000005113299,0.40000000143110914,0.0999999980575739,Bear
2013-04-24,0.5000000002298858,0.40000000136149155,0.09999999840863408,Bear
2013-04-25,0.5000000000828608,0.40000000126346064,0.0999999986536895,Bear
2013-04-26,0.5000000010019312,0.4000000002929774,0.09999999870510382,Bear
2013-04-29,0.5000000004874559,0.40000000073256814,0.099999998779983,Bear
2013-04-30,0.5000000004577083,0.40000000076171005,0.09999999878059168,Bear
2013-05-01,0.5000000003813498,0.40000000080379117,0.09999999881486826,Bear
2013-05-02,0.5000000002943483,0.4000000015200143,0.09999999818564353,Bear
2013-05-03,0.4999999999407105,0.40000000130528635,0.09999999875401552,Bear
2013-05-06,0.5000000006206424,0.4000000004524235,0.09999999892694654,Bear
2013-05-07,0.5000000009889548,0.40000000030624744,0.09999999870480529,Bear
2013-05-08,0.5000000010575629,0.4000000004765136,0.09999999846593172,Bear
2013-05-09,0.50000000136902,0.40000000003253117,0.09999999859845891,Bear
2013-05-10,0.5000000013487549,0.40000000013968,0.09999999851157315,Bear
2013-05-13,0.5000000015348065,0.4000000000000363,0.09999999846516701,Bear
2013-05-14,0.5000000013360965,0.4000000014439531,0.09999999721996486,Bear
2013-05-15,0.5000000017102713,0.40000000050197543,0.09999999778777352,Bear
2013-05-16,0.500000001427438,0.4000000012226329,0.0999999973499453,Bear
2013-05-17,0.500000003011846,0.3999999985169824,0.09999999847117169,Bear
2013-05-20,0.5000000001264241,0.3999999999697298,0.09999999990382091,Bear
2013-05-21,0.5000000002129045,0.39999999990040835,0.09999999988668706,Bear
2013-05-22,0.5000000002081374,0.3999999999291444,0.09999999986271761,Bear
2013-05-23,0.5000000002377666,0.3999999999159778,0.09999999984625547,Bear
2013-05-24,0.5000000002252923,0.3999999999208377,0.09999999985386976,Bear
2013-05-28,0.5000000001831993,0.3999999999442237,0.09999999987257623,Bear
2013-05-29,0.5000000003293485,0.39999999974062067,0.09999999993003088,Bear
2013-05-30,0.5000000002825404,0.3999999998265964,0.09999999989086143,Bear
2013-05-31,0.5000000002829817,0.39999999975907785,0.0999999999579394,Bear
2013-06-03,0.5000000002872672,0.39999999984296647,0.0999999998697643,Bear
2013-06-04,0.5000000001604343,0.39999999976848666,0.10000000007107712,Bear
2013-06-05,0.5000000002312379,0.39999999881967235,0.10000000094908763,Bear
2013-06-06,0.500000000369844,0.3999999994689201,0.10000000016122826,Bear
2013-06-07,0.5000000003190058,0.3999999995273829,0.10000000015360799,Bear
2013-06-10,0.5000000004522833,0.39999999950733806,0.10000000004037707,Bear
2013-06-11,0.5000000004055405,0.39999999972241396,0.0999999998720433,Bear
2013-06-12,0.5000000003645457,0.3999999997782795,0.09999999985717334,Bear
2013-06-13,0.5000000004004422,0.39999999963218663,0.09999999996737001,Bear
2013-06-14,0.5000000003899948,0.39999999971450884,0.09999999989549475,Bear
2013-06-17,0.5000000003300119,0.3999999998385461,0.0999999998314402,Bear
2013-06-18,0.5000000004089056,0.3999999997138673,0.09999999987722709,Bear
2013-06-19,0.5000000003385516,0.399999999846565,0.09999999981488175,Bear
2013-06-20,0.5000000003196203,0.3999999998743586,0.09999999980602013,Bear
2013-06-21,0.5000000001590361,0.39999999996413826,0.09999999987682397,Bear
2013-06-24,0.5000000002356313,0.39999999993047103,0.09999999983389765,Bear
2013-06-25,0.5000000002155723,0.39999999993979357,0.09999999984463363,Bear
2013-06-26,0.5000000004624349,0.39999999967342664,0.09999999986413902,Bear
2013-06-27,0.5000000001535685,0.3999999999663426,0.09999999988008494,Bear
2013-06-28,0.5000000001303498,0.39999999997337554,0.09999999989627438,Bear
2013-07-01,0.24999999993727495,0.5501978449060878,0.19980215515663785,Crisis
2013-07-02,0.24999999991938968,0.550197851832883,0.19980214824772713,Crisis
2013-07-03,0.24999999992176858,0.550197858507299,0.19980214157093265,Crisis
2013-07-05,0.24999999997453992,0.5501978581745051,0.19980214185095846,Crisis
2013-07-08,0.24999999936468636,0.5501977951351606,0.19980220550015326,Crisis
2013-07-09,0.2499999994351109,0.5501977403412621,0.19980226022362696,Crisis
2013-07-10,0.7000000000584089,0.25000000000510014,0.04999999993649101,Bull
2013-07-11,0.7000000001233709,0.24999999995450808,0.04999999992212101,Bull
2013-07-12,0.7000000002076138,0.24999999988206584,0.04999999991031986,Bull
2013-07-15,0.7000000001989369,0.24999999983932616,0.04999999996173556,Bull
2013-07-16,0.7000000001994555,0.24999999986685045,0.04999999993369227,Bull
2013-07-17,0.7000000001804416,0.24999999984441323,0.04999999997514365,Bull
2013-07-18,0.7000000001830246,0.24999999991589222,0.04999999990108133,Bull
2013-07-19,0.7000000002353108,0.24999999980023455,0.04999999996445393,Bull
2013-07-22,0.7000000001897307,0.2499999998911827,0.049999999919084076,Bull
2013-07-23,0.7000000001019033,0.24999999985274918,0.05000000004534499,Bull
2013-07-24,0.7000000001494628,0.249999999659771,0.05000000019076362,Bull
2013-07-25,0.7000000002767794,0.24999999871055503,0.05000000101266233,Bull
2013-07-26,0.7000000002622186,0.24999999905965903,0.0500000006781117,Bull
2013-07-29,0.7000000002659104,0.2499999990083575,0.05000000072572503,Bull
2013-07-30,0.7000000003369572,0.24999999873628892,0.050000000926746384,Bull
2013-07-31,0.7000000002625071,0.2499999991292203,0.05000000060825993,Bull
2013-08-01,0.700000000241499,0.2499999998361866,0.049999999922304354,Bull
2013-08-02,0.7000000001897486,0.2499999997678296,0.05000000004241965,Bull
2013-08-05,0.7000000002052268,0.24999999977852316,0.05000000001624735,Bull
2013-08-06,0.700000000162869,0.24999999977787762,0.05000000005925039,Bull
2013-08-07,0.7000000001988919,0.24999999977081924,0.0500000000302862,Bull
2013-08-08,0.7000000001842327,0.24999999991623328,0.04999999989953105,Bull
2013-08-09,0.7000000002319369,0.24999999985612845,0.049999999911933844,Bull
2013-08-12,0.7000000001594866,0.24999999993680405,0.04999999990370675,Bull
2013-08-13,0.700000000208287,0.24999999987960425,0.049999999912107906,Bull
2013-08-14,0.7000000002406528,0.24999999984601717,0.049999999913328555,Bull
2013-08-15,0.7000000002392625,0.24999999979807758,0.049999999962658165,Bull
2013-08-16,0.7000000002955631,0.2499999993999711,0.050000000304463034,Bull
2013-08-19,0.7000000002522997,0.24999999949077534,0.05000000025691698,Bull
2013-08-20,0.7000000003124837,0.2499999985213564,0.05000000116615245,Bull
2013-08-21,0.7000000001834762,0.24999999983569574,0.04999999998079578,Bull
2013-08-22,0.700000000225305,0.24999999944874626,0.05000000032594548,Bull
2013-08-23,0.7000000001489591,0.24999999978239815,0.050000000068627856,Bull
2013-08-26,0.7000000001309737,0.24999999981009283,0.05000000005892712,Bull
2013-08-27,0.7000000002102754,0.2499999995227566,0.05000000026696425,Bull
2013-08-28,0.7000000001640941,0.249999999832046,0.050000000003847904,Bull
2013-08-29,0.7000000001822695,0.24999999967129338,0.05000000014643318,Bull
2013-08-30,0.7000000001375997,0.24999999983337057,0.050000000029019706,Bull
2013-09-03,0.7000000001803903,0.24999999984916402,0.04999999997044234,Bull
2013-09-04,0.7000000003195644,0.2499999985799707,0.05000000110046235,Bull
2013-09-05,0.7000000003590109,0.24999999784592095,0.05000000179505148,Bull
2013-09-06,0.7000000002512429,0.24999999917008925,0.050000000578641714,Bull
2013-09-09,0.7000000003377357,0.24999999825873598,0.05000000140351918,Bull
2013-09-10,0.7000000002970097,0.24999999896984434,0.050000000733125445,Bull
2013-09-11,0.7000000001766993,0.24999999988609026,0.04999999993719608,Bull
2013-09-12,0.7000000056371317,0.24999999729368957,0.049999997069178626,Bull
2013-09-13,0.7000000020104866,0.24999999832853517,0.04999999966097825,Bull
2013-09-16,0.7000000022952435,0.24999999875102652,0.049999998953732326,Bull
2013-09-17,0.7000000024255008,0.2499999986983853,0.04999999887611823,Bull
2013-09-18,0.7000000020692351,0.24999999845121793,0.04999999947954558,Bull
2013-09-19,0.7000000018762877,0.24999999895323144,0.049999999170477684,Bull
2013-09-20,0.7000000023803554,0.24999999880841345,0.049999998811233994,Bull
2013-09-23,0.7000000017243012,0.24999999885892474,0.04999999941677125,Bull
2013-09-24,0.7000000017017503,0.24999999896825278,0.04999999932999328,Bull
2013-09-25,0.7000000016079168,0.24999999919685828,0.049999999195220766,Bull
2013-09-26,0.70000000161972,0.24999999916736948,0.04999999921290717,Bull
2013-09-27,0.7000000018229894,0.24999999873819032,0.0499999994388189,Bull
2013-09-30,0.7000000022222446,0.2499999985748997,0.049999999202856145,Bull
2013-10-01,0.7000000023993665,0.2499999985605767,0.04999999904005915,Bull
2013-10-02,0.7000000018532465,0.24999999868784267,0.04999999945890721,Bull
2013-10-03,0.7000000020794278,0.24999999851358956,0.04999999940698179,Bull
2013-10-04,0.7000000020635768,0.24999999840081247,0.04999999953560858,Bull
2013-10-07,0.7000000020517816,0.2499999984437019,0.04999999950451422,Bull
2013-10-08,0.7000000019411756,0.24999999848369536,0.04999999957512539,Bull
2013-10-09,0.7000000017562825,0.24999999912769696,0.04999999911601402,Bull
2013-10-10,0.70000000162048,0.2499999994020916,0.04999999897742354,Bull
2013-10-11,0.7000000017169011,0.24999999905563414,0.04999999922746172,Bull
2013-10-14,0.7000000016679212,0.249999999054845,0.049999999277230485,Bull
2013-10-15,0.7000000018928966,0.24999999860613617,0.049999999500966716,Bull
2013-10-16,0.7000000020328317,0.24999999844736387,0.04999999951980345,Bull
2013-10-17,0.700000002054876,0.24999999863262543,0.049999999312498135,Bull
2013-10-18,0.7000000023461941,0.24999999889538566,0.049999998758423446,Bull
2013-10-21,0.7000000019132888,0.24999999888521915,0.049999999201491334,Bull
2013-10-22,0.7000000017196759,0.2499999990088246,0.04999999927149754,Bull
2013-10-23,0.7000000018100038,0.24999999913810497,0.04999999905188999,Bull
2013-10-24,0.7000000022707649,0.2499999990373727,0.049999998691864854,Bull
2013-10-25,0.7000000023555554,0.2499999990696363,0.04999999857481062,Bull
2013-10-28,0.7000000028256347,0.24999999939820916,0.04999999777616215,Bull
2013-10-29,0.7000000027556299,0.24999999938095785,0.04999999786341926,Bull
2013-10-30,0.7000000027135096,0.24999999922774516,0.049999998058749794,Bull
2013-10-31,0.7000000027526244,0.2499999993683258,0.049999997879056096,Bull
2013-11-01,0.7000000025588589,0.249999999309569,0.04999999813157867,Bull
2013-11-04,0.700000002513089,0.2499999992544418,0.049999998232475536,Bull
2013-11-05,0.7000000026707234,0.24999999925980526,0.049999998069476574,Bull
2013-11-06,0.7000000025287767,0.2499999983693268,0.0499999991018967,Bull
2013-11-07,0.7000000025172132,0.2499999992991406,0.04999999818365011,Bull
2013-11-08,0.700000002367527,0.24999999918845675,0.04999999844402125,Bull
2013-11-11,0.7000000000828576,0.24999999997242356,0.04999999994470481,Bull
2013-11-12,0.700000000087446,0.2499999999710944,0.04999999994145931,Bull
2013-11-13,0.7000000048630539,0.24999999808171738,0.049999997055228694,Bull
2013-11-14,0.700000000087443,0.24999999997115677,0.0499999999413677,Bull
2013-11-15,0.7000000001105174,0.24999999996390557,0.04999999992557653,Bull
2013-11-18,0.7000000001182193,0.24999999995967398,0.04999999992210633,Bull
2013-11-19,0.7000000056816191,0.24999999796180422,0.049999996356576565,Bull
2013-11-20,0.70000000230997,0.24999999858137453,0.04999999910865561,Bull
2013-11-21,0.7000000018319628,0.2499999989637096,0.049999999204327406,Bull
2013-11-22,0.7000000018727195,0.2499999990371514,0.049999999090130524,Bull
2013-11-25,0.7000000021266964,0.24999999914088225,0.049999998732421315,Bull
2013-11-26,0.7000000021165272,0.24999999919167906,0.04999999869179359,Bull
2013-11-27,0.7000000020988874,0.2499999992184274,0.04999999868268518,Bull
2013-11-29,0.7000000020875161,0.24999999919973773,0.04999999871275107,Bull
2013-12-02,0.7000000020806507,0.24999999916830284,0.049999998751050705,Bull
2013-12-03,0.7000000021023461,0.24999999911901888,0.049999998778634966,Bull
2013-12-04,0.7000000021189489,0.24999999913396365,0.049999998747087465,Bull
2013-12-05,0.7000000037590823,0.2499999982331264,0.04999999800779134,Bull
2013-12-06,0.7000000020771135,0.24999999864395667,0.04999999927892978,Bull
2013-12-09,0.7000000021306524,0.2499999986447178,0.04999999922462997,Bull
2013-12-10,0.700000001880728,0.24999999894808758,0.04999999917118477,Bull
2013-12-11,0.7000000020029522,0.24999999869942477,0.04999999929762295,Bull
2013-12-12,0.7000000020828804,0.2499999990611122,0.04999999885601054,Bull
2013-12-13,0.700000002170502,0.24999999886577076,0.049999998963731654,Bull
2013-12-16,0.700000002231002,0.24999999909832618,0.04999999867067685,Bull
2013-12-17,0.7000000020034816,0.2499999990373109,0.0499999989592104,Bull
2013-12-18,0.7000000021755363,0.24999999891883495,0.04999999890563266,Bull
2013-12-19,0.7000000022019377,0.24999999900545294,0.049999998792613465,Bull
2013-12-20,0.7000000020828703,0.24999999891524707,0.04999999900188598,Bull
2013-12-23,0.7000000021416063,0.249999999017732,0.04999999884066475,Bull
2013-12-24,0.7000000022178463,0.24999999919627697,0.04999999858587673,Bull
2013-12-26,0.7000000021930091,0.2499999992648083,0.049999998542182914,Bull
2013-12-27,0.7000000019816962,0.24999999905761838,0.049999998960687596,Bull
2013-12-30,0.7000000020635189,0.24999999873154874,0.049999999204932435,Bull
2013-12-31,0.7000000018467879,0.24999999896185565,0.04999999919135591,Bull
2014-01-02,0.7000000021582674,0.24999999928219468,0.049999998559537795,Bull
2014-01-03,0.7000000021593772,0.2499999989717777,0.049999998868849406,Bull
2014-01-06,0.7000000022703764,0.24999999910104403,0.04999999862858347,Bull
2014-01-07,0.700000002297711,0.2499999990880189,0.04999999861427432,Bull
2014-01-08,0.7000000023333665,0.24999999915565624,0.04999999851098168,Bull
2014-01-09,0.7000000022869665,0.24999999914343204,0.0499999985696062,Bull
2014-01-10,0.7000000022607381,0.24999999910471402,0.0499999986345522,Bull
2014-01-13,0.7000000021239489,0.24999999905825193,0.049999998817801504,Bull
2014-01-14,0.7000000022249951,0.24999999902836992,0.04999999874663779,Bull
2014-01-15,0.7000000021778532,0.2499999990465927,0.04999999877555668,Bull
2014-01-16,0.7000000021803258,0.24999999904972672,0.04999999876995071,Bull
2014-01-17,0.700000002122735,0.24999999903730355,0.049999998839963915,Bull
2014-01-21,0.7000000018622403,0.24999999909396323,0.04999999904379674,Bull
2014-01-22,0.70000000187251,0.24999999904430378,0.049999999083186634,Bull
2014-01-23,0.7000000017961574,0.24999999901804357,0.049999999185798887,Bull
2014-01-24,0.700000001723388,0.24999999914565194,0.04999999913095885,Bull
2014-01-27,0.700000001401382,0.2499999993724416,0.04999999922617357,Bull
2014-01-28,0.7000000013841512,0.24999999979889626,0.04999999881694897,Bull
2014-01-29,0.7000000013655507,0.24999999986300483,0.049999998771442435,Bull
2014-01-30,0.7000000012731105,0.2500000002767409,0.049999998450145584,Bull
2014-01-31,0.700000001179914,0.2500000003860001,0.04999999843408369,Bull
2014-02-03,0.700000001197206,0.2500000003849483,0.04999999841784387,Bull
2014-02-04,0.7000000005264532,0.2500000014724812,0.04999999800106347,Bull
2014-02-05,0.7000000010109328,0.25000000068668476,0.049999998302383185,Bull
2014-02-06,0.7000000008877759,0.25000000086696755,0.049999998245255174,Bull
2014-02-07,0.7000000012342699,0.2500000002518193,0.04999999851391067,Bull
2014-02-10,0.7000000013489373,0.2500000000176234,0.04999999863343811,Bull
2014-02-11,0.7000000013517593,0.24999999996760033,0.04999999868063869,Bull
2014-02-12,0.7000000015596629,0.24999999938316858,0.04999999905716939,Bull
2014-02-13,0.70000000161001,0.2499999993322896,0.049999999057699175,Bull
2014-02-14,0.7000000015554995,0.2499999994771611,0.04999999896733767,Bull
2014-02-18,0.7000000023604035,0.2499999989617749,0.04999999867782336,Bull
2014-02-19,0.7000000025281953,0.24999999892858632,0.04999999854321886,Bull
2014-02-20,0.7000000023132368,0.24999999896831457,0.04999999871844784,Bull
2014-02-21,0.7000000027112618,0.24999999913543788,0.049999998153306184,Bull
2014-02-24,0.7000000026963852,0.24999999916969057,0.04999999813393051,Bull
2014-02-25,0.700000002687314,0.2499999990790635,0.049999998233629224,Bull
2014-02-26,0.7000000021960222,0.24999999846595214,0.04999999933802645,Bull
2014-02-27,0.700000002650706,0.2499999992028974,0.04999999814639946,Bull
2014-02-28,0.7000000026073107,0.2499999991087568,0.04999999828393698,Bull
2014-03-03,0.7000000026468685,0.24999999911762802,0.049999998235509234,Bull
2014-03-04,0.7000000026777247,0.24999999892054875,0.049999998401732776,Bull
2014-03-05,0.7000000025393392,0.24999999886582447,0.049999998594840875,Bull
2014-03-06,0.7000000026985174,0.24999999907527246,0.04999999822621586,Bull
2014-03-07,0.7000000026433506,0.24999999894924252,0.04999999840741268,Bull
2014-03-10,0.7000000027085039,0.249999999093647,0.0499999981978548,Bull
2014-03-11,0.700000002604276,0.24999999902316183,0.04999999837256599,Bull
2014-03-12,0.7000000025894202,0.24999999902193987,0.04999999838864274,Bull
2014-03-13,0.7000000026586259,0.2499999989957315,0.049999998345646605,Bull
2014-03-14,0.7000000023075468,0.2499999989362497,0.049999998756202736,Bull
2014-03-17,0.700000002228198,0.24999999896272773,0.049999998809072195,Bull
2014-03-18,0.700000002496877,0.2499999989772129,0.049999998525911214,Bull
2014-03-19,0.7000000024637758,0.24999999900634026,0.04999999852988511,Bull
2014-03-20,0.7000000026532455,0.24999999890184052,0.049999998444914893,Bull
2014-03-21,0.7000000024703937,0.24999999887518679,0.049999998654418835,Bull
2014-03-24,0.7000000024258299,0.2499999989103238,0.0499999986638458,Bull
2014-03-25,0.7000000017294288,0.2499999994358947,0.0499999988346734,Bull
2014-03-26,0.7000000021982373,0.24999999908761575,0.04999999871414735,Bull
2014-03-27,0.7000000013890914,0.2499999996779134,0.04999999893299166,Bull
2014-03-28,0.7000000013073762,0.24999999977268458,0.04999999891993778,Bull
2014-03-31,0.7000000014039014,0.24999999963571623,0.049999998960381604,Bull
2014-04-01,0.7000000018158903,0.24999999931312705,0.04999999887098295,Bull
2014-04-02,0.7000000023649967,0.24999999894552682,0.04999999868947756,Bull
2014-04-03,0.7000000028039594,0.24999999932745084,0.049999997868595714,Bull
2014-04-04,0.700000002878747,0.24999999934297049,0.04999999777828974,Bull
2014-04-07,0.7000000028445895,0.2499999989806427,0.04999999817477283,Bull
2014-04-08,0.7000000028754687,0.24999999925911826,0.04999999786541663,Bull
2014-04-09,0.7000000028221325,0.24999999917316523,0.04999999800470569,Bull
2014-04-10,0.7000000000634549,0.24999999998351702,0.04999999995302808,Bull
2014-04-11,0.70000000253369,0.2499999988410328,0.049999998625280866,Bull
2014-04-14,0.7000000027687932,0.24999999802236325,0.04999999920884279,Bull
2014-04-15,0.7000000002217637,0.10000000007801041,0.19999999970022594,Bull
2014-04-16,0.6999999988109166,0.10113671957137864,0.19886328161770492,Bull
2014-04-17,0.7000000003415913,0.10000001055423721,0.1999999891040325,Bull
2014-04-21,0.6999999999336455,0.1000001192814872,0.19999988078483896,Bull
2014-04-22,0.7000000040032925,0.24999998367687068,0.050000012319836716,Bull
2014-04-23,0.7000000019272395,0.2499999946513952,0.05000000342130666,Bull
2014-04-24,0.7000000020835105,0.2499999959208355,0.05000000199565383,Bull
2014-04-25,0.7000000024894306,0.24999999606124496,0.05000000144932454,Bull
2014-04-28,0.7000000029377347,0.2499999971736032,0.049999999888662224,Bull
2014-04-29,0.7000000000758999,0.24999999994565997,0.049999999978440034,Bull
2014-04-30,0.700000005947521,0.2499999963318807,0.04999999772059845,Bull
2014-05-01,0.7000000032129877,0.2499999972779786,0.049999999509033714,Bull
2014-05-02,0.7000000042101934,0.24999999677658447,0.04999999901322228,Bull
2014-05-05,0.700000002782969,0.2499999974106838,0.04999999980634719,Bull
2014-05-06,0.7000000028792549,0.2499999986241811,0.04999999849656059,Bull
2014-05-07,0.7000000028524798,0.2499999989192193,0.04999999822830207,Bull
2014-05-08,0.7000000028167845,0.249999998926801,0.049999998256416794,Bull
2014-05-09,0.7000000027838872,0.24999999906817644,0.04999999814793666,Bull
2014-05-12,0.700000002944315,0.24999999906574102,0.04999999798994892,Bull
2014-05-13,0.7000000029195745,0.24999999859380775,0.049999998486621386,Bull
2014-05-14,0.7000000025960762,0.2499999984979349,0.049999998905985193,Bull
2014-05-15,0.7000000016115709,0.24999999919193025,0.04999999919648709,Bull
2014-05-16,0.7000000015864211,0.24999999920367222,0.04999999920989895,Bull
2014-05-19,0.7000000024845826,0.24999999832711065,0.04999999918830138,Bull
2014-05-20,0.7000000033446392,0.24999999770461712,0.049999998950729097,Bull
2014-05-21,0.7000000016973127,0.24999999917460639,0.04999999912806031,Bull
2014-05-22,0.7000000026641809,0.24999999809348192,0.04999999924233105,Bull
2014-05-23,0.7000000035004319,0.24999999784971372,0.049999998649839374,Bull
2014-05-27,0.700000002270518,0.24999999850635027,0.04999999922311595,Bull
2014-05-28,0.700000001709005,0.2499999990333068,0.04999999925767752,Bull
2014-05-29,0.7000000006773077,0.25000000163683683,0.04999999768584754,Bull
2014-05-30,0.70000000120628,0.25000000047751353,0.049999998316214773,Bull
2014-06-02,0.7000000010839268,0.2500000011058916,0.049999997810182065,Bull
2014-06-03,0.7000000013979936,0.24999999999127165,0.04999999861073951,Bull
2014-06-04,0.7000000013420943,0.24999999973202403,0.04999999892588101,Bull
2014-06-05,0.7000000014048231,0.24999999978312307,0.04999999881205126,Bull
2014-06-06,0.700000001988956,0.24999999865251596,0.04999999935852776,Bull
2014-06-09,0.7000000017731328,0.24999999896043945,0.04999999926642151,Bull
2014-06-10,0.700000001733612,0.24999999920245508,0.04999999906392548,Bull
2014-06-11,0.7000000017433278,0.249999999208838,0.04999999904782806,Bull
2014-06-12,0.7000000023508245,0.2499999984470319,0.04999999920213859,Bull
2014-06-13,0.7000000017941266,0.24999999932439756,0.04999999888146465,Bull
2014-06-16,0.7000000023279072,0.24999999868596726,0.04999999898611956,Bull
2014-06-17,0.7000000018921797,0.2499999990665883,0.04999999904122279,Bull
2014-06-18,0.7000000019646704,0.2499999989570657,0.04999999907825652,Bull
2014-06-19,0.7000000026236962,0.24999999866802755,0.049999998708267136,Bull
2014-06-20,0.7000000030458329,0.24999999612490745,0.050000000829259504,Bull
2014-06-23,0.7000000003771164,0.24999999939731632,0.05000000022552578,Bull
2014-06-24,0.700000000142871,0.2499999997763175,0.05000000008079881,Bull
2014-06-25,0.7000000001989147,0.2499999995583104,0.050000000242771174,Bull
2014-06-26,0.70000000008613,0.2499999999147105,0.04999999999914569,Bull
2014-06-27,0.7000000002411262,0.24999999978180734,0.04999999997706516,Bull
2014-06-30,0.7000000015287374,0.10000000242485708,0.19999999604640548,Bull
2014-07-01,0.7000000011042248,0.10000000246478671,0.1999999964309886,Bull
2014-07-02,0.6999999989197802,0.10000178435774028,0.1999982167224796,Bull
2014-07-03,0.7000000004475443,0.10000000131975166,0.19999999823270284,Bull
2014-07-07,0.7000000014107628,0.10000000295395979,0.1999999956352775,Bull
2014-07-08,0.7000000003987069,0.24999999936570805,0.05000000023558502,Bull
2014-07-09,0.7000000002146071,0.2499999997830845,0.05000000000229637,Bull
2014-07-10,0.7000000001775838,0.24999999981386598,0.050000000008545355,Bull
2014-07-11,0.7000000000725655,0.2499999999757653,0.049999999951660164,Bull
2014-07-14,0.7000000020079844,0.24999999774015566,0.05000000025185982,Bull
2014-07-15,0.7000000025726338,0.24999999883052032,0.049999998596827466,Bull
2014-07-16,0.7000000026977197,0.24999999890192473,0.0499999984003433,Bull
2014-07-17,0.7000000027217596,0.24999999886111046,0.049999998417118795,Bull
2014-07-18,0.7000000018954321,0.24999999914229162,0.04999999896226299,Bull
2014-07-21,0.700000000664357,0.2500000007611439,0.049999998574491285,Bull
2014-07-22,0.7000000010476388,0.2500000003019483,0.04999999865041588,Bull
2014-07-23,0.7000000003676736,0.2500000018237832,0.049999997808543556,Bull
2014-07-24,0.7000000002381619,0.2500000021188679,0.04999999764297938,Bull
2014-07-25,0.7000000002718452,0.25000000206107764,0.04999999766708826,Bull
2014-07-28,0.7000000016100684,0.2500000019832492,0.04999999640669193,Bull
2014-07-29,0.7000000010813742,0.2500000018696556,0.04999999704898055,Bull
2014-07-30,0.7000000013629852,0.2500000020329304,0.049999996604093266,Bull
2014-07-31,0.24999999960776115,0.5526595535404322,0.19734044685181734,Crisis
2014-08-01,0.5000000000809978,0.40000000000761704,0.09999999991138546,Bear
2014-08-04,0.5000000000829489,0.40000000004079556,0.0999999998762564,Bear
2014-08-05,0.4999999965349204,0.4000000066440616,0.09999999682102373,Bear
2014-08-06,0.5000000001147933,0.4000000000550996,0.09999999983010717,Bear
2014-08-07,0.5000000022066906,0.40000000068768954,0.09999999710561998,Bear
2014-08-08,0.5000000000723492,0.40000000001772923,0.09999999990992146,Bear
2014-08-11,0.4999999972262432,0.4000000052173392,0.09999999755642397,Bear
2014-08-12,0.4999999974983874,0.40000000555641624,0.0999999969452379,Bear
2014-08-13,0.49999999685246244,0.4000000065008927,0.0999999966466868,Bear
2014-08-14,0.5000000001114515,0.40000000004556646,0.09999999984298184,Bear
2014-08-15,0.5000000000734435,0.4000000000296387,0.09999999989692002,Bear
2014-08-18,0.500000000052118,0.4000000000750253,0.09999999987285796,Bear
2014-08-19,0.499999996974724,0.40000000511651385,0.09999999790876199,Bear
2014-08-20,0.4999999983837847,0.4000000038456739,0.09999999777054144,Bear
2014-08-21,0.4999999955357862,0.4000000073144524,0.09999999714978317,Bear
2014-08-22,0.4999999935278746,0.40000000888758813,0.0999999975845743,Bear
2014-08-25,0.4999999926866804,0.4000000094662103,0.09999999784715594,Bear
2014-08-26,0.49999999885414853,0.4000000027180201,0.09999999842787646,Bear
2014-08-27,0.500000000224194,0.4000000017903388,0.09999999798549151,Bear
2014-08-28,0.5000000006271347,0.4000000014937779,0.09999999787910882,Bear
2014-08-29,0.5000000001120106,0.40000000191398555,0.09999999797402123,Bear
2014-09-02,0.5000000005292617,0.4000000017487718,0.09999999772198992,Bear
2014-09-03,0.5000000007795318,0.40000000137194797,0.0999999978485402,Bear
2014-09-04,0.5000000001975349,0.40000000168028943,0.09999999812219104,Bear
2014-09-05,0.5000000004192174,0.4000000015215468,0.09999999805925439,Bear
2014-09-08,0.49999999984858057,0.40000000243794903,0.09999999771348853,Bear
2014-09-09,0.5000000000164057,0.40000000181136947,0.09999999817224423,Bear
2014-09-10,0.4999999989844991,0.4000000025040834,0.09999999851142849,Bear
2014-09-11,0.4999999956430992,0.40000000604764724,0.09999999830926823,Bear
2014-09-12,0.499999999951212,0.4000000018011727,0.09999999824765347,Bear
2014-09-15,0.5000000006637785,0.4000000016031931,0.09999999773305453,Bear
2014-09-16,0.500000000694577,0.40000000156674625,0.09999999773870215,Bear
2014-09-17,0.5000000000553435,0.4000000024735191,0.09999999747115383,Bear
2014-09-18,0.5000000009184126,0.4000000014914623,0.09999999759015592,Bear
2014-09-19,0.5000000006285724,0.40000000104523414,0.09999999832621,Bear
2014-09-22,0.5000000000214225,0.40000000160833166,0.09999999837025832,Bear
2014-09-23,0.5000000004125632,0.40000000141437303,0.09999999817308315,Bear
2014-09-24,0.5000000005441145,0.40000000144009534,0.09999999801581093,Bear
2014-09-25,0.5000000010583344,0.4000000010288628,0.09999999791282382,Bear
2014-09-26,0.5000000006090135,0.40000000120107454,0.0999999981899284,Bear
2014-09-29,0.5000000005204676,0.4000000013678555,0.09999999811169535,Bear
2014-09-30,0.500000000219671,0.4000000015296374,0.09999999825070809,Bear
2014-10-01,0.5000000005282551,0.40000000130577135,0.09999999816599185,Bear
2014-10-02,0.5000000000200068,0.4000000000832221,0.09999999989682677,Bear
2014-10-03,0.49999999802988837,0.40000000391388674,0.09999999805622486,Bear
2014-10-06,0.49999999879026075,0.4000000026965442,0.09999999851321764,Bear
2014-10-07,0.49999999617002355,0.4000000054982815,0.0999999983317119,Bear
2014-10-08,0.2500000000123704,0.5157254835428676,0.234274516444762,Crisis
2014-10-09,0.4999999999154154,0.4000000001500314,0.09999999993455341,Bear
2014-10-10,0.5000000000244799,0.400000000072947,0.09999999990257913,Bear
2014-10-13,0.4000000003176927,0.49999999974932124,0.09999999993298656,Bear
2014-10-14,0.4000000056966333,0.4999999968116738,0.09999999749170313,Bear
2014-10-15,0.4000000049595965,0.49999999788148825,0.09999999715895498,Bear
2014-10-16,0.4000000038269084,0.49999999878302676,0.0999999973901,Bear
2014-10-17,0.40000000304054867,0.49999999929559263,0.09999999766389057,Bear
2014-10-20,0.4000000023994731,0.4999999993650189,0.09999999823553447,Bear
2014-10-21,0.400000004924704,0.4999999974468826,0.09999999762843645,Bear
2014-10-22,0.40000000356208515,0.49999999961900954,0.0999999968189053,Bear
2014-10-23,0.40000000804633407,0.4999999934067621,0.09999999854693509,Bear
2014-10-24,0.43540183064258714,0.4645981693019033,0.10000000005550994,Bear
2014-10-27,0.4354076003556269,0.4645923963269553,0.10000000331741792,Bear
2014-10-28,0.4178291225832271,0.48217087671415737,0.10000000070261551,Bear
2014-10-29,0.499999944286535,0.40000005564041585,0.10000000007306947,Bear
2014-10-30,0.46814168874795165,0.4318583109085737,0.10000000034347743,Bear
2014-10-31,0.4834318048513208,0.41656819435869824,0.100000000789981,Bear
2014-11-03,0.49999999914510995,0.40000000140655706,0.09999999944833807,Bear
2014-11-04,0.49999997944607555,0.40000002220445285,0.09999999834947161,Bear
2014-11-05,0.48207856522544396,0.4179214328643751,0.10000000191018092,Bear
2014-11-06,0.4684772193339133,0.43152277824749175,0.10000000241859487,Bear
2014-11-07,0.4991104926866946,0.4008895064090798,0.10000000090422535,Bear
2014-11-10,0.49999999978926046,0.40000000030564836,0.09999999990513238,Bear
2014-11-11,0.4000000120878289,0.499999987938361,0.09999999997381416,Bear
2014-11-12,0.4000000001315517,0.49999999999359473,0.09999999987485363,Bear
2014-11-13,0.40000004838412917,0.4999999515260831,0.10000000008979874,Bear
2014-11-14,0.4000000003393216,0.4999999998903253,0.09999999977035329,Bear
2014-11-17,0.40000000007256165,0.5000000000153869,0.09999999991206399,Bear
2014-11-18,0.40000000006856345,0.5000000000128345,0.09999999991860492,Bear
2014-11-19,0.41765489344901063,0.48234510518335255,0.10000000136763662,Bear
2014-11-20,0.4176564133748255,0.48234358544253425,0.10000000118264,Bear
2014-11-21,0.40000000236596156,0.4999999988057133,0.09999999882832512,Bear
2014-11-24,0.4000000000890646,0.5000000000820394,0.09999999982895626,Bear
2014-11-25,0.40000000009276837,0.5000000000648817,0.09999999984235278,Bear
2014-11-26,0.400000000076489,0.5000000000659895,0.09999999985752434,Bear
2014-11-28,0.40000000009444736,0.5000000000718366,0.0999999998337183,Bear
2014-12-01,0.4000000024558895,0.5000000004666981,0.09999999707741242,Bear
2014-12-02,0.40000000004387826,0.5000000000792761,0.09999999987693214,Bear
2014-12-03,0.4000000001138495,0.500000000100993,0.0999999997851586,Bear
2014-12-04,0.40000000013866005,0.5000000000969346,0.09999999976440821,Bear
2014-12-05,0.400000000061623,0.5000000000839437,0.09999999985443671,Bear
2014-12-08,0.4000000001146252,0.5000000000839946,0.09999999980138183,Bear
2014-12-09,0.40000000001361213,0.5000000000541511,0.09999999993224207,Bear
2014-12-10,0.4000000005525809,0.5000000032741243,0.09999999617329478,Bear
2014-12-11,0.40000000491365445,0.4999999975902172,0.09999999749613876,Bear
2014-12-12,0.4000000012011491,0.5000000009001415,0.09999999789870948,Bear
2014-12-15,0.4000000008776424,0.5000000001871742,0.0999999989351945,Bear
2014-12-16,0.40000000275784925,0.49999999918050614,0.09999999806165605,Bear
2014-12-17,0.40000000013226716,0.5000000015615066,0.09999999830622625,Bear
2014-12-18,0.40000000380550393,0.4999999985021041,0.0999999976924013,Bear
2014-12-19,0.40000000264251423,0.49999999911107107,0.09999999824643704,Bear
2014-12-22,0.4000000035330863,0.4999999983560767,0.09999999811085573,Bear
2014-12-23,0.4000000014168258,0.5000000006488643,0.09999999793431,Bear
2014-12-24,0.4000000008188012,0.5000000036740883,0.09999999550711074,Bear
2014-12-26,0.40000000341226327,0.4999999985412695,0.09999999804647798,Bear
2014-12-29,0.4000000040407622,0.49999999817283064,0.09999999778642986,Bear
2014-12-30,0.40000000403337854,0.4999999983107028,0.09999999765594345,Bear
2014-12-31,0.4000000012674305,0.49999999986778915,0.09999999886480432,Bear
2015-01-02,0.4000000002570192,0.5000000011103626,0.09999999863261834,Bear
2015-01-05,0.40000000068322394,0.5000000005757195,0.09999999874106293,Bear
2015-01-06,0.39999999995875324,0.5000000010009035,0.09999999904035096,Bear
2015-01-07,0.40000000064550945,0.5000000008444347,0.09999999851006722,Bear
2015-01-08,0.25000000007051576,0.5312767709060751,0.2187232290234063,Crisis
2015-01-09,0.3999999999762785,0.5000000008021777,0.09999999922154396,Bear
2015-01-12,0.4000000001671772,0.5000000005076536,0.09999999932517632,Bear
2015-01-13,0.4000000010441773,0.5000000001586831,0.09999999879714963,Bear
2015-01-14,0.4000000000396047,0.5000000014154583,0.09999999854493692,Bear
2015-01-15,0.4000000007634433,0.5000000008324171,0.09999999840415205,Bear
2015-01-16,0.3999999999375018,0.50000000013998,0.09999999992252755,Bear
2015-01-20,0.3999999999759452,0.5000000000643626,0.09999999995969036,Bear
2015-01-21,0.39999999997690433,0.5000000000621684,0.09999999996092665,Bear
2015-01-22,0.39999999799196734,0.50000000423905,0.09999999776898266,Bear
2015-01-23,0.39999999865110164,0.5000000014949995,0.0999999998538989,Bear
2015-01-26,0.4000000009941341,0.4999999997548992,0.09999999925097135,Bear
2015-01-27,0.40000000147359405,0.4999999996560454,0.09999999887037066,Bear
2015-01-28,0.3999999999942525,0.5000000003221313,0.09999999968362783,Bear
2015-01-29,0.40000000040965833,0.5000000008624009,0.09999999872795381,Bear
2015-01-30,0.40000000064925323,0.5000000005513335,0.0999999987994133,Bear
2015-02-02,0.3999999983596055,0.5000000028289371,0.09999999881145744,Bear
2015-02-03,0.39999999999205155,0.5000000002829929,0.09999999972495648,Bear
2015-02-04,0.40000000004512903,0.5000000000914964,0.09999999986337471,Bear
2015-02-05,0.4000000001861494,0.5000000015945109,0.09999999821933972,Bear
2015-02-06,0.40000000001678204,0.50000000007649,0.09999999990673249,Bear
2015-02-09,0.4000000000094175,0.5000000000500663,0.09999999994051682,Bear
2015-02-10,0.400000003223079,0.49999999862247235,0.0999999981544556,Bear
2015-02-11,0.4000000000140909,0.500000000052296,0.09999999993361311,Bear
2015-02-12,0.40000000578327155,0.4999999967651605,0.099999997451576,Bear
2015-02-13,0.40000000363942007,0.4999999982532187,0.09999999810739156,Bear
2015-02-17,0.40000000165832633,0.5000000005264674,0.09999999781520627,Bear
2015-02-18,0.40000000394602936,0.4999999976273369,0.09999999842663389,Bear
2015-02-19,0.4000000067033947,0.49999999498416303,0.09999999831246734,Bear
2015-02-20,0.40000000222575494,0.500000000465299,0.09999999730894622,Bear
2015-02-23,0.40000000396719615,0.4999999975562487,0.09999999847655548,Bear
2015-02-24,0.40000000586583057,0.4999999957098838,0.09999999842430919,Bear
2015-02-25,0.4000000061186116,0.49999999580424354,0.09999999807717387,Bear
2015-02-26,0.4000000065490157,0.4999999953409798,0.09999999811003508,Bear
2015-02-27,0.40000000485112774,0.4999999966113569,0.0999999985375505,Bear
2015-03-02,0.4000000071447401,0.4999999947579985,0.09999999809728935,Bear
2015-03-03,0.40000000241470945,0.50000000085293,0.09999999673236065,Bear
2015-03-04,0.4000000000375205,0.5000000000205221,0.09999999994195762,Bear
2015-03-05,0.4000000048282096,0.4999999965911432,0.09999999858065256,Bear
2015-03-06,0.4000000049764295,0.49999999636190706,0.09999999866169121,Bear
2015-03-09,0.40000000232142163,0.4999999991698603,0.09999999850874729,Bear
2015-03-10,0.40000000164729965,0.49999999970370884,0.09999999864900963,Bear
2015-03-11,0.4000000012575753,0.500000000228,0.09999999851443814,Bear
2015-03-12,0.40000000120070983,0.5000000002571809,0.09999999854212098,Bear
2015-03-13,0.40000000195612956,0.49999999950809615,0.09999999853578496,Bear
2015-03-16,0.4000000027995284,0.49999999928229566,0.09999999791818813,Bear
2015-03-17,0.4000000036689416,0.49999999843466825,0.09999999789640511,Bear
2015-03-18,0.400000002059496,0.4999999994463771,0.09999999849414722,Bear
2015-03-19,0.400000001670429,0.4999999997948676,0.09999999853471747,Bear
2015-03-20,0.40000000296691246,0.499999998820569,0.09999999821253164,Bear
2015-03-23,0.40000000378669587,0.4999999983104667,0.09999999790285624,Bear
2015-03-24,0.4000000039656543,0.49999999791868777,0.09999999811567968,Bear
2015-03-25,0.4000000047121264,0.49999999759792446,0.09999999768997334,Bear
2015-03-26,0.40000000340879277,0.4999999988940374,0.09999999769719763,Bear
2015-03-27,0.4000000045087356,0.4999999976707327,0.09999999782055606,Bear
2015-03-30,0.4000000049506253,0.4999999974284372,0.09999999762096677,Bear
2015-03-31,0.4000000057998554,0.499999996324247,0.09999999787592738,Bear
2015-04-01,0.4000000037757262,0.49999999861296285,0.09999999761134529,Bear
2015-04-02,0.4000000010962707,0.5000000003334841,0.09999999857026724,Bear
2015-04-06,0.40000000192632584,0.49999999983660537,0.09999999823708106,Bear
2015-04-07,0.40000000323938373,0.4999999989608597,0.09999999779977366,Bear
2015-04-08,0.40000000419173465,0.49999999829350567,0.0999999975147826,Bear
2015-04-09,0.40000000719666295,0.4999999953948736,0.09999999740848989,Bear
2015-04-10,0.4000000078590648,0.4999999940160939,0.09999999812488161,Bear
2015-04-13,0.24999999995470779,0.499999987673878,0.25000001237142205,Crisis
2015-04-14,0.24999999530241834,0.4999991964122802,0.2500008082853015,Crisis
2015-04-15,0.24999999427655709,0.4999981747075153,0.2500018310159275,Crisis
2015-04-16,0.24999999449666355,0.49999720642705603,0.25000279907628065,Crisis
2015-04-17,0.24999999358282132,0.49999601428355994,0.25000399213361857,Crisis
2015-04-20,0.24999999130699532,0.4999942138865907,0.2500057948064142,Crisis
2015-04-21,0.24999999422694555,0.4999931660725957,0.25000683970045845,Crisis
2015-04-22,0.24999999247173085,0.4999916771467908,0.2500083303814783,Crisis
2015-04-23,0.2499999890324936,0.49998918565275235,0.25001082531475394,Crisis
2015-04-24,0.2499999921969414,0.4999876039239898,0.25001240387906865,Crisis
2015-04-27,0.24999999077803914,0.4999856344394249,0.2500143747825362,Crisis
2015-04-28,0.2499999961647749,0.4999850190044205,0.2500149848308045,Crisis
2015-04-29,0.24999998542999946,0.4999814121306373,0.25001860243936297,Crisis
2015-04-30,0.24999996381313996,0.49996878260674577,0.25003125358011435,Crisis
2015-05-01,0.40000000032360555,0.4999999997693583,0.0999999999070361,Bear
2015-05-04,0.4999997194828143,0.4000002799139903,0.10000000060332975,Bear
2015-05-05,0.49999999355105357,0.40000000927907253,0.09999999716987391,Bear
2015-05-06,0.4999999820753725,0.40000001911469385,0.0999999988099336,Bear
2015-05-07,0.49999999961387687,0.4000000015983415,0.09999999878778157,Bear
2015-05-08,0.4999999877206285,0.4000000133349352,0.09999999894445606,Bear
2015-05-11,0.49999999457795635,0.40000000646131767,0.09999999896082154,Bear
2015-05-12,0.49999999996148164,0.4000000012128777,0.09999999882569557,Bear
2015-05-13,0.49999999434181025,0.40000000674381525,0.0999999989143909,Bear
2015-05-14,0.5000000003054501,0.4000000008423007,0.09999999885232055,Bear
2015-05-15,0.5000000010103309,0.4000000005545169,0.09999999843517078,Bear
2015-05-18,0.5000000010523042,0.4000000011631369,0.09999999778457788,Bear
2015-05-19,0.5000000014070084,0.40000000043295747,0.09999999816005307,Bear
2015-05-20,0.5000000011654948,0.40000000044381606,0.09999999839070281,Bear
2015-05-21,0.5000000012791348,0.4000000003276821,0.09999999839319561,Bear
2015-05-22,0.5000000007043875,0.40000000083185,0.09999999846377648,Bear
2015-05-26,0.5000000003665794,0.4000000009242131,0.09999999870922285,Bear
2015-05-27,0.4999999904049434,0.4000000106321296,0.09999999896294318,Bear
2015-05-28,0.4999999938791551,0.4000000071626214,0.09999999895831864,Bear
2015-05-29,0.5000000004844821,0.400000000893764,0.09999999862183158,Bear
2015-06-01,0.49999999825032926,0.400000002979998,0.09999999876967273,Bear
2015-06-02,0.4999999999862145,0.4000000009215068,0.09999999909231673,Bear
2015-06-03,0.5000000004904825,0.40000000115660345,0.09999999835293473,Bear
2015-06-04,0.5000000009423093,0.4000000005967207,0.09999999846099583,Bear
2015-06-05,0.4999999972452051,0.40000000340133773,0.09999999935346755,Bear
2015-06-08,0.4999999995548313,0.4000000012559057,0.09999999918930703,Bear
2015-06-09,0.49999999588949356,0.40000000493256327,0.09999999917796845,Bear
2015-06-10,0.4999999988958829,0.4000000020127754,0.09999999909141408,Bear
2015-06-11,0.5000000006505391,0.40000000022454696,0.09999999912494538,Bear
2015-06-12,0.49999999921559374,0.40000000149581294,0.09999999928859837,Bear
2015-06-15,0.5000000000512643,0.4000000007925248,0.09999999915623084,Bear
2015-06-16,0.49999999906230447,0.40000000196081825,0.09999999897689078,Bear
2015-06-17,0.49999999916330545,0.40000000174560446,0.09999999909111652,Bear
2015-06-18,0.49999999809127244,0.4000000027448365,0.09999999916391554,Bear
2015-06-19,0.5000000006730535,0.4000000003033341,0.09999999902365336,Bear
2015-06-22,0.4999969662414962,0.40000302957219824,0.10000000418630575,Bear
2015-06-23,0.4999999992809838,0.4000000035020197,0.09999999721699998,Bear
2015-06-24,0.4999999999780358,0.40000000130442354,0.09999999871757267,Bear
2015-06-25,0.49999999988770766,0.40000000122983476,0.09999999888247196,Bear
2015-06-26,0.5000000000308139,0.4000000010314311,0.09999999893777073,Bear
2015-06-29,0.5000000005895024,0.40000000045079176,0.09999999895971996,Bear
2015-06-30,0.4999959489111516,0.40000404476898727,0.10000000631986103,Bear
2015-07-01,0.4999999997539964,0.4000000003212792,0.0999999999247245,Bear
2015-07-02,0.4999999979348478,0.40000000314298023,0.09999999892217991,Bear
2015-07-06,0.49999997647697036,0.40000002340415763,0.10000000011893448,Bear
2015-07-07,0.4000000379981105,0.49999996505827615,0.09999999694361328,Bear
2015-07-08,0.4000000680704585,0.4999999323330092,0.09999999959653222,Bear
2015-07-09,0.4000000034455658,0.49999999905269127,0.09999999750174288,Bear
2015-07-10,0.25000000005517753,0.44337358300220947,0.30662641694261483,Crisis
2015-07-13,0.2499999815800882,0.4414586015623669,0.30854141685754505,Crisis
2015-07-14,0.7000000001224672,0.25000000012284707,0.04999999975468614,Bull
2015-07-15,0.7000000000561468,0.25000000015491786,0.04999999978893948,Bull
2015-07-16,0.6999999810138222,0.25000002311891467,0.04999999586726309,Bull
2015-07-17,0.6999999997338726,0.25000000049587995,0.049999999770247515,Bull
2015-07-20,0.7000000000903627,0.2500000001679103,0.04999999974173678,Bull
2015-07-21,0.7000000000276995,0.25000000014400614,0.049999999828297996,Bull
2015-07-22,0.7000000000145695,0.25000000012991574,0.0499999998555182,Bull
2015-07-23,0.6999999929990528,0.2500000092368199,0.04999999776412723,Bull
2015-07-24,0.5616052836826548,0.38839471612283655,0.050000000194508815,Bull
2015-07-27,0.5500000013404247,0.39999999933376473,0.04999999932581788,Bull
2015-07-28,0.5500000093845906,0.39999999306578443,0.04999999754963362,Bull
2015-07-29,0.550022578586884,0.3999774203724286,0.05000000104068749,Bull
2015-07-30,0.6999999998044416,0.2500000003447058,0.0499999998508527,Bull
2015-07-31,0.550016586976948,0.39998341026030365,0.050000002762748394,Bull
2015-08-03,0.6538786552753373,0.29612134484811176,0.04999999987655119,Bull
2015-08-04,0.6522309769602597,0.2977690224122723,0.050000000627468115,Bull
2015-08-05,0.5755220243070711,0.37447797586700937,0.049999999825920204,Bull
2015-08-06,0.6999999994597662,0.2500000008592537,0.049999999680980484,Bull
2015-08-07,0.6999975876697557,0.2500024108572808,0.050000001472963476,Bull
2015-08-10,0.6999974815181067,0.2500025183592294,0.05000000012266402,Bull
2015-08-11,0.6999999678385934,0.2500000346897072,0.04999999747170073,Bull
2015-08-12,0.5500000427114473,0.399999962231579,0.04999999505697361,Bull
2015-08-13,0.5500000011489973,0.39999999911702255,0.04999999973398066,Bull
2015-08-14,0.5500000000656945,0.39999999999553143,0.04999999993885616,Bull
2015-08-17,0.5500000008339148,0.3999999992146929,0.04999999995139585,Bull
2015-08-18,0.6999996243466232,0.2500003765876176,0.04999999906575919,Bull
2015-08-19,0.2499999999743612,0.4158291302000626,0.3341708698255764,Crisis
2015-08-20,0.2499999999995157,0.41582912982582243,0.33417087017466407,Crisis
2015-08-21,0.24999999999909356,0.41582913005311734,0.3341708699477904,Crisis
2015-08-24,0.24999999999970474,0.41582912976014147,0.3341708702401558,Crisis
2015-08-25,0.24999999999469372,0.4158291303576968,0.3341708696476098,Crisis
2015-08-26,0.24999999999964048,0.41582913009696676,0.33417086990340616,Crisis
2015-08-27,0.24999999999955377,0.415829129210378,0.3341708707900692,Crisis
2015-08-28,0.25000000000000955,0.4158291289382004,0.3341708710617907,Crisis
2015-08-31,0.2500000000003211,0.4158291289877488,0.33417087101193044,Crisis
2015-09-01,0.2500000000006481,0.41582912837514774,0.33417087162420367,Crisis
2015-09-02,0.2500000000013061,0.415829127977605,0.33417087202108764,Crisis
2015-09-03,0.25000000000136335,0.41582912756816376,0.33417087243047033,Crisis
2015-09-04,0.24999999999851064,0.4158291278581201,0.3341708721433661,Crisis
2015-09-08,0.24999999999901643,0.41582912809627653,0.3341708719047105,Crisis
2015-09-09,0.2500000000011934,0.4158291278378694,0.33417087216093994,Crisis
2015-09-10,0.2499999999859305,0.4158291295778718,0.33417087043619687,Crisis
2015-09-11,0.24999999998564465,0.41582913134009036,0.3341708686742652,Crisis
2015-09-14,0.2499999999953756,0.41582913204591776,0.33417086795870754,Crisis
2015-09-15,0.24999999999022246,0.41582913333412397,0.33417086667565815,Crisis
2015-09-16,0.2500000000015875,0.4158291328464692,0.33417086715194455,Crisis
2015-09-17,0.24999999999569084,0.4158291335304788,0.33417086647382793,Crisis
2015-09-18,0.25000000000073397,0.41582913353518997,0.3341708664640773,Crisis
2015-09-21,0.2500000000014636,0.4158291331450697,0.33417086685346536,Crisis
2015-09-22,0.24999999999940542,0.41582913216782424,0.33417086783276856,Crisis
2015-09-23,0.249999999997822,0.4158291309352819,0.3341708690668965,Crisis
2015-09-24,0.2499999999981498,0.4158291297508765,0.3341708702509757,Crisis
2015-09-25,0.24999999999104286,0.41582913097203794,0.33417086903692084,Crisis
2015-09-28,0.2499999999915287,0.4158291321280211,0.33417086788045075,Crisis
2015-09-29,0.24999999991805805,0.4158291414359416,0.3341708586460015,Crisis
2015-09-30,0.2499999998854912,0.41582915456439884,0.33417084555010995,Crisis
2015-10-01,0.24999999989197935,0.4158291669279946,0.33417083318002655,Crisis
2015-10-02,0.24999999970495582,0.41582920423292097,0.3341707960621231,Crisis
2015-10-05,0.24999999455414357,0.4158307651989685,0.33416924024688766,Crisis
2015-10-06,0.24999999769106812,0.41583126341709237,0.3341687388918397,Crisis
2015-10-07,0.2499999982587064,0.41583160836005884,0.334168393381235,Crisis
2015-10-08,0.4402406828578136,0.4597593172005169,0.09999999994166806,Bear
2015-10-09,0.24999999954749816,0.44464542012936886,0.3053545803231328,Crisis
2015-10-12,0.2499999983670192,0.44464395336248486,0.30535604827049617,Crisis
2015-10-13,0.24999999828285507,0.44464239296489977,0.30535760875224527,Crisis
2015-10-14,0.24999999834626102,0.44464092307613073,0.30535907857760836,Crisis
2015-10-15,0.24999997743408084,0.4446305605472662,0.3053694620186531,Crisis
2015-10-16,0.2499999812874377,0.44462254486148983,0.3053774738510727,Crisis
2015-10-19,0.24999998789571704,0.4446181574334911,0.30538185467079165,Crisis
2015-10-20,0.24999998852434568,0.4446140994352641,0.3053859120403906,Crisis
2015-10-21,0.24999997999086374,0.44460538909636244,0.30539463091277397,Crisis
2015-10-22,0.24999997266962679,0.44459204524512014,0.30540798208525294,Crisis
2015-10-23,0.24999999905919282,0.44459149412563637,0.30540850681517057,Crisis
2015-10-26,0.5000000000324266,0.4000000000257038,0.0999999999418721,Bear
2015-10-27,0.4999999775543646,0.40000002222510567,0.10000000022052997,Bear
2015-10-28,0.49999991836465557,0.4000000798357433,0.1000000017996013,Bear
2015-10-29,0.49999938547048656,0.4000006112106303,0.10000000331888333,Bear
2015-10-30,0.49999999992057353,0.40000000103999006,0.09999999903947299,Bear
2015-11-02,0.49999996094257576,0.4000000389003482,0.10000000015707639,Bear
2015-11-03,0.4999999904912212,0.4000000098221135,0.09999999968666547,Bear
2015-11-04,0.5000000007280502,0.39999999990930474,0.09999999936264531,Bear
2015-11-05,0.5000000005613783,0.39999999987658863,0.09999999956203302,Bear
2015-11-06,0.500000000681264,0.4000000000218899,0.0999999992968474,Bear
2015-11-09,0.2499999996502329,0.4220341958652921,0.3279658044844755,Crisis
2015-11-10,0.24999999966523462,0.42203415056879884,0.3279658497659666,Crisis
2015-11-11,0.24999999864102027,0.42203390394096685,0.3279660974180132,Crisis
2015-11-12,0.24999999721465324,0.42203326457304013,0.3279667382123064,Crisis
2015-11-13,0.24999999720247038,0.4220326157250259,0.32796738707250384,Crisis
2015-11-16,0.24999999755913624,0.4220320723047123,0.32796793013615166,Crisis
2015-11-17,0.24999999959446018,0.4220318222181105,0.3279681781874294,Crisis
2015-11-18,0.24999998558991177,0.4220255768846703,0.327974437525418,Crisis
2015-11-19,0.24999997459915277,0.42201135863650296,0.32798866676434435,Crisis
2015-11-20,0.24999997276611252,0.4219956433091192,0.3280043839247687,Crisis
2015-11-23,0.24999999898228167,0.42199490068184625,0.3280051003358725,Crisis
2015-11-24,0.249999999599499,0.42199465193462876,0.3280053484658724,Crisis
2015-11-25,0.24999997635388935,0.4219818748809132,0.32801814876519736,Crisis
2015-11-27,0.24999998439795204,0.42197480893076333,0.32802520667128454,Crisis
2015-11-30,0.2499999919211796,0.4219719809245697,0.32802802715425056,Crisis
2015-12-01,0.24999999249399518,0.42195811425786645,0.3280418932481385,Crisis
2015-12-02,0.24999999856819036,0.41128934125768235,0.3387106601741273,Crisis
2015-12-03,0.2499999983774616,0.41128762538499464,0.3387123762375437,Crisis
2015-12-04,0.24999999814362853,0.4019568236848119,0.34804317817155933,Crisis
2015-12-07,0.24999999253729088,0.40195399516518143,0.3480460122975275,Crisis
2015-12-08,0.24999999347163185,0.40195162867117773,0.3480483778571908,Crisis
2015-12-09,0.24999999369347928,0.4019493634396595,0.34805064286686127,Crisis
2015-12-10,0.24999999866304135,0.40194789067019154,0.3480521106667671,Crisis
2015-12-11,0.2499999976469153,0.4019447486016946,0.3480552537513898,Crisis
2015-12-14,0.2499999948682233,0.40193507562351016,0.3480649295082668,Crisis
2015-12-15,0.2499999953027122,0.4019271360321275,0.34807286866516035,Crisis
2015-12-16,0.24999998719164784,0.39688871005197024,0.3531113027563823,Crisis
2015-12-17,0.24999999934076542,0.3968882403218679,0.353111760337367,Crisis
2015-12-18,0.24999999865599978,0.39688795773082103,0.3531120436131788,Crisis
2015-12-21,0.24999999827811695,0.3968875742338316,0.35311242748805155,Crisis
2015-12-22,0.24999999960121608,0.3968875167242489,0.35311248367453524,Crisis
2015-12-23,0.24999999897338798,0.3968873228186388,0.35311267820797354,Crisis
2015-12-24,0.24999999974557782,0.39688728879816415,0.3531127114562583,Crisis
2015-12-28,0.24999999979771786,0.3968872625523234,0.35311273764995843,Crisis
2015-12-29,0.24999999944736614,0.39688717536968166,0.3531128251829525,Crisis
2015-12-30,0.24999999890217017,0.39688696069703133,0.35311304040079855,Crisis
2015-12-31,0.24999999869370873,0.3968866882324957,0.35311331307379534,Crisis
2016-01-04,0.24999999582602833,0.3968853816811721,0.35311462249279985,Crisis
2016-01-05,0.24999999813673873,0.3968849416670784,0.353115060196183,Crisis
2016-01-06,0.249999998332069,0.39688456582745824,0.3531154358404726,Crisis
2016-01-07,0.24999999914056922,0.3968844108725684,0.35311558998686243,Crisis
2016-01-08,0.4999999999335162,0.4000000000978702,0.09999999996860791,Bear
2016-01-11,0.2499999999092829,0.3999999815000864,0.35000001859063024,Crisis
2016-01-12,0.2499999976331714,0.39999937480957026,0.3500006275572586,Crisis
2016-01-13,0.2499999815820009,0.3999880450673793,0.35001197335062006,Crisis
2016-01-14,0.24999998143038432,0.39997602321199377,0.35002399535762196,Crisis
2016-01-15,0.24999999049566887,0.39997164217552283,0.35002836732880854,Crisis
2016-01-19,0.24999999442830217,0.39995799225553685,0.3500420133161611,Crisis
2016-01-20,0.24999998551623245,0.3992090949348295,0.3507909195489378,Crisis
2016-01-21,0.24999998082942923,0.39905344999049713,0.3509465691800741,Crisis
2016-01-22,0.24999999349851262,0.39903642936285266,0.3509635771386351,Crisis
2016-01-25,0.24999998196376672,0.39848927464554684,0.35151074339068683,Crisis
2016-01-26,0.24999999410335064,0.39847462764046276,0.3515253782561872,Crisis
2016-01-27,0.2499999994826877,0.39847413730073433,0.351525863216578,Crisis
2016-01-28,0.2499999989890297,0.3984728872022263,0.35152711380874424,Crisis
2016-01-29,0.249999975399196,0.3984531065722585,0.3515469180285455,Crisis
2016-02-01,0.24999998464906015,0.3976531775480922,0.3523468378028479,Crisis
2016-02-02,0.24999997661375764,0.3970767504568484,0.3529232729293939,Crisis
2016-02-03,0.24999999454443134,0.39553531914849765,0.3544646863070707,Crisis
2016-02-04,0.24999997196174847,0.39552301292768144,0.3544770151105701,Crisis
2016-02-05,0.24999998844629862,0.3955195670134902,0.35448044454021166,Crisis
2016-02-08,0.24999999330500544,0.3955180252380886,0.3544819814569055,Crisis
2016-02-09,0.24999996900915217,0.39529872800979227,0.35470130298105557,Crisis
2016-02-10,0.24999997208818597,0.3951713978193031,0.35482863009251087,Crisis
2016-02-11,0.2499999757712231,0.3950860773875673,0.3549139468412097,Crisis
2016-02-12,0.2499999985148883,0.39508589574825564,0.3549141057368561,Crisis
2016-02-16,0.24999999880365484,0.39508570670666726,0.35491429448967843,Crisis
2016-02-17,0.24999999985786378,0.3950856893867947,0.35491431075534186,Crisis
2016-02-18,0.24999999991245841,0.3950856795167308,0.3549143205708112,Crisis
2016-02-19,0.24999999998398614,0.39508567763640184,0.3549143223796137,Crisis
2016-02-22,0.24999999998963743,0.3950856764115133,0.35491432359885006,Crisis
2016-02-23,0.24999999999480824,0.3950856759506893,0.35491432405450407,Crisis
2016-02-24,0.24999999927246752,0.3950857030674149,0.35491429766013527,Crisis
2016-02-25,0.24999999995856925,0.39508570602770077,0.35491429401372965,Crisis
2016-02-26,0.24999999743030824,0.39508591448350144,0.3549140880861908,Crisis
2016-02-29,0.24999999989152408,0.3950859236760905,0.3549140764323855,Crisis
2016-03-01,0.24999999988383523,0.3950859376459424,0.3549140624702223,Crisis
2016-03-02,0.24999999976494974,0.3950859736139315,0.35491402662111854,Crisis
2016-03-03,0.2499999996845845,0.3950860268472463,0.3549139734681692,Crisis
2016-03-04,0.2499999988540149,0.39508634065505854,0.35491366049092626,Crisis
2016-03-07,0.24999999900132977,0.3950865977739621,0.3549134032247079,Crisis
2016-03-08,0.24999999972400885,0.39508664056962667,0.3549133597063643,Crisis
2016-03-09,0.24999999958478542,0.3950867186116647,0.35491328180354975,Crisis
2016-03-10,0.24999999959222124,0.3950867931443379,0.3549132072634409,Crisis
2016-03-11,0.24999999892076213,0.3950870808042682,0.3549129202749699,Crisis
2016-03-14,0.24999999778431858,0.3950878349306113,0.35491216728507047,Crisis
2016-03-15,0.2499999923096651,0.39509202077775196,0.3549079869125829,Crisis
2016-03-16,0.24999999949447257,0.395092498999406,0.3549075015061212,Crisis
2016-03-17,0.2499999976329915,0.3971203301320254,0.35287967223498307,Crisis
2016-03-18,0.2499999814131705,0.39726187563075455,0.35273814295607486,Crisis
2016-03-21,0.2499999800797974,0.39744794674600475,0.35255207317419773,Crisis
2016-03-22,0.2499999965911267,0.3974544365497157,0.35254556685915767,Crisis
2016-03-23,0.24999999744993276,0.39745880656815585,0.3525411959819114,Crisis
2016-03-24,0.2499999994897161,0.40063169193453185,0.3493683085757521,Crisis
2016-03-28,0.24999999608437906,0.4022970692500473,0.34770293466557367,Crisis
2016-03-29,0.24999999898705116,0.4049246064256374,0.3450753945873112,Crisis
2016-03-30,0.24999998042163504,0.4091049856149255,0.34089503396343956,Crisis
2016-03-31,0.24999997804679325,0.4095060231959498,0.3404939987572569,Crisis
2016-04-01,0.24999998215072877,0.4095999380158102,0.34040007983346104,Crisis
2016-04-04,0.24999999683741345,0.4096053137549732,0.3403946894076134,Crisis
2016-04-05,0.24999997997079765,0.40975170329989136,0.34024831672931105,Crisis
2016-04-06,0.2499999964031499,0.40975808489650706,0.3402419187003429,Crisis
2016-04-07,0.2499999947345428,0.4097693077863805,0.34023069747907664,Crisis
2016-04-08,0.24999999291177133,0.4097864875079666,0.34021351958026225,Crisis
2016-04-11,0.20000000252044173,0.499999998998334,0.2999999984812346,Bear
2016-04-12,0.19999999931117057,0.5000000004507679,0.3000000002380619,Bear
2016-04-13,0.2133309108398335,0.48666908971255346,0.29999999944762656,Bear
2016-04-14,0.2703613970912204,0.4296386033829977,0.2999999995257831,Bear
2016-04-15,0.31488431433675984,0.4999911464314069,0.18512453923183342,Bear
2016-04-18,0.26894226594281506,0.4999999998023613,0.23105773425482376,Bear
2016-04-19,0.4111753198445617,0.42281019016249427,0.16601448999294463,Bear
2016-04-20,0.31529738985141575,0.38470261020828495,0.29999999994030646,Bear
2016-04-21,0.35144409730980747,0.3485559391963281,0.2999999634938717,Bear
2016-04-22,0.26661846932817274,0.43338153043438543,0.30000000023744167,Bear
2016-04-25,0.2733867250858132,0.426613501310276,0.2999997736039113,Bear
2016-04-26,0.3047244389030564,0.3952755598837369,0.30000000121320686,Bear
2016-04-27,0.3549663415044727,0.3450336584587137,0.30000000003681365,Bear
2016-04-28,0.2806004339954628,0.49999970761517026,0.21939985838936685,Bear
2016-04-29,0.19999999956721998,0.5000000004456124,0.29999999998716814,Bear
2016-05-02,0.20000001038914914,0.4999999891718328,0.3000000004390188,Bear
2016-05-03,0.20000000040466223,0.49999999955772007,0.30000000003762134,Bear
2016-05-04,0.19999999306174937,0.5000000035472758,0.30000000339097477,Bear
2016-05-05,0.19999999860933831,0.5000000017810657,0.2999999996094745,Bear
2016-05-06,0.19999999985379904,0.5000000001343905,0.3000000000118104,Bear
2016-05-09,0.1999999934028943,0.5000000035753448,0.3000000030217608,Bear
2016-05-10,0.19999999979087094,0.5000000001350936,0.30000000007403504,Bear
2016-05-11,0.20000000000732873,0.5000000001008951,0.29999999989176224,Bear
2016-05-12,0.19999999987432357,0.5000000001505452,0.29999999997513055,Bear
2016-05-13,0.2000000078667977,0.5000000001984282,0.29999999193477406,Bear
2016-05-16,0.20000000010743071,0.5000000000943888,0.2999999997981807,Bear
2016-05-17,0.2000000145325137,0.5000000014882093,0.29999998397927696,Bear
2016-05-18,0.19999999992521386,0.500000000190073,0.2999999998847133,Bear
2016-05-19,0.20000000002522514,0.5000000000777317,0.2999999998970363,Bear
2016-05-20,0.20000000004759572,0.5000000000672313,0.29999999988517523,Bear
2016-05-23,0.2000000000438215,0.5000000000651073,0.29999999989107684,Bear
2016-05-24,0.20000000009704128,0.5000000000409432,0.29999999986202347,Bear
2016-05-25,0.22724384481045953,0.4999999997330634,0.27275615545649434,Bear
2016-05-26,0.2273135218169479,0.499999998066823,0.272686480116229,Bear
2016-05-27,0.26032117200595273,0.5000000001408604,0.2396788278531908,Bear
2016-05-31,0.36877814040047124,0.5000000002020204,0.13122185939750852,Bear
2016-06-01,0.33752689953008747,0.5000000001499072,0.16247310032000392,Bear
2016-06-02,0.3662531802410034,0.5000000001112452,0.133746819647751,Bear
2016-06-03,0.35657992577805964,0.499999999134175,0.14342007508776547,Bear
2016-06-06,0.20236402428740824,0.49999999904499426,0.29763597666759745,Bear
2016-06-07,0.2023640009550602,0.49999999994778116,0.2976359990972176,Bear
2016-06-08,0.2549904158406903,0.5000000001118541,0.24500958404745676,Bear
2016-06-09,0.22296204524552574,0.5000000000123702,0.27703795474210485,Bear
2016-06-10,0.24999999729680444,0.4740070090322876,0.2759929936709078,Crisis
2016-06-13,0.24999999987080537,0.47400702084624546,0.27599297928295136,Crisis
2016-06-14,0.2499999999080352,0.47400703049479354,0.27599296959717157,Crisis
2016-06-15,0.2499999999122934,0.47400703969652985,0.27599296039117704,Crisis
2016-06-16,0.2499999998406958,0.47400705749875754,0.27599294266054647,Crisis
2016-06-17,0.24999999977254447,0.4740070845917912,0.27599291563566436,Crisis
2016-06-20,0.24999999989482055,0.4740070956825111,0.27599290442266855,Crisis
2016-06-21,0.24999999985632654,0.47400711154124053,0.2759928886024329,Crisis
2016-06-22,0.24999999889814437,0.474007336081201,0.2759926650206549,Crisis
2016-06-23,0.24999999892409597,0.47400755432225083,0.2759924467536533,Crisis
2016-06-24,0.24999999903047712,0.4740077402588265,0.27599226071069693,Crisis
2016-06-27,0.24999998388929268,0.4740607917895478,0.2759392243211593,Crisis
2016-06-28,0.2499999991761914,0.4740614708104409,0.27593853001336743,Crisis
2016-06-29,0.2499999963866704,0.47452407679342024,0.2754759268199097,Crisis
2016-06-30,0.24999999676949952,0.4750260848740004,0.27497391835650037,Crisis
2016-07-01,0.24999999539736173,0.47703398798150454,0.27296601662113384,Crisis
2016-07-05,0.24999999677183585,0.477529985684445,0.27247001754371886,Crisis
2016-07-06,0.24999999841248166,0.48043596520779863,0.26956403637971976,Crisis
2016-07-07,0.24999999354949184,0.48228776679916596,0.2677122396513422,Crisis
2016-07-08,0.2499999951453938,0.4826153665708348,0.2673846382837714,Crisis
2016-07-11,0.3499999965146424,0.4000000019195775,0.2500000015657593,Bull
2016-07-12,0.19999999854549502,0.5000000018008297,0.2999999996536754,Bear
2016-07-13,0.24999999993180216,0.5000000152317743,0.24999998483640865,Crisis
2016-07-14,0.24999999762190878,0.5000006404682638,0.2499993619098275,Crisis
2016-07-15,0.24999999783778842,0.5000011846460521,0.24999881751615957,Crisis
2016-07-18,0.2499999975148309,0.500001840867319,0.24999816161784993,Crisis
2016-07-19,0.24999999762678068,0.5000024583557403,0.24999754401747895,Crisis
2016-07-20,0.24999999973451714,0.5000024924914711,0.24999750777401206,Crisis
2016-07-21,0.24999999959712804,0.500002552596196,0.24999744780667574,Crisis
2016-07-22,0.2499999993306977,0.5000026665178997,0.2499973341514025,Crisis
2016-07-25,0.24999999882238186,0.500002907579798,0.24999709359782002,Crisis
2016-07-26,0.24999999855983493,0.5000032226190748,0.24999677882108992,Crisis
2016-07-27,0.24999999857234123,0.500003533886791,0.24999646754086802,Crisis
2016-07-28,0.24999999774369308,0.5000041123697964,0.24999588988651036,Crisis
2016-07-29,0.24999999761795413,0.5000047343497703,0.24999526803227531,Crisis
2016-08-01,0.249999996549318,0.5000057717329434,0.24999423171773896,Crisis
2016-08-02,0.2499999983981514,0.5000061321015717,0.24999386950027724,Crisis
2016-08-03,0.24999999916717885,0.5000062831720022,0.24999371766081885,Crisis
2016-08-04,0.2499999986485293,0.5000065725286731,0.2499934288227971,Crisis
2016-08-05,0.2499999987512868,0.5000068323349073,0.24999316891380582,Crisis
2016-08-08,0.24999999704820283,0.5000076700327544,0.24999233291904338,Crisis
2016-08-09,0.2499999929884903,0.5000104275423519,0.2499895794691582,Crisis
2016-08-10,0.24999999356836802,0.5000128830484536,0.2499871233831784,Crisis
2016-08-11,0.24999998025896675,0.5000246269223778,0.24997539281865533,Crisis
2016-08-12,0.24999998590453026,0.5000319348080592,0.24996807928741058,Crisis
2016-08-15,0.2499999939519593,0.5000342028440095,0.24996580320403142,Crisis
2016-08-16,0.24999999657900454,0.5000352363021424,0.24996476711885335,Crisis
2016-08-17,0.24999999683269428,0.5000361673767169,0.24996383579058934,Crisis
2016-08-18,0.24999999583256075,0.5000375260111539,0.24996247815628542,Crisis
2016-08-19,0.24999999648091378,0.5000386065017032,0.24996139701738296,Crisis
2016-08-22,0.24999999636850967,0.500039722718591,0.24996028091289949,Crisis
2016-08-23,0.2499999962633643,0.5000408261576045,0.24995917757903158,Crisis
2016-08-24,0.24999999719953003,0.5000415148942238,0.24995848790624628,Crisis
2016-08-25,0.24999998838129212,0.5000462646856605,0.24995374693304762,Crisis
2016-08-26,0.24999997954832162,0.500056205825087,0.24994381462659115,Crisis
2016-08-29,0.24999998218216535,0.5000641967531431,0.24993582106469148,Crisis
2016-08-30,0.24999999589785354,0.5000652591435574,0.24993474495858878,Crisis
2016-08-31,0.2499999864767546,0.5000707124063711,0.24992930111687428,Crisis
2016-09-01,0.24999998519806546,0.5000766825463382,0.24992333225559643,Crisis
2016-09-02,0.24999998197324577,0.5000844338333063,0.24991558419344828,Crisis
2016-09-06,0.24999998599991768,0.500089882031453,0.24991013196862935,Crisis
2016-09-07,0.2499999993275216,0.5000902695521938,0.24990973112028475,Crisis
2016-09-08,0.2499999988042956,0.5000912404596973,0.24990876073600718,Crisis
2016-09-09,0.24999999160977474,0.5000939000301523,0.24990610836007307,Crisis
2016-09-12,0.2499999985858847,0.5000941445450807,0.24990585686903438,Crisis
2016-09-13,0.24999999838094392,0.5000944465983055,0.24990555502075043,Crisis
2016-09-14,0.24999999912746926,0.5000945848904287,0.249905415982102,Crisis
2016-09-15,0.24999999658146385,0.5000954012495663,0.2499046021689698,Crisis
2016-09-16,0.2499999979367226,0.5000958162798003,0.24990418578347745,Crisis
2016-09-19,0.2499999980543395,0.5000961994372812,0.24990380250837932,Crisis
2016-09-20,0.24999999720204144,0.5000968151370355,0.24990318766092287,Crisis
2016-09-21,0.2499999919554514,0.5000993962966613,0.24990061174788758,Crisis
2016-09-22,0.24999996828728335,0.5001170312680325,0.2498830004446842,Crisis
2016-09-23,0.24999998119174083,0.5001254081214683,0.24987461068679112,Crisis
2016-09-26,0.24999999547374105,0.5001265839585176,0.24987342056774178,Crisis
2016-09-27,0.24999999474860454,0.5001280425826653,0.2498719626687302,Crisis
2016-09-28,0.24999999782830082,0.5001284738351355,0.2498715283365632,Crisis
2016-09-29,0.24999999781304974,0.5001289121569611,0.2498710900299892,Crisis
2016-09-30,0.24999999758100275,0.5001294091656724,0.2498705932533248,Crisis
2016-10-03,0.24999999785170837,0.5001298334442291,0.2498701687040625,Crisis
2016-10-04,0.24999999956632904,0.5001298888554561,0.24987011157821484,Crisis
2016-10-05,0.24999999864489814,0.5001310461937466,0.24986895516135554,Crisis
2016-10-06,0.24999999929358208,0.5001315259058129,0.24986847480060506,Crisis
2016-10-07,0.5499999989741712,0.4000000000031524,0.05000000102267655,Bull
2016-10-10,0.24999999999266379,0.5245819215266976,0.22541807848063905,Crisis
2016-10-11,0.3999999999961256,0.49999999714067916,0.1000000028631984,Bear
2016-10-12,0.4000000000710153,0.4999999999720728,0.09999999995691189,Bear
2016-10-13,0.3999999998488356,0.5000000001114002,0.10000000003977086,Bear
2016-10-14,0.4000000759505341,0.49999992388740955,0.10000000016208901,Bear
2016-10-17,0.4000000004216551,0.49999999933808964,0.10000000024025753,Bear
2016-10-18,0.3999999957770723,0.4999999998625457,0.10000000436041583,Bear
2016-10-19,0.39737393274979294,0.49999998984118704,0.10262607740902005,Bear
2016-10-20,0.39999996762212375,0.49999999967862785,0.10000003269924834,Bear
2016-10-21,0.3999999407121073,0.49999999833567504,0.10000006095221763,Bear
2016-10-24,0.31650532909058987,0.5000000000942565,0.18349467081515328,Bear
2016-10-25,0.28067021246929597,0.49999999998831046,0.21932978754239363,Bear
2016-10-26,0.22825656580459272,0.4999999900437613,0.27174344415164614,Bear
2016-10-27,0.25634052908087823,0.4999999975634489,0.24365947335567284,Bear
2016-10-28,0.2000000524837322,0.49999995533712505,0.2999999921791428,Bear
2016-10-31,0.2000000005439444,0.49999999978254805,0.2999999996735106,Bear
2016-11-01,0.24999999876374632,0.500000336245236,0.2499996649910174,Crisis
2016-11-02,0.24999998028557283,0.5000087580284082,0.24999126168601893,Crisis
2016-11-03,0.24999998991991168,0.50001207662963,0.2499879334504584,Crisis
2016-11-04,0.24999999649816163,0.5000128585222663,0.24998714497957217,Crisis
2016-11-07,0.24999999761531552,0.5000133261679364,0.24998667621674814,Crisis
2016-11-08,0.2499999968064935,0.5000140342871418,0.24998596890636468,Crisis
2016-11-09,0.24999999465570014,0.5000154561443663,0.24998454919993332,Crisis
2016-11-10,0.24999999949600216,0.5000153889794696,0.24998461152452855,Crisis
2016-11-11,0.24999999954632093,0.5000153283888684,0.24998467206481043,Crisis
2016-11-14,0.24999999994739774,0.5000153212810815,0.24998467877152178,Crisis
2016-11-15,0.249999999957684,0.5000153155225446,0.24998468451977127,Crisis
2016-11-16,0.24999999997065492,0.5000153111881018,0.24998468884124314,Crisis
2016-11-17,0.24999999985767604,0.5000152936797887,0.2499847064625429,Crisis
2016-11-18,0.2499999996322286,0.5000152449407143,0.24998475542705723,Crisis
2016-11-21,0.24999999965911907,0.5000152002530506,0.2499848000878305,Crisis
2016-11-22,0.24999999966060424,0.5000151558567553,0.2499848444826406,Crisis
2016-11-23,0.24999999961128877,0.5000151041848093,0.2499848962039017,Crisis
2016-11-25,0.24999999990749586,0.5000150922736073,0.24998490781889698,Crisis
2016-11-28,0.24999999990728472,0.5000150804809331,0.24998491961178212,Crisis
2016-11-29,0.24999999986147559,0.500015063022228,0.24998493711629644,Crisis
2016-11-30,0.24999999982320076,0.5000150407186102,0.24998495945818894,Crisis
2016-12-01,0.2499999999422823,0.5000150328400734,0.24998496721764457,Crisis
2016-12-02,0.2499999993670392,0.5000149402756479,0.24998506035731302,Crisis
2016-12-05,0.2499999997146622,0.5000149808727976,0.24998501941254023,Crisis
2016-12-06,0.24999999999270586,0.5000149842178798,0.24998501578941618,Crisis
2016-12-07,0.2499999999933493,0.5000149875137975,0.24998501249285593,Crisis
2016-12-08,0.25000000000499156,0.5000149887235321,0.24998501127148348,Crisis
2016-12-09,0.25000000000361555,0.5000149886006184,0.24998501139575469,Crisis
2016-12-12,0.2500000000017351,0.5000149882204558,0.24998501177780244,Crisis
2016-12-13,0.25000000000545114,0.5000149888322473,0.24998501116229857,Crisis
2016-12-14,0.2500000000034544,0.5000149890903862,0.24998501090614628,Crisis
2016-12-15,0.25000000000430106,0.5000149905659379,0.24998500942975713,Crisis
2016-12-16,0.2500000000030669,0.5000149903390451,0.2499850096578789,Crisis
2016-12-19,0.24999999992499364,0.5000149805936828,0.2499850194813252,Crisis
2016-12-20,0.24999999980451115,0.5000149558134319,0.24998504438206795,Crisis
2016-12-21,0.24999999966305977,0.5000149114257294,0.24998508891121088,Crisis
2016-12-22,0.24999999966016392,0.5000148667782701,0.24998513356156637,Crisis
2016-12-23,0.24999999970320214,0.500014828430821,0.24998517186597702,Crisis
2016-12-27,0.24999999969356387,0.500014788868217,0.2499852114382193,Crisis
2016-12-28,0.24999999965334116,0.5000147436144258,0.24998525673223312,Crisis
2016-12-29,0.24999999990920488,0.5000147320359853,0.24998526805481028,Crisis
2016-12-30,0.24999999993139002,0.5000147231287085,0.24998527693990127,Crisis
2017-01-03,0.24999999994906316,0.5000147162713254,0.24998528377961154,Crisis
2017-01-04,0.2499999999493321,0.5000147094950222,0.2499852905556456,Crisis
2017-01-05,0.249999999955087,0.5000147033777658,0.2499852966671476,Crisis
2017-01-06,0.24999999994538455,0.5000146961525295,0.24998530390208618,Crisis
2017-01-09,0.7000000043933758,0.10000000670453985,0.1999999889020844,Bull
2017-01-10,0.5000000000922791,0.20000000007220872,0.2999999998355112,Bear
2017-01-11,0.5000000016785393,0.20000000912205956,0.2999999891993924,Bear
2017-01-12,0.5000000001601633,0.2000000003836747,0.29999999945611533,Bear
2017-01-13,0.5000000029293031,0.20000000655032474,0.2999999905203628,Bear
2017-01-17,0.5000000002174875,0.20000000022633688,0.29999999955612133,Bear
2017-01-18,0.5000000000532578,0.20000000005534227,0.29999999989133025,Bear
2017-01-19,0.5000000000484396,0.20000000004885257,0.2999999999026909,Bear
2017-01-20,0.5000000000467317,0.2000000000551262,0.2999999998981279,Bear
2017-01-23,0.5000000000461786,0.20000000005575772,0.2999999998980489,Bear
2017-01-24,0.5000000000518097,0.20000000004459464,0.299999999903578,Bear
2017-01-25,0.5000000000443082,0.20000000005905616,0.299999999896621,Bear
2017-01-26,0.5000000000418194,0.20000000006889077,0.29999999988927467,Bear
2017-01-27,0.5000000027472531,0.20000000766567871,0.29999998958706836,Bear
2017-01-30,0.5000000001679207,0.20000000033391405,0.29999999949812445,Bear
2017-01-31,0.5000000000607442,0.20000000006502808,0.29999999987414355,Bear
2017-02-01,0.5000000000505258,0.2000000000593645,0.29999999989008674,Bear
2017-02-02,0.500000000053442,0.20000000005559,0.29999999989095183,Bear
2017-02-03,0.5000000000505243,0.20000000006411092,0.29999999988534765,Bear
2017-02-06,0.5000000000471974,0.20000000007400187,0.2999999998787838,Bear
2017-02-07,0.500000000036527,0.2000000000838416,0.29999999987961534,Bear
2017-02-08,0.5000000037620862,0.20000000831161338,0.2999999879263005,Bear
2017-02-09,0.5000000034827903,0.20000000806076332,0.2999999884564465,Bear
2017-02-10,0.5000000040598007,0.2000000083765795,0.2999999875636196,Bear
2017-02-13,0.5000000025905393,0.20000001144280205,0.2999999859666585,Bear
2017-02-14,0.5000000015144039,0.20000001230760167,0.299999986177987,Bear
2017-02-15,0.5000000040869507,0.20000000933047393,0.29999998658257543,Bear
2017-02-16,0.5000000040533269,0.20000001002368914,0.29999998592298405,Bear
2017-02-17,0.5000000034349368,0.20000001208100907,0.29999998448405407,Bear
2017-02-21,0.5000000032327689,0.20000001168667664,0.29999998508055425,Bear
2017-02-22,0.5000000001332058,0.2000000003117097,0.29999999955498463,Bear
2017-02-23,0.5000000039487306,0.20000001061465053,0.29999998543661893,Bear
2017-02-24,0.5000000040104359,0.20000001041909726,0.299999985570467,Bear
2017-02-27,0.500000003818297,0.20000001063759,0.2999999855441129,Bear
2017-02-28,0.5000000036496884,0.20000001022294964,0.29999998612736195,Bear
2017-03-01,0.5000000027257145,0.20000001132175835,0.2999999859525269,Bear
2017-03-02,0.5000000033089556,0.20000001117703634,0.29999998551400814,Bear
2017-03-03,0.5000000019802089,0.200000014351857,0.2999999836679202,Bear
2017-03-06,0.5000000011961604,0.20000000721399958,0.29999999158984,Bear
2017-03-07,0.5000000034368974,0.20000000513619906,0.29999999142690353,Bear
2017-03-08,0.500000000010756,0.20000000106371266,0.29999999892553153,Bear
2017-03-09,0.5000000000824363,0.20000000004173987,0.29999999987582837,Bear
2017-03-10,0.5000000000593471,0.20000000000520735,0.2999999999354444,Bear
2017-03-13,0.5000000000055371,0.20000000186011568,0.29999999813434736,Bear
2017-03-14,0.5000000000649795,0.2000000000311089,0.2999999999039242,Bear
2017-03-15,0.5000000015858771,0.20000000269487794,0.29999999571924485,Bear
2017-03-16,0.5000000016880308,0.2000000126378124,0.2999999856741509,Bear
2017-03-17,0.5000000025947228,0.2000000027438386,0.29999999466143856,Bear
2017-03-20,0.5000000015635186,0.20000001420173874,0.2999999842347374,Bear
2017-03-21,0.5000000021371445,0.20000001631178738,0.29999998155106417,Bear
2017-03-22,0.5000000021366545,0.20000001449041604,0.29999998337290756,Bear
2017-03-23,0.500000001509551,0.2000000111456687,0.29999998734476857,Bear
2017-03-24,0.500000000252216,0.20000000066033816,0.29999999908741876,Bear
2017-03-27,0.5000000000631624,0.2000000001520854,0.2999999997847304,Bear
2017-03-28,0.5000000000506138,0.20000000011483957,0.29999999983450487,Bear
2017-03-29,0.5000000000509295,0.20000000015251293,0.29999999979652797,Bear
2017-03-30,0.500000000049063,0.2000000001257327,0.2999999998251647,Bear
2017-03-31,0.5000000000523178,0.2000000001416033,0.29999999980604763,Bear
2017-04-03,0.5000000000625863,0.20000000011449678,0.29999999982287917,Bear
2017-04-04,0.5000000000607389,0.20000000009506075,0.29999999984416353,Bear
2017-04-05,0.5000000000624242,0.20000000010659283,0.29999999983095427,Bear
2017-04-06,0.5000000000643401,0.20000000009639743,0.299999999839227,Bear
2017-04-07,0.5000000000588163,0.2000000001351708,0.299999999805984,Bear
2017-04-10,0.7000000003348581,0.09999999974550433,0.199999999919639,Bull
2017-04-11,0.25000000007589335,0.4386781546217934,0.31132184530231277,Crisis
2017-04-12,0.5000000003739918,0.20000000043247299,0.2999999991935372,Bear
2017-04-13,0.500000000077069,0.20000000011800337,0.2999999998049008,Bear
2017-04-17,0.5000000000654784,0.2000000000509503,0.2999999998835172,Bear
2017-04-18,0.5000000000653698,0.20000000006694238,0.29999999986765863,Bear
2017-04-19,0.5000000000607636,0.20000000006400379,0.29999999987519393,Bear
2017-04-20,0.500000000046285,0.20000000012239483,0.2999999998312842,Bear
2017-04-21,0.5000000000414977,0.20000000011353727,0.2999999998449229,Bear
2017-04-24,0.5000000029995814,0.200000010192218,0.29999998680820067,Bear
2017-04-25,0.500000000210949,0.20000000065931564,0.2999999991296947,Bear
2017-04-26,0.5000000033515546,0.20000001188274805,0.2999999847656974,Bear
2017-04-27,0.5000000025359591,0.20000001011488527,0.29999998734915545,Bear
2017-04-28,0.5000000029892094,0.20000001284127303,0.2999999841695176,Bear
2017-05-01,0.5000000012307017,0.2000000088140872,0.2999999899552041,Bear
2017-05-02,0.4999999999867912,0.20000000700925286,0.2999999930039559,Bear
2017-05-03,0.500000001592034,0.35265119788346755,0.14734880052449867,Bear
2017-05-04,0.49999999797781786,0.3530686227651602,0.146931379257022,Bear
2017-05-05,0.50000000010201,0.2820454247809409,0.2179545751170499,Bear
2017-05-08,0.5000000000034637,0.20000000358661013,0.29999999640992686,Bear
2017-05-09,0.49999999958656893,0.24526155306218939,0.2547384473512416,Bear
2017-05-10,0.5000000001472467,0.20000000059315748,0.29999999925959586,Bear
2017-05-11,0.5000000000845266,0.20000000005043594,0.29999999986504167,Bear
2017-05-12,0.5000000001028492,0.20000000009094382,0.29999999980620684,Bear
2017-05-15,0.5000000000605712,0.20000000005328003,0.29999999988614856,Bear
2017-05-16,0.5000000000493628,0.20000000000673426,0.2999999999439017,Bear
2017-05-17,0.5000000000549009,0.20000000004111254,0.2999999999039859,Bear
2017-05-18,0.5000000012685776,0.20000000473692764,0.2999999939944916,Bear
2017-05-19,0.5000000015261556,0.2000000055637971,0.2999999929100471,Bear
2017-05-22,0.5000000009022515,0.2000000049294157,0.2999999941683323,Bear
2017-05-23,0.5000000018946679,0.20000001258521796,0.2999999855201142,Bear
2017-05-24,0.500000002546297,0.20000001543367937,0.2999999820200236,Bear
2017-05-25,0.5000000001628004,0.20000000050571692,0.2999999993313621,Bear
2017-05-26,0.5000000036910791,0.20000001123843136,0.2999999850704896,Bear
2017-05-30,0.5000000002669506,0.20000000067413173,0.2999999990588761,Bear
2017-05-31,0.5000000000595114,0.20000000013270774,0.2999999998077539,Bear
2017-06-01,0.5000000000448863,0.2000000001015473,0.29999999985352555,Bear
2017-06-02,0.5000000000471169,0.200000000095931,0.2999999998569228,Bear
2017-06-05,0.5000000000514635,0.20000000008148205,0.2999999998670249,Bear
2017-06-06,0.5000000000482572,0.20000000011788166,0.299999999833838,Bear
2017-06-07,0.5000000000485914,0.20000000010347338,0.2999999998479011,Bear
2017-06-08,0.500000000051628,0.20000000010677343,0.29999999984156767,Bear
2017-06-09,0.5000000000489317,0.20000000014471195,0.2999999998063383,Bear
2017-06-12,0.5000000000437933,0.20000000018565914,0.2999999997705252,Bear
2017-06-13,0.5000000000402828,0.2000000002008292,0.2999999997588624,Bear
2017-06-14,0.5000000000355892,0.20000000020948216,0.29999999975490826,Bear
2017-06-15,0.5000000014169048,0.2000000041152706,0.2999999944678246,Bear
2017-06-16,0.5000000000692808,0.20000000009061955,0.29999999984010084,Bear
2017-06-19,0.5000000019305411,0.20000001615842966,0.29999998191102595,Bear
2017-06-20,0.4999999995519001,0.20000171081128293,0.2999982896368171,Bear
2017-06-21,0.5000000003142093,0.39999999836545913,0.10000000132033388,Bear
2017-06-22,0.5000000000027577,0.2542203803530989,0.24577961964414444,Bear
2017-06-23,0.499999998856627,0.20109315112690773,0.2989068500164653,Bear
2017-06-26,0.4999999994757704,0.20109077962937671,0.2989092208948529,Bear
2017-06-27,0.5000000004034343,0.3999999972399357,0.10000000235663004,Bear
2017-06-28,0.4999999998736565,0.2036314838085422,0.29636851631780126,Bear
2017-06-29,0.5000000000840689,0.20000000041293786,0.2999999995029925,Bear
2017-06-30,0.5000000001577497,0.20000000053685746,0.2999999993053963,Bear
2017-07-03,0.5000000001591349,0.2000000005463963,0.2999999992944733,Bear
2017-07-05,0.5000000000719068,0.3167745451248745,0.18322545480321883,Bear
2017-07-06,0.49999999994369976,0.20329178748007037,0.29670821257623,Bear
2017-07-07,0.5000000001154311,0.20000000388375616,0.2999999960008146,Bear
2017-07-10,0.5000000002508295,0.20000000186333508,0.2999999978858633,Bear
2017-07-11,0.7000000020819903,0.10000001519216394,0.19999998272585143,Bull
2017-07-12,0.24999999844953355,0.3853314319424524,0.3646685696080143,Crisis
2017-07-13,0.5000000007486494,0.20000004787849485,0.2999999513728692,Bear
2017-07-14,0.5000000004629778,0.20000000268732138,0.2999999968497016,Bear
2017-07-17,0.5000000002594659,0.20000000127296502,0.29999999846758774,Bear
2017-07-18,0.500000000147022,0.20000000032682724,0.2999999995261638,Bear
2017-07-19,0.5000000000512765,0.2000000083507079,0.2999999915980202,Bear
2017-07-20,0.5000000001376915,0.20000000025296422,0.29999999960934487,Bear
2017-07-21,0.5000000002020563,0.2000000004554907,0.29999999934245375,Bear
2017-07-24,0.5000000000776965,0.2000000001910635,0.29999999973124586,Bear
2017-07-25,0.5000000001974647,0.20000000024181935,0.29999999956071566,Bear
2017-07-26,0.5000000000738988,0.19999999997330684,0.29999999995278526,Bear
2017-07-27,0.5000000048334149,0.20000000763890438,0.2999999875276806,Bear
2017-07-28,0.5000000001409073,0.19999999997188692,0.2999999998871668,Bear
2017-07-31,0.5000000000557372,0.20000000009483596,0.29999999984941805,Bear
2017-08-01,0.500000000082429,0.1999999999982024,0.29999999991936566,Bear
2017-08-02,0.5000000002622885,0.20000000064841122,0.29999999908929953,Bear
2017-08-03,0.49999999992705507,0.22383066172990096,0.2761693383430481,Bear
2017-08-04,0.500000000066395,0.30929508039791187,0.19070491953569327,Bear
2017-08-07,0.4999999997812103,0.22047990448611027,0.27952009573267944,Bear
2017-08-08,0.5000000013566844,0.20000002347301016,0.2999999751703054,Bear
2017-08-09,0.500000000335364,0.20000000080805122,0.2999999988565861,Bear
2017-08-10,0.5000000001260352,0.19999999996966386,0.2999999999042901,Bear
2017-08-11,0.5000000001097751,0.19999999996008846,0.29999999993013343,Bear
2017-08-14,0.5000000037775586,0.20000000720750927,0.2999999890149322,Bear
2017-08-15,0.5000000001447605,0.2000000005317459,0.29999999932343485,Bear
2017-08-16,0.5000000001801734,0.2000000000977219,0.29999999972210384,Bear
2017-08-17,0.5000000001798929,0.20000000020526487,0.299999999614841,Bear
2017-08-18,0.5000000001359542,0.19999999999069853,0.2999999998733432,Bear
2017-08-21,0.5000000001876284,0.20000000014159053,0.2999999996707792,Bear
2017-08-22,0.5000000000940428,0.1999999999733675,0.29999999993258325,Bear
2017-08-23,0.5000000045513943,0.19999999970255192,0.29999999574605374,Bear
2017-08-24,0.5000000040040982,0.20000000375487348,0.29999999224102825,Bear
2017-08-25,0.5000000001879169,0.2000000009212106,0.29999999889079754,Bear
2017-08-28,0.5000000000680583,0.20000000036543644,0.29999999956649814,Bear
2017-08-29,0.5000000000724238,0.200000000233732,0.2999999996938382,Bear
2017-08-30,0.5000000000831218,0.2000000002150803,0.2999999997017375,Bear
2017-08-31,0.5000000000807262,0.20000000017787967,0.2999999997413332,Bear
2017-09-01,0.5000000000792816,0.2000000001277104,0.2999999997929565,Bear
2017-09-05,0.5000000000829938,0.20000000011520347,0.29999999980176223,Bear
2017-09-06,0.5000000000682423,0.20000000015651806,0.2999999997751927,Bear
2017-09-07,0.5000000000681545,0.20000000022930356,0.2999999997024991,Bear
2017-09-08,0.5000000000679903,0.2000000001901665,0.29999999974178954,Bear
2017-09-11,0.5000000000582773,0.20000000018054667,0.29999999976114233,Bear
2017-09-12,0.5000000027556522,0.20000001792823852,0.2999999793161092,Bear
2017-09-13,0.5000000002002963,0.20000000077028973,0.29999999902933405,Bear
2017-09-14,0.5000000030948478,0.20000001698641487,0.2999999799187373,Bear
2017-09-15,0.5000000029722368,0.2000000170348972,0.29999997999286593,Bear
2017-09-18,0.500000002592596,0.2000000161956892,0.29999998121171484,Bear
2017-09-19,0.5000000033755737,0.20000001993548155,0.29999997668894485,Bear
2017-09-20,0.5000000032551873,0.20000002013786353,0.2999999766069492,Bear
2017-09-21,0.5000000027413456,0.20000001839118603,0.2999999788674645,Bear
2017-09-22,0.5000000001639372,0.20000000011373048,0.29999999972233676,Bear
2017-09-25,0.5000000000665348,0.19999999999915793,0.2999999999343038,Bear
2017-09-26,0.500000001951076,0.2000000126747199,0.2999999853742012,Bear
2017-09-27,0.500000000117225,0.20000000001230006,0.2999999998704752,Bear
2017-09-28,0.5000000035005192,0.20000001765401748,0.29999997884545976,Bear
2017-09-29,0.5000000003443255,0.20000000159087566,0.29999999806468786,Bear
2017-10-02,0.500000000059516,0.2000000003160374,0.2999999996244392,Bear
2017-10-03,0.5000000038032227,0.19999999917926314,0.29999999701751423,Bear
2017-10-04,0.5000000029233312,0.20000000108045118,0.29999999599621757,Bear
2017-10-05,0.5000000000927508,0.20000000020422037,0.29999999970300717,Bear
2017-10-06,0.5000000000636545,0.2000000001578679,0.29999999977846475,Bear
2017-10-09,0.24999999750842214,0.3795188254748617,0.3704811770167166,Crisis
2017-10-10,0.5000000002140377,0.19999999998645654,0.29999999979950637,Bear
2017-10-11,0.5000000000604004,0.20000000012002947,0.2999999998195542,Bear
2017-10-12,0.5000000000564677,0.2000000001039016,0.2999999998396221,Bear
2017-10-13,0.5000000000554169,0.2000000001062807,0.29999999983829506,Bear
2017-10-16,0.5000000000530574,0.20000000009951568,0.29999999984741943,Bear
2017-10-17,0.5000000044716147,0.20000000981715021,0.2999999857112352,Bear
2017-10-18,0.500000004628249,0.2000000114624615,0.2999999839092895,Bear
2017-10-19,0.5000000001086654,0.2000000003063611,0.29999999958493634,Bear
2017-10-20,0.5000000047912557,0.20000001326109265,0.29999998194765143,Bear
2017-10-23,0.5000000001301099,0.20000000031823678,0.2999999995516089,Bear
2017-10-24,0.500000000058228,0.20000000013601216,0.2999999998057462,Bear
2017-10-25,0.5000000000581394,0.20000000013693411,0.29999999980492026,Bear
2017-10-26,0.5000000000599221,0.20000000015088762,0.29999999978918357,Bear
2017-10-27,0.5000000000520869,0.2000000001647986,0.2999999997831079,Bear
2017-10-30,0.5000000029825824,0.2000000156378902,0.29999998137952755,Bear
2017-10-31,0.5000000009969728,0.20000000502095452,0.2999999939820864,Bear
2017-11-01,0.5000000012585438,0.2000000062843358,0.2999999924571252,Bear
2017-11-02,0.5000000031447495,0.20000000717093736,0.2999999896843132,Bear
2017-11-03,0.4999999998762408,0.20000012869475442,0.2999998714290143,Bear
2017-11-06,0.5000000003493277,0.3999999989945923,0.1000000006560816,Bear
2017-11-07,0.4999999998501168,0.39999976513252683,0.1000002350173564,Bear
2017-11-08,0.49999999856778116,0.39452655744137405,0.10547344399084474,Bear
2017-11-09,0.499999999978814,0.22124401662940826,0.2787559833917804,Bear
2017-11-10,0.5000000001643864,0.3999999998255076,0.10000000001010606,Bear
2017-11-13,0.5000000001729308,0.39999999941355835,0.10000000041350655,Bear
2017-11-14,0.5000000002768515,0.3999999996238066,0.1000000000993334,Bear
2017-11-15,0.5000000003172994,0.39999999950809156,0.10000000017460346,Bear
2017-11-16,0.5000000002135466,0.3999999993759813,0.1000000004104597,Bear
2017-11-17,0.5000000002624219,0.39999999975096495,0.09999999998660497,Bear
2017-11-20,0.5000000003185621,0.3999999995551623,0.10000000012627112,Bear
2017-11-21,0.5000000003077182,0.3999999993192687,0.10000000037300519,Bear
2017-11-22,0.5000000003270582,0.3999999987707894,0.1000000009021402,Bear
2017-11-24,0.5000000003158466,0.3999999996020276,0.100000000082104,Bear
2017-11-27,0.5000000000618767,0.27928516781281,0.22071483212531295,Bear
2017-11-28,0.5000000007319411,0.20000000107499338,0.2999999981930655,Bear
2017-11-29,0.5000000002526174,0.20000000022867284,0.2999999995187,Bear
2017-11-30,0.500000000290328,0.2000000006395431,0.2999999990701253,Bear
2017-12-01,0.500000000383403,0.20000000150362826,0.29999999811296446,Bear
2017-12-04,0.5000000000257734,0.3474178155950683,0.15258218437915821,Bear
2017-12-05,0.4999999984099324,0.3999961860850078,0.10000381550505966,Bear
2017-12-06,0.5000000000776367,0.39999999965480537,0.10000000026755788,Bear
2017-12-07,0.5000000002506729,0.399999999328837,0.10000000042048306,Bear
2017-12-08,0.5000000003029815,0.3999999990183823,0.10000000067862319,Bear
2017-12-11,0.5000000001180983,0.399999999741177,0.10000000014068469,Bear
2017-12-12,0.5000000020810342,0.3999999956606723,0.10000000225829365,Bear
2017-12-13,0.5000000021287782,0.39999999487675314,0.10000000299446865,Bear
2017-12-14,0.5000000020026683,0.3999999855583693,0.1000000124389352,Bear
2017-12-15,0.5000000009761333,0.3999999948564521,0.1000000041673362,Bear
2017-12-18,0.5000000001676806,0.3999999997342443,0.10000000009807496,Bear
2017-12-19,0.5000000000576056,0.39999999978872053,0.10000000015366649,Bear
2017-12-20,0.5000000003148914,0.2000000009905345,0.2999999986945736,Bear
2017-12-21,0.5000000003797881,0.20000002091331567,0.29999997870688805,Bear
2017-12-22,0.500000001214468,0.20000002824310284,0.2999999705424004,Bear
2017-12-26,0.5000000023727464,0.20000001421975686,0.29999998340749684,Bear
2017-12-27,0.5000000000871266,0.2000000002260219,0.29999999968680474,Bear
2017-12-28,0.500000000066018,0.2000000000089471,0.29999999992502674,Bear
2017-12-29,0.5000000007212105,0.20000001816982435,0.2999999811089585,Bear
2018-01-02,0.500000001601676,0.20000001212891538,0.2999999862694086,Bear
2018-01-03,0.5000000000723399,0.2000000001652751,0.29999999976232655,Bear
2018-01-04,0.5000000031581461,0.2000000093772277,0.2999999874646263,Bear
2018-01-05,0.5000000000712158,0.20000000016349598,0.29999999976524155,Bear
2018-01-08,0.5000000000359465,0.20000000009579447,0.2999999998682484,Bear
2018-01-09,0.2500000010775162,0.40284359107959833,0.3471564078428832,Crisis
2018-01-10,0.5000000007231411,0.2000000002317751,0.2999999990450908,Bear
2018-01-11,0.5000000000415538,0.200000000081086,0.29999999987732046,Bear
2018-01-12,0.5000000000380715,0.200000000078737,0.2999999998831871,Bear
2018-01-16,0.5000000000378723,0.2000000000713776,0.2999999998907468,Bear
2018-01-17,0.5000000031839323,0.20000001079292368,0.29999998602314387,Bear
2018-01-18,0.5000000001251571,0.19999999997255566,0.2999999999022725,Bear
2018-01-19,0.5000000000518122,0.19999999997640994,0.2999999999717759,Bear
2018-01-22,0.5000000035720197,0.2000000009284626,0.2999999954995177,Bear
2018-01-23,0.5000000001026562,0.19999999997215034,0.29999999992514015,Bear
2018-01-24,0.500000000049979,0.19999999998551,0.29999999996450977,Bear
2018-01-25,0.50000000364226,0.20000000719009875,0.2999999891676411,Bear
2018-01-26,0.500000003469026,0.20000000139733887,0.2999999951336351,Bear
2018-01-29,0.5000000033989067,0.20000000766734022,0.2999999889337531,Bear
2018-01-30,0.5000000037487481,0.2000000069555065,0.2999999892957452,Bear
2018-01-31,0.5000000035132521,0.20000000853218408,0.2999999879545638,Bear
2018-02-01,0.5000000026629522,0.20000001383764507,0.2999999834994027,Bear
2018-02-02,0.25000000030605374,0.39529162437808457,0.35470837531587107,Crisis
2018-02-05,0.25000000003293016,0.39529162197063794,0.3547083779964252,Crisis
2018-02-06,0.2499999999990587,0.3952916208819059,0.3547083791190326,Crisis
2018-02-07,0.2500000000082266,0.39529161934098983,0.35470838065078664,Crisis
2018-02-08,0.250000000010713,0.39529161757785736,0.35470838241141545,Crisis
2018-02-09,0.2500000000011618,0.39529161680023184,0.354708383198605,Crisis
2018-02-12,0.24999999999694494,0.39529161623430514,0.35470838376874597,Crisis
2018-02-13,0.249999999997483,0.39529161569153803,0.35470838431099244,Crisis
2018-02-14,0.24999999999856248,0.3952916151229796,0.3547083848784688,Crisis
2018-02-15,0.24999999996699748,0.39529161534013313,0.354708384692876,Crisis
2018-02-16,0.24999999996953315,0.39529161538187996,0.3547083846486021,Crisis
2018-02-20,0.249999999970764,0.3952916153861724,0.35470838464307963,Crisis
2018-02-21,0.24999999994268496,0.3952916164291322,0.35470838362818435,Crisis
2018-02-22,0.24999999996444847,0.3952916166822418,0.35470838335331056,Crisis
2018-02-23,0.24999999996392938,0.39529161699815285,0.35470838303792546,Crisis
2018-02-26,0.24999999998637515,0.3952916167609531,0.3547083832526944,Crisis
2018-02-27,0.24999999997855432,0.39529161667651763,0.3547083833449405,Crisis
2018-02-28,0.24999999567105113,0.3952916631161033,0.3547083412128457,Crisis
2018-03-01,0.24999999963164435,0.395291664302475,0.35470833606588165,Crisis
2018-03-02,0.24999998446213037,0.39529187651304926,0.35470813902482023,Crisis
2018-03-05,0.24999999848932655,0.3952918790507384,0.3547081224599372,Crisis
2018-03-06,0.24999999083270932,0.3952919477704387,0.3547080613968523,Crisis
2018-03-07,0.2499999988257668,0.39529195348642127,0.3547080476878127,Crisis
2018-03-08,0.2499999891577669,0.3952920540844455,0.3547079567577877,Crisis
2018-03-09,0.24999999869136275,0.395292056938028,0.3547079443706108,Crisis
2018-03-12,0.24999998651694882,0.39529216470015877,0.35470784878289263,Crisis
2018-03-13,0.24999998528494885,0.39529227032005526,0.3547077443949961,Crisis
2018-03-14,0.24999998318186875,0.39529240479977995,0.35470761201835155,Crisis
2018-03-15,0.24999999788018537,0.3952924091698327,0.3547075929499832,Crisis
2018-03-16,0.2499999916687798,0.39529243074783016,0.3547075775833903,Crisis
2018-03-19,0.24999999020488606,0.39529245843008576,0.3547075513650288,Crisis
2018-03-20,0.24999998978955537,0.3952924807239954,0.3547075294864494,Crisis
2018-03-21,0.2499999896325816,0.39529250425159773,0.35470750611582125,Crisis
2018-03-22,0.24999998171581708,0.3952926441002226,0.3547073741839607,Crisis
2018-03-23,0.2499999970063308,0.395292667181231,0.35470733581243874,Crisis
2018-03-26,0.24999999931816977,0.39529267321145767,0.3547073274703731,Crisis
2018-03-27,0.2499999995376266,0.3952926823597862,0.354707318102588,Crisis
2018-03-28,0.24999999939404782,0.3952926989234696,0.3547073016824824,Crisis
2018-03-29,0.24999999837371797,0.3952927727202489,0.3547072289060334,Crisis
2018-04-02,0.24999999852685598,0.39529283745187926,0.3547071640212648,Crisis
2018-04-03,0.24999999874387546,0.39529289859088756,0.3547071026652372,Crisis
2018-04-04,0.2499999987394916,0.3952929599356935,0.35470704132481484,Crisis
2018-04-05,0.24999999822138622,0.3952930691517539,0.35470693262685987,Crisis
2018-04-06,0.2499999980474301,0.39529318934541363,0.3547068126071558,Crisis
2018-04-09,0.24999999809935028,0.39529331161377956,0.35470669028687,Crisis
2018-04-10,0.24999999808563647,0.3952934364898343,0.3547065654245288,Crisis
2018-04-11,0.7000000003808203,0.10000000091841091,0.19999999870076915,Bull
2018-04-12,0.2500000000166464,0.4372563195739512,0.3127436804094025,Crisis
2018-04-13,0.2500000000170086,0.437256319403508,0.31274368057947893,Crisis
2018-04-16,0.25000000001706957,0.43725631924671865,0.3127436807362063,Crisis
2018-04-17,0.25000000001744094,0.43725631909322016,0.31274368088933374,Crisis
2018-04-18,0.25000000001842015,0.4372563189221594,0.312743681059416,Crisis
2018-04-19,0.25000000001749306,0.4372563188140947,0.31274368116840334,Crisis
2018-04-20,0.2500000000199046,0.4372563185653107,0.31274368141478154,Crisis
2018-04-23,0.2500000000200825,0.4372563183175045,0.3127436816624097,Crisis
2018-04-24,0.2500000000201276,0.43725631812886806,0.31274368185099866,Crisis
2018-04-25,0.2500000000196361,0.4372563178337461,0.31274368214661546,Crisis
2018-04-26,0.25000000002094547,0.43725631758708655,0.3127436823919639,Crisis
2018-04-27,0.25000000001839423,0.43725631720883595,0.3127436827727685,Crisis
2018-04-30,0.25000000001611855,0.4372563167381942,0.31274368324568647,Crisis
2018-05-01,0.25000000001847905,0.4372563163970208,0.3127436835844984,Crisis
2018-05-02,0.2500000000189749,0.4372563160857273,0.31274368389529583,Crisis
2018-05-03,0.25000000001946304,0.43725631580764157,0.3127436841728924,Crisis
2018-05-04,0.25000000001386047,0.4372563152733383,0.3127436847128006,Crisis
2018-05-07,0.25000000000760186,0.4372563146185481,0.31274368537384983,Crisis
2018-05-08,0.2500000000072111,0.43725631396371106,0.31274368602907576,Crisis
2018-05-09,0.25000000000905226,0.43725631336991055,0.3127436866210349,Crisis
2018-05-10,0.2500000000051724,0.43725631264983733,0.3127436873449882,Crisis
2018-05-11,0.2500000000033564,0.4372563118418672,0.3127436881547759,Crisis
2018-05-14,0.25000000000256933,0.43725631097699075,0.3127436890204395,Crisis
2018-05-15,0.25000000000398304,0.437256310238425,0.31274368975759154,Crisis
2018-05-16,0.2500000000143285,0.4372563097812748,0.31274369020439496,Crisis
2018-05-17,0.2500000000143299,0.43725630929789683,0.31274369068777297,Crisis
2018-05-18,0.2500000000034222,0.4372563087190757,0.31274369127750157,Crisis
2018-05-21,0.24999999999872202,0.43725630784369734,0.31274369215758,Crisis
2018-05-22,0.24999999999647024,0.4372563068557754,0.31274369314775774,Crisis
2018-05-23,0.24999999999337053,0.4372563057267339,0.3127436942798961,Crisis
2018-05-24,0.24999999998138425,0.437256304153239,0.312743695865377,Crisis
2018-05-25,0.2499999999880201,0.4372563027265575,0.3127436972854233,Crisis
2018-05-29,0.24999999998499556,0.4372563011535056,0.31274369886149916,Crisis
2018-05-30,0.24999999977811563,0.43725628635636266,0.31274371386552435,Crisis
2018-05-31,0.24999999978824178,0.43725627260374494,0.31274372760801383,Crisis
2018-06-01,0.24999999978221193,0.43725625868625323,0.3127437415315352,Crisis
2018-06-04,0.24999999978200255,0.43725624429712956,0.31274375592086784,Crisis
2018-06-05,0.24999999983112575,0.437256233633667,0.31274376653520763,Crisis
2018-06-06,0.24999999987728577,0.4372562258438255,0.3127437742788887,Crisis
2018-06-07,0.2499999997919581,0.4372562129496225,0.31274378725841956,Crisis
2018-06-08,0.24999999963854155,0.43725618901650737,0.312743811344951,Crisis
2018-06-11,0.24999999955156885,0.4372561587829546,0.31274384166547653,Crisis
2018-06-12,0.24999999932642444,0.4372561097679949,0.3127438909055809,Crisis
2018-06-13,0.24999999931859318,0.4372560606133916,0.3127439400680152,Crisis
2018-06-14,0.24999999930452949,0.4372560100371914,0.31274399065827946,Crisis
2018-06-15,0.2499999996628723,0.43725598949854955,0.31274401083857833,Crisis
2018-06-18,0.2499999998910462,0.43725598294810764,0.31274401716084593,Crisis
2018-06-19,0.24999999991095637,0.43725597749182815,0.31274402259721573,Crisis
2018-06-20,0.24999999989482588,0.43725597120891313,0.31274402889626124,Crisis
2018-06-21,0.24999999989048022,0.4372559645106561,0.31274403559886393,Crisis
2018-06-22,0.2499999998865133,0.4372559576223652,0.31274404249112153,Crisis
2018-06-25,0.24999999988648744,0.4372559507872113,0.31274404932630123,Crisis
2018-06-26,0.24999999990129537,0.437255945188657,0.3127440549100481,Crisis
2018-06-27,0.24999999988871507,0.4372559389056961,0.3127440612055892,Crisis
2018-06-28,0.24999999996822767,0.4372559365300012,0.31274406350177114,Crisis
2018-06-29,0.24999999996951805,0.43725593424683123,0.3127440657836514,Crisis
2018-07-02,0.2499999999851242,0.4372559326279249,0.31274406738695226,Crisis
2018-07-03,0.24999999999526254,0.4372559315127527,0.3127440684919864,Crisis
2018-07-05,0.2499999999674867,0.43725592907607336,0.31274407095643986,Crisis
2018-07-06,0.24999999996177463,0.4372559264162337,0.3127440736219921,Crisis
2018-07-09,0.24999999998332206,0.4372559247288359,0.3127440752878438,Crisis
2018-07-10,0.2499999999697193,0.4372559226459983,0.31274407738428267,Crisis
2018-07-11,0.2499999999687032,0.43725592051396867,0.3127440795173285,Crisis
2018-07-12,0.4999999996838376,0.3999985465156713,0.10000145380049096,Bear
2018-07-13,0.5000000000369568,0.2581871998515244,0.24181280011151857,Bear
2018-07-16,0.5000000000647128,0.3999999965514177,0.10000000338386912,Bear
2018-07-17,0.5000000002581901,0.3999999997598978,0.09999999998181952,Bear
2018-07-18,0.5000000001200955,0.39999999959450094,0.10000000028539084,Bear
2018-07-19,0.5000000001506129,0.39999999936098246,0.10000000048838845,Bear
2018-07-20,0.5000000042961061,0.39999999389835805,0.10000000180553582,Bear
2018-07-23,0.5000000000540354,0.39999999039226947,0.10000000955369481,Bear
2018-07-24,0.49999999956340374,0.39173218311654445,0.10826781732005182,Bear
2018-07-25,0.50000000083989,0.39999998860650743,0.10000001055351058,Bear
2018-07-26,0.5000000001825708,0.3999999996280294,0.10000000018939978,Bear
2018-07-27,0.5000000045588613,0.3999999907965134,0.10000000464462544,Bear
2018-07-30,0.5000000001280656,0.3999999998969157,0.09999999997501875,Bear
2018-07-31,0.5000000001100049,0.39999999990518753,0.0999999999848023,Bear
2018-08-01,0.5000000001103087,0.3999999999152053,0.09999999997448147,Bear
2018-08-02,0.5000000033810813,0.3999999847899126,0.1000000118290061,Bear
2018-08-03,0.5000000001577515,0.3999999997592729,0.10000000008297555,Bear
2018-08-06,0.5000000001195384,0.3999999993806323,0.1000000004998191,Bear
2018-08-07,0.5000000000683568,0.3999999998707077,0.10000000006088963,Bear
2018-08-08,0.5000000001335341,0.39999999916738177,0.10000000069907969,Bear
2018-08-09,0.5000000000687188,0.39999999964263727,0.10000000028857875,Bear
2018-08-10,0.500000000176208,0.399999999869198,0.09999999995458456,Bear
2018-08-13,0.5000000002119621,0.3999999998569257,0.09999999993110957,Bear
2018-08-14,0.5000000002178402,0.39999999991478746,0.09999999986736947,Bear
2018-08-15,0.5000000002111041,0.39999999991090096,0.09999999987799323,Bear
2018-08-16,0.500000000062713,0.39999999997287694,0.09999999996440168,Bear
2018-08-17,0.5000000000768665,0.39999999997289837,0.09999999995023334,Bear
2018-08-20,0.5000000002090674,0.39999999992215557,0.09999999986877679,Bear
2018-08-21,0.5000000001867388,0.39999999993121926,0.09999999988204031,Bear
2018-08-22,0.500000000227052,0.3999999998988483,0.09999999987409869,Bear
2018-08-23,0.5000000001704854,0.3999999999384595,0.09999999989105254,Bear
2018-08-24,0.5000000001695908,0.3999999999463263,0.09999999988408156,Bear
2018-08-27,0.5000000001962455,0.39999999990734386,0.09999999989640966,Bear
2018-08-28,0.5000000002318169,0.39999999983561585,0.09999999993256603,Bear
2018-08-29,0.5000000002587268,0.3999999998791125,0.09999999986215849,Bear
2018-08-30,0.5000000002831452,0.3999999998213753,0.09999999989547821,Bear
2018-08-31,0.5000000002525921,0.3999999998844469,0.09999999986295843,Bear
2018-09-04,0.5000000002369216,0.3999999999145717,0.09999999984850487,Bear
2018-09-05,0.5000000001752514,0.3999999999516574,0.09999999987308926,Bear
2018-09-06,0.5000000003176825,0.3999999998578322,0.09999999982448511,Bear
2018-09-07,0.5000000002460169,0.39999999991529783,0.09999999983868302,Bear
2018-09-10,0.5000000003478914,0.39999999983735474,0.09999999981475344,Bear
2018-09-11,0.5000000003017923,0.3999999998813055,0.09999999981690015,Bear
2018-09-12,0.5000000003211749,0.39999999984899953,0.09999999982982422,Bear
2018-09-13,0.5000000002691876,0.39999999989543594,0.09999999983537389,Bear
2018-09-14,0.5000000002515037,0.3999999999035683,0.09999999984492632,Bear
2018-09-17,0.5000000002813415,0.39999999988926543,0.09999999982939174,Bear
2018-09-18,0.500000000314804,0.39999999984198453,0.09999999984321019,Bear
2018-09-19,0.5000000003414137,0.399999999715611,0.09999999994297334,Bear
2018-09-20,0.5000000003216392,0.3999999996687123,0.10000000000964465,Bear
2018-09-21,0.5000000001915358,0.3999999997303222,0.1000000000781348,Bear
2018-09-24,0.5000000001749177,0.3999999997403947,0.10000000008468136,Bear
2018-09-25,0.5000000001756771,0.39999999971949807,0.10000000010481838,Bear
2018-09-26,0.5000000002157081,0.39999999965666444,0.10000000012762184,Bear
2018-09-27,0.5000000002585683,0.39999999967854416,0.10000000006288151,Bear
2018-09-28,0.5000000002929421,0.3999999998165985,0.0999999998904546,Bear
2018-10-01,0.5000000002839396,0.3999999998021226,0.09999999991393493,Bear
2018-10-02,0.5000000002162617,0.39999999973780564,0.10000000004592843,Bear
2018-10-03,0.5000000001016275,0.3999999996509798,0.10000000024738034,Bear
2018-10-04,0.5000000001847987,0.399999999750136,0.1000000000650589,Bear
2018-10-05,0.5000000000362791,0.3999999983729696,0.10000000159074379,Bear
2018-10-08,0.49999999994866934,0.2000000686644303,0.29999993138690917,Bear
2018-10-09,0.2499999999382628,0.42111105281797034,0.32888894724376444,Crisis
2018-10-10,0.24999998883254115,0.42111104604673566,0.3288889651207418,Crisis
2018-10-11,0.24999998954808506,0.4211110427459265,0.3288889677059903,Crisis
2018-10-12,0.2499999825382528,0.4211110370717131,0.3288889803900379,Crisis
2018-10-15,0.2499999880114501,0.42111103282484386,0.3288889791637057,Crisis
2018-10-16,0.2499999777806008,0.4211110304164971,0.32888899180290543,Crisis
2018-10-17,0.24999995483876417,0.4211110250092584,0.32888902015197913,Crisis
2018-10-18,0.24999996285312254,0.42111101566699644,0.32888902147988053,Crisis
2018-10-19,0.24999996715860634,0.4211110090079926,0.32888902383341,Crisis
2018-10-22,0.24999997090726456,0.421111002138062,0.32888902695467953,Crisis
2018-10-23,0.249999913736069,0.4211110051893738,0.3288890810745581,Crisis
2018-10-24,0.24999992135356455,0.4211109970415401,0.3288890816048994,Crisis
2018-10-25,0.2499999235649497,0.4211109940751847,0.32888908235986725,Crisis
2018-10-26,0.24999992499999776,0.42111099267033375,0.32888908232966924,Crisis
2018-10-29,0.2499999256324045,0.42111099100751426,0.3288890833600988,Crisis
2018-10-30,0.2499999262106915,0.4211109901745612,0.3288890836147662,Crisis
2018-10-31,0.24999992574243066,0.42111099095014615,0.3288890833074326,Crisis
2018-11-01,0.24999992567746276,0.4211109914806522,0.3288890828418975,Crisis
2018-11-02,0.24999992451856234,0.42111099575644906,0.32888907972499193,Crisis
2018-11-05,0.2499996083466664,0.4211111842378861,0.32888920741544736,Crisis
2018-11-06,0.2499996152460747,0.4211111834856391,0.3288892012682951,Crisis
2018-11-07,0.24999962100236214,0.4211111806837275,0.3288891983139166,Crisis
2018-11-08,0.500000000737787,0.2000000005541196,0.2999999987080947,Bear
2018-11-09,0.5000000000972962,0.20000000038871416,0.29999999951396306,Bear
2018-11-12,0.24999999892555513,0.4242230368569232,0.32577696421751734,Crisis
2018-11-13,0.24999994884441934,0.42422307704975665,0.32577697410585815,Crisis
2018-11-14,0.24999989815334475,0.4242231173789903,0.32577698446766584,Crisis
2018-11-15,0.24999983973051007,0.424223166477648,0.3257769937918429,Crisis
2018-11-16,0.24999971750586014,0.4242232769280556,0.32577700556608435,Crisis
2018-11-19,0.2499995923928194,0.4242233947344361,0.3257770128727451,Crisis
2018-11-20,0.24999913241281876,0.424223806612449,0.325777060974732,Crisis
2018-11-21,0.24999734507259658,0.42422534311137167,0.325777311816032,Crisis
2018-11-23,0.24999618829967477,0.4242263038619633,0.32577750783836196,Crisis
2018-11-26,0.24999438387971043,0.42422776106523,0.3257778550550594,Crisis
2018-11-27,0.24998723644252238,0.4242339226094726,0.32577884094800535,Crisis
2018-11-28,0.24998288913517225,0.4242374480241716,0.3257796628406561,Crisis
2018-11-29,0.24998190253086391,0.4242382014736445,0.3257798959954918,Crisis
2018-11-30,0.24997385531801214,0.4242459045486975,0.3257802401332905,Crisis
2018-12-03,0.24993769728536758,0.4242811105145259,0.3257811922001067,Crisis
2018-12-04,0.24729875704817217,0.42691989519428675,0.32578134775754114,Crisis
2018-12-06,0.24729511465688206,0.4269233990173901,0.32578148632572784,Crisis
2018-12-07,0.2472937306238076,0.4269247043615125,0.32578156501467986,Crisis
2018-12-10,0.24720554944563985,0.42701170561167795,0.325782744942682,Crisis
2018-12-11,0.24601490705962004,0.4282010512853002,0.3257840416550796,Crisis
2018-12-12,0.24585716099305807,0.42835605572652524,0.32578678328041666,Crisis
2018-12-13,0.2456953982673029,0.4285148824876909,0.3257897192450064,Crisis
2018-12-14,0.24561486307988084,0.42859305747683085,0.3257920794432881,Crisis
2018-12-17,0.2428552300828348,0.4313524791933546,0.3257922907238102,Crisis
2018-12-18,0.24264694288146277,0.4315570767297227,0.3257959803888144,Crisis
2018-12-19,0.24263948850693806,0.431563850148885,0.3257966613441772,Crisis
2018-12-20,0.24262768397794474,0.43157481235669465,0.3257975036653605,Crisis
2018-12-21,0.24218772472053524,0.4320135182348112,0.3257987570446535,Crisis
2018-12-24,0.23846761203613917,0.43573219907019023,0.3258001888936709,Crisis
2018-12-26,0.23789301036066493,0.4363061072757372,0.3258008823635983,Crisis
2018-12-27,0.23080717150311533,0.44339134062394975,0.32580148787293495,Crisis
2018-12-28,0.2298608472850512,0.4443370566256568,0.32580209608929206,Crisis
2018-12-31,0.22899206218478585,0.44520536821666035,0.32580256959855375,Crisis
2019-01-02,0.22860406194751848,0.4455920493162027,0.3258038887362788,Crisis
2019-01-03,0.2284517410172074,0.4457424730541458,0.32580578592864684,Crisis
2019-01-04,0.2284369495647671,0.4457551025530008,0.3258079478822318,Crisis
2019-01-07,0.22842979418897325,0.4457612251884362,0.3258089806225908,Crisis
2019-01-08,0.22842126866697413,0.44576850960591863,0.3258102217271076,Crisis
2019-01-09,0.22841238837916544,0.4457761009544339,0.32581151066640046,Crisis
2019-01-10,0.22839888674163664,0.44578815179665265,0.3258129614617107,Crisis
2019-01-11,0.2283919896285236,0.44579486899033666,0.3258131413811398,Crisis
2019-01-14,0.22838804530019285,0.44579868748886536,0.32581326721094167,Crisis
2019-01-15,0.22838599591221817,0.4458006520029018,0.32581335208488005,Crisis
2019-01-16,0.22835395801298514,0.44582913911648653,0.32581690287052856,Crisis
2019-01-17,0.22835272259127898,0.4458302693758945,0.3258170080328265,Crisis
2019-01-18,0.22834793587667704,0.44583472226147663,0.32581734186184663,Crisis
2019-01-22,0.2283434491117526,0.4458390187089607,0.32581753217928694,Crisis
2019-01-23,0.2283425164268946,0.4458398905872847,0.3258175929858207,Crisis
2019-01-24,0.22832051036998777,0.44586008622596107,0.3258194034040511,Crisis
2019-01-25,0.22830325437622898,0.4458753767244421,0.32582136889932883,Crisis
2019-01-28,0.22829985035819833,0.44587866507055124,0.32582148457125054,Crisis
2019-01-29,0.2282882770672087,0.44589000982300414,0.3258217131097877,Crisis
2019-01-30,0.22828746163493763,0.4458907932129554,0.32582174515210666,Crisis
2019-01-31,0.22811078229945586,0.44606690444341063,0.3258223132571334,Crisis
2019-02-01,0.2280872592236454,0.44609006929852696,0.3258226714778277,Crisis
2019-02-04,0.2280590992910682,0.4461177499854333,0.3258231507234984,Crisis
2019-02-05,0.22757150303522664,0.4466050550339953,0.3258234419307779,Crisis
2019-02-06,0.22756750821184699,0.4466088621397447,0.32582362964840833,Crisis
2019-02-07,0.22756747487151838,0.4466088948319145,0.32582363029656686,Crisis
2019-02-08,0.22756742306349412,0.44660894389038375,0.32582363304612194,Crisis
2019-02-11,0.2275673515686714,0.4466090146817821,0.32582363374954654,Crisis
2019-02-12,0.2275673519039264,0.44660901628982463,0.3258236318062492,Crisis
2019-02-13,0.22756735184824003,0.4466090184877922,0.32582362966396844,Crisis
2019-02-14,0.22756735292645305,0.44660902021863363,0.32582362685491323,Crisis
2019-02-15,0.22756735435878128,0.4466090218730809,0.3258236237681381,Crisis
2019-02-19,0.22756735553743396,0.44660902246685463,0.3258236219957126,Crisis
2019-02-20,0.549999999955446,0.40000000015862786,0.049999999885926516,Bull
2019-02-21,0.5499999994820062,0.4000000017715168,0.0499999987464777,Bull
2019-02-22,0.5500000000463828,0.4000000016603392,0.04999999829325729,Bull
2019-02-25,0.5499999999696085,0.40000000177551126,0.04999999825488627,Bull
2019-02-26,0.55000000043012,0.40000000214585923,0.04999999742402747,Bull
2019-02-27,0.5499999984694258,0.4000000020139472,0.0499999995166407,Bull
2019-02-28,0.5499999984296374,0.40000000229280597,0.049999999277498625,Bull
2019-03-01,0.5499999996880609,0.400000001601433,0.04999999871050612,Bull
2019-03-04,0.6999999975964636,0.25000000347034074,0.04999999893320554,Bull
2019-03-05,0.7000000014234108,0.25000000103432607,0.04999999754235692,Bull
2019-03-06,0.24999897119003098,0.4589628313203166,0.2910381974896521,Crisis
2019-03-07,0.24999884917447818,0.45896288539990965,0.2910382654256143,Crisis
2019-03-08,0.2499987126129607,0.45896293850098074,0.2910383488860608,Crisis
2019-03-11,0.24999862128844522,0.4589629756099541,0.291038403101606,Crisis
2019-03-12,0.5499999999917397,0.40000000012249326,0.04999999988576759,Bull
2019-03-13,0.5499999990835501,0.4000000025307715,0.049999998385681234,Bull
2019-03-14,0.5499999983827989,0.4000000022735138,0.04999999934365944,Bull
2019-03-15,0.550000000057595,0.4000000018585204,0.04999999808382102,Bull
2019-03-18,0.5500000002665222,0.40000000071003106,0.04999999902345169,Bull
2019-03-19,0.5500000438341375,0.3999999560736151,0.05000000009227505,Bull
2019-03-20,0.5500000706337448,0.3999999312077863,0.04999999815846883,Bull
2019-03-21,0.24999999755048743,0.46237229120194817,0.28762771124756603,Crisis
2019-03-22,0.2499999572777574,0.4623723082582543,0.2876277344639883,Crisis
2019-03-25,0.24999991425869283,0.4623723131732147,0.28762777256809385,Crisis
2019-03-26,0.24999989480781368,0.4623723111084283,0.28762779408376926,Crisis
2019-03-27,0.6999999940241278,0.2500000111244569,0.04999999485141528,Bull
2019-03-28,0.5500000000080457,0.4000000000894909,0.04999999990246356,Bull
2019-03-29,0.7000000003757303,0.2500000020493772,0.049999997574892645,Bull
2019-04-01,0.7000000007182205,0.2500000023037019,0.0499999969780778,Bull
2019-04-02,0.700000001335871,0.2500000015335829,0.04999999713057504,Bull
2019-04-03,0.7000000001379045,0.2500000025226624,0.049999997339446885,Bull
2019-04-04,0.7000000005081951,0.25000000206630946,0.04999999742552358,Bull
2019-04-05,0.7000000013412908,0.2500000016466435,0.049999997012090146,Bull
2019-04-08,0.7000000003515663,0.2500000019570409,0.049999997691413625,Bull
2019-04-09,0.7000000004059738,0.25000000183267074,0.0499999977613746,Bull
2019-04-10,0.7000000002587852,0.2500000022248258,0.049999997516409836,Bull
2019-04-11,0.4999999999093821,0.400000000226062,0.09999999986455596,Bear
2019-04-12,0.7000000002044685,0.25000000004639006,0.049999999749141356,Bull
2019-04-15,0.249999983381797,0.44324149841257954,0.3067585182056391,Crisis
2019-04-16,0.24999998275482657,0.44324149836350424,0.3067585188816815,Crisis
2019-04-17,0.24999998284694958,0.44324149806016716,0.3067585190929119,Crisis
2019-04-18,0.24999998325234712,0.4432414977306096,0.30675851901704454,Crisis
2019-04-22,0.24999998352571776,0.4432414977830303,0.3067585186912882,Crisis
2019-04-23,0.24999998385892686,0.44324149833131804,0.30675851780978874,Crisis
2019-04-24,0.2499999840744755,0.44324149876018226,0.3067585171653742,Crisis
2019-04-25,0.2499999845071892,0.4432414984177436,0.3067585170750689,Crisis
2019-04-26,0.24999998541634302,0.443241498629974,0.3067585159536872,Crisis
2019-04-29,0.24999998589855502,0.4432414993848575,0.3067585147165889,Crisis
2019-04-30,0.2499999868934185,0.44324150102876114,0.30675851207782234,Crisis
2019-05-01,0.24999998764159195,0.44324150292077563,0.3067585094376645,Crisis
2019-05-02,0.24999998833062945,0.4432415045348832,0.3067585071345241,Crisis
2019-05-03,0.24999998879951585,0.44324150568012083,0.30675850552040257,Crisis
2019-05-06,0.24999998911704852,0.44324150735392553,0.30675850352904993,Crisis
2019-05-07,0.24999998924622177,0.4432415089416904,0.3067585018121085,Crisis
2019-05-08,0.2499999897224052,0.44324151036680565,0.3067584999108234,Crisis
2019-05-09,0.24999999018904379,0.44324151157361275,0.30675849823738355,Crisis
2019-05-10,0.24999999067535864,0.4432415127200548,0.3067584966045885,Crisis
2019-05-13,0.24999999096074957,0.4432415140696842,0.3067584949695961,Crisis
2019-05-14,0.24999999125742176,0.44324151549451285,0.306758493248093,Crisis
2019-05-15,0.24999999150822919,0.4432415170172527,0.3067584914745428,Crisis
2019-05-16,0.24999999152403368,0.4432415181479681,0.30675849032802266,Crisis
2019-05-17,0.24999999113141086,0.44324151870114703,0.3067584901674629,Crisis
2019-05-20,0.24999999053849548,0.4432415197888206,0.30675848967269564,Crisis
2019-05-21,0.24999998979081925,0.4432415211085104,0.3067584891006793,Crisis
2019-05-22,0.24999998871362902,0.44324152307292114,0.30675848821345486,Crisis
2019-05-23,0.2499999879942098,0.44324152476184625,0.3067584872439517,Crisis
2019-05-24,0.24999998821096472,0.44324152597303085,0.30675848581603066,Crisis
2019-05-28,0.2499999883152099,0.44324152781233356,0.3067584838724729,Crisis
2019-05-29,0.2499999877878573,0.4432415297799165,0.3067584824322342,Crisis
2019-05-30,0.24999998718727268,0.4432415320758612,0.3067584807368723,Crisis
2019-05-31,0.24999998356073272,0.4432415416040739,0.3067584748352136,Crisis
2019-06-03,0.24999998382146646,0.4432415523237023,0.30675846385483185,Crisis
2019-06-04,0.24999998553896238,0.4432415702658177,0.3067584441952201,Crisis
2019-06-05,0.24999998631262196,0.4432415865050748,0.3067584271823033,Crisis
2019-06-06,0.249999986366941,0.4432416042892754,0.30675840934378384,Crisis
2019-06-07,0.24999998611073201,0.44324162140195195,0.3067583924873165,Crisis
2019-06-10,0.24999998515971225,0.44324163746673273,0.306758377373555,Crisis
2019-06-11,0.24999998549212843,0.4432416613195319,0.3067583531883395,Crisis
2019-06-12,0.24999998568731993,0.4432416853701169,0.3067583289425631,Crisis
2019-06-13,0.24999998587036631,0.4432417106501506,0.3067583034794828,Crisis
2019-06-14,0.2499999858815256,0.44324173778589804,0.3067582763325766,Crisis
2019-06-17,0.2499999859364641,0.44324176509819413,0.3067582489653417,Crisis
2019-06-18,0.24999998526125777,0.44324179938434527,0.306758215354397,Crisis
2019-06-19,0.24999998450921626,0.44324181540445545,0.3067582000863282,Crisis
2019-06-20,0.24999998385619243,0.4432418336163897,0.3067581825274179,Crisis
2019-06-21,0.24999996953938658,0.44324206691572915,0.3067579635448842,Crisis
2019-06-24,0.24999996321814896,0.44324223598745416,0.30675780079439663,Crisis
2019-06-25,0.24999995647557893,0.4432425988384368,0.3067574446859842,Crisis
2019-06-26,0.24999995126809227,0.4432429823063609,0.30675706642554684,Crisis
2019-06-27,0.2499999560941446,0.44324338388826057,0.3067566600175944,Crisis
2019-06-28,0.24999996258371582,0.44324364781518727,0.30675638960109664,Crisis
2019-07-01,0.249999966219562,0.44324389544007103,0.30675613834036664,Crisis
2019-07-02,0.2499999581226462,0.44324472228287704,0.30675531959447694,Crisis
2019-07-03,0.2499999759383775,0.44324714638383034,0.3067528776777923,Crisis
2019-07-05,0.24999986541006858,0.44325410775802776,0.3067460268319038,Crisis
2019-07-08,0.24999991355924522,0.4432568688401379,0.30674321760061707,Crisis
2019-07-09,0.2499999183568981,0.44326042543635397,0.306739656206748,Crisis
2019-07-10,0.24999988638694437,0.443266783126626,0.3067333304864299,Crisis
2019-07-11,0.24999994960290475,0.4432724688183187,0.3067275815787766,Crisis
2019-07-12,0.35000000127463243,0.39999999864484576,0.2500000000805207,Bull
2019-07-15,0.3681982287186492,0.3318017714355514,0.2999999998457935,Bear
2019-07-16,0.2745294260426411,0.4254705743600771,0.2999999995972818,Bear
2019-07-17,0.2745299781979975,0.4254700249087767,0.2999999968932258,Bear
2019-07-18,0.20000002425634245,0.4999999784113005,0.29999999733235716,Bear
2019-07-19,0.2000000222422101,0.4999999787661707,0.2999999989916193,Bear
2019-07-22,0.20000000019664158,0.4999999997275549,0.30000000007580346,Bear
2019-07-23,0.20000001848056725,0.499999982575293,0.29999999894413987,Bear
2019-07-24,0.20000002565985736,0.4999999754038913,0.2999999989362515,Bear
2019-07-25,0.20000000018277542,0.4999999998751673,0.2999999999420573,Bear
2019-07-26,0.20000000003463492,0.49999999996904354,0.2999999999963292,Bear
2019-07-29,0.1999999999708697,0.5000000000298607,0.2999999999992709,Bear
2019-07-30,0.199999999948821,0.500000000007618,0.3000000000435596,Bear
2019-07-31,0.20000000000202323,0.49999999996781086,0.3000000000301639,Bear
2019-08-01,0.1999999999188726,0.5000000000370074,0.3000000000441199,Bear
2019-08-02,0.19999999808976276,0.4999999994875543,0.3000000024226512,Bear
2019-08-05,0.19999999984359812,0.5000000000782178,0.300000000078184,Bear
2019-08-06,0.19999999958035158,0.5000000002124453,0.3000000002072001,Bear
2019-08-07,0.19999999963425463,0.5000000001841125,0.30000000018162537,Bear
2019-08-08,0.19999999972988108,0.5000000001316008,0.30000000013851136,Bear
2019-08-09,0.19999999979120267,0.500000000101657,0.30000000010713423,Bear
2019-08-12,0.19999999973929455,0.5000000001280146,0.3000000001326865,Bear
2019-08-13,0.19999999964364096,0.5000000001769792,0.3000000001793758,Bear
2019-08-14,0.19999999984080677,0.5000000000769135,0.30000000008226985,Bear
2019-08-15,0.19999999961669931,0.5000000001905317,0.30000000019276674,Bear
2019-08-16,0.1999999995428306,0.5000000002315899,0.30000000022557527,Bear
2019-08-19,0.199999999801243,0.5000000000954377,0.3000000001033115,Bear
2019-08-20,0.19999999976092464,0.5000000001121524,0.3000000001269196,Bear
2019-08-21,0.19999999974551297,0.5000000001234549,0.3000000001310284,Bear
2019-08-22,0.19999999981203567,0.500000000089788,0.300000000098171,Bear
2019-08-23,0.19999999983115727,0.5000000000809693,0.3000000000878689,Bear
2019-08-26,0.19999999966604895,0.5000000001620476,0.30000000017190104,Bear
2019-08-27,0.19999999973067797,0.5000000001256596,0.300000000143658,Bear
2019-08-28,0.19999999964312135,0.5000000001745724,0.30000000018230294,Bear
2019-08-29,0.1999999995674311,0.500000000216661,0.30000000021590373,Bear
2019-08-30,0.19999999962151396,0.5000000001887851,0.30000000018969575,Bear
2019-09-03,0.19999999956697656,0.5000000002188129,0.30000000021420614,Bear
2019-09-04,0.1999999996431142,0.5000000001749643,0.3000000001819165,Bear
2019-09-05,0.1999999997124919,0.5000000001394432,0.30000000014806033,Bear
2019-09-06,0.1999999998068686,0.5000000000933825,0.30000000009974326,Bear
2019-09-09,0.19999999969420074,0.5000000001536475,0.3000000001521487,Bear
2019-09-10,0.1999999998380873,0.5000000000780264,0.30000000008387867,Bear
2019-09-11,0.19999999982259928,0.5000000000844983,0.3000000000928983,Bear
2019-09-12,0.19999999084424333,0.500000004488535,0.30000000466722176,Bear
2019-09-13,0.19999999030768123,0.5000000047488302,0.3000000049434886,Bear
2019-09-16,0.19999999985819758,0.5000000000552018,0.30000000008660027,Bear
2019-09-17,0.19999999671385046,0.5000000012648459,0.30000000202130356,Bear
2019-09-18,0.19999999985077513,0.5000000000720938,0.3000000000770186,Bear
2019-09-19,0.1999999998363022,0.5000000000779052,0.30000000008578837,Bear
2019-09-20,0.1999999998400078,0.5000000000771995,0.3000000000827885,Bear
2019-09-23,0.19999999971554042,0.5000000001417431,0.3000000001427138,Bear
2019-09-24,0.19999999971300225,0.5000000001416995,0.3000000001452939,Bear
2019-09-25,0.1999999996504501,0.5000000001740855,0.3000000001754606,Bear
2019-09-26,0.19999999969837956,0.5000000001504263,0.30000000015118866,Bear
2019-09-27,0.1999999996437578,0.500000000181287,0.3000000001749509,Bear
2019-09-30,0.1999999996484982,0.500000000177428,0.30000000017406864,Bear
2019-10-01,0.24999999974766943,0.4659342951996083,0.28406570505273127,Crisis
2019-10-02,0.25000000001312933,0.46593429505991385,0.2840657049278241,Crisis
2019-10-03,0.2500000000080973,0.4659342950974762,0.28406570489438854,Crisis
2019-10-04,0.25000000001135003,0.4659342949394083,0.28406570504923084,Crisis
2019-10-07,0.25000000001273986,0.4659342950855435,0.2840657049017143,Crisis
2019-10-08,0.2500000000126695,0.465934295429112,0.2840657045582117,Crisis
2019-10-09,0.25000000000878286,0.4659342961824192,0.284065703808796,Crisis
2019-10-10,0.34999999827239375,0.4000000008838385,0.2500000008437618,Bull
2019-10-11,0.24999999997095787,0.47059447568743323,0.27940552434160615,Crisis
2019-10-14,0.19999999967169807,0.5000000001774804,0.3000000001508219,Bear
2019-10-15,0.1999999998253144,0.5000000001154473,0.300000000059233,Bear
2019-10-16,0.1999999998207285,0.500000000105014,0.30000000007425404,Bear
2019-10-17,0.1999999998383586,0.5000000001045604,0.3000000000570779,Bear
2019-10-18,0.1999999941191253,0.5000000032684098,0.30000000261246496,Bear
2019-10-21,0.19999999415894465,0.5000000032993566,0.30000000254169873,Bear
2019-10-22,0.19999999981490876,0.5000000001169973,0.30000000006800764,Bear
2019-10-23,0.1999999998226514,0.5000000001159401,0.30000000006140504,Bear
2019-10-24,0.19999999984738448,0.5000000001031011,0.3000000000495113,Bear
2019-10-25,0.19999999988712955,0.5000000000677234,0.3000000000451445,Bear
2019-10-28,0.2000000001904974,0.4999999999382636,0.2999999998712354,Bear
2019-10-29,0.20000000015574135,0.4999999999192193,0.2999999999250426,Bear
2019-10-30,0.2000000208229067,0.4999999957399133,0.2999999834371799,Bear
2019-10-31,0.2000000003403195,0.499999999941154,0.2999999997185264,Bear
2019-11-01,0.20000000023903572,0.4999999998918543,0.2999999998691129,Bear
2019-11-04,0.20000000015585795,0.49999999989485144,0.2999999999492923,Bear
2019-11-05,0.20000000018910033,0.4999999999029148,0.29999999990798637,Bear
2019-11-06,0.20000004459507867,0.49999999607464035,0.2999999593302809,Bear
2019-11-07,0.20000000049499228,0.4999999999431893,0.29999999956181833,Bear
2019-11-08,0.20000003128735427,0.49999999508923243,0.2999999736234131,Bear
2019-11-11,0.2000000002881836,0.4999999999809551,0.2999999997308612,Bear
2019-11-12,0.20000000018344105,0.4999999999931782,0.29999999982338477,Bear
2019-11-13,0.20000000014682587,0.499999999919648,0.29999999993352916,Bear
2019-11-14,0.2000000208794529,0.4999999947300284,0.2999999843905186,Bear
2019-11-15,0.20000000038713506,0.4999999998959948,0.29999999971687014,Bear
2019-11-18,0.20000001936317863,0.4999999993587575,0.29999998127807215,Bear
2019-11-19,0.20000000119757225,0.49999999995870936,0.2999999988437184,Bear
2019-11-20,0.20000000010235264,0.4999999999461223,0.2999999999515456,Bear
2019-11-21,0.21329232603064174,0.4999999997823947,0.2867076741869684,Bear
2019-11-22,0.3848557825219594,0.49999999957157104,0.11514421790646975,Bear
2019-11-25,0.3999942499128058,0.49999999722681615,0.100005752860378,Bear
2019-11-26,0.3999999954433124,0.49999999995370215,0.10000000460298486,Bear
2019-11-27,0.3999991133021483,0.4999999971489809,0.1000008895488708,Bear
2019-11-29,0.39999897188577876,0.4999999973424412,0.1000010307717801,Bear
2019-12-02,0.20340869083072582,0.49999999703821785,0.29659131213105633,Bear
2019-12-03,0.2000002875371592,0.4999999892767308,0.29999972318611007,Bear
2019-12-04,0.2000000018333742,0.49999999983238513,0.29999999833424074,Bear
2019-12-05,0.20000000024809478,0.4999999999569697,0.29999999979497904,Bear
2019-12-06,0.30118998470809194,0.49999999972682485,0.19881001556508332,Bear
2019-12-09,0.39999999977014444,0.49999999927935,0.10000000095050532,Bear
2019-12-10,0.49368298477241934,0.4063170147887302,0.10000000043890739,Bear
2019-12-11,0.4999969207312093,0.4000030772232844,0.10000000204550648,Bear
2019-12-12,0.4846982023704456,0.4153017968637722,0.10000000076578595,Bear
2019-12-13,0.49999999681794927,0.3999999988900747,0.1000000042919792,Bear
2019-12-16,0.4999981314467849,0.4000018591673184,0.10000000938589679,Bear
2019-12-17,0.4999999931634651,0.39999887247141436,0.10000113436512038,Bear
2019-12-18,0.499999998148885,0.39999876166235987,0.10000124018875499,Bear
2019-12-19,0.49999999392806643,0.2000023615209031,0.2999976445510304,Bear
2019-12-20,0.5000000000408216,0.20000000034961157,0.2999999996094586,Bear
2019-12-23,0.5000000000240475,0.20000000271955956,0.29999999725639154,Bear
2019-12-24,0.5000000002078704,0.20000000193600284,0.2999999978561188,Bear
2019-12-26,0.5000000002414446,0.2000000026532138,0.299999997105337,Bear
2019-12-27,0.5000000001268825,0.2000000022573914,0.2999999976157164,Bear
2019-12-30,0.49999999991297966,0.20000001339589685,0.299999986691118,Bear
2019-12-31,0.5000000001863605,0.20000000217303196,0.29999999764056273,Bear
2020-01-02,0.5000000000884995,0.20000000005808827,0.29999999985339204,Bear
2020-01-03,0.5000000000976017,0.20000000010561939,0.29999999979677755,Bear
2020-01-06,0.5000000000896042,0.20000000009717347,0.29999999981322073,Bear
2020-01-07,0.5000000000523727,0.20000000005183513,0.29999999989578974,Bear
2020-01-08,0.500000002818943,0.20000000816266394,0.29999998901839303,Bear
2020-01-09,0.5000000020141949,0.2000000104236639,0.2999999875621414,Bear
2020-01-10,0.700000000132857,0.0999999998659009,0.20000000000124218,Bull
2020-01-13,0.24999999987378893,0.4026967946911352,0.3473032054350796,Crisis
2020-01-14,0.5000000000133845,0.20000000018483913,0.29999999980177683,Bear
2020-01-15,0.4999999999583568,0.20000000133885767,0.2999999987027843,Bear
2020-01-16,0.49999999991411637,0.20000000171981203,0.29999999836606855,Bear
2020-01-17,0.4999999999179529,0.20000000311040814,0.2999999969716354,Bear
2020-01-21,0.4999999999637158,0.20000000321191222,0.2999999968243639,Bear
2020-01-22,0.49999999974716147,0.20000000267938509,0.2999999975734467,Bear
2020-01-23,0.4999999998056083,0.2000000033670845,0.29999999682730194,Bear
2020-01-24,0.4999999998587145,0.20000000117152159,0.29999999896975676,Bear
2020-01-27,0.24999999999178923,0.3988243202531762,0.35117567975503605,Crisis
2020-01-28,0.24999999994427988,0.39882430880025915,0.3511756912554631,Crisis
2020-01-29,0.24999999995251598,0.398824298250693,0.3511757017967912,Crisis
2020-01-30,0.2499999999364024,0.3988242852419366,0.35117571482166926,Crisis
2020-01-31,0.2499999999052889,0.39882426720635794,0.3511757328883608,Crisis
2020-02-03,0.2499999999418173,0.39882425466536847,0.3511757453928143,Crisis
2020-02-04,0.24999999995782973,0.3988242447307737,0.3511757553113968,Crisis
2020-02-05,0.24999999995479774,0.39882423402064743,0.3511757660245634,Crisis
2020-02-06,0.4999999981686726,0.3999999920041892,0.1000000098271382,Bear
2020-02-07,0.5000000000392909,0.3999999997895602,0.10000000017114888,Bear
2020-02-10,0.5000000000364554,0.39999999995900565,0.10000000000453389,Bear
2020-02-11,0.5000000000614685,0.3999999998897719,0.10000000004875866,Bear
2020-02-12,0.5000000000673844,0.3999999998151016,0.10000000011751188,Bear
2020-02-13,0.5000000000653417,0.3999999998478816,0.10000000008677311,Bear
2020-02-14,0.4999999999962357,0.3999999999546008,0.10000000004916008,Bear
2020-02-18,0.5000000000264916,0.39999999986646884,0.10000000010703872,Bear
2020-02-19,0.49999997927070106,0.40000001241086086,0.10000000831843794,Bear
2020-02-20,0.49999999887918684,0.3999999753938281,0.10000002572698517,Bear
2020-02-21,0.24999999965790926,0.400000011800633,0.34999998854146125,Crisis
2020-02-24,0.2499999997045573,0.39999996286036305,0.3500000374350794,Crisis
2020-02-25,0.24999999974979525,0.3999999226579582,0.35000007759224655,Crisis
2020-02-26,0.2499999999817125,0.39999992072794527,0.35000007929034693,Crisis
2020-02-27,0.2499999999849291,0.39999991860584555,0.3500000814092421,Crisis
2020-02-28,0.24999999997539066,0.3999999185588667,0.35000008146574385,Crisis
2020-03-02,0.2499999990375483,0.40000007150332306,0.3499999294591282,Crisis
2020-03-03,0.24999999875753548,0.40000030265247316,0.3499996985899912,Crisis
2020-03-04,0.2499999853280844,0.40000755878257827,0.3499924558893373,Crisis
2020-03-05,0.24999999895964667,0.40000854560055393,0.3499914554397995,Crisis
2020-03-06,0.24999997154231873,0.40002871300252163,0.34997131545515947,Crisis
2020-03-09,0.24999999976903495,0.4000286704141872,0.3499713298167783,Crisis
2020-03-10,0.24999999934082082,0.4000286718649414,0.34997132879423765,Crisis
2020-03-11,0.24999999952374072,0.40002857924419605,0.34997142123206343,Crisis
2020-03-12,0.24999999996008251,0.37823750851812726,0.3717624915217902,Crisis
2020-03-13,0.24999999878658904,0.3818387354660285,0.3681612657473826,Crisis
2020-03-16,0.24999998944223067,0.38187700162731586,0.3681230089304537,Crisis
2020-03-17,0.24999999839713977,0.4001680363428703,0.3498319652599898,Crisis
2020-03-18,0.2499999999235727,0.40016803328838624,0.3498319667880448,Crisis
2020-03-19,0.24999999976584544,0.38117314302512245,0.36882685720903197,Crisis
2020-03-20,0.24999999861041672,0.3783998273417401,0.3716001740478433,Crisis
2020-03-23,0.24999999570843087,0.3552548872951785,0.3947451169963906,Crisis
2020-03-24,0.24999999955049543,0.3552546370276771,0.3947453634218277,Crisis
2020-03-25,0.2499999947853856,0.3664161522858657,0.3835838529287491,Crisis
2020-03-26,0.24999996937338223,0.36699983142714615,0.3830001991994716,Crisis
2020-03-27,0.24999999559588137,0.3696428185758609,0.3803571858282574,Crisis
2020-03-30,0.2499999571021866,0.36968919066045136,0.38031085223736183,Crisis
2020-03-31,0.2499999495927789,0.3703566242414668,0.37964342616575425,Crisis
2020-04-01,0.24999999036218132,0.37898029408671396,0.3710197155511051,Crisis
2020-04-02,0.24999993478592228,0.37929097829896846,0.37070908691510945,Crisis
2020-04-03,0.24999999180644075,0.3819776442001199,0.36802236399343896,Crisis
2020-04-06,0.2499999296446748,0.382154802682871,0.36784526767245423,Crisis
2020-04-07,0.24999998304573903,0.3939530851044038,0.3560469318498571,Crisis
2020-04-08,0.24999992514279074,0.3940004488560349,0.3559996260011742,Crisis
2020-04-09,0.24999993587463834,0.39403038677847024,0.3559696773468915,Crisis
2020-04-13,0.34999999981896274,0.40000000009461006,0.2500000000864266,Bull
2020-04-14,0.24999999805953538,0.41029178859368665,0.3397082133467782,Crisis
2020-04-15,0.24999998172032967,0.410291860227633,0.3397081580520375,Crisis
2020-04-16,0.24999998676877985,0.41029182732305397,0.3397081859081665,Crisis
2020-04-17,0.24999999762562022,0.4102918091061325,0.3397081932682475,Crisis
2020-04-20,0.24999998785521746,0.4102917347776829,0.33970827736709963,Crisis
2020-04-21,0.24999998732776105,0.41029165996934486,0.3397083527028944,Crisis
2020-04-22,0.2499999818136698,0.4102917289579252,0.33970828922840474,Crisis
2020-04-23,0.24999999529252487,0.410291778657497,0.3397082260499782,Crisis
2020-04-24,0.24999999720721464,0.41029182016515486,0.3397081826276307,Crisis
2020-04-27,0.24999999763347153,0.4102918538099422,0.33970814855658615,Crisis
2020-04-28,0.24999999899727987,0.4102918632773221,0.3397081377254001,Crisis
2020-04-29,0.24999999923902555,0.41029187058515093,0.33970813017582474,Crisis
2020-04-30,0.24999999869697984,0.4102918861299336,0.33970811517308663,Crisis
2020-05-01,0.24999999811824686,0.41029191734386106,0.3397080845378926,Crisis
2020-05-04,0.2499999977350079,0.4102919534383902,0.339708048826602,Crisis
2020-05-05,0.24999999807581563,0.41029198131757016,0.3397080206066143,Crisis
2020-05-06,0.24999999811048243,0.41029200911584357,0.3397079927736744,Crisis
2020-05-07,0.2499999988226961,0.4102920240075951,0.33970797716970935,Crisis
2020-05-08,0.2499999990439523,0.4102920360169088,0.33970796493913913,Crisis
2020-05-11,0.24999999932716913,0.4102920439061164,0.3397079567667155,Crisis
2020-05-12,0.2499999994514357,0.4102920503185763,0.33970795022998895,Crisis
2020-05-13,0.2499999994543424,0.4102920569808546,0.3397079435648038,Crisis
2020-05-14,0.24999999945286985,0.4102920637983365,0.339707936748794,Crisis
2020-05-15,0.24999999939068704,0.41029207171064336,0.33970792889866996,Crisis
2020-05-18,0.24999999935767267,0.4102920797570313,0.33970792088529683,Crisis
2020-05-19,0.24999998749582575,0.41029218052464506,0.33970783197952903,Crisis
2020-05-20,0.24999999846176665,0.4102921866163612,0.33970781492187246,Crisis
2020-05-21,0.24999998507411908,0.41029231139836364,0.3397077035275171,Crisis
2020-05-22,0.24999999771595452,0.4102923365882779,0.3397076656957674,Crisis
2020-05-26,0.24999999911091958,0.4102923491847671,0.3397076517043144,Crisis
2020-05-27,0.24999999938303621,0.4102923604655333,0.33970764015143123,Crisis
2020-05-28,0.24999999944147905,0.4102923702363491,0.33970763032217227,Crisis
2020-05-29,0.24999999951750645,0.4102923781322873,0.3397076223502064,Crisis
2020-06-01,0.24999999947346832,0.4102923872222584,0.3397076133042735,Crisis
2020-06-02,0.2499999994755438,0.4102923948409197,0.33970760568353714,Crisis
2020-06-03,0.2499999996010312,0.4102923993928929,0.33970760100607716,Crisis
2020-06-04,0.24999999953789134,0.41029240792691557,0.33970759253519284,Crisis
2020-06-05,0.24999999979817536,0.41029240998982486,0.33970759021199975,Crisis
2020-06-08,0.2499999997379335,0.41029241460377425,0.3397075856582926,Crisis
2020-06-09,0.24999999947157955,0.41029242748710476,0.3397075730413159,Crisis
2020-06-10,0.2499999995080901,0.41029243846361474,0.3397075620282954,Crisis
2020-06-11,0.24999999960399252,0.4102924480024706,0.33970755239353745,Crisis
2020-06-12,0.24999999197891967,0.4102928428380344,0.3397071651830456,Crisis
2020-06-15,0.24999999385749264,0.41029310503957006,0.3397069011029374,Crisis
2020-06-16,0.24999999403854262,0.4102933548323875,0.33970665112907006,Crisis
2020-06-17,0.24999999584147753,0.410293503645525,0.33970650051299767,Crisis
2020-06-18,0.24999999617679858,0.41029364497051435,0.3397063588526869,Crisis
2020-06-19,0.2499999973842199,0.41029372172025086,0.33970628089552946,Crisis
2020-06-22,0.24999999939828801,0.41029372639366435,0.33970627420804783,Crisis
2020-06-23,0.2499999993433045,0.41029373630942584,0.33970626434727,Crisis
2020-06-24,0.24999999949747273,0.41029374190535894,0.33970625859716935,Crisis
2020-06-25,0.24999999917959098,0.4102937532996581,0.33970624752075074,Crisis
2020-06-26,0.2499999992498665,0.4102937616076737,0.33970623914246023,Crisis
2020-06-29,0.24999999907934664,0.41029377306923837,0.3397062278514153,Crisis
2020-06-30,0.24999999901441958,0.41029378513205117,0.33970621585352967,Crisis
2020-07-01,0.24999999936867418,0.4102937891165476,0.3397062115147829,Crisis
2020-07-02,0.2499999871634941,0.4102937969600641,0.3397062158764418,Crisis
2020-07-06,0.24999998161818604,0.4102938307447002,0.3397061876371138,Crisis
2020-07-07,0.24999995958253374,0.4102939891872964,0.3397060512301697,Crisis
2020-07-08,0.24999997294919393,0.41029401153639444,0.3397060155144124,Crisis
2020-07-09,0.249999974318917,0.410294055537286,0.3397059701437972,Crisis
2020-07-10,0.24999999537447007,0.41029402380497143,0.33970598082055864,Crisis
2020-07-13,0.3499999999091805,0.4000000000472865,0.2500000000435326,Bull
2020-07-14,0.24999999741412574,0.4096082398163569,0.3403917627695173,Crisis
2020-07-15,0.2499999805128009,0.4096082498298954,0.34039176965730383,Crisis
2020-07-16,0.24999997543133254,0.4096082209771751,0.340391803591493,Crisis
2020-07-17,0.24999996802035274,0.40960819347608635,0.3403918385035613,Crisis
2020-07-20,0.24999995985737958,0.4096080843657171,0.3403919557769034,Crisis
2020-07-21,0.24999999020105426,0.40960801674584824,0.340391993053098,Crisis
2020-07-22,0.2499999537465595,0.409607818939537,0.34039222731390373,Crisis
2020-07-23,0.24999995616240006,0.4096077632697755,0.3403922805678252,Crisis
2020-07-24,0.2499999603711541,0.40960768292398436,0.3403923567048619,Crisis
2020-07-27,0.2499999597725845,0.40960758499766703,0.34039245522974887,Crisis
2020-07-28,0.24999994499469963,0.4096077198920535,0.3403923351132469,Crisis
2020-07-29,0.24999994344651125,0.4096078503911396,0.3403922061623491,Crisis
2020-07-30,0.2499999851809206,0.40960786844683883,0.34039214637224063,Crisis
2020-07-31,0.2499999688494313,0.4096079028787046,0.3403921282718645,Crisis
2020-08-03,0.24999993407766458,0.4096079427301444,0.3403921231921914,Crisis
2020-08-04,0.24999992112172095,0.4096079594127486,0.3403921194655308,Crisis
2020-08-05,0.24999997115754477,0.40960799985837165,0.34039202898408455,Crisis
2020-08-06,0.24999998817616795,0.40960802250458306,0.3403919893192493,Crisis
2020-08-07,0.2499999941803365,0.4096080340124602,0.3403919718072033,Crisis
2020-08-10,0.24999999667999306,0.4096080504073314,0.3403919529126779,Crisis
2020-08-11,0.2499999976335784,0.4096080626282122,0.34039193973821114,Crisis
2020-08-12,0.24999999802038925,0.41832398285451966,0.33167601912509104,Crisis
2020-08-13,0.2499999327575987,0.41843560245850103,0.3315644647839001,Crisis
2020-08-14,0.24999998989192157,0.41987467719074545,0.33012533291733265,Crisis
2020-08-17,0.24999995306764797,0.42041580583922544,0.3295842410931265,Crisis
2020-08-18,0.24999990097655084,0.42250946393197936,0.32749063509146986,Crisis
2020-08-19,0.2499999369496046,0.4229027777159183,0.3270972853344771,Crisis
2020-08-20,0.24999999131711406,0.42830578296222305,0.3216942257206631,Crisis
2020-08-21,0.24999994379789292,0.42844479453129275,0.32155526167081433,Crisis
2020-08-24,0.24999994172372597,0.42861347031525526,0.32138658796101843,Crisis
2020-08-25,0.24999994322271485,0.42868361131907906,0.3213164454582067,Crisis
2020-08-26,0.24999997262167617,0.4287001686755585,0.3212998587027653,Crisis
2020-08-27,0.24999996806259817,0.42944414318051927,0.3205558887568826,Crisis
2020-08-28,0.24999997664906803,0.4294582330979762,0.32054179025295587,Crisis
2020-08-31,0.24999996403298821,0.43007062574683547,0.3199294102201761,Crisis
2020-09-01,0.24999994352391214,0.43016440064475725,0.3198356558313308,Crisis
2020-09-02,0.24999999396260125,0.43016557879333306,0.31983442724406586,Crisis
2020-09-03,0.24999996485424159,0.4301694673678199,0.31983056777793833,Crisis
2020-09-04,0.24999988103365844,0.43017907867473754,0.31982104029160396,Crisis
2020-09-08,0.24999997237189991,0.4301795726567311,0.31982045497136896,Crisis
2020-09-09,0.24999992659231182,0.4301829861089483,0.31981708729874,Crisis
2020-09-10,0.24999993423334785,0.4301983186881607,0.3198017470784916,Crisis
2020-09-11,0.2499998964894361,0.43023168614870166,0.31976841736186234,Crisis
2020-09-14,0.24999985983674744,0.43029622981801985,0.319703910345233,Crisis
2020-09-15,0.24999972445057936,0.43266933036051397,0.31733094518890675,Crisis
2020-09-16,0.24999983896095812,0.43312737829815245,0.31687278274088965,Crisis
2020-09-17,0.2499997982661136,0.43327845081632815,0.3167217509175583,Crisis
2020-09-18,0.24999979229581998,0.4334963605654893,0.3165038471386912,Crisis
2020-09-21,0.24999984385574814,0.43354433385134233,0.3164558222929094,Crisis
2020-09-22,0.24999966623818956,0.4358564413242054,0.31414389243760493,Crisis
2020-09-23,0.249999773371771,0.43600120876161835,0.3139990178666107,Crisis
2020-09-24,0.24999987709973337,0.44002896580292067,0.30997115709734596,Crisis
2020-09-25,0.24999984897985367,0.44005543323608715,0.3099447177840594,Crisis
2020-09-28,0.24999983984291485,0.44008199907086726,0.3099181610862179,Crisis
2020-09-29,0.24999969839762717,0.4402553618614987,0.3097449397408741,Crisis
2020-09-30,0.2499998625741261,0.44026647822968323,0.30973365919619067,Crisis
2020-10-01,0.2499999345457312,0.4402712359973895,0.309728829456879,Crisis
2020-10-02,0.249999856781009,0.4402950930256547,0.309705050193336,Crisis
2020-10-05,0.24999977453032324,0.4403531912949132,0.30964703417476336,Crisis
2020-10-06,0.24999991091878104,0.4403617388850658,0.3096383501961529,Crisis
2020-10-07,0.24999975515911,0.4406897462327159,0.3093104986081742,Crisis
2020-10-08,0.2499997223464696,0.4408655267392344,0.3091347509142958,Crisis
2020-10-09,0.3562838965069277,0.343716103447119,0.3000000000459534,Bear
2020-10-12,0.2499999988578782,0.4499999668228706,0.3000000343192512,Crisis
2020-10-13,0.24999999200917006,0.45000000656825134,0.3000000014225784,Crisis
2020-10-14,0.24999998074453744,0.4500001480523746,0.299999871203088,Crisis
2020-10-15,0.24999996864430876,0.4500003732195854,0.29999965813610596,Crisis
2020-10-16,0.24999996410732658,0.45000060750201415,0.2999994283906594,Crisis
2020-10-19,0.2499999616234078,0.45000086447074733,0.2999991739058452,Crisis
2020-10-20,0.24999996079673031,0.45000106718227073,0.2999989720209994,Crisis
2020-10-21,0.24999996185945952,0.45000122860357955,0.29999880953696134,Crisis
2020-10-22,0.2499999615508005,0.45000138980275106,0.2999986486464487,Crisis
2020-10-23,0.24999996650429265,0.4500015455059285,0.29999848798977896,Crisis
2020-10-26,0.24999997096997828,0.4500016612794189,0.29999836775060296,Crisis
2020-10-27,0.24999997018226675,0.4500017918397577,0.2999982379779757,Crisis
2020-10-28,0.24999996777310668,0.45000191605453277,0.2999981161723601,Crisis
2020-10-29,0.2499997721039324,0.4500041803387134,0.29999604755735404,Crisis
2020-10-30,0.24999953709001171,0.45001085250082146,0.2999896104091669,Crisis
2020-11-02,0.2499995668324893,0.4500135847815507,0.29998684838596,Crisis
2020-11-03,0.24999957364259454,0.4500165041170667,0.2999839222403389,Crisis
2020-11-04,0.24999970516717385,0.45001951911163807,0.299980775721188,Crisis
2020-11-05,0.24999959451500756,0.4500197882005051,0.2999806172844878,Crisis
2020-11-06,0.24999902699047663,0.45002201492960225,0.299978958079921,Crisis
2020-11-09,0.24999776238902124,0.45002452719988445,0.29997771041109406,Crisis
2020-11-10,0.24999910795391314,0.4518266963405677,0.2981741957055194,Crisis
2020-11-11,0.24999954820434966,0.4518793189962723,0.29812113279937796,Crisis
2020-11-12,0.24999972907624676,0.45190779343013165,0.2980924774936218,Crisis
2020-11-13,0.24999985898361884,0.451912863202753,0.2980872778136285,Crisis
2020-11-16,0.24999977016048022,0.45194461331024605,0.2980556165292737,Crisis
2020-11-17,0.2499997598064059,0.4519750070831226,0.2980252331104713,Crisis
2020-11-18,0.24999976490869227,0.45200344099538714,0.2979967940959208,Crisis
2020-11-19,0.24999964136996058,0.45230866248577684,0.2976916961442623,Crisis
2020-11-20,0.24999959213653083,0.4525504488211621,0.29744995904230664,Crisis
2020-11-23,0.24999963145194298,0.4526196237207028,0.29738074482735416,Crisis
2020-11-24,0.24999981039268415,0.4536368840577453,0.29636330554957063,Crisis
2020-11-25,0.24999982462624426,0.45414401914948843,0.29585615622426736,Crisis
2020-11-27,0.24999972818425187,0.45429211427758415,0.2957081575381638,Crisis
2020-11-30,0.24999985856635182,0.45430902363641196,0.29569111779723634,Crisis
2020-12-01,0.2499997688393886,0.45437529322942294,0.29562493793118877,Crisis
2020-12-02,0.2499999010237373,0.45603136285822693,0.29396873611803576,Crisis
2020-12-03,0.2499999419609752,0.45715813310766573,0.2928419249313593,Crisis
2020-12-04,0.24999980378107797,0.4575801264519857,0.2924200697669363,Crisis
2020-12-07,0.24999990644048017,0.4575887444225781,0.29241134913694194,Crisis
2020-12-08,0.24999986970099078,0.4576107054298285,0.2923894248691809,Crisis
2020-12-09,0.24999989399782985,0.4576248536512083,0.29237525235096157,Crisis
2020-12-10,0.24999994755178903,0.45858376714606325,0.2914162853021478,Crisis
2020-12-11,0.24999980936522057,0.45864562589698954,0.2913545647377899,Crisis
2020-12-14,0.24999990676650094,0.4594217460646125,0.2905783471688869,Crisis
2020-12-15,0.24999990032240196,0.4601302444807759,0.289869855196822,Crisis
2020-12-16,0.24999994798478375,0.4614883228200916,0.2885117291951244,Crisis
2020-12-17,0.24999974957185905,0.4616587791117562,0.2883414713163847,Crisis
2020-12-18,0.24999987642859262,0.46232495646230437,0.2876751671091026,Crisis
2020-12-21,0.24999975054870138,0.4624548525754645,0.2875453968758337,Crisis
2020-12-22,0.249999748687568,0.4625606253683361,0.287439625944096,Crisis
2020-12-23,0.24999974309323222,0.46268833302928014,0.28731192387748744,Crisis
2020-12-24,0.24999988463914638,0.462699506284698,0.28730060907615534,Crisis
2020-12-28,0.24999994227997374,0.4627035138668731,0.28729654385315284,Crisis
2020-12-29,0.24999996075509506,0.4627062531656008,0.287293786079304,Crisis
2020-12-30,0.24999994313176774,0.46271165780761603,0.2872883990606163,Crisis
2020-12-31,0.24999976311905353,0.4628151903352334,0.2871850465457126,Crisis
2021-01-04,0.24999977624900557,0.46315107873850675,0.2868491450124878,Crisis
2021-01-05,0.24999985661029098,0.4637741489563911,0.2862259944333176,Crisis
2021-01-06,0.2499997848119942,0.4638267718378808,0.2861734433501249,Crisis
2021-01-07,0.24999992136319335,0.4638352745178163,0.2861648041189903,Crisis
2021-01-08,0.24999996520540144,0.46383826350668006,0.28616177128791875,Crisis
2021-01-11,0.24999993015783267,0.46683103098204853,0.28316903886011874,Crisis
2021-01-12,0.24999985895267512,0.4671101442060679,0.2828899968412573,Crisis
2021-01-13,0.24999984897387453,0.4672178116166122,0.2827823394095132,Crisis
2021-01-14,0.24999995720921686,0.4672234494060687,0.28277659338471417,Crisis
2021-01-15,0.24999998534878815,0.4672245344345211,0.2827754802166905,Crisis
2021-01-19,0.24999994375825654,0.46723656483387965,0.28276349140786355,Crisis
2021-01-20,0.2499998397784619,0.46739540829461873,0.2826047519269193,Crisis
2021-01-21,0.24999995623036644,0.4690493586998314,0.28095068506980214,Crisis
2021-01-22,0.24999986294347282,0.4691270753346813,0.2808730617218457,Crisis
2021-01-25,0.24999985244673992,0.4694066594174927,0.28059348813576745,Crisis
2021-01-26,0.2499999516173854,0.46941416209999703,0.28058588628261777,Crisis
2021-01-27,0.2499998541271667,0.469479078993699,0.28052106687913425,Crisis
2021-01-28,0.24999983054813688,0.4698672600754637,0.2801329093763998,Crisis
2021-01-29,0.24999979501090966,0.47014715946297964,0.27985304552611084,Crisis
2021-02-01,0.24999988644910057,0.47016169218449,0.2798384213664096,Crisis
2021-02-02,0.24999973440631693,0.47033146635749906,0.2796687992361838,Crisis
2021-02-03,0.24999973894774863,0.4704983658949011,0.2795018951573504,Crisis
2021-02-04,0.24999982235020046,0.4705232435701528,0.27947693407964685,Crisis
2021-02-05,0.24999991540659436,0.4714133538858547,0.2785867307075507,Crisis
2021-02-08,0.24999976556998055,0.47150303699783647,0.27849719743218304,Crisis
2021-02-09,0.2499998776884329,0.4721932585209172,0.27780686379065,Crisis
2021-02-10,0.24999974260074967,0.4723741108026622,0.27762614659658835,Crisis
2021-02-11,0.24999976587765685,0.4724456070408157,0.2775546270815274,Crisis
2021-02-12,0.24999974366766325,0.47258862600257445,0.27741163032976235,Crisis
2021-02-16,0.24999989694276523,0.4725973686911819,0.27740273436605245,Crisis
2021-02-17,0.24999995617966264,0.4726016202267148,0.27739842359362277,Crisis
2021-02-18,0.2499999773535012,0.4726031122042243,0.2773969104422749,Crisis
2021-02-19,0.24999998665189535,0.47260377127721404,0.27739624207089053,Crisis
2021-02-22,0.2499998397770761,0.4726079357703138,0.2773922244526098,Crisis
2021-02-23,0.24999988126221462,0.47260936802465925,0.27739075071312586,Crisis
2021-02-24,0.24999988832767342,0.4726108626675925,0.27738924900473383,Crisis
2021-02-25,0.24999994568494743,0.4726110708391448,0.27738898347590746,Crisis
2021-02-26,0.24999995985892237,0.4726112958280137,0.27738874431306393,Crisis
2021-03-01,0.24999994027685726,0.472611231043691,0.27738882867945147,Crisis
2021-03-02,0.24999991999345664,0.47261099790574396,0.27738908210079954,Crisis
2021-03-03,0.24999998340780302,0.47261084151081073,0.27738917508138616,Crisis
2021-03-04,0.24999999048668103,0.47261075518227197,0.2773892543310473,Crisis
2021-03-05,0.2499999935911547,0.4726106732356968,0.2773893331731485,Crisis
2021-03-08,0.24999953131278613,0.4726083772883443,0.2773920913988693,Crisis
2021-03-09,0.24999962129042422,0.47261398714413055,0.27738639156544537,Crisis
2021-03-10,0.24999941804953094,0.47263591347041384,0.2773646684800546,Crisis
2021-03-11,0.24999758286507762,0.4784538554736275,0.27154856166129493,Crisis
2021-03-12,0.24999999312146737,0.4920635448500965,0.2579364620284356,Crisis
2021-03-15,0.24999998826556208,0.49171893265738403,0.25828107907705417,Crisis
2021-03-16,0.2499999968754744,0.49170965587430887,0.2582903472502167,Crisis
2021-03-17,0.24999999916539803,0.49170804432986326,0.25829195650473835,Crisis
2021-03-18,0.24999999457757086,0.49171671284472834,0.25828329257770066,Crisis
2021-03-19,0.2499999997959865,0.5202342357904148,0.22976576441359844,Crisis
2021-03-22,0.24999999819707977,0.5281313995435125,0.22186860225940788,Crisis
2021-03-23,0.24999999954819302,0.5609539518927937,0.18904604855901347,Crisis
2021-03-24,0.24999935643063786,0.5611317801412078,0.1888688634281543,Crisis
2021-03-25,0.24999996347937442,0.5611311889002761,0.1888688476203497,Crisis
2021-03-26,0.24999989629279024,0.5611282121797851,0.18887189152742417,Crisis
2021-03-29,0.24999999471254014,0.5611276249609013,0.18887238032655837,Crisis
2021-03-30,0.24999999140680879,0.5611274961382325,0.18887251245495867,Crisis
2021-03-31,0.24999999167586734,0.5611273043679661,0.18887270395616632,Crisis
2021-04-01,0.24999999651085686,0.5611267187433364,0.18887328474580703,Crisis
2021-04-05,0.2499999945342029,0.5611249792360526,0.18887502622974453,Crisis
2021-04-06,0.24999997100317237,0.5611027396733942,0.18889728932343386,Crisis
2021-04-07,0.24999997773826613,0.5610844630227331,0.18891555923900075,Crisis
2021-04-08,0.2499999984714299,0.5525649373635267,0.19743506416504303,Crisis
2021-04-09,0.24999999530853975,0.5525356926752012,0.19746431201625936,Crisis
2021-04-12,0.24999999857547725,0.552530798527654,0.19746920289686845,Crisis
2021-04-13,0.500000003640711,0.20000000187417227,0.2999999944851167,Bear
2021-04-14,0.5000000046774102,0.2000000024646303,0.29999999285795964,Bear
2021-04-15,0.5000000040825454,0.20000000317820374,0.29999999273925093,Bear
2021-04-16,0.5000000045983024,0.2000000021450208,0.2999999932566767,Bear
2021-04-19,0.5000000037900827,0.20000000221678257,0.2999999939931346,Bear
2021-04-20,0.5000000034515004,0.20000000309346486,0.2999999934550346,Bear
2021-04-21,0.5000000035424257,0.200000002723387,0.29999999373418756,Bear
2021-04-22,0.5000000033961538,0.2000000019485423,0.29999999465530375,Bear
2021-04-23,0.5000000036976012,0.2000000024276435,0.2999999938747554,Bear
2021-04-26,0.5000000046021689,0.20000000210058788,0.29999999329724314,Bear
2021-04-27,0.5000000038445837,0.20000000239595178,0.2999999937594646,Bear
2021-04-28,0.5000000037301812,0.200000002722763,0.2999999935470561,Bear
2021-04-29,0.5000000037358905,0.20000000271811194,0.29999999354599743,Bear
2021-04-30,0.5000000038913683,0.20000000315629285,0.2999999929523387,Bear
2021-05-03,0.5000000035858725,0.20000000323020245,0.29999999318392506,Bear
2021-05-04,0.5000000035710136,0.2000000024902072,0.29999999393877913,Bear
2021-05-05,0.5000000035892084,0.20000000255743797,0.29999999385335363,Bear
2021-05-06,0.5000000035438378,0.20000000277555907,0.2999999936806032,Bear
2021-05-07,0.5000000030858643,0.20000000266884135,0.2999999942452943,Bear
2021-05-10,0.5000000032976653,0.20000000285058134,0.29999999385175347,Bear
2021-05-11,0.5000000029939512,0.20000000399255186,0.29999999301349684,Bear
2021-05-12,0.5000000032281564,0.20000000401019755,0.299999992761646,Bear
2021-05-13,0.5000000033993334,0.20000000399609935,0.2999999926045673,Bear
2021-05-14,0.500000003396929,0.20000000319185768,0.2999999934112133,Bear
2021-05-17,0.5000000034027496,0.2000000030869128,0.2999999935103374,Bear
2021-05-18,0.5000000032171017,0.20000000350195546,0.29999999328094284,Bear
2021-05-19,0.5000000001056453,0.20000000011482172,0.299999999779417,Bear
2021-05-20,0.5000000033212615,0.20000000402296894,0.29999999265576954,Bear
2021-05-21,0.5000000034837483,0.20000000413867258,0.2999999923775792,Bear
2021-05-24,0.5000000001137969,0.20000000011579105,0.2999999997702848,Bear
2021-05-25,0.5000000033549911,0.20000000372399312,0.2999999929210158,Bear
2021-05-26,0.5000000001123441,0.2000000001037834,0.29999999978375297,Bear
2021-05-27,0.5000000000420428,0.20000000003641483,0.2999999999215284,Bear
2021-05-28,0.5000000000394326,0.20000000003619775,0.2999999999243646,Bear
2021-06-01,0.5000000000406891,0.20000000003490107,0.29999999992440485,Bear
2021-06-02,0.5000000000393261,0.20000000003868448,0.29999999992198423,Bear
2021-06-03,0.5000000000419652,0.2000000000352334,0.2999999999227961,Bear
2021-06-04,0.5000000000437869,0.20000000003595045,0.299999999920257,Bear
2021-06-07,0.5000000000356234,0.20000000004513566,0.2999999999192347,Bear
2021-06-08,0.5000000000462786,0.20000000003200322,0.2999999999217115,Bear
2021-06-09,0.5000000000460854,0.20000000003722582,0.2999999999166817,Bear
2021-06-10,0.5000000000428487,0.2000000000435296,0.29999999991361415,Bear
2021-06-11,0.5000000000394451,0.20000000004684124,0.2999999999137063,Bear
2021-06-14,0.5000000029678506,0.2000000040976569,0.2999999929344924,Bear
2021-06-15,0.5000000031112364,0.20000000429648265,0.2999999925922809,Bear
2021-06-16,0.5000000031096086,0.20000000471793838,0.29999999217245293,Bear
2021-06-17,0.5000000032579618,0.2000000051587984,0.2999999915832398,Bear
2021-06-18,0.5000000027666004,0.20000000516802097,0.2999999920653786,Bear
2021-06-21,0.5000000023153801,0.2000000056608534,0.29999999202376665,Bear
2021-06-22,0.5000000029120124,0.20000000501584195,0.2999999920721455,Bear
2021-06-23,0.5000000024328551,0.2000000053876676,0.29999999217947726,Bear
2021-06-24,0.5000000016700386,0.20000000588966865,0.2999999924402928,Bear
2021-06-25,0.500000002303986,0.20000000488669167,0.29999999280932227,Bear
2021-06-28,0.5000000031345527,0.20000000484874425,0.29999999201670285,Bear
2021-06-29,0.5000000030349788,0.20000000432006917,0.29999999264495203,Bear
2021-06-30,0.5000000018440343,0.2000000052755664,0.2999999928803993,Bear
2021-07-01,0.5000000013587225,0.2000000056855833,0.29999999295569424,Bear
2021-07-02,0.500000001913976,0.20000000531840134,0.29999999276762274,Bear
2021-07-06,0.5000000019523411,0.20000000506887733,0.2999999929787815,Bear
2021-07-07,0.5000000010331619,0.20000000520027703,0.29999999376656117,Bear
2021-07-08,0.50000000107913,0.2000000050456612,0.2999999938752087,Bear
2021-07-09,0.5000000006503126,0.2000000016915709,0.2999999976581164,Bear
2021-07-12,0.5000000023291398,0.20000000531730724,0.29999999235355307,Bear
2021-07-13,0.5000000022465009,0.20000000549578048,0.29999999225771856,Bear
2021-07-14,0.2500000000025719,0.5149224753228911,0.23507752467453683,Crisis
2021-07-15,0.7000000053948826,0.09999999813529828,0.19999999646981906,Bull
2021-07-16,0.7000000003943829,0.10000000000769277,0.19999999959790435,Bull
2021-07-19,0.7000000003183677,0.09999999996197442,0.1999999997196562,Bull
2021-07-20,0.700000000388357,0.10000000015045558,0.1999999994611863,Bull
2021-07-21,0.7000000003866746,0.10000000010067266,0.19999999951265007,Bull
2021-07-22,0.7000000003484814,0.10000000011296382,0.1999999995385524,Bull
2021-07-23,0.7000000003372593,0.10000000029936165,0.19999999936337662,Bull
2021-07-26,0.7000000003427794,0.10000000028804691,0.19999999936917057,Bull
2021-07-27,0.7000000003422171,0.10000000044809884,0.19999999920968126,Bull
2021-07-28,0.7000000002326161,0.10000000176633246,0.19999999800104534,Bull
2021-07-29,0.7000000002161468,0.10000000144489898,0.19999999833894147,Bull
2021-07-30,0.700000000170327,0.10000000051103716,0.19999999931862117,Bull
2021-08-02,0.7000000002022749,0.10000000056763178,0.19999999923008793,Bull
2021-08-03,0.700000000263434,0.10000000087767459,0.1999999988588877,Bull
2021-08-04,0.7000000004764705,0.10000000309530258,0.199999996428225,Bull
2021-08-05,0.6999999999242117,0.2499989227022435,0.05000107737354467,Bull
2021-08-06,0.7000000021321342,0.24999999543818258,0.05000000242968283,Bull
2021-08-09,0.7000000055105311,0.24999998804463325,0.05000000644483555,Bull
2021-08-10,0.7000000030664046,0.24999999267603695,0.050000004257558364,Bull
2021-08-11,0.7000000044231881,0.24999999030450926,0.050000005272302514,Bull
2021-08-12,0.7000000008110299,0.10000000277964588,0.1999999964093244,Bull
2021-08-13,0.700000000225735,0.10000000028161639,0.19999999949261915,Bull
2021-08-16,0.7000000000758206,0.24999999980247195,0.05000000012170744,Bull
2021-08-17,0.7000000001681536,0.2499999997480451,0.05000000008379903,Bull
2021-08-18,0.7000000016957801,0.24999999125635483,0.050000007047861394,Bull
2021-08-19,0.7000000014148609,0.24999999656213034,0.05000000202297974,Bull
2021-08-20,0.7000000001097529,0.24999999985585236,0.05000000003433976,Bull
2021-08-23,0.7000000000888454,0.24999999988037805,0.05000000003077377,Bull
2021-08-24,0.6999999999172227,0.10000123001539807,0.19999877006737932,Bull
2021-08-25,0.7000000052937091,0.10000001537476426,0.1999999793315266,Bull
2021-08-26,0.7000000005126273,0.10000000245573411,0.19999999703157018,Bull
2021-08-27,0.7000000000753114,0.24999999961254,0.05000000031214838,Bull
2021-08-30,0.700000000228261,0.24999999976047252,0.05000000001126293,Bull
2021-08-31,0.7000000001075728,0.24999999973004877,0.05000000016237426,Bull
2021-09-01,0.7000000001316531,0.2499999998170773,0.050000000051265495,Bull
2021-09-02,0.7000000001401516,0.24999999981848467,0.05000000004136119,Bull
2021-09-03,0.700000000075501,0.10000002593694217,0.1999999739875609,Bull
2021-09-07,0.7000000003280638,0.10000000059482467,0.19999999907711155,Bull
2021-09-08,0.7000000000760869,0.10000009221542162,0.19999990770848938,Bull
2021-09-09,0.6999999999756584,0.10000019666756445,0.19999980335671833,Bull
2021-09-10,0.7000000001543449,0.24999999964023148,0.050000000205423445,Bull
2021-09-13,0.7000000001368201,0.2499999997416473,0.050000000121528804,Bull
2021-09-14,0.7000000001859891,0.24999999975369047,0.05000000006031821,Bull
2021-09-15,0.7000000001498793,0.24999999977610515,0.05000000007401249,Bull
2021-09-16,0.7000000001259166,0.24999999981743648,0.0500000000566436,Bull
2021-09-17,0.7000000012904197,0.24999999713656815,0.050000001573011287,Bull
2021-09-20,0.7000000017008234,0.24999999084593583,0.05000000745322926,Bull
2021-09-21,0.7000000020229071,0.24999999339177856,0.050000004585286216,Bull
2021-09-22,0.7000000002169424,0.24999999978064485,0.05000000000235937,Bull
2021-09-23,0.7000000002105424,0.24999999966166547,0.05000000012778976,Bull
2021-09-24,0.7000000014936583,0.10000000993957704,0.19999998856676487,Bull
2021-09-27,0.7000000003239125,0.10000000242739746,0.19999999724861453,Bull
2021-09-28,0.7000000001822139,0.10000000045715025,0.19999999936061108,Bull
2021-09-29,0.7000000002491236,0.10000000083965226,0.19999999891121856,Bull
2021-09-30,0.7000000001844268,0.10000000017694999,0.19999999963861304,Bull
2021-10-01,0.7000000002402151,0.10000000064051456,0.19999999911926683,Bull
2021-10-04,0.7000000001969008,0.10000000086688296,0.199999998936207,Bull
2021-10-05,0.7000000002315484,0.10000000169038051,0.19999999807806212,Bull
2021-10-06,0.6999999996347127,0.10000417895401853,0.19999582141126881,Bull
2021-10-07,0.7000000001342869,0.10000000066793298,0.19999999919778016,Bull
2021-10-08,0.7000000002397858,0.10000000048365232,0.1999999992765555,Bull
2021-10-11,0.5000000000170334,0.2000000012594945,0.2999999987234712,Bear
2021-10-12,0.24999999998691083,0.4500000030725972,0.29999999694049356,Crisis
2021-10-13,0.7000000018638868,0.19082834539027685,0.10917165274583635,Bull
2021-10-14,0.7000000004549246,0.1000000007203955,0.1999999988246782,Bull
2021-10-15,0.7000000001639054,0.10000000036113509,0.19999999947494346,Bull
2021-10-18,0.7000000002631079,0.1000000007193845,0.19999999901750443,Bull
2021-10-19,0.700000000399732,0.10000000188203824,0.1999999977182264,Bull
2021-10-20,0.7000000002282015,0.10000000124699898,0.19999999852477918,Bull
2021-10-21,0.700000000234204,0.10000000162126417,0.19999999814451858,Bull
2021-10-22,0.7000000005376166,0.1000000024303569,0.19999999703202254,Bull
2021-10-25,0.7000000001985163,0.10000000020783986,0.19999999959362474,Bull
2021-10-26,0.7000000003704445,0.10000000098648745,0.19999999864306728,Bull
2021-10-27,0.7000000008657575,0.10000000291731569,0.1999999962169267,Bull
2021-10-28,0.7000000000843245,0.10000020360661278,0.19999979630906264,Bull
2021-10-29,0.7000000015563997,0.10000000487405734,0.19999999356954284,Bull
2021-11-01,0.700000000604031,0.10000000042592691,0.19999999897004211,Bull
2021-11-02,0.7000000001708249,0.10000000093978666,0.19999999888938375,Bull
2021-11-03,0.6999999999275198,0.24999936552230748,0.050000634550172444,Bull
2021-11-04,0.7000000023924108,0.24999999546691656,0.05000000214067259,Bull
2021-11-05,0.7000000006001551,0.10000000578011166,0.19999999361973322,Bull
2021-11-08,0.7000000003435292,0.24999999930209224,0.05000000035437846,Bull
2021-11-09,0.7000000002479557,0.24999999953667879,0.0500000002153594,Bull
2021-11-10,0.7000000003677735,0.24999999977230838,0.04999999985991554,Bull
2021-11-11,0.7000000017249914,0.1000000117039211,0.19999998657108733,Bull
2021-11-12,0.7000000007386574,0.10000000109175776,0.19999999816950742,Bull
2021-11-15,0.7000000003484056,0.10000000141702578,0.1999999982345555,Bull
2021-11-16,0.7000000002082188,0.1000000002600264,0.19999999953173694,Bull
2021-11-17,0.700000000114692,0.10000000021592426,0.19999999966937582,Bull
2021-11-18,0.7000000002791166,0.10000000025136278,0.19999999946951824,Bull
2021-11-19,0.7000000002479767,0.10000000026657599,0.199999999485443,Bull
2021-11-22,0.7000000002783946,0.10000000107232564,0.19999999864927562,Bull
2021-11-23,0.7000000001271254,0.1000000002762376,0.19999999959661835,Bull
2021-11-24,0.7000000003570722,0.10000000019751483,0.19999999944541086,Bull
2021-11-26,0.7000000002206543,0.10000000024480177,0.1999999995345385,Bull
2021-11-29,0.7000000007072612,0.10000000176439927,0.19999999752833925,Bull
2021-11-30,0.7000000001329295,0.10000000020975959,0.1999999996572681,Bull
2021-12-01,0.700000000415828,0.10000000025827664,0.19999999932589324,Bull
2021-12-02,0.7000000003103524,0.2499999995129555,0.050000000176691255,Bull
2021-12-03,0.7000000002538647,0.2499999991187933,0.05000000062733545,Bull
2021-12-06,0.7000000002150247,0.24999999929739744,0.05000000048756405,Bull
2021-12-07,0.7000000002186303,0.24999999928119412,0.050000000500164975,Bull
2021-12-08,0.7000000002514164,0.249999999177127,0.050000000571448135,Bull
2021-12-09,0.7000000002882801,0.24999999979898552,0.04999999991272783,Bull
2021-12-10,0.7000000003635187,0.24999999978818427,0.04999999984829529,Bull
2021-12-13,0.7000000009854966,0.10000000865676824,0.1999999903577352,Bull
2021-12-14,0.6999999998695166,0.14067508152848207,0.15932491860200146,Bull
2021-12-15,0.7000000000023986,0.2499994449933333,0.0500005550042681,Bull
2021-12-16,0.7000000025816084,0.2499999978954681,0.04999999952292345,Bull
2021-12-17,0.7000000001281254,0.24999999953840643,0.05000000033343446,Bull
2021-12-20,0.7000000001792986,0.24999999941617826,0.050000000404515126,Bull
2021-12-21,0.7000000001639031,0.2499999994847278,0.050000000351357966,Bull
2021-12-22,0.70000000024355,0.24999999966819386,0.0500000000882495,Bull
2021-12-23,0.6999999998217201,0.2465875674023365,0.053412432775943486,Bull
2021-12-27,0.7000000033442517,0.24658924087882836,0.05341075577691993,Bull
2021-12-28,0.7000000000601082,0.2465892913958883,0.053410708543992,Bull
2021-12-29,0.6999999997472252,0.2136845541021932,0.08631544615058152,Bull
2021-12-30,0.7000000003617445,0.10000000236857201,0.19999999726968334,Bull
2021-12-31,0.6999999999548878,0.14377685133339396,0.15622314871171822,Bull
2022-01-03,0.6999999997935766,0.14377545436587238,0.15622454584055115,Bull
2022-01-04,0.7000000001786699,0.24999999952868227,0.05000000029264718,Bull
2022-01-05,0.7000000002162527,0.24999999979912677,0.04999999998461585,Bull
2022-01-06,0.70000000019921,0.2499999998213939,0.04999999997939323,Bull
2022-01-07,0.7000000000568113,0.249999999892317,0.05000000005086291,Bull
2022-01-10,0.4999999998953131,0.2000000890874867,0.2999999110172151,Bear
2022-01-11,0.2500000000479508,0.3949644044061937,0.35503559554585545,Crisis
2022-01-12,0.2499999999806719,0.39496440410277145,0.3550355959165546,Crisis
2022-01-13,0.2499999986105463,0.3949643952751543,0.3550356061142996,Crisis
2022-01-14,0.249999997977864,0.3949644154322502,0.3550355865898858,Crisis
2022-01-18,0.2499999999075836,0.3949644124481098,0.35503558764430737,Crisis
2022-01-19,0.24999999989131763,0.3949644091921542,0.35503559091652853,Crisis
2022-01-20,0.24999999981386692,0.3949644007126799,0.3550355994734534,Crisis
2022-01-21,0.24999999983807794,0.39496439410873985,0.3550356060531825,Crisis
2022-01-24,0.2499999998317382,0.39496438776513665,0.35503561240312553,Crisis
2022-01-25,0.2499999998798427,0.3949643839338947,0.35503561618626356,Crisis
2022-01-26,0.24999999987124763,0.3949643798076489,0.3550356203211039,Crisis
2022-01-27,0.24999999988630014,0.39496437337312607,0.3550356267405739,Crisis
2022-01-28,0.24999999983855473,0.39496436329321905,0.3550356368682263,Crisis
2022-01-31,0.24999999986163576,0.3949643553189304,0.35503564481943406,Crisis
2022-02-01,0.24999999984625382,0.39496434618571846,0.35503565396802783,Crisis
2022-02-02,0.24999999982061255,0.39496433615722615,0.3550356640221616,Crisis
2022-02-03,0.24999999984501028,0.3949643286903399,0.3550356714646502,Crisis
2022-02-04,0.24999999948664664,0.39496429919402637,0.3550357013193271,Crisis
2022-02-07,0.24999999882082224,0.3949641946056991,0.35503580657347855,Crisis
2022-02-08,0.24999999842210788,0.3949640343930037,0.3550359671848884,Crisis
2022-02-09,0.2499999984489168,0.3949638783100674,0.3550361232410161,Crisis
2022-02-10,0.24999999873389991,0.39496376717995163,0.35503623408614854,Crisis
2022-02-11,0.24999998346524369,0.3949594562091926,0.3550405603255641,Crisis
2022-02-14,0.24999999576202403,0.39495881570485597,0.35504118853312017,Crisis
2022-02-15,0.2499999869995144,0.3949556989648863,0.35504431403559955,Crisis
2022-02-16,0.2499999700958216,0.39494546504768197,0.3550545648564966,Crisis
2022-02-17,0.24999998675771834,0.39494220345245595,0.35505780978982626,Crisis
2022-02-18,0.2499999966546746,0.3949417689911043,0.35505823435422096,Crisis
2022-02-22,0.24999999584365282,0.39494110766731927,0.355058896489028,Crisis
2022-02-23,0.24999999597209943,0.39494047564116674,0.35505952838673394,Crisis
2022-02-24,0.24999999660628214,0.3949379222492226,0.3550620811444954,Crisis
2022-02-25,0.2499999603258322,0.39467941670661133,0.35532062296755695,Crisis
2022-02-28,0.24999998131548487,0.39467439941408183,0.35532561927043327,Crisis
2022-03-01,0.24999996227929028,0.39452455948189197,0.35547547823881753,Crisis
2022-03-02,0.24999999510116916,0.39452021249931357,0.35547979239951705,Crisis
2022-03-03,0.24999999722043775,0.38576814686496286,0.3642318559145993,Crisis
2022-03-04,0.24999999556814864,0.38386188672872174,0.3661381177031294,Crisis
2022-03-07,0.24999997760304205,0.38339661518252915,0.3666034072144289,Crisis
2022-03-08,0.24999997912418,0.37889203404173694,0.37110798683408325,Crisis
2022-03-09,0.2499999847607507,0.3788644442882943,0.37113557095095495,Crisis
2022-03-10,0.24999999098334894,0.37886162453491284,0.37113838448173847,Crisis
2022-03-11,0.2499999991790536,0.3788611554118885,0.37113884540905806,Crisis
2022-03-14,0.2499999979746763,0.37886087751749253,0.37113912450783104,Crisis
2022-03-15,0.24999999219895166,0.3788583419201221,0.37114166588092645,Crisis
2022-03-16,0.2499999959115173,0.37885727682665865,0.37114272726182385,Crisis
2022-03-17,0.24999999017109656,0.37885506624153187,0.3711449435873715,Crisis
2022-03-18,0.24999999587026506,0.3788542973360263,0.3711457067937087,Crisis
2022-03-21,0.2499999876459296,0.3788513891128755,0.3711486232411951,Crisis
2022-03-22,0.2499999966355058,0.37884887831676933,0.3711511250477248,Crisis
2022-03-23,0.24999997599712007,0.3787859246253174,0.3712140993775624,Crisis
2022-03-24,0.6999999999394152,0.09999999980654009,0.2000000002540461,Bull
2022-03-25,0.7000000001845875,0.09999999972867123,0.2000000000867489,Bull
2022-03-28,0.7000000002121038,0.09999999972092788,0.20000000006697247,Bull
2022-03-29,0.7000000000903872,0.0999999998128619,0.20000000009675362,Bull
2022-03-30,0.7000000001167462,0.09999999976694711,0.20000000011630995,Bull
2022-03-31,0.7000000001295015,0.09999999978232094,0.20000000008818156,Bull
2022-04-01,0.7000000002657913,0.09999999970275422,0.20000000003145899,Bull
2022-04-04,0.7000000004090063,0.09999999961230786,0.19999999997868864,Bull
2022-04-05,0.7000000001910963,0.09999999975369517,0.20000000005520902,Bull
2022-04-06,0.7000000003815892,0.09999999961014294,0.2000000000082724,Bull
2022-04-07,0.6999999999176523,0.09999999978612316,0.20000000029622875,Bull
2022-04-08,0.6500000013101251,0.09999999963324642,0.24999999905663284,Bull
2022-04-11,0.5000000000627529,0.19999999981847313,0.30000000011877376,Bear
2022-04-12,0.49999999994779704,0.1999999974114515,0.3000000026407452,Bear
2022-04-13,0.4999999999800603,0.19999999993045914,0.30000000008946265,Bear
2022-04-14,0.5000000000400396,0.1999999973469678,0.30000000261298576,Bear
2022-04-18,0.4999999999870965,0.19999999992530607,0.30000000008759653,Bear
2022-04-19,0.4999999999957954,0.19999999996777765,0.3000000000364238,Bear
2022-04-20,0.5000000000129794,0.19999999997037426,0.3000000000166465,Bear
2022-04-21,0.5000000008864016,0.1999999973077291,0.3000000018058614,Bear
2022-04-22,0.24999999998490433,0.35000000109930895,0.39999999891578647,Crisis
2022-04-25,0.24999999676940032,0.35000001716411144,0.3999999860664883,Crisis
2022-04-26,0.2499999952972157,0.3500000348935482,0.39999996980923613,Crisis
2022-04-27,0.24999999375060275,0.350000055033124,0.39999995121627374,Crisis
2022-04-28,0.24999999857356478,0.35000002664583985,0.39999997478060073,Crisis
2022-04-29,0.24999999420183547,0.350000049465928,0.39999995633223706,Crisis
2022-05-02,0.24999999539056703,0.3500000271897077,0.3999999774197278,Crisis
2022-05-03,0.2499999963327682,0.3500000163202748,0.39999998734695863,Crisis
2022-05-04,0.2499999971580483,0.35000000956806204,0.3999999932738914,Crisis
2022-05-05,0.24999999759675673,0.3500000109956042,0.3999999914076395,Crisis
2022-05-06,0.24999999948243043,0.35000000192834174,0.39999999858923074,Crisis
2022-05-09,0.24999999997689823,0.35000000011432014,0.39999999990878526,Crisis
2022-05-10,0.24999999987370589,0.35000000130681075,0.3999999988194909,Crisis
2022-05-11,0.24999999982870308,0.35000000147979965,0.3999999986914979,Crisis
2022-05-12,0.24999999960855035,0.3500000016007299,0.3999999987907199,Crisis
2022-05-13,0.24999999939524542,0.3500000018775944,0.3999999987271604,Crisis
2022-05-16,0.2499999992990536,0.35000000194460457,0.39999999875634196,Crisis
2022-05-17,0.24999999937150164,0.35000000177050467,0.39999999885799425,Crisis
2022-05-18,0.24999999933687728,0.35000000181906643,0.3999999988440564,Crisis
2022-05-19,0.2499999993689799,0.3500000023108608,0.39999999832015914,Crisis
2022-05-20,0.24999999902813574,0.3500000034684893,0.39999999750337556,Crisis
2022-05-23,0.24999999907565734,0.35000000309870705,0.39999999782563594,Crisis
2022-05-24,0.2499999990098624,0.35000000347111637,0.3999999975190213,Crisis
2022-05-25,0.24999999913396023,0.35000000255907476,0.39999999830696537,Crisis
2022-05-26,0.24999999920724764,0.3500000023519534,0.3999999984407989,Crisis
2022-05-27,0.24999999926827793,0.35000000240075213,0.3999999983309704,Crisis
2022-05-31,0.2499999995014395,0.35000000210753424,0.39999999839102685,Crisis
2022-06-01,0.24999999961347788,0.35000000158670785,0.399999998799815,Crisis
2022-06-02,0.24999999962713446,0.35000000154903016,0.3999999988238355,Crisis
2022-06-03,0.24999999975836049,0.3500000014821744,0.3999999987594659,Crisis
2022-06-06,0.24999999982878207,0.35000000139494525,0.3999999987762728,Crisis
2022-06-07,0.24999999978954807,0.35000000148043797,0.39999999873001435,Crisis
2022-06-08,0.2499999997930589,0.35000000144952564,0.3999999987574158,Crisis
2022-06-09,0.24999999982800727,0.35000000140038445,0.3999999987716086,Crisis
2022-06-10,0.24999999994518138,0.3500000014424395,0.39999999861237956,Crisis
2022-06-13,0.25000000008663054,0.35000000126119823,0.3999999986521718,Crisis
2022-06-14,0.2500000002664542,0.350000000981473,0.39999999875207354,Crisis
2022-06-15,0.2500000002185552,0.35000000076711685,0.3999999990143279,Crisis
2022-06-16,0.250000000002114,0.35000000004370063,0.39999999995419355,Crisis
2022-06-17,0.24999999999647857,0.3500000000120142,0.3999999999915306,Crisis
2022-06-21,0.24999999999740244,0.3500000000105523,0.39999999999205227,Crisis
2022-06-22,0.24999999999586808,0.3500000000115113,0.39999999999262575,Crisis
2022-06-23,0.24999999999168548,0.35000000001343223,0.3999999999948862,Crisis
2022-06-24,0.24999999999099723,0.35000000001353115,0.3999999999954755,Crisis
2022-06-27,0.24999999999196768,0.35000000001273995,0.39999999999529734,Crisis
2022-06-28,0.24999999999174188,0.35000000001280485,0.39999999999545754,Crisis
2022-06-29,0.249999999993103,0.35000000001193665,0.3999999999949652,Crisis
2022-06-30,0.24999999999076242,0.35000000001285264,0.3999999999963889,Crisis
2022-07-01,0.24999999999114042,0.350000000012602,0.3999999999962624,Crisis
2022-07-05,0.2499999999898866,0.3500000000125231,0.3999999999975942,Crisis
2022-07-06,0.6499999973322628,0.10000000138063467,0.25000000128710537,Bull
2022-07-07,0.6499999999122369,0.09999999979390367,0.2500000002938262,Bull
2022-07-08,0.6499999999934114,0.09999999991578375,0.25000000009080314,Bull
2022-07-11,0.6499999999919438,0.09999999985540987,0.2500000001526469,Bull
2022-07-12,0.6499999999292478,0.09999999982243749,0.2500000002483164,Bull
2022-07-13,0.49999999976033643,0.20000000020393388,0.3000000000357296,Bear
2022-07-14,0.24999999999890699,0.35000000000068227,0.4000000000004101,Crisis
2022-07-15,0.24999999999499306,0.350000000010885,0.3999999999941252,Crisis
2022-07-18,0.24999999999490072,0.350000000010742,0.39999999999436203,Crisis
2022-07-19,0.2499999999932645,0.35000000001136566,0.3999999999953739,Crisis
2022-07-20,0.2499999999956265,0.35000000000939424,0.39999999999498503,Crisis
2022-07-21,0.24999999999591316,0.35000000000929193,0.3999999999947994,Crisis
2022-07-22,0.2499999999956397,0.3500000000094503,0.3999999999949144,Crisis
2022-07-25,0.24999999999515785,0.350000000009841,0.3999999999950057,Crisis
2022-07-26,0.24999999999478498,0.3500000000100671,0.39999999999515257,Crisis
2022-07-27,0.2499999999949092,0.3500000000098671,0.399999999995228,Crisis
2022-07-28,0.24999999999751293,0.35000000000779413,0.39999999999469926,Crisis
2022-07-29,0.2499999999979753,0.3500000000074244,0.3999999999946053,Crisis
2022-08-01,0.24999999999718855,0.3500000000074715,0.39999999999534436,Crisis
2022-08-02,0.24999999999399294,0.3500000000092307,0.3999999999967798,Crisis
2022-08-03,0.24999999999189465,0.35000000001015924,0.3999999999979498,Crisis
2022-08-04,0.2499999999897248,0.3500000000102727,0.40000000000000546,Crisis
2022-08-05,0.24999999999173908,0.3500000000100769,0.3999999999981877,Crisis
2022-08-08,0.24999999998958097,0.35000000001094955,0.3999999999994724,Crisis
2022-08-09,0.2499999999858328,0.35000000001001247,0.4000000000041576,Crisis
2022-08-10,0.24999999998375816,0.3500000000093307,0.40000000000691327,Crisis
2022-08-11,0.2499999999839347,0.3500000000091914,0.4000000000068762,Crisis
2022-08-12,0.24999999998142053,0.350000000007659,0.40000000001092223,Crisis
2022-08-15,0.24999999998150776,0.35000000000716347,0.40000000001133024,Crisis
2022-08-16,0.249999999982194,0.3500000000074124,0.400000000010395,Crisis
2022-08-17,0.2499999999821035,0.35000000000722276,0.4000000000106751,Crisis
2022-08-18,0.24999999998196648,0.3500000000070364,0.40000000001099845,Crisis
2022-08-19,0.2499999999819228,0.35000000000699033,0.40000000001108865,Crisis
2022-08-22,0.24999999998172873,0.3500000000062269,0.40000000001204566,Crisis
2022-08-23,0.24999999998210362,0.3500000000063019,0.4000000000115955,Crisis
2022-08-24,0.24999999998182185,0.3500000000054431,0.4000000000127363,Crisis
2022-08-25,0.24999999998187294,0.35000000000554454,0.40000000001258357,Crisis
2022-08-26,0.24999999998220038,0.3500000000036133,0.4000000000141871,Crisis
2022-08-29,0.249999999982318,0.3500000000059445,0.4000000000117385,Crisis
2022-08-30,0.2499999999821993,0.35000000000456954,0.4000000000132328,Crisis
2022-08-31,0.24999999998209252,0.35000000000530723,0.4000000000126013,Crisis
2022-09-01,0.24999999998210873,0.3500000000053892,0.4000000000125033,Crisis
2022-09-02,0.24999999998230438,0.3500000000047262,0.4000000000129711,Crisis
2022-09-06,0.24999999998229241,0.3500000000051804,0.40000000001252817,Crisis
2022-09-07,0.2499999999828999,0.350000000001964,0.4000000000151368,Crisis
2022-09-08,0.24999999998694858,0.34999999999568965,0.40000000001736175,Crisis
2022-09-09,0.24999999998650033,0.34999999999610576,0.4000000000173923,Crisis
2022-09-12,0.24999999998608582,0.34999999999719944,0.40000000001671365,Crisis
2022-09-13,0.24999999998526165,0.34999999999844444,0.4000000000162928,Crisis
2022-09-14,0.24999999998224762,0.35000000000153547,0.40000000001621605,Crisis
2022-09-15,0.24999999998209044,0.35000000000084963,0.4000000000170602,Crisis
2022-09-16,0.24999999998212805,0.35000000000058495,0.4000000000172872,Crisis
2022-09-19,0.24999999998240607,0.3499999999996989,0.4000000000178954,Crisis
2022-09-20,0.24999999998240674,0.34999999999973525,0.4000000000178577,Crisis
2022-09-21,0.24999999998246716,0.34999999999923614,0.40000000001829655,Crisis
2022-09-22,0.24999999998290032,0.3499999999997451,0.4000000000173542,Crisis
2022-09-23,0.24999999998601125,0.34999999999882214,0.4000000000151657,Crisis
2022-09-26,0.24999999998300051,0.34999999999843784,0.40000000001856073,Crisis
2022-09-27,0.24999999998325942,0.3499999999987693,0.40000000001797004,Crisis
2022-09-28,0.2499999999859491,0.34999999999962206,0.40000000001442765,Crisis
2022-09-29,0.2499999999948595,0.34999999999000797,0.400000000015132,Crisis
2022-09-30,0.2499999999955637,0.3499999999896853,0.4000000000147464,Crisis
2022-10-03,0.2500000000018302,0.3499999999870566,0.40000000001110836,Crisis
2022-10-04,0.24999999999300837,0.34999999999342557,0.4000000000135591,Crisis
2022-10-05,0.24999999998691974,0.3499999999976567,0.4000000000154198,Crisis
2022-10-06,0.24999999998700975,0.3499999999977123,0.4000000000152761,Crisis
2022-10-07,0.24999999998693817,0.3499999999976756,0.4000000000153846,Crisis
2022-10-10,0.24999999998692363,0.3499999999979655,0.4000000000151092,Crisis
2022-10-11,0.2499999999863564,0.3499999999979011,0.4000000000157409,Crisis
2022-10-12,0.2499999999863274,0.34999999999787706,0.4000000000157937,Crisis
2022-10-13,0.2499999999859718,0.3499999999980466,0.40000000001598,Crisis
2022-10-14,0.24999999998712372,0.3499999999983286,0.400000000014546,Crisis
2022-10-17,0.2499999999873872,0.34999999999891895,0.4000000000136921,Crisis
2022-10-18,0.2499999999867182,0.35000000000239545,0.40000000001088504,Crisis
2022-10-19,0.2499999999854676,0.3500000000039473,0.4000000000105859,Crisis
2022-10-20,0.2499999999877953,0.3500000000011919,0.40000000001101543,Crisis
2022-10-21,0.24999999998892608,0.3500000000002056,0.4000000000108692,Crisis
2022-10-24,0.24999999998170017,0.35000000000890386,0.40000000000939623,Crisis
2022-10-25,0.249999997907579,0.35000000130647885,0.400000000785931,Crisis
2022-10-26,0.24999999894831113,0.3500000003122466,0.40000000073944225,Crisis
2022-10-27,0.24999999907021445,0.3500000001002743,0.40000000082951165,Crisis
2022-10-28,0.2499999989556955,0.35000000026157113,0.4000000007827333,Crisis
2022-10-31,0.24999999892191987,0.3500000002610205,0.4000000008170598,Crisis
2022-11-01,0.24999999891000804,0.35000000027441536,0.4000000008155768,Crisis
2022-11-02,0.24999999995790137,0.3500000000112602,0.40000000003084096,Crisis
2022-11-03,0.24999999863731415,0.3500000005967905,0.4000000007658855,Crisis
2022-11-04,0.2499999983563235,0.35000000098696576,0.4000000006567108,Crisis
2022-11-07,0.2499999927849273,0.350000006715796,0.4000000004992772,Crisis
2022-11-08,0.24999998848089278,0.3500000111089184,0.4000000004101894,Crisis
2022-11-09,0.2499999982211739,0.35000000172786644,0.4000000000509717,Crisis
2022-11-10,0.24999998208454002,0.3500000177015912,0.4000000002138686,Crisis
2022-11-11,0.24999987103443103,0.35000013106543826,0.39999999790013063,Crisis
2022-11-14,0.2499997709889532,0.3500002324834359,0.39999999652761087,Crisis
2022-11-15,0.24999971207475238,0.3500002921032868,0.39999999582196116,Crisis
2022-11-16,0.24999983759828134,0.3500001646719656,0.3999999977297733,Crisis
2022-11-17,0.2499998421476719,0.35000016123571226,0.3999999966166171,Crisis
2022-11-18,0.24999983504743,0.3500001687531661,0.39999999619940435,Crisis
2022-11-21,0.24999984200982484,0.3500001613333497,0.39999999665682656,Crisis
2022-11-22,0.24999983856764862,0.35000016470844036,0.39999999672391195,Crisis
2022-11-23,0.24999980575194092,0.3500002017325423,0.3999999925155173,Crisis
2022-11-25,0.2499997917765376,0.3500002174377256,0.3999999907857373,Crisis
2022-11-28,0.249999733725183,0.3500002760045074,0.39999999027030997,Crisis
2022-11-29,0.24999946438882958,0.3500005504172519,0.3999999851939189,Crisis
2022-11-30,0.24999929177017097,0.3500007273731194,0.39999998085670957,Crisis
2022-12-01,0.24999851461788236,0.35000151949293934,0.39999996588917835,Crisis
2022-12-02,0.24999999184791916,0.35000001088335025,0.39999999726873137,Crisis
2022-12-05,0.2499999188944661,0.3500000854965906,0.39999999560894306,Crisis
2022-12-06,0.24999978352673352,0.35000022517455764,0.3999999912987088,Crisis
2022-12-07,0.24999970151067505,0.3500003096815979,0.39999998880772714,Crisis
2022-12-08,0.24999990563080182,0.35000009818103095,0.3999999961881695,Crisis
2022-12-09,0.24999990755728962,0.3500000973221385,0.3999999951205727,Crisis
2022-12-12,0.24999994358249814,0.3500000613456271,0.39999999507187733,Crisis
2022-12-13,0.24999995817186546,0.3500000458325584,0.3999999959955773,Crisis
2022-12-14,0.2499999542884329,0.3500000491191317,0.399999996592436,Crisis
2022-12-15,0.24999995622048915,0.3500000473143584,0.39999999646515355,Crisis
2022-12-16,0.2499999103534308,0.35000009452412467,0.399999995122445,Crisis
2022-12-19,0.2499998763700695,0.3500001307956253,0.39999999283430565,Crisis
2022-12-20,0.24999987301365498,0.3500001351924203,0.3999999917939252,Crisis
2022-12-21,0.24999987021400188,0.3500001374667778,0.39999999231922084,Crisis
2022-12-22,0.24999987593489287,0.3500001317743427,0.3999999922907652,Crisis
2022-12-23,0.24999985300752375,0.35000015503535925,0.3999999919571175,Crisis
2022-12-27,0.24999985394729968,0.35000015437713483,0.3999999916755662,Crisis
2022-12-28,0.24999989152494614,0.35000011588022983,0.39999999259482527,Crisis
2022-12-29,0.24999989597189404,0.35000011114359453,0.399999992884512,Crisis
2022-12-30,0.24999986947829678,0.35000013941626246,0.39999999110544127,Crisis
2023-01-03,0.24999983562328792,0.35000017519971643,0.3999999891769962,Crisis
2023-01-04,0.24999994497209213,0.3500000571571945,0.3999999978707154,Crisis
2023-01-05,0.24999981766231558,0.35000019471476357,0.39999998762292105,Crisis
2023-01-06,0.24999966343790858,0.3500003549099332,0.39999998165215894,Crisis
2023-01-09,0.2499995763793503,0.35000044553146514,0.39999997808918486,Crisis
2023-01-10,0.24999973409772827,0.3500002712480061,0.399999994654278,Crisis
2023-01-11,0.4999999995144602,0.2000000005503795,0.2999999999351604,Bear
2023-01-12,0.24999998595113287,0.3500000173235185,0.3999999967253331,Crisis
2023-01-13,0.24999993872381376,0.3500000684690017,0.39999999280718473,Crisis
2023-01-17,0.24999990680280232,0.35000010259143693,0.39999999060576125,Crisis
2023-01-18,0.24999990399384345,0.3500001059074071,0.3999999900987507,Crisis
2023-01-19,0.24999991447083325,0.35000009503269425,0.3999999904964734,Crisis
2023-01-20,0.24999992654605246,0.3500000807386722,0.39999999271527625,Crisis
2023-01-23,0.24999992331451654,0.35000008469835664,0.3999999919871275,Crisis
2023-01-24,0.24999991795449508,0.350000090442601,0.39999999160290467,Crisis
2023-01-25,0.2499999449364052,0.3500000623042734,0.3999999927593229,Crisis
2023-01-26,0.24999995647759746,0.35000004956506725,0.3999999939573364,Crisis
2023-01-27,0.24999996606105723,0.3500000388680584,0.3999999950708854,Crisis
2023-01-30,0.2499999596931192,0.3500000461107096,0.39999999419617227,Crisis
2023-01-31,0.24999994976600767,0.3500000569950973,0.3999999932388957,Crisis
2023-02-01,0.2499999569129631,0.35000004952073915,0.39999999356629895,Crisis
2023-02-02,0.2499999734051266,0.3500000316109493,0.39999999498392574,Crisis
2023-02-03,0.2499999811661666,0.3500000222133687,0.3999999966204658,Crisis
2023-02-06,0.24999998708485324,0.3500000147238738,0.3999999981912743,Crisis
2023-02-07,0.24999999311619459,0.35000000791967645,0.39999999896412974,Crisis
2023-02-08,0.24999999184337712,0.35000000922350877,0.3999999989331146,Crisis
2023-02-09,0.24999999135613665,0.3500000098082089,0.39999999883565523,Crisis
2023-02-10,0.24999999188504685,0.35000000924434943,0.39999999887060433,Crisis
2023-02-13,0.24999999442879392,0.3500000064346733,0.3999999991365332,Crisis
2023-02-14,0.2499999950586994,0.3500000055805396,0.399999999360761,Crisis
2023-02-15,0.249999987684568,0.3500000140715795,0.39999999824385263,Crisis
2023-02-16,0.24999998775295643,0.35000001383063667,0.39999999841640776,Crisis
2023-02-17,0.24999998415463467,0.35000001816248083,0.3999999976828849,Crisis
2023-02-21,0.24999998341650806,0.35000001916020085,0.39999999742329184,Crisis
2023-02-22,0.24999997717318162,0.3500000268873231,0.3999999959394953,Crisis
2023-02-23,0.2499999729124084,0.35000003163573945,0.39999999545185266,Crisis
2023-02-24,0.24999997447565106,0.35000003017805975,0.39999999534628955,Crisis
2023-02-27,0.24999997839606775,0.3500000255916537,0.3999999960122792,Crisis
2023-02-28,0.24999998135756923,0.35000002223682697,0.39999999640560485,Crisis
2023-03-01,0.24999998847086244,0.35000001418709803,0.3999999973420408,Crisis
2023-03-02,0.24999997414271607,0.3500000297373554,0.3999999961199289,Crisis
2023-03-03,0.2499999424354509,0.35000006478438583,0.3999999927801636,Crisis
2023-03-06,0.24999973661323804,0.3500002836037462,0.3999999797830156,Crisis
2023-03-07,0.24999952708429696,0.35000050342319705,0.39999996949250644,Crisis
2023-03-08,0.24999759799100219,0.3500024929972743,0.3999999090117231,Crisis
2023-03-09,0.2499977459155755,0.35000227337305634,0.3999999807113687,Crisis
2023-03-10,0.2499979357909848,0.3500020815253009,0.3999999826837148,Crisis
2023-03-13,0.2499999873122003,0.3500000184229364,0.3999999942648642,Crisis
2023-03-14,0.24999986833215496,0.35000014522797196,0.39999998643987345,Crisis
2023-03-15,0.24999986870005997,0.35000014643424004,0.3999999848657007,Crisis
2023-03-16,0.24999985988947054,0.35000015581694227,0.39999998429358774,Crisis
2023-03-17,0.24999980418132664,0.3500002152135756,0.3999999806050982,Crisis
2023-03-20,0.24999996015290807,0.35000004335416574,0.3999999964929302,Crisis
2023-03-21,0.24999997768527088,0.35000002656261847,0.3999999957521122,Crisis
2023-03-22,0.2499999879407289,0.35000001430310135,0.399999997756171,Crisis
2023-03-23,0.24999999284638028,0.3500000081366031,0.3999999990170176,Crisis
2023-03-24,0.24999999037866583,0.35000001070525494,0.3999999989160798,Crisis
2023-03-27,0.2499999681483353,0.3500000345752222,0.39999999727644253,Crisis
2023-03-28,0.24999998760255518,0.3500000141004663,0.3999999982969809,Crisis
2023-03-29,0.24999998817842362,0.3500000132606149,0.3999999985609622,Crisis
2023-03-30,0.24999998775829246,0.3500000139817047,0.39999999826000343,Crisis
2023-03-31,0.24999998832156087,0.3500000131439381,0.3999999985345017,Crisis
2023-04-03,0.24999998637150306,0.3500000157102723,0.3999999979182249,Crisis
2023-04-04,0.24999998836844892,0.3500000134934488,0.39999999813810316,Crisis
2023-04-05,0.24999999143486284,0.35000000970533124,0.3999999988598066,Crisis
2023-04-06,0.24999999389340036,0.3500000070638563,0.39999999904274436,Crisis
2023-04-10,0.24999999015135368,0.350000010752122,0.39999999909652495,Crisis
2023-04-11,0.24999999371072246,0.350000006824131,0.399999999465147,Crisis
2023-04-12,0.24999999446335452,0.35000000597965225,0.3999999995569937,Crisis
2023-04-13,0.24999999426660913,0.35000000614066235,0.39999999959272914,Crisis
2023-04-14,0.4999999132533574,0.20000008923224724,0.2999999975143955,Bear
2023-04-17,0.49999999150863284,0.20000000800330447,0.3000000004880625,Bear
2023-04-18,0.4999999942111651,0.20000000540737778,0.3000000003814539,Bear
2023-04-19,0.49999999434376374,0.20000000536497212,0.3000000002912633,Bear
2023-04-20,0.49999999463281813,0.2000000051353125,0.3000000002318695,Bear
2023-04-21,0.47509172604596395,0.22490827483420006,0.2999999991198359,Bear
2023-04-24,0.49999999697137987,0.20000000305737545,0.29999999997124477,Bear
2023-04-25,0.4999999663662591,0.20000003387289783,0.299999999760843,Bear
2023-04-26,0.4999998261241808,0.20000017477392715,0.2999999991018921,Bear
2023-04-27,0.49999997567981436,0.2000000243681899,0.29999999995199594,Bear
2023-04-28,0.499999999055413,0.20000000046401425,0.30000000048039416,Bear
2023-05-01,0.4999999998603524,0.20000000008688276,0.3000000000526696,Bear
2023-05-02,0.49999999987594107,0.2000000000869522,0.30000000003708016,Bear
2023-05-03,0.4999999956480755,0.200000002855041,0.3000000014968779,Bear
2023-05-04,0.499999995478511,0.2000000042456459,0.3000000002758384,Bear
2023-05-05,0.49999999612163903,0.20000000356584818,0.3000000003125103,Bear
2023-05-08,0.4999999963457077,0.20000000327018763,0.3000000003841006,Bear
2023-05-09,0.49999999702841547,0.2000000019231987,0.3000000010483647,Bear
2023-05-10,0.4999999926950495,0.20000000596151846,0.30000000134341753,Bear
2023-05-11,0.499999999686316,0.20000000013087815,0.300000000182595,Bear
2023-05-12,0.49999999989818533,0.20000000004951915,0.30000000005220323,Bear
2023-05-15,0.49999999851059496,0.19999999912495894,0.3000000023644388,Bear
2023-05-16,0.4999999982430689,0.1999999989311618,0.30000000282575384,Bear
2023-05-17,0.49999999986117205,0.20000000005601715,0.3000000000825634,Bear
2023-05-18,0.49999999752817315,0.1999999997017376,0.30000000277008065,Bear
2023-05-19,0.49999999794482325,0.20000000011229946,0.3000000019428546,Bear
2023-05-22,0.49999999995982514,0.19999999765427406,0.3000000023858861,Bear
2023-05-23,0.5000000009758256,0.19999999777472188,0.3000000012494504,Bear
2023-05-24,0.5000000000141102,0.19999999993759449,0.30000000004837984,Bear
2023-05-25,0.49999999999144557,0.19999999997609375,0.3000000000324628,Bear
2023-05-26,0.5000000015160135,0.19999999773717766,0.30000000074680083,Bear
2023-05-30,0.5000000012959025,0.19999999751954317,0.3000000011845517,Bear
2023-05-31,0.4999999999839188,0.19999999993827705,0.300000000077926,Bear
2023-06-01,0.49999999994887573,0.2000000000008117,0.30000000005030586,Bear
2023-06-02,0.49999999724150507,0.20000000021166328,0.3000000025468243,Bear
2023-06-05,0.49999999956854935,0.19999999818525513,0.30000000224617457,Bear
2023-06-06,0.49999999995446814,0.1999999999691909,0.30000000007626276,Bear
2023-06-07,0.49999999924510585,0.19999999853943065,0.30000000221545725,Bear
2023-06-08,0.49999999912269383,0.19999999871079271,0.30000000216650374,Bear
2023-06-09,0.4999999987281698,0.19999999896018275,0.3000000023116347,Bear
2023-06-12,0.4999999999544448,0.19999999917012137,0.3000000008754253,Bear
2023-06-13,0.5000000004765286,0.19999999917643876,0.30000000034704044,Bear
2023-06-14,0.500000003228243,0.19999999949398006,0.2999999972777719,Bear
2023-06-15,0.5000000001247575,0.20000000005704452,0.2999999998180352,Bear
2023-06-16,0.5000000000532444,0.20000000003899732,0.29999999990772364,Bear
2023-06-20,0.5000000000527841,0.2000000000214409,0.29999999992575593,Bear
2023-06-21,0.5000000000408195,0.2000000000612924,0.29999999989787485,Bear
2023-06-22,0.5000000000474356,0.20000000005232038,0.2999999999002266,Bear
2023-06-23,0.5000000000482092,0.2000000000506469,0.29999999990112314,Bear
2023-06-26,0.5000000000524494,0.20000000003419358,0.29999999991333626,Bear
2023-06-27,0.5000000000455592,0.20000000000648965,0.29999999994793153,Bear
2023-06-28,0.5000000000401272,0.20000000000029816,0.2999999999595601,Bear
2023-06-29,0.5000000000493099,0.20000000001610355,0.29999999993457377,Bear
2023-06-30,0.5000000000509557,0.200000000019844,0.2999999999291855,Bear
2023-07-03,0.5000000000511028,0.20000000001879242,0.2999999999300906,Bear
2023-07-05,0.5000000000485466,0.20000000000915907,0.2999999999422823,Bear
2023-07-06,0.5000000000393839,0.19999999999511384,0.2999999999654928,Bear
2023-07-07,0.5000000012420758,0.1999999992048605,0.2999999995530603,Bear
2023-07-10,0.5000000012985317,0.19999999874093005,0.2999999999605325,Bear
2023-07-11,0.500000001328054,0.19999999845916547,0.30000000021277595,Bear
2023-07-12,0.5000000015227638,0.19999999843481783,0.30000000004241456,Bear
2023-07-13,0.5000000017970122,0.19999999817963537,0.3000000000233465,Bear
2023-07-14,0.24999999999218148,0.3499999999866604,0.4000000000211576,Crisis
2023-07-17,0.500000000086959,0.19999999991966294,0.29999999999337845,Bear
2023-07-18,0.5000000020251807,0.1999999984093845,0.2999999995654281,Bear
2023-07-19,0.5000000020332921,0.19999999763776005,0.3000000003289394,Bear
2023-07-20,0.5000000021315271,0.19999999813080335,0.299999999737664,Bear
2023-07-21,0.5000000016863996,0.19999999736013782,0.30000000095345625,Bear
2023-07-24,0.5000000000297383,0.19999999992977205,0.30000000004056704,Bear
2023-07-25,0.5000000013662267,0.19999999772550067,0.3000000009082643,Bear
2023-07-26,0.5000000015292189,0.19999999787043007,0.30000000060034676,Bear
2023-07-27,0.5000000015044431,0.1999999975454847,0.30000000095006685,Bear
2023-07-28,0.5000000015122766,0.19999999822514183,0.30000000026257817,Bear
2023-07-31,0.5000000013291374,0.19999999806566301,0.3000000006051953,Bear
2023-08-01,0.5000000010855431,0.19999999835216356,0.3000000005622912,Bear
2023-08-02,0.5000000013791565,0.19999999781877137,0.3000000008020671,Bear
2023-08-03,0.5000000000396077,0.19999999994120807,0.3000000000192328,Bear
2023-08-04,0.5000000000188958,0.1999999999706985,0.3000000000104073,Bear
2023-08-07,0.5000000000114746,0.19999999996666273,0.3000000000218639,Bear
2023-08-08,0.5000000000210406,0.19999999997267423,0.3000000000062862,Bear
2023-08-09,0.5000000015753867,0.19999999740392185,0.3000000010206817,Bear
2023-08-10,0.50000000189132,0.1999999974686626,0.30000000064001214,Bear
2023-08-11,0.5000000020573655,0.19999999767723284,0.3000000002653957,Bear
2023-08-14,0.5000000000364683,0.19999999993118406,0.30000000003241906,Bear
2023-08-15,0.5000000000165649,0.19999999997196433,0.3000000000114732,Bear
2023-08-16,0.5000000000078026,0.1999999999700987,0.3000000000221002,Bear
2023-08-17,0.4999999999935755,0.199999999972639,0.30000000003378646,Bear
2023-08-18,0.4999999999846589,0.19999999997710874,0.3000000000382317,Bear
2023-08-21,0.4999999999871111,0.19999999997379272,0.3000000000390943,Bear
2023-08-22,0.49999999998843214,0.19999999997341075,0.3000000000381558,Bear
2023-08-23,0.49999999999195177,0.19999999996945503,0.30000000003859173,Bear
2023-08-24,0.5000000000042882,0.19999999997046594,0.3000000000252449,Bear
2023-08-25,0.5000000000013964,0.199999999969098,0.30000000002950594,Bear
2023-08-28,0.5000000000042057,0.1999999999720787,0.30000000002371546,Bear
2023-08-29,0.5000000000011062,0.19999999996864523,0.3000000000302489,Bear
2023-08-30,0.5000000010419767,0.1999999978799453,0.30000000107807057,Bear
2023-08-31,0.5000000010030642,0.19999999833103876,0.3000000006658962,Bear
2023-09-01,0.5000000012155359,0.199999998121561,0.3000000006628997,Bear
2023-09-05,0.5000000013380552,0.19999999799079285,0.3000000006711477,Bear
2023-09-06,0.5000000011666719,0.199999997913165,0.3000000009201598,Bear
2023-09-07,0.5000000013036927,0.19999999832243295,0.300000000373872,Bear
2023-09-08,0.5000000015560531,0.19999999788926182,0.3000000005546802,Bear
2023-09-11,0.5000000011277425,0.1999999981780187,0.30000000069423727,Bear
2023-09-12,0.5000000010473133,0.19999999794745624,0.3000000010052279,Bear
2023-09-13,0.5000000005721847,0.19999999843703334,0.3000000009907838,Bear
2023-09-14,0.5000000004815353,0.19999999850136402,0.30000000101710167,Bear
2023-09-15,0.50000000152736,0.19999999836020357,0.30000000011243366,Bear
2023-09-18,0.5000000011435819,0.19999999791960615,0.30000000093680834,Bear
2023-09-19,0.5000000011047092,0.19999999724150372,0.3000000016537822,Bear
2023-09-20,0.5000000014711357,0.19999999738333366,0.30000000114552655,Bear
2023-09-21,0.5000000008948481,0.1999999973074059,0.3000000017977435,Bear
2023-09-22,0.5000000007698571,0.19999999748121514,0.3000000017489251,Bear
2023-09-25,0.5000000011696722,0.19999999767339657,0.3000000011569278,Bear
2023-09-26,0.5000000015601237,0.1999999978341809,0.300000000605691,Bear
2023-09-27,0.5000000015067766,0.19999999759910736,0.3000000008941102,Bear
2023-09-28,0.500000001821956,0.1999999976772138,0.3000000005008243,Bear
2023-09-29,0.5000000019701558,0.1999999981669268,0.2999999998629124,Bear
2023-10-02,0.5000000013363315,0.1999999987474965,0.2999999999161677,Bear
2023-10-03,0.5000000017953687,0.19999999882754038,0.2999999993770856,Bear
2023-10-04,0.5000000019298496,0.19999999874892876,0.29999999932121435,Bear
2023-10-05,0.5000000021416523,0.19999999862225096,0.2999999992360883,Bear
2023-10-06,0.5000000017168462,0.19999999883520947,0.2999999994479368,Bear
2023-10-09,0.5000000016412658,0.19999999883885752,0.29999999951987,Bear
2023-10-10,0.5000000018256744,0.19999999881814434,0.29999999935617455,Bear
2023-10-11,0.5000000000614406,0.19999999997932993,0.2999999999591837,Bear
2023-10-12,0.25000000006160705,0.349999999808921,0.40000000012946985,Crisis
2023-10-13,0.24999999998004668,0.3499999999845972,0.40000000003533986,Crisis
2023-10-16,0.249999999991147,0.34999999998552295,0.40000000002332836,Crisis
2023-10-17,0.24999999999593303,0.3499999999812741,0.4000000000227912,Crisis
2023-10-18,0.25000000000336814,0.3499999999737926,0.40000000002283737,Crisis
2023-10-19,0.2500000000092283,0.34999999996860837,0.4000000000221606,Crisis
2023-10-20,0.2500000000100793,0.34999999996615166,0.40000000002376596,Crisis
2023-10-23,0.2500000000054719,0.3499999999698191,0.4000000000247054,Crisis
2023-10-24,0.2500000000059113,0.34999999997098213,0.40000000002310326,Crisis
2023-10-25,0.2500000000127109,0.3499999999615158,0.40000000002577,Crisis
2023-10-26,0.25000000001069417,0.3499999999611605,0.4000000000281407,Crisis
2023-10-27,0.25000000001187134,0.34999999996298997,0.40000000002513453,Crisis
2023-10-30,0.2500000000095892,0.34999999996549747,0.4000000000249092,Crisis
2023-10-31,0.2500000000090265,0.3499999999662389,0.40000000002473085,Crisis
2023-11-01,0.25000000001217887,0.34999999996363745,0.40000000002418,Crisis
2023-11-02,0.2500000000117437,0.34999999996157916,0.4000000000266729,Crisis
2023-11-03,0.25000000000713596,0.34999999996329917,0.4000000000295599,Crisis
2023-11-06,0.25000000001390277,0.3499999999585233,0.40000000002756875,Crisis
2023-11-07,0.25000000001530875,0.349999999956779,0.400000000027907,Crisis
2023-11-08,0.2500000000150179,0.34999999995586867,0.4000000000291061,Crisis
2023-11-09,0.250000000015742,0.34999999995906705,0.4000000000251833,Crisis
2023-11-10,0.25000000002035877,0.3499999999756479,0.40000000000398656,Crisis
2023-11-13,0.25000000002468825,0.34999999997786446,0.3999999999974435,Crisis
2023-11-14,0.2500000000203242,0.3499999999418072,0.4000000000378667,Crisis
2023-11-15,0.250000000021026,0.34999999993904835,0.40000000003992164,Crisis
2023-11-16,0.250000000021674,0.34999999993763375,0.4000000000406879,Crisis
2023-11-17,0.2500000000220436,0.3499999999375745,0.40000000004037795,Crisis
2023-11-20,0.25000000002176415,0.3499999999384077,0.4000000000398242,Crisis
2023-11-21,0.25000000002137657,0.3499999999388189,0.40000000003980024,Crisis
2023-11-22,0.2500000000211557,0.34999999993942277,0.40000000003941744,Crisis
2023-11-24,0.250000000021262,0.34999999993907177,0.40000000003966235,Crisis
2023-11-27,0.2500000000213921,0.3499999999395951,0.400000000039009,Crisis
2023-11-28,0.2500000000214787,0.34999999993997727,0.4000000000385403,Crisis
2023-11-29,0.2500000000217468,0.34999999994082465,0.4000000000374249,Crisis
2023-11-30,0.2500000000228286,0.3499999999384044,0.40000000003876446,Crisis
2023-12-01,0.2500000000233986,0.34999999993802194,0.40000000003857705,Crisis
2023-12-04,0.25000000003321365,0.34999999992943975,0.4000000000373452,Crisis
2023-12-05,0.2500000000325672,0.3499999999353669,0.40000000003206393,Crisis
2023-12-06,0.2500000000317829,0.3499999999349043,0.4000000000333113,Crisis
2023-12-07,0.2500000000328196,0.3499999999324339,0.4000000000347452,Crisis
2023-12-08,0.25000000003305783,0.349999999932317,0.40000000003462366,Crisis
2023-12-11,0.2500000000341224,0.3499999999343926,0.40000000003148317,Crisis
2023-12-12,0.25000000003608897,0.349999999934358,0.40000000002955194,Crisis
2023-12-13,0.2500000000402394,0.34999999993649683,0.40000000002326247,Crisis
2023-12-14,0.2500000000470414,0.34999999993507463,0.40000000001788266,Crisis
2023-12-15,0.2500000000433992,0.34999999993044756,0.40000000002615177,Crisis
2023-12-18,0.250000000044858,0.3499999999305765,0.40000000002456415,Crisis
2023-12-19,0.2500000000489934,0.34999999992402586,0.4000000000269796,Crisis
2023-12-20,0.25000000005394396,0.3499999999230175,0.4000000000230373,Crisis
2023-12-21,0.25000000005526696,0.3499999999260889,0.4000000000186428,Crisis
2023-12-22,0.2500000000547375,0.34999999992527997,0.4000000000199816,Crisis
2023-12-26,0.250000000058598,0.3499999999246161,0.4000000000167847,Crisis
2023-12-27,0.25000000006065165,0.3499999999216937,0.4000000000176538,Crisis
2023-12-28,0.25000000006105044,0.3499999999202557,0.40000000001869324,Crisis
2023-12-29,0.2500000000659282,0.34999999992105263,0.40000000001301833,Crisis
2024-01-02,0.25000000006926687,0.34999999991968606,0.40000000001104624,Crisis
2024-01-03,0.2500000000761301,0.34999999991953884,0.40000000000433017,Crisis
2024-01-04,0.25000000007745965,0.3499999999223124,0.40000000000022723,Crisis
2024-01-05,0.25000000007174195,0.34999999992281433,0.4000000000054429,Crisis
2024-01-08,0.2500000000713694,0.34999999992318037,0.4000000000054489,Crisis
2024-01-09,0.25000000006529105,0.3499999999198789,0.40000000001482905,Crisis
2024-01-10,0.2500000000710235,0.34999999991744285,0.4000000000115325,Crisis
2024-01-11,0.25000000007093537,0.34999999991758596,0.4000000000114778,Crisis
2024-01-12,0.7000000001996594,0.09999999982342704,0.19999999997691373,Bull
2024-01-16,0.2500000001590123,0.34999999990638603,0.3999999999345965,Crisis
2024-01-17,0.5000000001048471,0.19999999993892165,0.2999999999562315,Bear
2024-01-18,0.5000000000635342,0.20000000003376395,0.2999999999026926,Bear
2024-01-19,0.5000000000606348,0.20000000002269935,0.29999999991665227,Bear
2024-01-22,0.5000000000592381,0.2000000000210395,0.29999999991971305,Bear
2024-01-23,0.5000000000559995,0.20000000004976276,0.2999999998942284,Bear
2024-01-24,0.5000000000593887,0.2000000000419846,0.29999999989861387,Bear
2024-01-25,0.5000000000614073,0.2000000000464514,0.2999999998921281,Bear
2024-01-26,0.5000000000617302,0.2000000000438034,0.2999999998944535,Bear
2024-01-29,0.5000000000627717,0.20000000004545454,0.2999999998917609,Bear
2024-01-30,0.5000000000608935,0.20000000003817076,0.29999999990092185,Bear
2024-01-31,0.5000000000593721,0.20000000004158702,0.29999999989902754,Bear
2024-02-01,0.5000000000574116,0.20000000004730484,0.299999999895269,Bear
2024-02-02,0.5000000000561815,0.2000000000470472,0.29999999989675563,Bear
2024-02-05,0.5000000000615619,0.20000000004696208,0.29999999989146214,Bear
2024-02-06,0.5000000000594245,0.2000000000019948,0.29999999993856524,Bear
2024-02-07,0.5000000000508337,0.2000000000005956,0.29999999994856164,Bear
2024-02-08,0.5000000000546149,0.20000000001240903,0.29999999993296905,Bear
2024-02-09,0.5000000000539009,0.20000000000732138,0.29999999993876775,Bear
2024-02-12,0.5000000000569783,0.20000000001910404,0.2999999999239097,Bear
2024-02-13,0.5000000000562083,0.20000000002555718,0.2999999999182251,Bear
2024-02-14,0.5000000000591813,0.20000000002684917,0.29999999991395854,Bear
2024-02-15,0.5000000000585815,0.20000000001896623,0.29999999992244053,Bear
2024-02-16,0.5000000000573704,0.2000000000226625,0.2999999999199568,Bear
2024-02-20,0.5000000000532332,0.20000000000788515,0.29999999993887055,Bear
2024-02-21,0.5000000000534157,0.2000000000158621,0.2999999999307136,Bear
2024-02-22,0.5000000000536965,0.20000000001224963,0.29999999993404497,Bear
2024-02-23,0.5000000000498758,0.20000000004078922,0.29999999990932746,Bear
2024-02-26,0.5000000000509288,0.20000000003618382,0.29999999991287774,Bear
2024-02-27,0.5000000000527198,0.20000000002793808,0.29999999991933274,Bear
2024-02-28,0.5000000000511347,0.20000000003158225,0.29999999991727466,Bear
2024-02-29,0.5000000000513991,0.2000000000328516,0.2999999999157406,Bear
2024-03-01,0.5000000000502365,0.2000000000360947,0.29999999991366005,Bear
2024-03-04,0.5000000000477137,0.20000000003944865,0.29999999991282894,Bear
2024-03-05,0.5000000000499686,0.20000000002854226,0.29999999992148024,Bear
2024-03-06,0.5000000000500572,0.20000000001615992,0.29999999993377385,Bear
2024-03-07,0.5000000000500782,0.20000000001501175,0.29999999993490256,Bear
2024-03-08,0.5000000000475417,0.20000000000880688,0.29999999994364546,Bear
2024-03-11,0.5000000000454203,0.1999999999989245,0.29999999995564997,Bear
2024-03-12,0.5000000000469375,0.2000000000106974,0.2999999999423608,Bear
2024-03-13,0.500000000047589,0.20000000002213256,0.29999999993027365,Bear
2024-03-14,0.5000000000478368,0.20000000002692586,0.2999999999252321,Bear
2024-03-15,0.500000000049787,0.20000000002094473,0.29999999992926213,Bear
2024-03-18,0.5000000000506217,0.20000000001923737,0.29999999993013504,Bear
2024-03-19,0.5000000000513154,0.20000000001706944,0.29999999993160914,Bear
2024-03-20,0.500000000049814,0.20000000003359997,0.2999999999165804,Bear
2024-03-21,0.500000000050076,0.20000000003099042,0.29999999991892695,Bear
2024-03-22,0.5000000000511963,0.20000000002252116,0.2999999999262758,Bear
2024-03-25,0.5000000000471958,0.20000000003812968,0.29999999991466847,Bear
2024-03-26,0.500000000048025,0.20000000004006346,0.29999999991190457,Bear
2024-03-27,0.5000000000517243,0.20000000002966967,0.299999999918599,Bear
2024-03-28,0.5000000000483972,0.20000000003529686,0.299999999916299,Bear
2024-04-01,0.5000000000488528,0.20000000003255777,0.29999999991858267,Bear
2024-04-02,0.5000000000502164,0.2000000000127007,0.299999999937076,Bear
2024-04-03,0.5000000000475237,0.20000000000092757,0.29999999995154314,Bear
2024-04-04,0.5000000000383652,0.1999999999876197,0.29999999997401106,Bear
2024-04-05,0.500000000038434,0.19999999998705714,0.29999999997450605,Bear
2024-04-08,0.5000000000417624,0.19999999998805143,0.2999999999701837,Bear
2024-04-09,0.5000000000388197,0.1999999999854779,0.2999999999756997,Bear
2024-04-10,0.5000000000331739,0.19999999998472953,0.2999999999820945,Bear
2024-04-11,0.5000000028189332,0.19999999842220928,0.29999999875885064,Bear
2024-04-12,0.5000000024844807,0.199999998484927,0.29999999903058366,Bear
2024-04-15,0.7000000000232156,0.09999999993131163,0.20000000004547344,Bull
2024-04-16,0.2500000001203814,0.3499999998876899,0.39999999999192265,Crisis
2024-04-17,0.500000000061006,0.19999999993798143,0.30000000000101296,Bear
2024-04-18,0.500000002324243,0.19999999766069612,0.300000000015051,Bear
2024-04-19,0.5000000023327063,0.19999999752551473,0.30000000014177025,Bear
2024-04-22,0.5000000000503296,0.19999999993459366,0.3000000000150994,Bear
2024-04-23,0.5000000019551052,0.19999999844932,0.2999999995955685,Bear
2024-04-24,0.500000002174053,0.19999999839451388,0.2999999994314261,Bear
2024-04-25,0.5000000020550796,0.19999999843160043,0.2999999995133129,Bear
2024-04-26,0.5000000021234151,0.19999999843992883,0.29999999943664907,Bear
2024-04-29,0.5000000024076854,0.19999999845793848,0.2999999991343688,Bear
2024-04-30,0.5000000022829725,0.1999999983994554,0.29999999931756394,Bear
2024-05-01,0.500000001847096,0.1999999984766726,0.2999999996762242,Bear
2024-05-02,0.5000000021111038,0.19999999818956216,0.2999999996993266,Bear
2024-05-03,0.5000000000594091,0.19999999996609327,0.29999999997447413,Bear
2024-05-06,0.5000000000446712,0.19999999998632634,0.2999999999689998,Bear
2024-05-07,0.500000000048097,0.1999999999956802,0.29999999995622,Bear
2024-05-08,0.5000000000414391,0.19999999998785886,0.29999999997069765,Bear
2024-05-09,0.5000000000440342,0.19999999999113957,0.299999999964823,Bear
2024-05-10,0.500000000044479,0.19999999999415533,0.299999999961362,Bear
2024-05-13,0.5000000000378297,0.19999999998677723,0.29999999997538956,Bear
2024-05-14,0.5000000000385769,0.19999999998636064,0.29999999997506,Bear
2024-05-15,0.5000000000380463,0.1999999999881223,0.29999999997382903,Bear
2024-05-16,0.5000000000396569,0.1999999999924537,0.2999999999678867,Bear
2024-05-17,0.5000000000385885,0.1999999999912524,0.29999999997015614,Bear
2024-05-20,0.5000000031304277,0.19999999826026293,0.29999999860930104,Bear
2024-05-21,0.500000002750043,0.19999999782340336,0.2999999994265427,Bear
2024-05-22,0.5000000000764997,0.199999999955044,0.29999999996842597,Bear
2024-05-23,0.5000000000377947,0.19999999998400297,0.29999999997819915,Bear
2024-05-24,0.5000000000398901,0.1999999999929417,0.2999999999671659,Bear
2024-05-28,0.5000000000425363,0.1999999999960335,0.29999999996142684,Bear
2024-05-29,0.5000000000349983,0.19999999998370493,0.2999999999812937,Bear
2024-05-30,0.5000000027546111,0.1999999982987301,0.2999999989466514,Bear
2024-05-31,0.5000000026955502,0.19999999824945416,0.29999999905498614,Bear
2024-06-03,0.5000000031193202,0.19999999864803136,0.2999999982326399,Bear
2024-06-04,0.5000000031387919,0.19999999850433728,0.29999999835686003,Bear
2024-06-05,0.5000000000841364,0.1999999999514019,0.2999999999643767,Bear
2024-06-06,0.500000000038086,0.19999999998338777,0.29999999997852245,Bear
2024-06-07,0.5000000000330397,0.19999999998103454,0.29999999998592386,Bear
2024-06-10,0.5000000000389581,0.1999999999894802,0.29999999997155985,Bear
2024-06-11,0.5000000033593233,0.19999999878700375,0.2999999978536665,Bear
2024-06-12,0.5000000000899221,0.19999999996831666,0.2999999999416494,Bear
2024-06-13,0.5000000000375526,0.1999999999856456,0.2999999999767957,Bear
2024-06-14,0.5000000000417235,0.1999999999889243,0.29999999996934956,Bear
2024-06-17,0.5000000000379458,0.19999999998373996,0.2999999999783113,Bear
2024-06-18,0.5000000000355536,0.1999999999839346,0.2999999999805095,Bear
2024-06-20,0.5000000000390312,0.19999999998564547,0.2999999999753213,Bear
2024-06-21,0.5000000028963598,0.19999999802081853,0.29999999908281255,Bear
2024-06-24,0.5000000000824542,0.19999999995958379,0.29999999995790994,Bear
2024-06-25,0.5000000000321113,0.199999999979151,0.2999999999887344,Bear
2024-06-26,0.5000000000360418,0.19999999998311727,0.2999999999808397,Bear
2024-06-27,0.5000000000365158,0.19999999998653717,0.299999999976945,Bear
2024-06-28,0.5000000000315058,0.1999999999807937,0.2999999999876987,Bear
2024-07-01,0.5000000025574718,0.19999999802113738,0.2999999994213821,Bear
2024-07-02,0.5000000025442134,0.19999999789356726,0.29999999956221024,Bear
2024-07-03,0.5000000024916127,0.19999999793560191,0.2999999995727766,Bear
2024-07-05,0.5000000025741903,0.19999999785706488,0.2999999995687357,Bear
2024-07-08,0.5000000000654168,0.19999999994322812,0.29999999999134697,Bear
2024-07-09,0.5000000000341837,0.19999999998081006,0.2999999999850053,Bear
2024-07-10,0.5000000000369751,0.19999999998373902,0.29999999997928456,Bear
2024-07-11,0.5000000000383801,0.19999999998555373,0.29999999997606447,Bear
2024-07-12,0.5000000000294645,0.19999999997923246,0.29999999999130156,Bear
2024-07-15,0.5000000000326816,0.19999999998068763,0.29999999998662996,Bear
2024-07-16,0.250000000181181,0.3499999998376977,0.39999999998111774,Crisis
2024-07-17,0.500000000074482,0.19999999992997985,0.2999999999955385,Bear
2024-07-18,0.6500000002713979,0.09999999887028316,0.25000000085833257,Bull
2024-07-19,0.6500014273118655,0.10000000024200595,0.2499985724461286,Bull
2024-07-22,0.7000000014848562,0.09999999794050557,0.2000000005746383,Bull
2024-07-23,0.7000000001969098,0.09999999966102747,0.20000000014207245,Bull
2024-07-24,0.5000000000372111,0.1999999999398796,0.3000000000229093,Bear
2024-07-25,0.5000000000168605,0.19999999996704967,0.3000000000160916,Bear
2024-07-26,0.5000000000207936,0.19999999997062395,0.3000000000085831,Bear
2024-07-29,0.5000000000226277,0.1999999999728836,0.30000000000448923,Bear
2024-07-30,0.5000000000198427,0.1999999999742963,0.30000000000586174,Bear
2024-07-31,0.5000000000079712,0.1999999999753033,0.30000000001672683,Bear
2024-08-01,0.5000000000062346,0.19999999997869047,0.3000000000150754,Bear
2024-08-02,0.4999999999739464,0.20000000000172052,0.3000000000243337,Bear
2024-08-05,0.4999999999287876,0.20000000004969132,0.3000000000215186,Bear
2024-08-06,0.4999999998720755,0.20000000011937033,0.30000000000854626,Bear
2024-08-07,0.499999999943719,0.20000000003472326,0.30000000002154636,Bear
2024-08-08,0.4999999999101059,0.20000000006215696,0.30000000002773064,Bear
2024-08-09,0.4999999999472505,0.20000000002534876,0.30000000002739347,Bear
2024-08-12,0.4999999999535704,0.20000000002288232,0.30000000002354343,Bear
2024-08-13,0.49999999991904365,0.20000000005620647,0.30000000002474614,Bear
2024-08-14,0.49999999993518335,0.2000000000476524,0.30000000001715904,Bear
2024-08-15,0.4999999999291233,0.20000000005697965,0.30000000001389276,Bear
2024-08-16,0.4999999999717359,0.20000000003014293,0.29999999999811844,Bear
2024-08-19,0.4999999999458284,0.20000000004706942,0.300000000007101,Bear
2024-08-20,0.499999999964994,0.20000000004251733,0.29999999999248717,Bear
2024-08-21,0.4999999999547684,0.20000000004967633,0.2999999999955539,Bear
2024-08-22,0.49999999994549565,0.2000000000654056,0.29999999998909715,Bear
2024-08-23,0.4999999999657615,0.20000000004629323,0.2999999999879434,Bear
2024-08-26,0.49999999997623684,0.20000000002847426,0.2999999999952876,Bear
2024-08-27,0.49999999998797756,0.2000000000255124,0.2999999999865094,Bear
2024-08-28,0.49999999997730044,0.20000000002636326,0.2999999999963358,Bear
2024-08-29,0.4999999999724563,0.2000000000285994,0.29999999999894333,Bear
2024-08-30,0.4999999999662801,0.20000000002442256,0.3000000000092961,Bear
2024-09-03,0.4999999999932267,0.20000000000660564,0.3000000000001666,Bear
2024-09-04,0.499999999956721,0.20000000003225543,0.3000000000110231,Bear
2024-09-05,0.4999999999247352,0.20000000007135205,0.30000000000391003,Bear
2024-09-06,0.49999999990303584,0.20000000009581312,0.3000000000011466,Bear
2024-09-09,0.4999999998938701,0.20000000010230232,0.30000000000382127,Bear
2024-09-10,0.4999999999065333,0.20000000009294522,0.3000000000005157,Bear
2024-09-11,0.4999999999064329,0.20000000009375585,0.29999999999980625,Bear
2024-09-12,0.4999999999095997,0.200000000097551,0.2999999999928446,Bear
2024-09-13,0.4999999999169656,0.20000000007908178,0.30000000000394844,Bear
2024-09-16,0.49999999991456023,0.20000000007957047,0.30000000000586524,Bear
2024-09-17,0.499999999903247,0.2000000000951902,0.3000000000015582,Bear
2024-09-18,0.499999999920002,0.2000000000900948,0.29999999998989946,Bear
2024-09-19,0.4999999999337908,0.2000000000745323,0.2999999999916739,Bear
2024-09-20,0.6499999998637486,0.09999999933425906,0.2500000008019925,Bull
2024-09-23,0.650000000262636,0.0999999998194614,0.24999999991790486,Bull
2024-09-24,0.6500000001158002,0.0999999998540543,0.25000000003014977,Bull
2024-09-25,0.6500000002859211,0.09999999983049049,0.24999999988359262,Bull
2024-09-26,0.6500000000300853,0.09999999983652674,0.250000000133393,Bull
2024-09-27,0.49999999990019983,0.20000000006952315,0.300000000030276,Bear
2024-09-30,0.4999999999383359,0.2000000000764859,0.29999999998517557,Bear
2024-10-01,0.24999999995091732,0.35000000292460703,0.39999999712447737,Crisis
2024-10-02,0.24999999996708017,0.3500000013749137,0.3999999986580081,Crisis
2024-10-03,0.2499999991134076,0.3500000255989133,0.3999999752876791,Crisis
2024-10-04,0.2499999997134524,0.3500000184103342,0.39999998187623476,Crisis
2024-10-07,0.24999999977581228,0.3500000146097903,0.3999999856144063,Crisis
2024-10-08,0.24999999981587165,0.3500000114580334,0.39999998872610415,Crisis
2024-10-09,0.2499999998446749,0.3500000094615613,0.3999999906937699,Crisis
2024-10-10,0.2499999956293823,0.3500001760413034,0.39999982832931397,Crisis
2024-10-11,0.24999999867993294,0.35000014529284584,0.39999985602723187,Crisis
